report_date_as_yyyy_mm_dd,open_interest,dealer_long,dealer_short,asset_mgr_long,asset_mgr_short,lev_long,lev_short,lev_net,lev_net_share_oi
2006-06-13,243513,82773,92521,28335,4178,25809,49758,-23949,-0.09834793214325313
2006-06-13,37964,1129,20885,610,1680,20137,901,19236,0.5066905489411021
2006-06-20,161290,52101,47483,24173,4252,16496,49238,-32742,-0.203000806001612
2006-06-20,28196,780,22531,610,1680,21892,0,21892,0.7764221875443326
2006-06-27,174066,61978,44398,25652,4939,16151,58957,-42806,-0.2459182149299691
2006-06-27,30873,0,26412,1021,1104,25232,0,25232,0.8172837106857125
2006-07-03,168688,55063,52467,26277,4272,16417,49381,-32964,-0.19541401878023332
2006-07-03,32715,0,27411,610,1111,26952,0,26952,0.8238422741861532
2006-07-11,173470,52568,61742,28246,1871,18071,48950,-30879,-0.17800772467861878
2006-07-18,203567,75671,30843,28036,2432,22044,93171,-71127,-0.34940339052989927
2006-07-18,34756,0,30059,617,340,27449,0,27449,0.789762918632754
2006-07-25,208508,85051,30484,26616,2620,19603,98230,-78627,-0.37709344485583285
2006-07-25,34421,0,30865,1067,356,28068,0,28068,0.815432439499143
2006-08-01,195626,63374,53767,27134,2633,25925,65444,-39519,-0.20201302485354708
2006-08-01,32927,0,29641,604,0,26913,0,26913,0.8173535396483129
2006-08-08,198570,62760,55235,29198,2379,26517,71414,-44897,-0.22610162663040742
2006-08-08,34077,0,30791,423,0,28405,0,28405,0.8335534231299704
2006-08-15,216492,69296,47688,30596,2384,31881,89206,-57325,-0.26479038486410583
2006-08-15,36370,0,32655,938,0,29977,0,29977,0.8242232609293374
2006-08-22,227195,82102,42502,30135,2573,30425,100944,-70519,-0.3103897532956271
2006-08-22,36754,0,32713,423,0,30484,0,30484,0.8294063231212929
2006-08-29,244441,95848,38581,31240,3524,29955,118718,-88763,-0.3631264804185877
2006-08-29,38979,524,33367,1283,1548,30854,0,30854,0.791554426742605
2006-09-05,228792,81599,39923,31145,4165,26200,100473,-74273,-0.32463110598272665
2006-09-05,38687,607,33695,2360,1548,30824,0,30824,0.7967534313852198
2006-09-12,275585,103726,32635,36012,6224,43824,129659,-85835,-0.3114647023604333
2006-09-12,42998,228,26070,413,0,23883,566,23317,0.542281036327271
2006-09-19,225098,114980,39433,34971,6848,22390,124015,-101625,-0.45147002638850636
2006-09-19,31933,1112,29218,1225,0,24385,0,24385,0.76363010052297
2006-09-26,221240,114308,32185,34172,6168,19677,129528,-109851,-0.4965241366841439
2006-09-26,31712,1606,28907,1225,0,23694,0,23694,0.7471619576185671
2006-10-03,243819,131049,34167,34034,6241,23534,148110,-124576,-0.5109363913394772
2006-10-10,267803,147171,32983,34554,6933,27820,170434,-142614,-0.5325332427194617
2006-10-17,261575,142480,36929,35283,6975,24854,161279,-136425,-0.5215521360986333
2006-10-24,282998,156032,38602,36183,6852,30624,181030,-150406,-0.5314737206623369
2006-10-31,226607,100087,61322,34394,5840,26850,108521,-81671,-0.3604081074282789
2006-11-07,229063,92714,57972,35126,5864,30597,109225,-78628,-0.3432592780152185
2006-11-07,43094,2894,38576,568,0,32842,0,32842,0.7621014526384183
2006-11-14,233573,93099,61520,34043,5948,30093,106764,-76671,-0.32825283744268385
2006-11-14,42768,2691,39624,568,0,33884,0,33884,0.7922745978301534
2006-11-21,258327,109436,61116,33239,6101,38258,126638,-88380,-0.34212451660105214
2006-11-21,42831,2692,39652,568,0,34177,0,34177,0.7979500828838925
2006-11-28,43629,3787,39118,568,582,32930,0,32930,0.7547732013110545
2006-11-28,252107,91049,83265,31382,5467,38807,92165,-53358,-0.21164822872827807
2006-12-05,268136,86758,94179,28802,4931,35765,79579,-43814,-0.16340215413073964
2006-12-05,50094,3948,37667,577,582,31164,0,31164,0.6221104323871123
2006-12-12,276919,99093,92994,27850,4676,46294,100481,-54187,-0.19567815859511264
2006-12-12,50062,4257,34286,577,582,28192,0,28192,0.5631417042866845
2006-12-19,239042,148783,52102,27899,10592,14149,137632,-123483,-0.516574493185298
2006-12-26,262764,161704,54728,28953,10169,20693,155930,-135237,-0.5146709594921679
2007-01-03,280541,176309,55948,29681,11375,20368,166215,-145847,-0.5198776649402405
2007-01-03,30753,4835,26109,587,582,20294,0,20294,0.6599030988846617
2007-01-09,287999,183627,55251,30960,11777,11244,170384,-159140,-0.5525713630950108
2007-01-09,26846,4411,23328,430,582,16535,0,16535,0.6159204350741265
2007-01-16,308740,207270,55133,32400,13639,12730,187432,-174702,-0.5658547645267863
2007-01-16,31568,3954,28006,430,582,21429,0,21429,0.6788203243791181
2007-01-23,344998,219404,53554,29348,15219,14922,200690,-185768,-0.5384610925280726
2007-01-23,34644,3536,30112,409,582,25788,0,25788,0.7443713197090406
2007-01-30,344070,217372,62887,30524,15312,16803,192246,-175443,-0.5099049611997558
2007-01-30,34589,5460,29857,417,582,23174,0,23174,0.6699817861169736
2007-02-06,314920,191810,74181,29992,15944,15107,151754,-136647,-0.4339101994157246
2007-02-06,35960,6481,31581,409,582,23980,0,23980,0.6668520578420467
2007-02-13,361809,227940,80619,30319,17075,20488,188858,-168370,-0.465356030391726
2007-02-13,38221,8733,32767,418,2356,23547,0,23547,0.6160749326286596
2007-02-20,332216,187329,97661,30061,16509,18359,138408,-120049,-0.36135827293086425
2007-02-20,37841,7994,32012,418,1526,23273,0,23273,0.6150207446949076
2007-02-27,328295,180648,94428,32391,17565,18325,132380,-114055,-0.3474161957995096
2007-02-27,37721,7604,32045,427,1526,23707,0,23707,0.628482807984942
2007-03-06,278491,140588,106407,27687,13955,15465,66715,-51250,-0.18402749101407226
2007-03-06,28229,13849,23887,248,0,9269,573,8696,0.30805200325905985
2007-03-13,281602,126437,113637,28627,14569,26176,61711,-35535,-0.12618873445501097
2007-03-13,37739,15515,22469,0,0,8653,1790,6863,0.18185431516468376
2007-03-20,176550,65104,43396,25400,14209,21950,69167,-47217,-0.2674426508071368
2007-03-27,204073,97443,53527,26533,14961,19310,80922,-61612,-0.30191157085944736
2007-04-03,221748,103357,55555,26478,15178,25109,92494,-67385,-0.30388098201562136
2007-04-10,230370,108678,54240,26670,14895,24995,100865,-75870,-0.3293397577809611
2007-04-17,234796,109945,46024,30752,14921,23259,107317,-84058,-0.3580043953048604
2007-04-24,235531,114982,44181,30150,16822,21726,111157,-89431,-0.3796994875409182
2007-05-01,279868,153525,37291,28853,17421,20664,154128,-133464,-0.47688195863764343
2007-05-08,284780,159114,41615,28381,17881,23128,153192,-130064,-0.4567174661141934
2007-05-15,297263,168881,39748,29694,19712,19800,165839,-146039,-0.49127876661407577
2007-05-22,326431,191604,36178,29291,20245,25267,192825,-167558,-0.5133029644856034
2007-05-22,26615,3324,22376,409,0,17328,0,17328,0.651061431523577
2007-05-29,319048,186240,36746,27287,20850,23819,184088,-160269,-0.5023350718387202
2007-05-29,26709,3353,22275,409,0,17400,0,17400,0.6514657980456026
2007-06-05,311288,165415,40444,28957,21292,27920,168057,-140137,-0.4501843951581815
2007-06-05,26738,3416,22808,409,0,17160,0,17160,0.6417832298601241
2007-06-12,380532,154954,35845,30382,20860,25322,165969,-140647,-0.36960623548085314
2007-06-12,32991,4880,22788,0,584,17157,0,17157,0.5200509229789942
2007-06-19,310083,175068,46304,31722,22108,42301,180307,-138006,-0.44506148353827846
2007-06-26,352299,213887,56182,33308,21946,42053,213207,-171154,-0.4858202833388684
2007-07-03,326811,187552,65712,33846,21939,39788,177606,-137818,-0.42170551174838056
2007-07-10,320333,173754,80817,32303,22677,45776,154714,-108938,-0.3400773570003715
2007-07-10,27630,1283,24785,402,483,20938,0,20938,0.7577994933043793
2007-07-17,303595,185679,64649,33225,23062,26133,167073,-140940,-0.46423689454701167
2007-07-17,27277,2059,23676,402,483,18910,0,18910,0.6932580562378561
2007-07-24,284669,161910,79278,32397,21299,27753,135748,-107995,-0.37937042670610427
2007-07-24,26837,3348,22844,0,1083,17100,0,17100,0.6371800126690763
2007-07-31,264271,150324,112079,29648,19827,24422,86596,-62174,-0.23526607157047122
2007-08-07,263905,148889,135483,30390,17040,23057,67831,-44774,-0.16965953657566168
2007-08-14,278398,159291,156396,29108,17417,30472,62132,-31660,-0.11372208133679121
2007-08-21,273008,162183,174046,23385,16505,31831,42973,-11142,-0.040811990857410774
2007-08-28,276995,163234,180294,24366,15222,31475,40275,-8800,-0.03176952652574956
2007-09-04,269834,166566,165351,23779,15215,20937,48604,-27667,-0.10253340942950111
2007-09-11,299538,167847,181963,19064,15491,29685,39121,-9436,-0.03150184617644506
2007-09-18,168189,93425,79267,15223,15605,18869,47605,-28736,-0.1708554067150646
2007-09-25,171770,87429,92767,14512,17584,27363,35438,-8075,-0.04701053734645165
2007-10-02,197060,123567,103096,15032,19123,16140,46203,-30063,-0.15255759667106464
2007-10-09,224347,142450,110465,15722,19751,25114,64795,-39681,-0.1768733256963543
2007-10-16,228334,140179,108525,15120,20276,32684,68378,-35694,-0.15632363117187978
2007-10-23,225032,130155,124154,13614,19585,39600,54350,-14750,-0.06554623342457962
2007-10-30,222002,114674,125699,13540,19513,50414,53271,-2857,-0.012869253430149278
2007-11-06,216041,104060,119409,15613,16625,53568,56023,-2455,-0.011363583764192909
2007-11-13,190955,81828,122593,16059,14220,43165,28135,15030,0.07870964363331676
2007-11-20,193209,80153,123051,13941,20767,47441,25402,22039,0.11406818522946653
2007-11-27,192574,81369,125878,14688,20420,45459,24126,21333,0.11077819435645518
2007-12-04,195761,84899,127481,12934,18195,47603,27787,19816,0.10122547391972865
2007-12-11,218614,80874,124418,13684,11565,40150,25396,14754,0.06748881590383049
2007-12-18,176620,68220,96855,12182,3618,30687,30829,-142,-0.00080398595855509
2007-12-24,180033,80684,93187,12181,5227,26152,33920,-7768,-0.043147645153944
2007-12-31,181412,76361,94193,16580,4130,25506,35741,-10235,-0.0564185390161621
2008-01-08,193786,61148,119131,20979,3914,42381,21556,20825,0.10746390348115963
2008-01-15,202548,66751,124143,23371,4209,40717,22822,17895,0.0883494282836661
2008-01-22,193308,63689,116940,14326,4561,42520,21908,20612,0.10662776501748505
2008-01-29,206162,65578,131476,14725,4439,55776,22997,32779,0.15899632327975088
2008-02-05,225290,76301,135762,15282,5617,62624,35963,26661,0.11834080518442895
2008-02-12,231216,92334,135985,15479,5718,50804,36188,14616,0.0632136184347104
2008-02-19,237223,90427,139187,15690,5826,57377,41240,16137,0.06802460132449215
2008-02-26,235856,100257,130032,16239,5935,46904,44844,2060,0.008734142866834
2008-03-04,254859,70454,152672,15516,3432,87909,46341,41568,0.1631019504902711
2008-03-11,234069,70794,145660,14328,4060,79661,39990,39671,0.16948421192041663
2008-03-18,193580,52574,144998,14905,4461,82871,25344,57527,0.297174294865172
2008-03-25,196616,53924,149003,16149,4631,90283,24512,65771,0.33451499369329046
2008-04-01,189206,56461,136224,15805,4083,76944,27818,49126,0.25964292887117746
2008-04-08,182491,62383,125595,14884,3823,66408,31373,35035,0.19198207034867473
2008-04-15,177514,56627,121572,14973,4018,66337,24954,41383,0.23312527462622668
2008-04-22,172737,76623,106690,15514,4286,38395,29678,8717,0.050464000185252725
2008-04-29,166940,66200,112813,13722,4746,47889,19752,28137,0.16854558524020608
2008-05-06,169098,69103,105496,14606,4858,43249,23603,19646,0.11618114939265987
2008-05-13,174423,74639,100388,14965,4836,36108,30834,5274,0.0302368380316816
2008-05-20,165388,61354,100079,14581,4820,41827,25925,15902,0.0961496601930007
2008-05-27,171688,62314,94543,14992,5321,41899,32171,9728,0.05666091980802386
2008-06-03,164454,67317,71334,15012,5729,31830,33205,-1375,-0.00836100064455714
2008-06-10,202372,72402,69131,15126,4849,24766,32676,-7910,-0.03908643488229597
2008-06-17,161544,50908,58210,14888,5119,29141,28561,580,0.003590353092655871
2008-06-24,164015,52238,45470,14935,4716,27869,44333,-16464,-0.10038106270767917
2008-07-01,175598,52479,62812,14659,4641,36443,22007,14436,0.08221050353648675
2008-07-08,175428,58054,57495,14719,4806,28221,31340,-3119,-0.017779373874182002
2008-07-15,213992,55862,104289,17006,4899,62267,21744,40523,0.18936689222026992
2008-07-22,187785,67993,72921,15209,5434,33688,32466,1222,0.006507442021460713
2008-07-29,178959,77377,51368,13566,5648,22313,43680,-21367,-0.11939606278533071
2008-08-05,200818,88398,60336,13901,6070,29895,56816,-26921,-0.13405670806401818
2008-08-12,208622,99594,60992,12738,6286,31519,61958,-30439,-0.1459050339849105
2008-08-19,212982,106030,59779,13246,6496,27024,64666,-37642,-0.17673794029542403
2008-08-26,209138,105323,66675,13266,6520,24479,59971,-35492,-0.1697061270548633
2008-09-02,205813,101563,79964,13354,6513,22550,42003,-19453,-0.09451783900919766
2008-09-09,206916,96024,96450,13834,6471,22698,22237,461,0.00222795723868623
2008-09-16,132133,49893,59159,18310,6218,35625,16619,19006,0.1438399188696238
2008-09-23,141677,51905,80442,30074,6457,31604,13905,17699,0.12492500547018923
2008-09-30,159908,61027,85402,27544,6050,40682,21966,18716,0.11704229932211022
2008-10-07,158003,56328,95402,27539,6430,40643,15335,25308,0.16017417390809036
2008-10-14,132983,58440,79271,13619,6599,30320,14085,16235,0.12208327380191453
2008-10-21,138768,55524,72362,10308,14532,32804,11987,20817,0.150012971290211
2008-10-28,143020,57224,69720,10424,13148,32164,14762,17402,0.1216752901692071
2008-11-04,129500,57108,65265,7531,22060,29777,10995,18782,0.14503474903474903
2008-11-11,130102,61568,65876,8327,24650,31068,12508,18560,0.14265729965719204
2008-11-18,129694,53724,68475,8231,22940,37316,9617,27699,0.21357194627353618
2008-11-25,131206,52935,65613,8357,23250,40695,12983,27712,0.21120985320793256
2008-12-02,138994,54885,66933,9194,23350,40889,13490,27399,0.19712361684677038
2008-12-09,166059,48901,102572,9397,20072,59328,6111,53217,0.3204704352067639
2008-12-16,110472,29703,46472,12317,7397,40162,9069,31093,0.28145593453544787
2008-12-22,105339,29029,43219,12700,7602,37059,6278,30781,0.29220896344184016
2008-12-30,105926,28670,44440,13101,7719,38508,5566,32942,0.31099069161490095
2009-01-06,110160,29210,44747,13995,7731,43325,7525,35800,0.3249818445896877
2009-01-13,107714,28970,44908,14033,7635,41375,6784,34591,0.3211374565980281
2009-01-20,113171,27612,52510,17030,7697,43764,5320,38444,0.3396983326117115
2009-01-27,115063,26378,60384,15899,7492,46508,3457,43051,0.3741515517586018
2009-02-03,117069,25798,61091,15326,7040,49287,4894,44393,0.37920371746576803
2009-02-10,106751,29343,45997,13745,6885,37347,5142,32205,0.3016833565961911
2009-02-17,108685,32315,38083,13630,6917,36468,12119,24349,0.2240327552100106
2009-02-24,108705,31817,37726,19917,6728,32954,13144,19810,0.18223632767581988
2009-03-03,110223,31932,34210,18587,9910,37124,15162,21962,0.19925061012674306
2009-03-10,114020,33525,31027,18388,9247,35799,18943,16856,0.14783371338361692
2009-03-17,70507,14300,15590,11112,9812,24065,23261,804,0.011403123094160864
2009-03-24,69923,19339,14462,10948,10395,22527,22376,151,0.00215951832730289
2009-03-31,76607,23168,14027,10959,10167,24700,28718,-4018,-0.052449515057370735
2009-04-07,84138,32921,13542,12123,10666,22255,30527,-8272,-0.09831467351256269
2009-04-14,82017,33279,15628,11884,10735,17836,26881,-9045,-0.11028201470426863
2009-04-21,74215,27126,21827,11193,10561,17159,16438,721,0.009715017179815402
2009-04-28,75734,24999,31376,9183,11282,20112,8077,12035,0.1589114532442496
2009-05-05,75595,26747,27677,9222,11717,18308,10482,7826,0.10352536543422183
2009-05-12,85709,25890,41902,11117,11658,25188,8219,16969,0.19798387567233314
2009-05-19,90204,25039,49603,11666,11193,27186,5924,21262,0.2357101680635005
2009-05-26,96706,24731,50542,11724,11069,31699,8535,23164,0.23953012222612868
2009-06-02,96969,24039,50391,14317,10819,30811,8133,22678,0.23386855593024575
2009-06-09,93527,31552,39406,14413,10228,23149,14438,8711,0.09313887968180312
2009-06-16,62998,12707,17800,16283,10320,15998,12684,3314,0.05260484459824121
2009-06-23,73797,12067,31236,18663,10216,20020,11843,8177,0.11080396222068647
2009-06-30,73476,12821,35848,19471,8858,20993,10095,10898,0.14832054004028528
2009-07-07,89956,12151,57195,21115,7152,32366,6591,25775,0.28652896971852904
2009-07-14,110140,11615,77567,20747,7206,48354,5939,42415,0.3851007808244053
2009-07-21,110610,11463,81225,19852,6889,49236,5147,44089,0.39859868004701204
2009-07-28,90649,9888,63545,19988,6585,32279,2477,29802,0.32876258976933004
2009-08-04,80101,9874,45668,20395,6593,22967,7951,15016,0.18746332754896944
2009-08-11,70654,10670,23626,20618,6464,18849,13347,5502,0.07787244883516857
2009-08-18,72642,9724,29362,20590,6736,20271,11913,8358,0.11505740480713637
2009-08-25,86500,10305,45973,20592,6984,29117,11023,18094,0.2091791907514451
2009-09-01,107605,9598,69715,20429,6799,46177,7637,38540,0.3581617954556015
2009-09-08,115249,9214,80466,20520,7205,50886,2780,48106,0.41740926168556775
2009-09-15,108330,6523,74750,21288,8477,47652,5262,42390,0.391304347826087
2009-09-22,119425,7015,88056,22817,8806,57576,3837,53739,0.44998115972367597
2009-09-29,119276,8431,85090,22583,9151,55551,3773,51778,0.4341024179214595
2009-10-06,120340,8166,87173,23827,9541,53436,2642,50794,0.4220874189795579
2009-10-13,119052,13843,81649,25811,9209,43771,1435,42336,0.35560931357726033
2009-10-20,120630,17884,79170,26483,10684,43060,2697,40363,0.3346016745419879
2009-10-27,115161,27653,70983,26536,9013,30417,6704,23713,0.20591172358697823
2009-11-03,110032,23295,64647,25294,9862,31844,6413,25431,0.23112367311327614
2009-11-09,117344,25814,69340,25451,9732,34420,9285,25135,0.21419927733842378
2009-11-17,125908,16596,78405,26346,9816,41502,4284,37218,0.29559678495409347
2009-11-24,131833,8140,84563,25758,8877,56812,4189,52623,0.3991640939673678
2009-12-01,144123,11093,91057,26071,9578,64249,10277,53972,0.3744856823685324
2009-12-08,123501,21653,75673,27183,9134,40750,4069,36681,0.2970097408118153
2009-12-15,88438,8464,43371,28635,11235,25383,7837,17546,0.19839887831022862
2009-12-22,93224,19724,41434,28125,10567,21639,13634,8005,0.08586844589376126
2009-12-29,95217,31139,36075,28204,9412,13881,20257,-6376,-0.06696283226734721
2010-01-05,104231,41931,39813,28424,7960,12930,24062,-11132,-0.10680123955445117
2010-01-12,120568,54221,43843,26885,9250,14801,26215,-11414,-0.09466856877446753
2010-01-19,122367,49485,46703,27749,8792,18301,27078,-8777,-0.0717268544623959
2010-01-26,119819,35214,53731,28338,8818,23212,18847,4365,0.03642994850566271
2010-02-02,116129,32939,59755,28646,7356,22794,10496,12298,0.10589947386096496
2010-02-09,120060,20425,65963,31935,5407,31570,6383,25187,0.20978677328002665
2010-02-16,119816,27063,64998,32245,4008,25649,8312,17337,0.14469686853174868
2010-02-23,122919,36780,55909,32979,4537,20038,18043,1995,0.016230200375857273
2010-03-02,133600,15898,73666,36060,5273,44004,10296,33708,0.2523053892215569
2010-03-09,137443,20295,72909,35695,5551,40086,11450,28636,0.20834818797610646
2010-03-16,95999,5961,39735,34267,5603,29987,16745,13242,0.13793893686392567
2010-03-23,96913,6978,34878,34074,6155,30483,21083,9400,0.09699421130292117
2010-03-30,109417,35221,13257,32914,6422,15039,40827,-25788,-0.2356854967692406
2010-04-06,123837,50240,9425,30772,8260,13680,52254,-38574,-0.3114901039269362
2010-04-13,131723,65915,9876,31484,7700,7922,60844,-52922,-0.40176734511057294
2010-04-20,134324,68478,16201,31325,7146,10458,57022,-46564,-0.34665435811917455
2010-04-27,137780,72612,16618,30492,7775,9336,61012,-51676,-0.3750616925533459
2010-05-04,147243,81134,11666,29219,8066,9084,70995,-61911,-0.4204682056192824
2010-05-11,146389,67631,42183,30103,8337,17568,52604,-35036,-0.23933492270594103
2010-05-18,142699,63734,35571,33225,7492,15530,52022,-36492,-0.25572708988850656
2010-05-25,140769,45459,53823,34196,8078,25713,31533,-5820,-0.04134433007267225
2010-06-01,133365,35320,57555,35546,8165,27807,25077,2730,0.02047013834214374
2010-06-08,133010,39404,54169,37969,7116,23277,28361,-5084,-0.03822269002330652
2010-06-15,82217,6618,20679,38198,6813,19769,21148,-1379,-0.016772686913898584
2010-06-22,91415,6191,32348,38171,7187,25593,20602,4991,0.05459716676694197
2010-06-29,120484,5809,66342,38629,10318,47556,14948,32608,0.2706417449619867
2010-07-06,135128,5733,87970,39111,10055,58020,6112,51908,0.3841394825646794
2010-07-13,133665,5946,87208,38170,9390,58060,7961,50099,0.3748101597276774
2010-07-20,127658,6433,83629,36284,9359,50625,4756,45869,0.35931159817637753
2010-07-27,124595,7079,71422,35593,8845,47766,10100,37666,0.3023074762229624
2010-08-03,133870,7078,85108,34323,8869,57738,6938,50800,0.379472622693658
2010-08-10,136999,7416,86177,34329,8612,61285,7623,53662,0.39169628975393983
2010-08-17,137645,7831,85995,36544,8212,58420,6111,52309,0.38002833375712886
2010-08-24,140128,8853,84545,37734,8213,55264,7208,48056,0.3429435944279516
2010-08-31,139079,10059,81427,40152,9071,52788,7714,45074,0.324089186721216
2010-09-07,150513,11139,85606,38816,7578,55173,9992,45181,0.3001800508926139
2010-09-14,134360,8440,84316,41303,8228,51948,9328,42620,0.31720750223280736
2010-09-21,113349,10033,67161,40272,5788,33323,13240,20083,0.1771784488614809
2010-09-28,118274,8860,69586,40430,5796,37174,12355,24819,0.20984324534555354
2010-10-05,142488,7015,85280,41856,5619,59143,14359,44784,0.314300151591713
2010-10-12,146581,10792,89364,40817,5577,57852,11709,46143,0.3147952326699913
2010-10-19,139496,10626,83740,40068,5114,52791,11247,41544,0.29781499111085624
2010-10-26,139850,10681,84041,40593,5131,49876,12371,37505,0.26818019306399715
2010-11-02,140062,10939,89363,37626,5034,51119,11044,40075,0.28612328825805716
2010-11-09,140515,13283,79046,35743,4568,37340,10628,26712,0.19010070099277657
2010-11-16,131701,16348,65592,33548,6205,32996,17655,15341,0.11648354985915065
2010-11-23,129620,17060,65010,33178,5501,29210,18566,10644,0.08211695725968214
2010-11-30,133069,16145,66213,34651,5536,31861,20030,11831,0.08890876161991147
2010-12-07,132233,16265,61091,34325,5954,24070,18531,5539,0.041888182223801924
2010-12-14,96110,6772,37518,36065,5368,30175,16807,13368,0.13909062532514826
2010-12-21,90072,6595,30802,32396,5757,26660,18025,8635,0.09586775024424904
2010-12-28,109343,6492,50314,31827,5335,43230,15361,27869,0.2548768553999799
2011-01-04,128483,6453,66023,33598,4166,58969,15446,43523,0.3387452036456185
2011-01-11,107132,7286,51451,33555,4224,38108,15428,22680,0.2117014524138446
2011-01-18,110405,7253,47230,33495,5063,38457,19862,18595,0.16842534305511525
2011-01-25,116661,7222,54620,31537,5406,44866,18633,26233,0.2248652077386616
2011-02-01,116384,7808,54359,29986,5472,42962,15604,27358,0.23506667583172944
2011-02-08,117705,7775,54561,27348,5728,47774,16880,30894,0.2624697336561743
2011-02-15,116803,16781,25750,26476,7514,23786,39895,-16109,-0.1379159781854918
2011-02-22,124016,27541,29116,25704,7480,45552,46274,-722,-0.005821829441362405
2011-03-01,136561,10843,66676,25947,8464,70347,18023,52324,0.3831547806474762
2011-03-08,131247,12522,58052,27160,8223,60815,21907,38908,0.29644868073175007
2011-03-15,114701,7763,43047,26499,6992,46447,22075,24372,0.21248289029738188
2011-03-22,112051,8236,53465,24037,7499,46376,18083,28293,0.2525010932521798
2011-03-29,100377,7688,32419,23960,7695,34783,24060,10723,0.10682726122518106
2011-04-05,120632,47947,13142,21189,8748,22298,50412,-28114,-0.23305590556402944
2011-04-12,130084,63398,10074,21933,8721,19862,60709,-40847,-0.3140047969004643
2011-04-19,127838,61588,11422,23234,10258,20048,60861,-40813,-0.31925562039456185
2011-04-26,114134,42311,13561,22949,9675,20927,44208,-23281,-0.2039795328298316
2011-05-03,104590,27847,16502,24857,8030,20234,34155,-13921,-0.1331006788411894
2011-05-10,102289,15673,32876,26324,7465,30130,18386,11744,0.11481195436459443
2011-05-17,103453,15685,34496,27094,8300,30933,16827,14106,0.1363517732690207
2011-05-24,99264,16519,33987,26736,8514,25818,17780,8038,0.08097598323662153
2011-05-31,95929,21186,28767,25737,8654,17167,19553,-2386,-0.024872561998978412
2011-06-07,106199,15416,38073,27208,8748,28036,16535,11501,0.10829668829273345
2011-06-14,94483,6267,39388,25475,8565,32551,9515,23036,0.24381105595715633
2011-06-21,99071,2734,46500,25504,8636,39188,10854,28334,0.28599691130603305
2011-06-28,94286,9220,34527,26798,8677,32833,13870,18963,0.2011221178117642
2011-07-05,94901,10846,37814,25474,8146,33112,13120,19992,0.210661636863679
2011-07-12,115846,8886,52840,26849,8145,45700,17361,28339,0.24462648688776478
2011-07-19,129653,7824,69853,28440,8315,56533,16519,40014,0.30862378811134333
2011-07-26,138932,6571,75717,29900,7848,64448,18397,46051,0.3314643134770967
2011-08-02,148888,6644,84637,28969,8056,72144,18721,53423,0.35881333619902206
2011-08-09,119904,5776,68478,31462,9381,46272,12664,33608,0.28029089938617563
2011-08-16,126262,6283,74125,32983,8835,50822,13007,37815,0.2994962855015761
2011-08-23,131217,6554,74623,34936,9570,56213,14276,41937,0.31960035666110337
2011-08-30,126128,6377,73539,34816,9195,49879,10254,39625,0.3141649752632247
2011-09-06,123412,7270,67205,35573,9104,48378,9717,38661,0.3132677535409847
2011-09-13,151535,9802,70984,36846,9245,51903,13528,38375,0.25324182532088296
2011-09-20,127828,870,69996,37476,8676,57364,18408,38956,0.30475326219607596
2011-09-27,125732,2557,67539,37781,9366,55258,15966,39292,0.31250596506855854
2011-10-04,134724,2023,76377,42433,10108,59897,13562,46335,0.3439253585107331
2011-10-11,153849,2015,96442,60759,9141,61251,15127,46124,0.2998004536916067
2011-10-18,152255,2438,90767,57531,9628,64005,17957,46048,0.3024399855505566
2011-10-25,165616,1337,106927,55311,8398,71719,16668,55051,0.33240145879625155
2011-11-01,138045,7493,85075,51899,7863,50160,14677,35483,0.25703937121952986
2011-11-08,138981,9621,86815,53267,7441,49153,14215,34938,0.2513868802210374
2011-11-15,142233,9200,90374,54011,8114,54801,14368,40433,0.284272988687576
2011-11-22,149571,9554,99890,54635,9402,61021,12165,48856,0.3266408595249079
2011-11-29,166279,19526,113642,60973,9406,61943,13871,48072,0.289104456966905
2011-12-06,178625,19319,118944,63230,10102,65312,12051,53261,0.2981721483554933
2011-12-13,204818,18117,118137,63825,10571,65328,10219,55109,0.2690632659238934
2011-12-20,132006,362,63249,64602,10779,47033,29458,17575,0.1331378876717725
2011-12-27,132557,167,58699,65557,11037,48339,32683,15656,0.11810768197831877
2012-01-03,158719,637,72126,66076,10700,68131,46202,21929,0.13816241281762107
2012-01-10,163533,638,73601,65056,10842,72333,49153,23180,0.14174509120483328
2012-01-17,168070,597,76658,65833,10776,74036,52602,21434,0.1275301957517701
2012-01-24,152061,597,61506,65802,10329,61327,47906,13421,0.0882606322462696
2012-01-31,172967,1782,73664,65034,10058,76797,54093,22704,0.13126203264206468
2012-02-07,178512,1881,75448,66621,7189,81094,60817,20277,0.11358900242000537
2012-02-14,153683,3093,52247,65577,6833,60802,53826,6976,0.04539213836273368
2012-02-21,150551,8073,40159,64710,6444,58102,58335,-233,-0.0015476483052254718
2012-02-28,148310,18353,30246,63850,8117,47777,59593,-11816,-0.07967095947677162
2012-03-06,147952,30005,26417,63344,9757,29578,53323,-23745,-0.16049124040229262
2012-03-13,196396,47574,25360,64153,8630,25032,61537,-36505,-0.1858744577282633
2012-03-20,139769,27059,17859,63494,9023,35286,63689,-28403,-0.20321387432120142
2012-03-27,145497,57357,9918,63750,9788,11172,74671,-63499,-0.43642824250671836
2012-04-03,150382,57721,14156,64293,9167,15910,73151,-57241,-0.38063731031639425
2012-04-10,150875,55399,13528,66179,9721,16904,76439,-59535,-0.39459817729908864
2012-04-17,144168,49882,16952,66051,9662,16398,69966,-53568,-0.37156650574329947
2012-04-24,137636,45075,18731,65856,9885,13629,63317,-49688,-0.36101020081955304
2012-05-01,140349,46725,23036,65833,9085,13797,60418,-46621,-0.3321790678950331
2012-05-08,141842,37786,33279,64759,9659,13117,52164,-39047,-0.27528517646395284
2012-05-15,139275,35173,36564,63052,10195,15517,46525,-31008,-0.22263866451265482
2012-05-22,142168,33944,44695,62700,9844,16839,42473,-25634,-0.1803078048505993
2012-05-29,140684,31944,49238,62797,9937,17918,38537,-20619,-0.14656250888516106
2012-06-05,169663,31069,66944,61841,8715,33970,47536,-13566,-0.07995850597950054
2012-06-12,174278,36260,66701,62267,8263,34962,48344,-13382,-0.07678536590963862
2012-06-19,123868,2192,28348,61007,8122,41708,35047,6661,0.05377498627571285
2012-06-26,123247,8689,15111,59386,8242,40675,43590,-2915,-0.023651691319058477
2012-07-03,117403,9493,16444,58798,7667,33291,38393,-5102,-0.04345715186153676
2012-07-10,115522,9588,24120,59183,7740,29471,29682,-211,-0.0018264919236162809
2012-07-17,121806,8340,28932,61307,8205,33249,30816,2433,0.019974385498251316
2012-07-24,139033,4910,46061,62855,8270,48211,31494,16717,0.12023764142325923
2012-07-31,144095,3921,54035,62761,7430,51404,29278,22126,0.15355147645650438
2012-08-07,148998,7955,52459,62607,7581,52507,34267,18240,0.12241775057383321
2012-08-14,151036,9225,55665,62536,7474,52752,30159,22593,0.149586853465399
2012-08-21,141458,14903,44565,62471,7069,42689,29129,13560,0.0958588414935882
2012-08-28,149444,11519,56070,62834,8025,50253,30438,19815,0.13259147239099595
2012-09-04,152452,10668,61601,62141,8283,51490,29757,21733,0.1425563456038622
2012-09-11,176618,7588,65464,64586,6336,57345,31793,25552,0.1446738158058635
2012-09-18,128862,1585,43445,62979,6742,39179,28571,10608,0.08232062206080924
2012-09-25,137692,4479,48391,61377,7384,44514,27316,17198,0.1249019550881678
2012-10-02,141693,4135,56501,59847,7006,49486,26474,23012,0.16240745837832496
2012-10-09,127442,5996,43193,59991,6863,39049,24788,14261,0.11190188477895827
2012-10-16,131343,9984,41337,59565,7043,41169,27691,13478,0.10261681246811782
2012-10-23,137135,24925,26351,58799,6808,37698,38527,-829,-0.006045138002698071
2012-10-30,147135,35372,19166,58014,7101,40113,53116,-13003,-0.08837462194583207
2012-11-06,161552,47821,19213,55916,7309,44870,63066,-18196,-0.1126324650886402
2012-11-13,155931,44741,25662,55485,8038,40246,51350,-11104,-0.07121098434564006
2012-11-20,180979,61839,18454,55823,8946,45380,74896,-29516,-0.16309074533509413
2012-11-27,208130,82163,16667,55601,10267,53361,100835,-47474,-0.2280978234757123
2012-12-04,220982,87287,14005,53754,10416,53597,103347,-49750,-0.22513145867084197
2012-12-11,267582,83628,15115,54568,9774,50058,103805,-53747,-0.20086179189930564
2012-12-18,196662,86969,7504,53288,8456,23610,111170,-87560,-0.4452309037841576
2012-12-24,195705,89696,8277,52744,7832,21077,105688,-84611,-0.4323394905597711
2012-12-31,194632,84420,9532,52037,8072,20391,103169,-82778,-0.4253051913354433
2013-01-08,193295,81990,13167,50842,7112,20465,101704,-81239,-0.4202850565198272
2013-01-15,196509,75209,12338,50029,7036,19763,99690,-79927,-0.40673455159814564
2013-01-22,202225,77237,12130,49835,6294,23062,101043,-77981,-0.385615032760539
2013-01-29,219635,88636,12537,51946,7212,25435,109944,-84509,-0.38477018690099485
2013-02-05,217709,99580,12677,32642,8765,25925,107995,-82070,-0.3769710944425816
2013-02-12,215036,103825,14188,23256,10037,29517,104585,-75068,-0.34909503524991164
2013-02-19,218241,106818,15051,23697,10178,28909,106661,-77752,-0.35626669599204547
2013-02-26,216323,104902,14573,22729,8366,29092,116296,-87204,-0.4031194094016817
2013-03-05,241938,114351,15027,20919,10311,30704,119455,-88751,-0.36683365159669007
2013-03-12,288474,137822,17092,20475,13225,32269,142209,-109940,-0.38110886943017397
2013-03-19,216674,98355,14504,20506,13589,41097,116075,-74978,-0.34604059554907374
2013-03-26,220896,103147,18782,20114,12420,39805,112933,-73128,-0.331051716644937
2013-04-02,213997,99836,25297,20290,12387,39944,103518,-63574,-0.2970789310130516
2013-04-09,220626,108488,23630,19991,15814,42593,104010,-61417,-0.27837607534923353
2013-04-16,214577,118477,20350,20911,13609,35689,105765,-70076,-0.3265774057797434
2013-04-23,204150,107794,22294,19979,14221,39782,90051,-50269,-0.24623561107029146
2013-04-30,198106,104066,26822,18975,14036,38795,80744,-41949,-0.2117502751052467
2013-05-07,209370,110698,26088,19154,14244,42176,90208,-48032,-0.2294120456607919
2013-05-14,229746,120530,26354,18337,17032,48837,100845,-52008,-0.2263717322608446
2013-05-21,227826,128097,25721,18404,18570,40054,99040,-58986,-0.25890811408706643
2013-05-28,231012,127534,24995,22083,18967,38455,102992,-64537,-0.2793664398386231
2013-06-04,219135,115566,31524,24073,16612,38271,90863,-52592,-0.2399981746412029
2013-06-11,243644,110064,36672,25098,18297,43243,81056,-37813,-0.15519774753328627
2013-06-18,163921,87747,4789,25469,21086,30375,72191,-41816,-0.2550984925665412
2013-06-25,161160,80784,5601,25648,23241,31899,72542,-40643,-0.2521903698188136
2013-07-02,178926,95104,4118,25233,24410,34274,84398,-50124,-0.28013815767412226
2013-07-09,185249,106237,3541,26339,23707,30917,92813,-61896,-0.3341232611242166
2013-07-16,182429,108780,5334,25424,22504,26520,92385,-65865,-0.3610445707645166
2013-07-23,187250,111844,5273,24139,21444,28705,95338,-66633,-0.35585046728971964
2013-07-30,174872,101437,10256,25477,18827,23304,86876,-63572,-0.36353447092730684
2013-08-06,172059,97330,9685,25554,16314,24553,85884,-61331,-0.3564533096205371
2013-08-13,159496,85433,8808,25383,15087,22560,76572,-54012,-0.33864172142248083
2013-08-20,162168,85582,13228,25987,15056,24023,77148,-53125,-0.3275923733412264
2013-08-27,175588,91184,13982,25637,15047,26962,86054,-59092,-0.336537804405768
2013-09-03,178360,99458,10446,25446,13646,31289,91528,-60239,-0.33773828212603724
2013-09-10,197099,112818,6157,25239,13932,24356,97601,-73245,-0.37161527963104835
2013-09-17,177045,86916,3739,26299,11994,37657,100927,-63270,-0.3573667711598746
2013-09-24,174892,89069,6443,27648,12408,33898,94528,-60630,-0.3466710884431535
2013-10-01,170525,86906,11866,26741,12118,30298,85348,-55050,-0.32282656501979184
2013-10-08,165957,74534,21172,27935,14095,34774,69664,-34890,-0.21023518140241146
2013-10-15,159871,74136,19061,27041,13134,33112,66829,-33717,-0.2109012891643888
2013-10-22,152938,78370,10787,26202,13379,21204,69897,-48693,-0.3183839202814212
2013-10-29,151987,73451,10815,23551,12447,25879,66468,-40589,-0.26705573502996965
2013-11-05,169004,86326,8950,23084,13247,32188,77147,-44959,-0.26602328938960024
2013-11-12,195690,108594,5783,23297,13124,33894,100099,-66205,-0.33831570340845213
2013-11-19,214211,125322,6378,22408,14200,35741,115427,-79686,-0.37199770319918213
2013-11-26,236713,138777,4991,21395,16258,40686,129748,-89062,-0.3762446506951456
2013-12-03,245167,148164,4039,21240,17171,38505,142988,-104483,-0.4261707326026749
2013-12-10,262229,145334,9695,22569,15207,40742,135455,-94713,-0.3611843083716904
2013-12-17,232743,117342,4665,23144,20819,45916,133054,-87138,-0.37439579278431573
2013-12-24,239160,127448,5772,23160,20586,43938,135205,-91267,-0.381614818531527
2013-12-31,232225,121792,6492,22595,21107,42204,126843,-84639,-0.3644698029927872
2014-01-07,230156,118407,10626,21850,20402,40600,120655,-80055,-0.3478292983889188
2014-01-14,218324,106752,13499,22313,20072,38923,115649,-76726,-0.35143181693263226
2014-01-21,217548,103982,17221,23410,19625,41767,111587,-69820,-0.3209406659679703
2014-01-28,203014,83311,33443,25807,18128,43671,88714,-45043,-0.22187139803166284
2014-02-04,199361,83358,40582,27542,18147,39967,80115,-40148,-0.20138342002698623
2014-02-11,196435,84301,40931,24799,18660,40886,80114,-39228,-0.1996996461933973
2014-02-18,200057,85445,38326,23105,17418,43462,82600,-39138,-0.1956342442403915
2014-02-25,203743,89792,39880,21349,17856,41622,85939,-44317,-0.21751422134748188
2014-03-04,205886,84547,36399,19358,18243,47331,88276,-40945,-0.19887219140689508
2014-03-11,242170,97304,28513,18906,18394,43677,100229,-56552,-0.23352190609902135
2014-03-18,156922,79833,10984,20280,18137,26521,75369,-48848,-0.3112884108028192
2014-03-25,158280,93589,9721,19806,19334,22065,75868,-53803,-0.3399229214051049
2014-04-01,188464,115453,10089,17796,20460,32157,96976,-64819,-0.34393305883351727
2014-04-08,181814,112183,13948,18766,19249,24135,90072,-65937,-0.3626618412223481
2014-04-15,164843,91562,17182,19414,20856,22729,71705,-48976,-0.2971069441832532
2014-04-22,165674,93996,17017,18357,18264,25236,75018,-49782,-0.3004816688194889
2014-04-29,168820,99672,15985,18870,18409,20892,76299,-55407,-0.3282016348773842
2014-05-06,167093,87569,17973,19241,17664,25799,74461,-48662,-0.2912270412285374
2014-05-13,164707,90982,15570,19754,17274,24568,74476,-49908,-0.3030108009981361
2014-05-20,164819,81118,28266,21130,17202,24232,64442,-40210,-0.24396459146093594
2014-05-27,162820,83254,22942,23331,16057,24365,69150,-44785,-0.27505834664046186
2014-06-03,171804,94759,14965,25790,16606,25798,79927,-54129,-0.31506251309631905
2014-06-10,201094,97764,16200,28652,17570,25188,85905,-60717,-0.30193342416979124
2014-06-17,153007,84148,7588,29402,17805,20271,80418,-60147,-0.3930996621069624
2014-06-24,148257,80770,9012,30574,16701,17172,75625,-58453,-0.3942680615417822
2014-07-01,156480,75858,23509,30855,16894,19599,72574,-52975,-0.3385416666666667
2014-07-08,157710,84162,22591,31766,17336,16100,74561,-58461,-0.37068670344302834
2014-07-15,155127,84732,27713,32470,17046,13647,68318,-54671,-0.35242736596466123
2014-07-22,162029,84823,37392,33469,16638,17045,63261,-46216,-0.28523289040850713
2014-07-29,172210,95609,26794,33813,18464,17776,76713,-58937,-0.34223912664769757
2014-08-05,192906,111391,10849,34025,18889,23451,100618,-77167,-0.4000238458109131
2014-08-12,192140,108904,28040,34041,17598,25113,94908,-69795,-0.36325075465806184
2014-08-19,203180,113309,18072,34333,19366,31725,105370,-73645,-0.3624618564819372
2014-08-26,218009,128155,7250,34314,19586,31770,122202,-90432,-0.414808562949236
2014-09-02,230937,143384,8272,34883,19813,26430,130130,-103700,-0.4490402144307755
2014-09-09,255624,130762,6892,33766,22922,28874,115498,-86624,-0.3388727193064814
2014-09-16,208235,112322,3664,33687,27872,36991,113583,-76592,-0.36781520877854346
2014-09-23,222214,127486,4589,32602,29019,30416,124263,-93847,-0.42232712610366585
2014-09-30,239477,140967,7629,31952,33894,35592,130165,-94573,-0.3949147517298112
2014-10-07,223255,123682,4361,32080,31997,27877,117443,-89566,-0.40118250431121366
2014-10-14,212420,120134,8161,32797,33533,22986,106146,-83160,-0.3914885603992091
2014-10-21,185412,89552,9817,33373,32689,28580,82071,-53491,-0.28849804759131015
2014-10-28,184120,87199,14450,32129,32862,28276,74566,-46290,-0.2514121225287856
2014-11-04,207974,100140,8743,30892,27429,33288,91103,-57815,-0.2779914797041938
2014-11-11,227576,116647,11223,27799,33196,39040,102178,-63138,-0.2774369880831019
2014-11-18,238898,126680,9072,27475,33297,39378,113035,-73657,-0.308319868730588
2014-11-25,253976,137981,6358,29449,36985,39754,117825,-78071,-0.3073951869467981
2014-12-02,257828,142745,4499,30081,36740,36986,115410,-78424,-0.3041717734303489
2014-12-09,279859,138885,15715,31022,39040,35286,104216,-68930,-0.24630260238191376
2014-12-16,227685,80020,5313,32362,41579,33384,102332,-68948,-0.30282188110767067
2014-12-23,226107,94556,8709,32488,42784,18258,98666,-80408,-0.3556192422171804
2014-12-30,226629,94640,9295,32941,42490,17692,103614,-85922,-0.37913064965207455
2015-01-06,228954,94241,12046,31676,43899,19468,100586,-81118,-0.3542982433152511
2015-01-13,231223,105877,12208,30378,43108,12467,101827,-89360,-0.3864667442252717
2015-01-20,215413,89363,13441,29657,41450,14845,88840,-73995,-0.3435029455046817
2015-01-27,202571,80242,17113,29876,44386,15230,75275,-60045,-0.29641459043989515
2015-02-03,203963,82165,20102,31213,46654,12610,71671,-59061,-0.2895672254281414
2015-02-10,204193,86869,19337,30617,33487,14087,77574,-63487,-0.3109166327934846
2015-02-17,203555,79169,21519,39281,31689,10546,70990,-60444,-0.2969418584657709
2015-02-24,202438,78614,22756,32990,32995,13712,70073,-56361,-0.278411167863741
2015-03-03,210611,85116,22733,28893,31113,29572,77543,-47971,-0.2277706292643784
2015-03-10,235089,93178,22415,28366,26465,30690,82730,-52040,-0.22136297317186257
2015-03-17,195913,62362,5062,27800,29584,29475,85220,-55745,-0.2845395660318611
2015-03-24,181026,49775,7995,28884,28359,24822,76173,-51351,-0.2836664346557953
2015-03-31,177478,42986,17913,26880,28838,28992,66216,-37224,-0.20973867183538242
2015-04-07,189444,44596,16803,27323,28101,37683,78627,-40944,-0.21612719326027743
2015-04-14,195230,45828,23906,28156,27558,39722,82991,-43269,-0.2216308968908467
2015-04-21,189332,44925,28920,31828,28021,32533,71810,-39277,-0.20745040458031394
2015-04-28,188079,43274,43812,27963,27604,32964,61051,-28087,-0.14933618319961292
2015-05-05,198886,65901,29426,27644,28920,24591,75947,-51356,-0.2582182757961847
2015-05-12,193296,66623,34874,26837,29329,19915,67987,-48072,-0.24869629997516762
2015-05-19,231658,83731,36232,25353,30993,42816,91961,-49145,-0.21214462699324005
2015-05-26,251744,114719,14748,23789,33011,29546,115022,-85476,-0.3395354010423287
2015-06-02,260104,126916,3232,22776,41761,27561,125816,-98255,-0.37775274505582385
2015-06-09,306449,158583,994,21985,49480,23733,140716,-116983,-0.38173725481238313
2015-06-16,262329,128193,782,20912,48349,44062,132779,-88717,-0.3381898303275658
2015-06-23,247839,139345,6292,20006,31701,18657,130586,-111929,-0.4516198015647255
2015-06-30,254014,138067,20848,19872,28923,22849,130351,-107502,-0.4232128937775083
2015-07-07,250828,135732,35337,18449,29614,24030,113880,-89850,-0.35821359656816626
2015-07-14,247704,131772,48695,21102,43111,24763,86737,-61974,-0.25019377967251233
2015-07-21,251136,133032,36517,18040,45580,28944,97714,-68770,-0.27383569062181445
2015-07-28,246269,132599,34767,19330,49695,23465,92829,-69364,-0.28165948617162534
2015-08-04,252655,137110,16863,18582,55751,26482,107172,-80690,-0.3193683085630603
2015-08-11,264608,152232,3335,20290,56013,22907,129108,-106201,-0.4013521888982948
2015-08-18,251418,137026,11081,20451,46443,22472,128838,-106366,-0.42306437884320136
2015-08-25,260458,125007,64856,27716,34625,27722,109540,-81818,-0.3141312610862404
2015-09-01,273205,123594,91692,27587,46919,35934,86385,-50451,-0.18466353104811406
2015-09-08,279712,124630,100324,24471,51388,40308,68185,-27877,-0.09966322503146093
2015-09-15,166081,70040,5636,22991,48191,27074,67344,-40270,-0.24247204677235806
2015-09-22,177439,70991,6593,22870,59448,37244,69128,-31884,-0.17968992160686206
2015-09-29,174697,72439,7412,25097,58614,29910,64829,-34919,-0.19988322638625736
2015-10-06,170780,70954,7423,23022,52058,28235,64945,-36710,-0.2149549127532498
2015-10-13,169873,68675,16608,21851,52088,27558,59660,-32102,-0.18897647065749118
2015-10-20,184281,71595,24868,24950,56125,32170,60693,-28523,-0.15477992847879055
2015-10-27,189472,89796,2171,19621,63843,23695,69742,-46047,-0.24302799358216517
2015-11-03,204271,96019,1149,19404,71257,29004,78997,-49993,-0.24473860704652153
2015-11-10,234202,131078,4018,19347,70286,25156,99577,-74421,-0.3177641523129606
2015-11-17,250346,148283,3665,19297,76868,24199,107405,-83206,-0.33236400821263373
2015-11-24,247513,147906,3209,18396,78812,19745,103870,-84125,-0.3398811375564112
2015-12-01,253505,142906,3270,20485,78195,21448,101731,-80283,-0.3166919784619633
2015-12-08,246055,135238,5253,21077,67145,16710,99741,-83031,-0.33744894434171224
2015-12-15,194196,78460,7027,22784,59197,26104,81947,-55843,-0.28755999093699147
2015-12-22,197375,85285,4985,24590,62355,25084,83156,-58072,-0.2942216592780241
2015-12-29,196825,73645,10939,25410,64027,30990,75718,-44728,-0.22724755493458657
2016-01-05,220707,68796,35092,31018,68925,49626,73563,-23937,-0.10845600728567739
2016-01-12,241366,70936,67895,28236,64009,65687,64880,807,0.0033434700827788505
2016-01-19,247614,67862,82815,28766,60757,71478,61766,9712,0.03922233799381295
2016-01-26,250711,65432,92636,28255,58790,77549,59819,17730,0.07071887551802673
2016-02-02,237289,69903,71054,23771,62503,72639,56561,16078,0.06775703888507263
2016-02-09,237081,70404,89756,28346,50412,62341,56896,5445,0.02296683411998431
2016-02-16,248985,70860,97322,30094,56636,69256,53947,15309,0.06148563166455811
2016-02-23,257064,70873,105217,30411,56887,73625,57704,15921,0.06193399309121464
2016-03-01,261679,70081,108400,29575,50649,78742,53078,25664,0.09807435827865438
2016-03-08,289879,67235,112635,26486,51047,84529,49600,34929,0.12049510312923668
2016-03-15,140084,3705,16348,26306,51450,75676,30600,45076,0.32177836155449585
2016-03-22,146421,4343,29704,31256,46530,72622,27245,45377,0.30990773181442555
2016-03-29,148292,3942,31396,32135,46060,72050,30144,41906,0.2825911040379791
2016-04-05,166831,3010,47906,39095,42672,77687,39341,38346,0.22984936852263668
2016-04-12,173515,6975,50472,32731,41873,85840,39564,46276,0.26669740368267875
2016-04-19,179888,6264,56888,37706,40722,85076,42156,42920,0.23859290225028906
2016-04-26,168767,6006,45579,36184,45004,81734,35361,46373,0.27477528189752737
2016-05-03,161529,7846,44178,34269,41473,63441,33832,29609,0.18330454593292844
2016-05-10,165549,8271,40763,34991,44991,65849,38754,27095,0.16366755462129037
2016-05-17,158909,7646,38022,34761,43816,67494,37287,30207,0.19008992568073552
2016-05-24,159833,11603,28222,32404,45085,65033,42602,22431,0.14034023011518273
2016-05-31,156499,12566,22257,28343,45616,64787,39690,25097,0.1603652419504278
2016-06-07,180894,15433,28876,27821,43218,61157,34991,26166,0.1446482470397028
2016-06-14,139052,2286,2561,29870,42618,65862,19123,46739,0.336126053562696
2016-06-21,144710,3130,2993,30922,43184,66825,22600,44225,0.30561122244488975
2016-06-28,143117,3543,3995,32304,43792,73531,22201,51330,0.3586576018222853
2016-07-05,150417,5336,12791,33507,45246,74742,21125,53617,0.356455719765718
2016-07-12,161262,18407,3950,26191,44581,79740,24762,54978,0.34092346616065783
2016-07-19,158366,20446,2298,26734,42658,72635,26719,45916,0.2899359711049089
2016-07-26,159869,30481,3166,27135,41615,67261,25378,41883,0.26198324878494267
2016-08-02,156696,24299,3739,31521,43574,65031,31807,33224,0.2120283861745035
2016-08-09,167011,20403,10622,32514,42948,75174,35902,39272,0.23514618797564232
2016-08-16,165905,12629,17136,33316,36588,75185,30065,45120,0.2719628703173503
2016-08-23,164756,8146,16490,33208,35719,77958,27027,50931,0.3091298647697201
2016-08-30,164329,8502,16761,27456,35692,85185,27003,58182,0.35405801775706053
2016-09-06,159342,6528,9446,27404,35341,77049,26708,50341,0.3159305142398112
2016-09-13,167340,10176,12241,26071,37155,78321,26306,52015,0.31083422971196367
2016-09-20,140738,4244,13529,30176,37282,74453,26148,48305,0.3432264207250352
2016-09-27,155170,3385,21636,29034,36834,87127,26397,60730,0.39137719920087644
2016-10-04,157574,4040,15090,29193,39470,90282,29523,60759,0.38559026235292626
2016-10-11,150394,23092,11512,30735,36679,58226,26997,31229,0.20764791148583056
2016-10-18,156607,38181,12778,31195,36314,49163,26001,23162,0.1478988806375194
2016-10-25,163040,41205,13119,31467,36958,53764,26327,27437,0.16828385672227675
2016-11-01,165124,40773,15082,34022,38305,55050,27060,27990,0.16950897507327825
2016-11-08,164328,45739,16597,35529,40040,52345,28523,23822,0.1449661652305146
2016-11-15,170967,61730,13454,33758,44174,42371,32770,9601,0.05615703615317576
2016-11-22,187684,86304,11191,29335,49683,40593,41648,-1055,-0.005621150444363931
2016-11-29,202171,105666,9726,23147,53143,42122,46057,-3935,-0.01946372130523171
2016-12-06,235915,130451,7912,22264,59780,50263,70939,-20676,-0.08764173537079033
2016-12-13,285274,152321,7796,21117,45675,36590,87104,-50514,-0.17707186774819997
2016-12-20,220435,75295,2412,20815,48709,62789,97475,-34686,-0.15735250754190577
2016-12-27,219343,108688,3179,20928,50167,30369,94907,-64538,-0.29423323288183345
2017-01-03,220120,112179,3685,21165,53358,26953,99797,-72844,-0.3309285844085045
2017-01-10,209488,94608,10191,21343,51031,25442,79465,-54023,-0.25788111968227295
2017-01-17,211752,94641,18204,23661,49679,25780,74689,-48909,-0.23097302504816955
2017-01-24,196765,80561,12304,24939,46383,24178,71692,-47514,-0.24147587223337483
2017-01-31,204494,79028,32070,25532,45810,29118,64858,-35740,-0.17477285397126566
2017-02-07,201632,82074,32001,23899,49385,25067,59707,-34640,-0.1717981272813839
2017-02-14,204277,86324,34127,22753,54227,22875,54635,-31760,-0.15547516362586097
2017-02-21,205223,83012,35728,24645,55074,26324,53926,-27602,-0.13449759529877256
2017-02-28,204602,80833,42772,25121,52717,29012,51857,-22845,-0.11165580004105531
2017-03-07,217982,97177,32117,22902,66760,28751,55296,-26545,-0.1217761099540329
2017-03-14,202647,96382,13201,22800,62361,35853,68656,-32803,-0.1618726159281904
2017-03-21,191626,83939,19327,24546,55193,30818,63636,-32818,-0.17126068487574755
2017-03-28,197542,73385,39605,25703,52674,38983,49827,-10844,-0.05489465531380668
2017-04-04,194368,72069,55443,27220,50973,35502,37219,-1717,-0.00883375864339809
2017-04-11,198381,70440,61681,24760,52315,39438,32735,6703,0.03378851805364425
2017-04-18,203617,69417,70555,24782,50742,45984,31210,14774,0.07255779232578813
2017-04-25,204179,70474,78114,25570,55496,47203,23520,23683,0.115991360521895
2017-05-02,196845,72161,64213,25639,55634,37956,25140,12816,0.06510706393355178
2017-05-09,203140,79884,41033,25114,59885,37408,41712,-4304,-0.02118735847198976
2017-05-16,222510,95184,31296,24813,63658,37309,63860,-26551,-0.11932497415846478
2017-05-23,211298,80947,32805,26197,58325,37314,61367,-24053,-0.11383448967808497
2017-05-30,213727,82245,35938,25539,55716,37857,65645,-27788,-0.1300163292424448
2017-06-06,225549,82493,40094,27234,58600,34642,63938,-29296,-0.12988751889833253
2017-06-13,210617,83980,44854,24692,58978,29495,51596,-22101,-0.1049345494428275
2017-06-20,171840,48310,14581,22010,59038,41627,50993,-9366,-0.05450418994413408
2017-06-27,183705,62778,11769,21868,60109,37685,60569,-22884,-0.12456928227320976
2017-07-03,207597,78310,12256,21800,64920,42636,78216,-35580,-0.1713897599676296
2017-07-11,239786,108078,14142,22373,58748,41321,109607,-68286,-0.2847789278773573
2017-07-18,250071,122782,14694,22755,59086,38069,120796,-82727,-0.33081404881013793
2017-07-25,235140,115660,14317,22294,57575,28154,110074,-81920,-0.34838819426724504
2017-08-01,242876,110110,26023,24372,51063,37767,114947,-77180,-0.3177753256805942
2017-08-01,24804,746,15739,8522,5593,6086,0,6086,0.24536365102402838
2017-08-08,232827,106471,29386,23062,48293,34972,104360,-69388,-0.29802385462167186
2017-08-08,24360,742,15000,8575,5657,6106,0,6106,0.2506568144499179
2017-08-15,215090,85957,25676,26842,44214,35295,97563,-62268,-0.2894974196847831
2017-08-15,23356,729,11940,7923,7361,5800,0,5800,0.24833019352628874
2017-08-22,215457,81881,26648,27705,46735,36940,94893,-57953,-0.2689771044802443
2017-08-22,22455,726,11879,8687,6737,4775,0,4775,0.2126475172567357
2017-08-29,209890,75743,27673,27955,45836,37797,94228,-56431,-0.26885987898422986
2017-09-05,213200,72562,19740,26370,45342,44005,102300,-58295,-0.2734287054409006
2017-09-05,21905,726,11392,8639,5669,4192,1505,2687,0.12266605797763068
2017-09-12,200444,63747,18389,21914,45702,41679,84386,-42707,-0.2130620023547724
2017-09-12,23569,726,11785,9155,5279,3857,1956,1901,0.08065679494250923
2017-09-19,185352,68911,11751,21395,49708,46498,76949,-30451,-0.16428740990116103
2017-09-26,207097,94302,10111,21643,51624,44129,92474,-48345,-0.2334413342539969
2017-10-03,246889,115582,10718,18757,55022,60070,120325,-60255,-0.24405704587891724
2017-10-10,254124,121267,11058,19135,47061,54882,128908,-74026,-0.29129873605011725
2017-10-17,257087,123587,11812,19019,45896,55265,135023,-79758,-0.31023739045537113
2017-10-24,282230,145551,10991,18670,40832,56266,149873,-93607,-0.3316692059667647
2017-10-31,277706,145724,12012,18590,40519,49133,143190,-94057,-0.3386927181983825
2017-11-07,287936,161396,13432,17958,36877,42449,153637,-111188,-0.38615525672371637
2017-11-14,283628,157191,15159,18317,33517,40496,154058,-113562,-0.4003906525448827
2017-11-21,261019,159447,14424,19408,38448,38817,137644,-98827,-0.37861994720690834
2017-11-28,244536,139980,18757,21425,35857,40941,126127,-85186,-0.34835770602283506
2017-12-05,238077,135349,14237,20088,31308,37211,128459,-91248,-0.38327095855542537
2017-12-12,250581,138904,13131,20459,33005,36235,124546,-88311,-0.35242496438277443
2017-12-19,223424,121339,10598,21130,31192,47380,125387,-78007,-0.3491433328559152
2017-12-26,232428,119800,9083,20487,34210,56214,136422,-80208,-0.34508751097113943
2018-01-02,230564,119477,9631,21344,31285,51931,138255,-86324,-0.37440363630054996
2018-01-09,233144,128935,11682,22150,23574,46493,146022,-99529,-0.42689925539580686
2018-01-16,236305,116994,29941,26074,19527,50840,141336,-90496,-0.382962696515097
2018-01-16,28551,2463,9064,11504,6728,2877,6699,-3822,-0.13386571398549962
2018-01-23,241136,116155,38441,28859,17567,53978,140091,-86113,-0.35711382788136153
2018-01-23,28733,2463,8712,12359,6750,2554,7378,-4824,-0.16789057877701596
2018-01-30,260237,115856,72589,35064,12941,62216,132263,-70047,-0.26916618313306717
2018-01-30,29104,2047,8052,12571,6483,3116,9045,-5929,-0.20371770203408465
2018-02-06,249478,115170,74370,34515,9369,55555,122496,-66941,-0.2683242610570872
2018-02-06,27001,2005,8260,12672,5215,0,7591,-7591,-0.28113773563942074
2018-02-13,260170,115945,83978,32209,10497,61712,123849,-62137,-0.2388323019564131
2018-02-13,26056,2007,8180,12523,5494,1203,5735,-4532,-0.1739330672397912
2018-02-20,271271,114961,103524,35823,10885,65560,114562,-49002,-0.1806385496422397
2018-02-20,25953,1679,8506,11239,5515,2601,4624,-2023,-0.07794859939120719
2018-02-27,263066,112117,108175,34319,13637,65290,98619,-33329,-0.12669444169904132
2018-02-27,25281,1668,8340,9973,7419,3768,1601,2167,0.0857165460227048
2018-03-06,277327,112261,125850,35413,16790,73066,89238,-16172,-0.058313831686060136
2018-03-13,279671,117310,140306,30839,18726,72780,71430,1350,0.00482710041441551
2018-03-20,160250,10188,41090,31990,17772,70286,59427,10859,0.06776287051482059
2018-03-27,162038,6768,53630,35751,21865,68604,47962,20642,0.12738987151162073
2018-04-03,148818,12756,54623,32389,22668,55151,31879,23272,0.15637893265599592
2018-04-10,151202,13474,50266,34312,24293,52828,33511,19317,0.12775624661049456
2018-04-17,147319,13593,49707,36178,24230,49225,34437,14788,0.10038080627753379
2018-04-24,155237,20496,46044,37687,23536,54800,41826,12974,0.08357543626841539
2018-05-01,160337,29507,43683,37126,26852,51085,41012,10073,0.06282392710353818
2018-05-08,157576,32150,44953,35415,23123,45261,42156,3105,0.019704777377265573
2018-05-15,163411,29260,44989,31868,22615,60155,47309,12846,0.07861159897436525
2018-05-22,175316,46439,31211,32135,38079,58092,51870,6222,0.03549020055214584
2018-05-29,171339,40918,30715,30690,30934,52259,54772,-2513,-0.01466683008538628
2018-05-29,24721,689,3042,8353,10860,6904,1129,5775,0.23360705473079568
2018-06-05,146448,28503,29974,30421,28759,42295,37643,4652,0.031765541352562
2018-06-12,166877,23212,28886,32952,28874,55723,38368,17355,0.10399875357299089
2018-06-19,154641,35223,17151,34732,30501,48426,63117,-14691,-0.0950006789919879
2018-06-26,153566,39303,17047,33995,31618,44371,58067,-13696,-0.08918640844978706
2018-07-03,168360,52454,16512,33458,36814,47946,64755,-16809,-0.09983962936564504
2018-07-10,182066,57986,16335,33287,38092,57347,72682,-15335,-0.08422769764810563
2018-07-17,215413,83103,4739,32351,47098,67784,106291,-38507,-0.17875894212512708
2018-07-17,27480,3960,6212,8169,12580,5491,1344,4147,0.15090975254730712
2018-07-24,200427,90001,3412,33707,43391,44305,97871,-53566,-0.26725940117848396
2018-07-24,27012,3757,6212,8209,12545,5558,553,5005,0.1852880201391974
2018-07-31,197566,86209,4167,35100,46343,42951,89590,-46639,-0.23606794691394267
2018-07-31,25695,3811,6212,8622,11975,4049,0,4049,0.1575792955827982
2018-08-07,187902,86028,4702,34557,43786,35328,84488,-49160,-0.26162574107779585
2018-08-07,25898,3793,6212,8614,11842,4843,0,4843,0.18700285736350297
2018-08-14,185834,77723,5098,36678,42203,38582,84227,-45645,-0.24562243722892474
2018-08-14,27986,3886,6212,8200,11804,6848,650,6198,0.22146787679554064
2018-08-21,189698,72834,11807,34892,44136,44806,76477,-31671,-0.1669548440152242
2018-08-21,29084,4811,6212,8243,13061,7240,0,7240,0.24893412185394032
2018-08-28,185082,73192,10986,36341,45488,38592,69591,-30999,-0.16748792427140402
2018-09-04,185347,77878,6558,35055,46857,34498,71646,-37148,-0.20042406944811625
2018-09-04,27900,5407,6212,8194,14043,5068,0,5068,0.18164874551971327
2018-09-11,193428,76631,4120,33976,44362,33311,75381,-42070,-0.21749694976942324
2018-09-11,34948,5473,4897,6899,14977,5839,0,5839,0.1670767998168708
2018-09-18,200221,85279,2846,36973,46987,45131,82561,-37430,-0.18694342751259857
2018-09-18,29914,6317,0,5313,14786,5298,0,5298,0.1771077087651267
2018-09-25,215376,103682,946,34111,55174,45774,90403,-44629,-0.20721436000297155
2018-10-02,252277,129671,1736,34811,64506,52067,117699,-65632,-0.26015847659517116
2018-10-09,253374,138868,3690,39723,64352,40448,114678,-74230,-0.29296612912137787
2018-10-09,25265,26,5457,9910,12169,4459,0,4459,0.1764892143281219
2018-10-16,211210,110373,3663,37223,51120,29258,96562,-67304,-0.31865915439609865
2018-10-16,25330,5,5496,9902,11031,5307,0,5307,0.20951440979076194
2018-10-23,205643,104666,4082,35706,48909,28994,90625,-61631,-0.2996989929149059
2018-10-23,25616,0,5997,9805,11766,6156,0,6156,0.24031855090568394
2018-10-30,203113,101433,4385,35050,50399,28236,90924,-62688,-0.308636079423769
2018-10-30,26453,0,6064,8954,11469,6941,0,6941,0.2623898990662685
2018-11-06,209453,109237,4140,33708,52856,31091,89744,-58653,-0.28002940993922265
2018-11-06,27590,0,6729,9842,12198,7876,0,7876,0.28546574845958683
2018-11-13,231730,123409,4485,36012,59550,37033,103882,-66849,-0.2884779700513529
2018-11-13,28205,0,6386,10437,12484,8262,0,8262,0.2929267860308456
2018-11-20,223144,116640,4843,33693,57601,32015,95076,-63061,-0.2826022658014556
2018-11-20,28641,0,6706,10740,12464,8201,0,8201,0.2863377675360497
2018-11-27,231711,124453,4769,30544,55093,34552,103991,-69439,-0.29967934193888074
2018-11-27,27829,0,6826,10442,12102,7476,0,7476,0.268640626684394
2018-12-04,226835,115399,5733,29402,54559,34642,103943,-69301,-0.3055128176868649
2018-12-04,28897,0,6828,10862,12131,8717,0,8717,0.30165761151676646
2018-12-11,213055,102609,5994,30758,46325,27667,90375,-62708,-0.29432775574382203
2018-12-11,44623,0,7131,11162,12664,8261,0,8261,0.18512874526589426
2018-12-18,214868,104692,13867,36201,44895,27211,95318,-68107,-0.31697134985200215
2018-12-18,39033,0,12253,11112,12647,8298,0,8298,0.21258934747521327
2018-12-24,224458,94252,23097,45414,32356,31850,109199,-77349,-0.34460344474244625
2018-12-24,29007,5601,6461,10963,12670,3881,1251,2630,0.09066776984865722
2018-12-31,216224,87795,30453,46941,27152,28394,101961,-73567,-0.34023512653544474
2018-12-31,28352,5618,6456,10924,12247,3001,1252,1749,0.061688769751693004
2019-01-08,230524,77114,70193,44855,20582,40632,87704,-47072,-0.2041956585865246
2019-01-08,27563,5547,6431,10938,10031,2437,2279,158,0.00573232231614846
2019-01-15,229295,75869,91031,44815,16763,37230,69224,-31994,-0.1395320438736126
2019-01-15,26916,5654,6320,10870,9764,1556,2777,-1221,-0.04536335265269728
2019-01-22,212563,73839,95627,41915,16338,28994,49940,-20946,-0.0985401974943899
2019-01-22,27674,5982,6316,10551,9385,1457,2794,-1337,-0.048312495483124954
2019-01-29,204816,72829,94347,38614,15996,28909,42997,-14088,-0.06878368877431451
2019-01-29,27498,5954,6316,10520,9339,936,2928,-1992,-0.07244163211869954
2019-02-05,192789,71877,92943,36295,20496,23184,25227,-2043,-0.01059707763409738
2019-02-05,26282,6099,6135,9586,9596,915,1645,-730,-0.027775663952515028
2019-02-12,185725,71303,81893,32976,26817,26572,25200,1372,0.00738726611926235
2019-02-12,26395,5880,6096,9428,10555,749,1248,-499,-0.018905095662057208
2019-02-19,184023,74298,68641,31927,35639,27541,28868,-1327,-0.00721105513984665
2019-02-19,26630,5957,6086,9453,11131,1376,1230,146,0.005482538490424333
2019-02-26,186158,75228,60001,32777,40643,30119,32690,-2571,-0.01381084884882734
2019-03-05,207083,84404,49226,33413,57202,37332,41940,-4608,-0.02225194728683668
2019-03-12,196766,80910,45399,34121,58735,27602,35436,-7834,-0.03981378896760619
2019-03-19,158074,57582,1395,35378,62093,26345,43563,-17218,-0.10892366866151296
2019-03-26,157145,56155,3611,33752,61032,25243,45442,-20199,-0.12853733812720736
2019-04-02,156838,58983,3157,36797,66828,22099,39940,-17841,-0.11375431974393961
2019-04-09,165736,64129,1595,36197,71990,21991,44988,-22997,-0.13875681807211468
2019-04-16,200018,90447,2029,40153,80814,27337,66965,-39628,-0.19812216900478957
2019-04-23,207316,97553,1854,39774,85808,24871,66543,-41672,-0.20100715815470105
2019-04-23,23370,4240,4745,8130,10471,1624,0,1624,0.0694908001711596
2019-04-30,203323,104517,1591,33511,88988,22102,62201,-40099,-0.19721821928655392
2019-04-30,24067,4340,4756,8200,10467,2714,0,2714,0.11276852121161757
2019-05-07,201462,98558,1688,34018,82675,26328,64067,-37739,-0.18732564950213937
2019-05-07,24571,4320,4769,8205,10883,2743,0,2743,0.11163566806397786
2019-05-14,180573,63039,7220,34122,61029,37735,60994,-23259,-0.1288066322207639
2019-05-14,26438,4332,4803,8618,11805,4851,996,3855,0.1458128451471367
2019-05-21,170834,62641,12172,31741,58030,33326,50259,-16933,-0.0991196131917534
2019-05-21,26784,4332,4804,8613,12226,5054,996,4058,0.15150836320191158
2019-05-28,169790,58792,17055,30631,55270,31387,47973,-16586,-0.09768537605277107
2019-05-28,27427,4330,4164,8106,12856,6088,957,5131,0.18707842636817734
2019-06-04,167810,43400,23360,36529,51168,32818,41800,-8982,-0.053524819736606874
2019-06-04,27384,4422,4007,7967,13746,4404,957,3447,0.1258764241893076
2019-06-11,169387,38619,19295,35772,43502,26407,42005,-15598,-0.09208498881260073
2019-06-11,27094,4399,3986,8385,10529,3739,947,2792,0.10304864545655865
2019-06-18,123629,4226,14594,36513,38905,35055,25787,9268,0.07496622960632214
2019-06-18,28648,4375,4528,7554,10613,5057,957,4100,0.14311644791957553
2019-06-25,139439,4215,34715,42467,34241,35773,21973,13800,0.09896800751583129
2019-06-25,25302,3938,4472,7577,10656,5220,957,4263,0.16848470476642163
2019-07-02,139355,4535,36923,42870,31461,38586,20940,17646,0.12662624233073805
2019-07-02,25337,3952,4457,7482,10691,5064,935,4129,0.16296325531830919
2019-07-09,135737,8979,37239,41245,35158,38861,18398,20463,0.15075476841244465
2019-07-09,26856,3939,4465,7484,11063,6593,950,5643,0.2101206434316354
2019-07-16,130304,6367,32961,40917,34417,35550,19319,16231,0.12456256139489194
2019-07-16,27653,3936,4472,6882,11068,7228,940,6288,0.22738943333453876
2019-07-23,136245,4293,35938,43346,35934,38732,20904,17828,0.13085250834893022
2019-07-23,28062,3936,4509,6805,11087,8040,940,7100,0.25301118950894447
2019-07-30,138842,4465,34796,42074,45274,39797,14770,25027,0.18025525417380908
2019-07-30,26937,3936,4509,6372,9947,6686,937,5749,0.21342391506106842
2019-08-06,153338,3943,48470,46261,36356,44894,22593,22301,0.14543687800806063
2019-08-06,26379,3977,4399,5473,9931,5883,980,4903,0.18586754615413775
2019-08-13,160271,5259,58656,45795,30627,48601,22550,26051,0.1625434420450362
2019-08-13,25450,3987,3243,4352,11268,6226,407,5819,0.22864440078585463
2019-08-20,154662,3689,67471,43400,32531,48307,11635,36672,0.23711060247507468
2019-08-20,24899,3995,3172,4320,10777,5989,0,5989,0.24053174826298246
2019-08-27,157862,3689,62391,42679,34296,55137,17197,37940,0.2403364964335939
2019-08-27,24455,4035,3075,4323,10585,5598,0,5598,0.22891024330402782
2019-09-03,157788,3632,61177,41960,34229,51589,20379,31210,0.19779704413516871
2019-09-03,23971,4038,3020,4235,10541,5122,0,5122,0.21367485711901882
2019-09-10,151397,4998,54274,37794,38263,51317,13034,38283,0.25286498411461256
2019-09-10,28501,3941,2997,4262,10957,4769,0,4769,0.16732746219430897
2019-09-17,130940,8588,39709,30716,47281,45956,8214,37742,0.2882388880403238
2019-09-17,28840,4008,2983,6152,9815,3287,1712,1575,0.05461165048543689
2019-09-24,142026,14841,38547,31259,47731,45128,13946,31182,0.21955134975286214
2019-10-01,151860,17567,37150,30655,46484,51886,28339,23547,0.15505728960885026
2019-10-01,23033,6053,1720,6147,11501,790,990,-200,-0.008683193678635001
2019-10-08,150019,22659,38945,30790,35633,48832,35165,13667,0.09110179377278878
2019-10-08,22834,6114,1835,5951,11399,1124,890,234,0.010247875974424104
2019-10-15,157707,43559,33760,27999,38056,44319,41871,2448,0.015522456200422302
2019-10-15,21703,6169,1805,5894,10199,0,1839,-1839,-0.0847348292862738
2019-10-22,159250,52443,32505,25618,44491,40823,38686,2137,0.013419152276295133
2019-10-22,22716,6159,1799,5865,9840,528,3324,-2796,-0.1230850501848917
2019-10-29,163486,58144,31951,25214,45995,38588,38010,578,0.003535470927174192
2019-10-29,22047,6159,1782,5859,10067,0,1555,-1555,-0.07053113802331383
2019-11-05,177106,66301,31100,27172,45830,42133,47724,-5591,-0.03156866509322101
2019-11-05,21866,5341,1782,6949,10248,0,2091,-2091,-0.09562791548522821
2019-11-12,183480,70363,29344,32131,46883,36442,53074,-16632,-0.09064748201438849
2019-11-12,22062,5317,1874,7031,10340,0,1920,-1920,-0.08702746804460158
2019-11-19,182445,64271,28793,34405,50040,37284,51240,-13956,-0.07649428594919017
2019-11-19,22481,5319,1903,6845,10602,448,1843,-1395,-0.06205239980427917
2019-11-26,196894,73965,30340,36123,54325,40255,54702,-14447,-0.07337450607941329
2019-11-26,22562,5459,1754,6559,10581,448,1703,-1255,-0.05562450137399167
2019-12-03,214223,71367,26917,38756,62280,41071,56685,-15614,-0.07288666483057375
2019-12-03,23734,5338,1752,7280,10602,448,3991,-3543,-0.14927951462037584
2019-12-10,198700,67095,28791,42511,55455,35785,46734,-10949,-0.05510317060895823
2019-12-10,27942,5364,1748,7102,11133,0,3873,-3873,-0.1386085462744256
2019-12-17,178529,55081,14057,45029,59917,32394,45727,-13333,-0.07468254457259045
2019-12-17,28753,5354,1272,7044,11145,0,5237,-5237,-0.18213751608527806
2019-12-24,173142,51553,18995,43382,56522,30622,39834,-9212,-0.05320488385256033
2019-12-31,174966,50721,20561,43204,47687,32687,43688,-11001,-0.06287507287130072
2019-12-31,22832,3709,3606,5844,12948,2293,0,2293,0.1004292221443588
2020-01-07,162094,37708,24086,41065,38986,35369,43313,-7944,-0.049008599948178216
2020-01-07,23229,3759,3614,5848,12922,2874,0,2874,0.12372465452666925
2020-01-14,183863,62240,19359,36344,54786,37940,53619,-15679,-0.08527544965544998
2020-01-21,203579,80528,20850,36404,62930,37383,61592,-24209,-0.11891698063159756
2020-01-28,184919,73465,19225,35581,61523,32378,47689,-15311,-0.08279841444091737
2020-01-28,25127,4561,4008,5877,13549,3715,586,3129,0.12452740080391611
2020-02-04,190079,67229,25527,37794,63472,42149,44275,-2126,-0.011184823152478707
2020-02-11,193822,74571,24227,39076,70684,36627,40000,-3373,-0.017402565240272002
2020-02-18,203631,79838,24728,39089,73854,41471,45153,-3682,-0.018081726259754162
2020-02-18,26199,4995,3773,4783,13668,5875,0,5875,0.22424520019848085
2020-02-25,223904,105278,15549,36220,75918,38795,68379,-29584,-0.13212805488066315
2020-02-25,23001,4737,3794,4750,9614,2055,0,2055,0.08934394156775792
2020-03-03,198404,76432,23919,41741,44192,35012,76283,-41271,-0.20801495937581904
2020-03-03,22266,4790,3772,4592,8880,1946,0,1946,0.08739782628222402
2020-03-10,159128,20399,30609,48889,31327,42591,48693,-6102,-0.038346488361570556
2020-03-10,24540,4753,3818,4053,10559,4148,0,4148,0.16903015484922576
2020-03-17,125769,7654,34801,38429,26381,36209,31286,4923,0.03914319108842402
2020-03-24,125594,13311,30396,39319,28423,39271,32971,6300,0.05016163192509196
2020-03-31,120270,15719,34119,46518,23880,22311,33230,-10919,-0.09078739502785399
2020-04-07,118595,13648,35829,45418,25993,22961,28679,-5718,-0.04821451157300055
2020-04-14,122929,14063,42999,45302,22069,21367,30209,-8842,-0.07192769810215653
2020-04-21,128272,12537,47680,50965,19020,25617,32530,-6913,-0.05389328926032182
2020-04-28,143835,11744,62134,55751,18737,30480,32368,-1888,-0.013126151493030208
2020-05-05,152042,12326,72132,57388,15652,33055,31856,1199,0.007885978874258428
2020-05-12,153370,10372,71506,63022,16548,31770,31054,716,0.0046684488491882375
2020-05-19,147975,9228,69740,58117,17148,32609,25502,7107,0.04802838317283325
2020-05-26,156827,10756,77745,58191,16276,38968,25605,13363,0.08520854189648466
2020-06-02,158743,10315,67947,56842,17480,41929,31779,10150,0.06393982726797402
2020-06-09,155159,13331,56966,59843,22026,28049,30670,-2621,-0.01689234913862554
2020-06-16,127287,4484,57516,59880,16733,20213,21112,-899,-0.007062779388311453
2020-06-23,144549,4758,73055,67059,17955,25682,23972,1710,0.011829898511923292
2020-06-30,137362,5285,65602,65197,21577,19963,19211,752,0.005474585402076265
2020-07-07,138313,7487,59865,66795,17827,17899,26095,-8196,-0.059256902821860566
2020-07-14,135263,6351,59740,66265,17938,18119,26274,-8155,-0.06028995364586029
2020-07-21,142686,6168,64511,65958,17014,22763,32414,-9651,-0.06763803036037172
2020-07-28,170269,6214,89304,74782,13547,35723,36795,-1072,-0.006295919985434812
2020-08-04,157968,5999,93192,72031,12340,31502,23149,8353,0.052877798035045075
2020-08-11,150149,6527,83371,70691,10519,29027,23982,5045,0.0335999573756735
2020-08-18,147076,7636,83008,69400,9694,23500,23674,-174,-0.0011830618183796132
2020-08-25,147553,6213,78112,75013,13687,23483,24678,-1195,-0.008098784843412197
2020-09-01,145922,6558,84204,73946,12282,21823,21154,669,0.004584641109633914
2020-09-08,151546,5562,77782,70908,11644,22918,27401,-4483,-0.029581777150172225
2020-09-15,148912,4678,75924,72570,13007,25525,34056,-8531,-0.05728886859353175
2020-09-22,169251,3994,92729,89596,13491,31667,34141,-2474,-0.014617343472121288
2020-09-29,158298,4402,86868,87933,15141,26702,27971,-1269,-0.00801652579312436
2020-10-06,163024,4584,93668,92295,11333,25909,30013,-4104,-0.02517420747865345
2020-10-13,165616,4695,92730,92746,10625,27822,32390,-4568,-0.027581876147232152
2020-10-20,166091,4815,92657,94480,11708,28306,36443,-8137,-0.04899121565888579
2020-10-27,177622,4361,106734,95993,10393,30008,32513,-2505,-0.01410298273862472
2020-10-27,19619,0,2682,6050,11085,3322,0,3322,0.16932565370304298
2020-11-03,184751,5279,117634,96561,12901,35077,26321,8756,0.047393518844282306
2020-11-03,19660,0,2526,5658,11242,4097,0,4097,0.20839267548321466
2020-11-10,183518,4180,125783,95175,9275,38172,18762,19410,0.10576619187218693
2020-11-17,165073,4472,113568,92980,9522,24391,14892,9499,0.05754423800379226
2020-11-24,179503,4971,125009,97171,8497,27685,18739,8946,0.04983760717091079
2020-12-01,185873,4366,131394,95030,7597,28197,19310,8887,0.04781221586782373
2020-12-08,193326,4611,140755,97516,7420,31321,18203,13118,0.06785429792164531
2020-12-15,193317,4442,136999,100794,7941,33998,23561,10437,0.05398904390198482
2020-12-15,17981,0,3792,6502,7383,0,79,-79,-0.00439352650019465
2020-12-21,196845,3908,139896,105681,7421,31937,23404,8533,0.04334882775788056
2020-12-21,16757,0,3961,6705,7411,0,516,-516,-0.030793101390463685
2020-12-29,194454,3897,144775,107637,7392,27662,19082,8580,0.04412354592860008
2020-12-29,16698,0,3552,6643,7228,0,518,-518,-0.031021679243023115
2021-01-05,206963,4650,153840,111617,7523,35351,21955,13396,0.06472654532452661
2021-01-05,16914,0,3554,6794,7226,0,419,-419,-0.024772377911789052
2021-01-12,190811,5082,139345,105442,7644,27744,15493,12251,0.06420489384783896
2021-01-12,17092,0,3602,6853,7238,0,0,0,0.0
2021-01-19,191540,4410,142752,106382,7667,28011,16899,11112,0.058013991855487106
2021-01-26,193822,4453,140768,105977,7560,28334,20911,7423,0.03829802602387758
2021-02-02,190948,9172,119013,95603,11676,38181,27924,10257,0.0537161949850221
2021-02-09,183901,10145,108756,88270,12423,34758,28508,6250,0.03398567707625298
2021-02-16,188119,10062,106657,89331,14195,39232,30856,8376,0.04452500810657084
2021-02-16,17619,437,2161,6514,7193,0,1986,-1986,-0.1127192235654691
2021-02-23,183247,13724,92821,81602,16918,39084,38915,169,0.0009222524788946067
2021-02-23,18742,437,2078,6537,6721,1000,3285,-2285,-0.12191868530573044
2021-03-02,189270,23390,81975,78840,21129,35924,42452,-6528,-0.03449041052464733
2021-03-02,18484,429,1881,6450,6471,500,2734,-2234,-0.1208612854360528
2021-03-09,211347,45628,77961,75218,32152,43612,50648,-7036,-0.03329122249192087
2021-03-09,20457,445,1881,6397,6395,500,2911,-2411,-0.11785696827491812
2021-03-16,145951,26005,11713,71063,35249,21051,54898,-33847,-0.23190659879000486
2021-03-16,22707,455,1917,6812,6440,500,3738,-3238,-0.14259919848504865
2021-03-23,160581,37802,6936,69874,39545,23035,66682,-43647,-0.27180675173277036
2021-03-30,166091,48484,7277,67615,44377,22715,65897,-43182,-0.2599900054789242
2021-03-30,21157,2414,4509,6425,8763,1094,1545,-451,-0.021316821855650613
2021-04-06,164310,54124,6134,57282,48575,26100,62386,-36286,-0.22083865863307164
2021-04-06,21113,2414,4603,6478,8859,1157,1545,-388,-0.018377303083408326
2021-04-13,165431,57485,6352,54076,49595,28458,63748,-35290,-0.21332156609099867
2021-04-13,21477,2414,4603,6407,9478,1309,1545,-236,-0.010988499324859152
2021-04-20,162649,57722,8784,48865,37728,27869,72414,-44545,-0.27387195740521
2021-04-20,23679,2406,4603,6390,11758,2361,1545,816,0.03446091473457494
2021-04-27,154894,47369,10834,50237,31126,28779,71140,-42361,-0.2734838018257647
2021-04-27,23695,2404,4600,6317,11743,2514,1545,969,0.0408947035239502
2021-05-04,152676,47343,11375,48048,33073,27394,65632,-38238,-0.25045193743613925
2021-05-04,23049,2404,4600,6282,11121,2469,1545,924,0.040088507093583234
2021-05-11,152404,50064,10078,46216,32788,25983,66036,-40053,-0.26280806278050445
2021-05-11,23092,2401,4604,6253,11125,2489,1545,944,0.04087995842716092
2021-05-18,154727,59418,6181,43603,35375,21343,69183,-47840,-0.30918973417696977
2021-05-18,23562,2401,4614,5963,11641,2612,1545,1067,0.045284780578898225
2021-05-25,153196,57698,7890,44828,35167,20897,68564,-47667,-0.3111504216820283
2021-05-25,23212,2411,4614,5924,11027,2662,1545,1117,0.04812166120971911
2021-06-01,162091,62180,6064,44406,40565,25947,70002,-44055,-0.2717917712889673
2021-06-01,23353,2414,4632,6330,11051,2512,1545,967,0.04140795615124395
2021-06-08,161592,55126,6791,46577,45101,24831,57822,-32991,-0.20416233476904797
2021-06-08,25921,2700,4631,6593,11047,2033,1545,488,0.01882643416534856
2021-06-15,155359,63712,900,44634,46383,20987,64417,-43430,-0.2795460835870468
2021-06-15,25871,3127,4638,6722,11506,2005,1545,460,0.017780526458196437
2021-06-22,190545,89044,1485,42821,64346,32954,75791,-42837,-0.22481303629064
2021-06-22,22145,1013,1195,7040,12847,2275,1545,730,0.032964551817566044
2021-06-29,195698,99898,835,42985,69061,26020,76282,-50262,-0.2568345103169169
2021-06-29,23497,1444,1193,7028,14097,3567,1545,2022,0.08605353874962761
2021-07-06,205341,105631,1862,38839,78359,32680,73029,-40349,-0.19649753337131892
2021-07-06,26859,1444,1593,7061,17298,7054,1545,5509,0.20510815741464686
2021-07-13,203727,96224,4663,40313,75674,39052,76728,-37676,-0.18493375939369844
2021-07-13,25868,884,1193,6433,16714,7426,1545,5881,0.22734652852945725
2021-07-20,192301,90790,4720,42741,74012,32804,72939,-40135,-0.20870926308235527
2021-07-20,25143,447,1193,5956,16001,7745,1545,6200,0.24658950801415902
2021-07-27,196102,96706,2036,40676,83413,31715,69439,-37724,-0.19236927721287903
2021-07-27,27959,1006,1189,5816,19188,12036,1545,10491,0.3752280124467971
2021-08-03,189242,90646,5279,39498,76409,29822,66104,-36282,-0.1917227676731381
2021-08-03,28011,1415,1193,5704,19590,12103,1545,10558,0.37692335154046624
2021-08-10,206131,103406,1921,41771,85319,37354,71652,-34298,-0.1663893349374912
2021-08-10,27822,1215,1200,5692,19620,12021,1545,10476,0.3765365538063403
2021-08-17,196495,97280,3692,42934,85716,27637,63576,-35939,-0.18290032825262728
2021-08-17,29059,1367,1200,5681,20461,13249,1545,11704,0.40276678481709627
2021-08-24,194477,99138,3841,42155,85133,26013,62950,-36937,-0.18992991459144268
2021-08-24,29265,1741,1200,5657,20451,13225,1545,11680,0.3991115667179224
2021-08-31,193999,97773,3461,41607,88173,28437,59939,-31502,-0.16238228032103258
2021-08-31,28588,1544,1200,5615,19782,12749,1545,11204,0.39191269063942913
2021-09-07,204435,92070,1492,43864,82791,29624,65059,-35435,-0.17333137672120724
2021-09-07,33023,1565,1200,5616,19777,11633,1545,10088,0.30548405656663535
2021-09-14,192088,96137,20272,44771,77215,19829,55113,-35284,-0.1836866436216734
2021-09-14,34253,1685,1186,5711,19340,11772,1545,10227,0.29857238782004497
2021-09-21,191213,93824,26021,47495,72592,19906,52543,-32637,-0.17068400161076913
2021-09-21,28988,7184,697,5692,19400,7723,2205,5518,0.19035462950186283
2021-09-28,219638,112536,19750,46044,91395,33996,64226,-30230,-0.13763556397344723
2021-09-28,28136,7609,0,5027,19433,6871,1545,5326,0.18929485356838213
2021-10-05,226379,123644,19325,46780,93966,29347,66177,-36830,-0.1626917691128594
2021-10-05,28114,7576,0,5061,20362,7283,2057,5226,0.1858860354271893
2021-10-12,243617,133145,20611,44112,102257,34597,73453,-38856,-0.15949625847128895
2021-10-12,28288,7771,0,5040,20621,6548,2309,4239,0.14985152714932126
2021-10-19,266750,150285,15982,40591,111039,43227,90256,-47029,-0.17630365510777882
2021-10-19,24697,6668,0,5905,14525,1299,4563,-3264,-0.132161801028465
2021-10-26,265254,155437,14999,41962,102466,38286,98852,-60566,-0.22833208924276355
2021-10-26,23732,5227,0,6568,13438,665,4006,-3341,-0.14078038092027642
2021-11-02,251058,148738,15373,47510,96364,22561,90828,-68267,-0.27191724621402225
2021-11-02,23086,5185,0,6590,13150,0,3798,-3798,-0.1645152906523434
2021-11-09,243087,145815,15849,48559,90868,17400,89346,-71946,-0.2959681101827741
2021-11-09,22815,5230,0,6667,13218,0,3182,-3182,-0.13946964716195484
2021-11-16,252897,155822,17523,42185,93958,22158,87854,-65696,-0.25977374187910496
2021-11-16,22030,5393,0,5795,13264,187,2285,-2098,-0.09523377212891511
2021-11-23,251801,154587,18844,41386,99266,21910,82449,-60539,-0.24042398560768224
2021-11-23,25322,6624,0,6521,15534,2999,2285,714,0.02819682489534792
2021-11-30,216692,121939,21800,38051,87091,23109,62012,-38903,-0.17953131633839736
2021-11-30,26533,8306,0,5134,15542,4230,2285,1945,0.07330494101684694
2021-12-07,205970,107950,19749,39804,82794,19301,48219,-28918,-0.1403990872457154
2021-12-07,28272,8440,0,5056,15937,5226,2285,2941,0.10402518392756084
2021-12-14,176584,88670,2440,38215,85499,24246,45627,-21381,-0.12108118515833824
2021-12-14,34124,7926,0,5065,17597,6070,2285,3785,0.11091900128941508
2021-12-21,183743,93354,3842,38894,88844,25404,46104,-20700,-0.11265735293317296
2021-12-21,26769,9838,0,5053,17630,2344,1545,799,0.029847958459412006
2021-12-28,203814,102130,4107,40821,98235,33153,54022,-20869,-0.10239237736367472
2021-12-28,26698,9838,0,5017,17724,2269,1545,724,0.02711813618997678
2022-01-04,234068,121341,4722,41272,107457,40072,68556,-28484,-0.12169113249141275
2022-01-04,26461,9828,0,5062,16734,2156,2907,-751,-0.02838139148180341
2022-01-11,234005,132397,3507,39706,106931,33224,74129,-40905,-0.17480395718040212
2022-01-11,24444,9790,494,5679,13807,0,3984,-3984,-0.16298478154148258
2022-01-18,201820,115424,8902,42418,88455,18780,59651,-40871,-0.2025121395302745
2022-01-18,24321,9870,0,5071,14355,0,3245,-3245,-0.13342379014020805
2022-01-25,197830,101202,14765,48212,81352,19273,59439,-40166,-0.20303290704139917
2022-02-01,194435,101785,11323,50139,90061,16856,49618,-32762,-0.1684984699256821
2022-02-01,25185,10668,0,4853,16836,793,1545,-752,-0.029859043081199126
2022-02-08,196478,99764,16192,50862,83630,16976,52629,-35653,-0.18146051975284766
2022-02-08,25173,10778,0,4772,15956,0,2393,-2393,-0.09506216978508719
2022-02-15,199425,113515,10327,47986,84796,8648,56529,-47881,-0.24009527391249844
2022-02-15,24456,10776,648,4256,14800,0,3679,-3679,-0.15043343146876023
2022-02-22,194169,104610,12670,47020,82704,14018,52348,-38330,-0.19740535306871848
2022-02-22,24307,10782,655,4255,14254,0,3882,-3882,-0.15970708026494426
2022-03-01,208629,96451,14239,48095,87995,25299,58445,-33146,-0.15887532413998054
2022-03-01,25769,10961,655,4221,17140,1326,1545,-219,-0.0084985835694051
2022-03-08,208683,100477,10499,49932,91964,20957,48192,-27235,-0.1305089537719891
2022-03-08,27109,11304,655,4542,16819,2670,1545,1125,0.04149913312921908
2022-03-15,215484,108916,1107,46221,101437,34616,61226,-26610,-0.12348944701230717
2022-03-15,39119,11306,655,3980,17636,3477,1545,1932,0.04938776553592883
2022-03-22,248221,143155,1937,39691,109495,37660,82393,-44733,-0.18021440571103975
2022-03-29,239698,153069,2794,38438,103224,17132,80572,-63440,-0.26466637185124614
2022-04-05,242217,155667,2991,39617,100800,17717,88862,-71145,-0.29372422249470514
2022-04-05,23058,9867,0,4213,12056,0,5769,-5769,-0.2501951600312256
2022-04-12,245403,164152,2561,37832,106781,15316,87666,-72350,-0.29482117170531735
2022-04-12,22559,8943,557,4218,11354,0,4854,-4854,-0.21516911210603307
2022-04-19,251291,165519,4451,37602,108673,18655,86031,-67376,-0.2681194312569889
2022-04-19,22892,8945,588,4392,11468,0,4881,-4881,-0.2132185916477372
2022-04-26,237995,150574,6379,38829,108563,20464,75398,-54934,-0.23081997520956324
2022-04-26,22945,8538,1134,4583,10104,0,5554,-5554,-0.24205709304859446
2022-05-03,254813,160260,7984,43044,108527,23023,89696,-66673,-0.2616546251564873
2022-05-03,23490,8538,1663,5085,10111,0,5478,-5478,-0.23320561941251597
2022-05-10,247278,159366,6859,41938,113070,18482,80000,-61518,-0.24878072452866815
2022-05-10,24057,8538,1606,5397,9301,0,6227,-6227,-0.2588435798312341
2022-05-17,241308,149033,7177,44819,112267,19163,79713,-60550,-0.25092413015730936
2022-05-17,22867,8538,1651,5240,9185,0,5276,-5276,-0.2307254996282853
2022-05-24,237256,134529,7643,45272,107045,23952,81433,-57481,-0.2422741679873217
2022-05-31,239080,140856,8403,44875,107177,21425,79236,-57811,-0.24180609001171155
2022-05-31,21019,8538,2078,3622,9452,0,3571,-3571,-0.1698939055140587
2022-06-07,266054,156839,9616,38990,112252,24172,79865,-55693,-0.20932968495117532
2022-06-07,22055,8538,2339,3691,9497,0,4274,-4274,-0.1937882566311494
2022-06-14,232513,140494,4774,37886,112746,21929,68894,-46965,-0.2019887060078361
2022-06-14,25149,8538,2346,3945,9010,47,5388,-5341,-0.2123742494731401
2022-06-21,218076,121759,7454,38872,96194,22433,66792,-44359,-0.20341073754104075
2022-06-21,17470,876,548,3886,10322,3447,1282,2165,0.12392673153978248
2022-06-28,213767,118104,7005,38979,96224,24274,61734,-37460,-0.1752375249687744
2022-07-05,217672,116715,13290,38453,100754,26115,58123,-32008,-0.14704693300011026
2022-07-05,18329,876,2952,3853,8206,4003,1282,2721,0.1484532707730918
2022-07-12,223539,116165,14987,53057,102379,21822,59308,-37486,-0.16769333315439364
2022-07-12,18577,876,2947,3796,8595,4179,1282,2897,0.15594552403509715
2022-07-19,229449,116059,13660,50166,109270,27696,58044,-30348,-0.13226468627015153
2022-07-19,18011,1352,3014,3745,8152,3178,1282,1896,0.10526900227638665
2022-07-26,229219,113897,16839,46506,108232,34613,59440,-24827,-0.10831126564551805
2022-07-26,18598,1577,3028,3892,8649,3182,1282,1900,0.10216152274438112
2022-08-02,236737,112973,44079,49211,91371,39382,59305,-19923,-0.08415668019785669
2022-08-02,18823,1577,2885,4054,8725,4002,1282,2720,0.14450406417680497
2022-08-09,225834,108923,46168,49894,91194,35018,46080,-11062,-0.04898288123134692
2022-08-09,18861,1580,2887,2856,8778,4690,1282,3408,0.1806903133449976
2022-08-16,228697,108156,42705,50791,94075,36906,45673,-8767,-0.038334564948381486
2022-08-16,19246,1666,2888,2856,9341,5439,1282,4157,0.2159929335965915
2022-08-23,242132,113806,23068,49821,121039,42561,50498,-7937,-0.03277964085705318
2022-08-23,19313,1937,2636,2856,9748,5800,1177,4623,0.23937244343188527
2022-08-30,247030,116136,16505,49421,121971,41457,50948,-9491,-0.038420434765008296
2022-08-30,18884,1988,2634,2855,9313,4718,1177,3541,0.18751323872061004
2022-09-06,281266,131211,5200,51354,135848,38406,62716,-24310,-0.08643063861255892
2022-09-13,281716,140784,4235,57336,136852,21632,64409,-42777,-0.15184441068309928
2022-09-13,21526,1988,2902,3322,8165,2773,1177,1596,0.07414289696181361
2022-09-20,250892,119231,737,59094,140196,34806,59320,-24514,-0.09770738006791767
2022-09-27,244655,123466,3223,61012,133243,27265,58221,-30956,-0.1265291941713842
2022-10-04,243289,107555,4042,61632,129716,36020,60749,-24729,-0.10164454619814295
2022-10-11,245007,112847,537,60578,126034,35427,66066,-30639,-0.12505356989800293
2022-10-18,264265,128105,1104,61341,136354,34327,73562,-39235,-0.14846839346867727
2022-10-25,272597,132682,3093,59789,139496,40505,74332,-33827,-0.12409160775797239
2022-11-01,258906,124994,7761,56909,136135,40246,62353,-22107,-0.08538620194201757
2022-11-08,251378,118441,5393,55857,133479,37682,61476,-23794,-0.09465426568753034
2022-11-15,233346,108146,12676,56437,119838,33862,55569,-21707,-0.09302495007413883
2022-11-22,227435,106048,16430,58325,111758,29029,54986,-25957,-0.11412931167146657
2022-11-29,228328,109321,16913,58986,108836,24956,55283,-30327,-0.13282208051574929
2022-12-06,223424,107518,22237,55492,98262,23827,56261,-32434,-0.14516793182469206
2022-12-13,226964,91836,18200,50859,94167,21753,45441,-23688,-0.10436897481538923
2022-12-20,182034,64037,5563,53587,87835,33835,52242,-18407,-0.1011184723732929
2022-12-27,173136,60729,7411,53316,77069,28810,49437,-20627,-0.11913755660290176
2023-01-03,172590,45775,11100,54246,69600,26931,45445,-18514,-0.1072715684570369
2023-01-10,175745,43004,27319,55013,66462,29570,34650,-5080,-0.028905516515405842
2023-01-17,176862,37003,38165,55978,53770,31349,36833,-5484,-0.031007225972792346
2023-01-24,173321,34346,38507,60445,49803,25334,36268,-10934,-0.0630852579895108
2023-01-31,168540,35009,39859,59887,46342,20971,32108,-11137,-0.06607926901625727
2023-02-07,164069,34473,32675,66337,47162,13576,31302,-17726,-0.10803991003784993
2023-02-07,21537,5332,3574,3514,11315,4272,0,4272,0.19835631703579887
2023-02-14,174955,33208,32738,72037,50848,20989,34650,-13661,-0.07808293561201451
2023-02-21,186100,36758,17402,71320,70232,30808,37896,-7088,-0.038087049973132725
2023-02-28,200047,58020,12416,72408,80598,25965,51807,-25842,-0.12917964278394578
2023-03-07,211297,62068,8972,79299,79224,19427,58884,-39457,-0.18673715197092244
2023-03-14,179782,53589,7961,76079,68319,16306,60847,-44541,-0.24775005284177504
2023-03-21,169188,49208,11668,71320,55345,10622,61899,-51277,-0.30307705038182375
2023-03-28,169473,46401,18332,72482,56242,14688,57172,-42484,-0.25068299965186197
2023-04-04,178828,47011,30608,73899,51294,15053,59500,-44447,-0.24854608897935446
2023-04-11,176822,48381,28076,74130,50284,13815,57389,-43574,-0.2464286118243205
2023-04-18,177507,49542,26933,75302,50857,15253,58960,-43707,-0.24622690936132097
2023-04-25,184041,46947,22641,77569,58684,16108,56543,-40435,-0.2197064784477372
2023-05-02,202996,52832,18045,79011,66327,26556,66722,-40166,-0.19786596780232124
2023-05-09,192574,46758,24264,83367,62819,21147,56698,-35551,-0.1846095526914329
2023-05-16,200515,50237,18976,87556,70492,25509,62763,-37254,-0.18579158666433931
2023-05-23,226400,72848,6070,79464,86693,33768,81823,-48055,-0.21225706713780917
2023-05-30,243237,86145,5896,71565,96623,39074,85452,-46378,-0.19067000497457212
2023-06-06,245332,93189,5468,66695,100718,36006,84398,-48392,-0.19725107201669576
2023-06-13,252566,93201,5201,65662,96580,37530,83179,-45649,-0.18074087565230473
2023-06-20,238556,100226,9767,67672,101127,28924,77642,-48718,-0.2042203926960546
2023-06-20,26076,4530,5007,5381,10484,2241,0,2241,0.0859410952600092
2023-06-27,251524,102223,7282,69585,109028,35107,83128,-48021,-0.1909201507609612
2023-07-03,265066,105497,6957,72426,116667,40812,89943,-49131,-0.18535383640300906
2023-07-03,23448,2915,5538,5320,10459,5124,0,5124,0.21852610030706243
2023-07-11,252349,106064,7703,73839,103651,27126,85376,-58250,-0.2308311108821513
2023-07-11,24241,2915,5512,5503,11277,5987,0,5987,0.2469782599727734
2023-07-18,230932,91295,27652,71714,73393,27722,82476,-54754,-0.2371000987303622
2023-07-18,22037,2915,5517,4975,9066,4762,0,4762,0.2160911194808731
2023-07-25,223760,88964,28728,61905,78893,30457,67088,-36631,-0.1637066499821237
2023-07-25,21058,2915,5515,4963,8603,3377,0,3377,0.1603666065153386
2023-08-01,229015,89647,32047,62030,78296,27311,67491,-40180,-0.17544702312075627
2023-08-08,229849,91947,27833,61103,82745,24813,65142,-40329,-0.17545867069249813
2023-08-08,22445,2915,5514,5365,8438,5180,0,5180,0.23078636667409222
2023-08-15,247954,100071,21404,58222,98987,34878,68723,-33845,-0.13649709220258596
2023-08-15,22584,2915,5489,5320,8338,4823,0,4823,0.2135582713425434
2023-08-22,246923,98203,14926,60285,103535,33762,69863,-36101,-0.1462034723375303
2023-08-22,22269,2915,5487,4820,7898,4738,0,4738,0.21276213570434235
2023-08-29,245452,93017,20552,65309,101629,29062,66941,-37879,-0.15432345224320845
2023-08-29,22052,2915,5483,4818,7686,4595,0,4595,0.208371122800653
2023-09-05,268344,102790,15737,66176,108909,36609,77972,-41363,-0.15414169871508213
2023-09-12,270854,99063,15756,66782,112799,35535,70979,-35444,-0.13086016820870283
2023-09-12,23569,2915,5534,4822,7759,5368,1000,4368,0.18532818532818532
2023-09-19,265860,94027,6459,70008,120315,49757,81156,-31399,-0.1181035131272098
2023-09-19,23336,2915,5539,4862,6894,4915,1000,3915,0.16776654096674665
2023-09-26,285974,100800,7355,72874,125877,55409,90441,-35032,-0.12250064691195703
2023-10-03,282682,89363,10770,73374,112561,61438,103308,-41870,-0.14811696535329452
2023-10-10,259937,84672,17445,71664,98101,47367,88017,-40650,-0.1563840469036728
2023-10-17,267521,95733,10590,69103,109679,45803,86136,-40333,-0.15076573427880427
2023-10-24,260909,93007,11911,69055,104615,38333,85257,-46924,-0.17984814628855272
2023-10-31,277272,95726,18600,66878,105466,51443,92401,-40958,-0.14771776450561183
2023-11-07,259698,94975,20104,70113,94194,34887,82154,-47267,-0.18200756263043996
2023-11-14,273763,109940,7807,71014,112838,28422,92851,-64429,-0.23534590138185218
2023-11-21,264903,91441,18455,69250,91233,38753,101658,-62905,-0.23746427937773448
2023-11-28,260781,89522,17307,66352,90498,35448,100758,-65310,-0.25044002438827984
2023-12-05,267482,90237,14130,64639,84204,39913,104377,-64464,-0.24100313292109377
2023-12-12,257581,83812,29779,62909,67019,29395,90842,-61447,-0.23855408589919289
2023-12-12,23391,870,841,4657,8147,2951,269,2682,0.1146594844170835
2023-12-19,185940,35737,2941,63273,50950,28932,86840,-57908,-0.31143379584812303
2023-12-26,188540,34305,6257,63596,47198,32553,90741,-58188,-0.3086241646334995
2024-01-02,184042,31560,7092,64625,42073,28836,87631,-58795,-0.3194651220916965
2024-01-09,200299,38794,10109,65746,59957,32930,78059,-45129,-0.22530816429437991
2024-01-16,213309,47226,11672,66178,73638,35551,71734,-36183,-0.1696271605980057
2024-01-23,243032,66066,12286,65726,94400,46599,75099,-28500,-0.117268507850818
2024-01-30,242029,71599,11661,66084,100792,35268,74782,-39514,-0.16326142734961513
2024-02-06,259542,81131,15072,67566,109012,40268,80658,-40390,-0.15562028496351266
2024-02-13,304592,120278,17048,68114,122609,42980,101349,-58369,-0.19163011503913432
2024-02-20,305438,131315,16133,60681,125848,37801,97272,-59471,-0.19470727283442138
2024-02-20,21713,3845,901,6581,9981,1009,2261,-1252,-0.057661308893289735
2024-02-27,309633,135967,18033,64380,119344,30322,109695,-79373,-0.25634541537885175
2024-02-27,22509,3845,893,6805,9991,1074,2410,-1336,-0.05935403616331245
2024-03-05,314586,122721,27450,65860,115086,30933,104941,-74008,-0.23525522432657525
2024-03-05,23467,3845,892,5892,9970,1158,2059,-901,-0.038394340989474585
2024-03-12,325675,112151,32909,65353,102517,30134,102093,-71959,-0.2209534044676441
2024-03-12,26129,3845,892,6679,9751,1006,1347,-341,-0.013050633395843699
2024-03-19,302500,109502,1639,61853,123760,45130,118136,-73006,-0.24134214876033058
2024-03-19,27908,4035,888,5925,9872,1093,2167,-1074,-0.03848358893507238
2024-03-26,305701,113613,757,62139,121668,50032,122909,-72877,-0.2383930703530574
2024-04-02,316809,121299,1075,58943,124346,53581,130790,-77209,-0.2437083542449867
2024-04-02,22933,5139,1741,5922,11962,918,732,186,0.008110583002659922
2024-04-09,324479,139218,1148,59111,128669,40770,133670,-92900,-0.28630512298176464
2024-04-09,23353,5139,1741,5721,12002,1500,1673,-173,-0.007408041793345609
2024-04-16,331110,155961,1786,58169,128052,39056,141436,-102380,-0.309202379873758
2024-04-16,22659,5139,1741,5744,12422,1022,1152,-130,-0.005737234652897304
2024-04-23,336167,164956,2246,58140,134358,34337,140426,-106089,-0.31558421855803814
2024-04-23,22355,5139,1741,5440,12535,964,400,564,0.02522925520017893
2024-04-30,334848,169663,5698,60164,127017,28570,134379,-105809,-0.3159911362767584
2024-04-30,22074,5089,1741,5276,12455,841,1232,-391,-0.017713146688411705
2024-05-07,299859,146871,19012,50447,104734,29570,110703,-81133,-0.2705705014690238
2024-05-14,297606,147102,17593,50377,111182,29593,106099,-76506,-0.2570714300114917
2024-05-21,301315,157088,12755,49257,121858,24064,107631,-83567,-0.2773409886663459
2024-05-28,325231,184233,11854,47766,129725,21005,114950,-93945,-0.28885622834231667
2024-06-04,303009,149817,24238,29678,105388,36986,106798,-69812,-0.23039579682451677
2024-06-04,21959,5089,1741,5247,11844,974,537,437,0.019900724076688373
2024-06-11,319274,172160,19814,30311,107781,23310,110501,-87191,-0.273091451229978
2024-06-11,24865,5308,1044,5539,11117,1631,838,793,0.03189221797707621
2024-06-18,297117,172091,3694,28364,114480,25633,116030,-90397,-0.30424714842974315
2024-06-18,28725,5307,1044,6731,13295,1522,819,703,0.024473455178416013
2024-06-25,340237,203072,5635,29810,127595,30032,139676,-109644,-0.32225772035375344
2024-07-02,349817,210632,6166,30433,130469,30607,139789,-109182,-0.31211176129233287
2024-07-09,348954,201463,9002,33240,122260,33815,144450,-110635,-0.3170475191572528
2024-07-16,307205,162620,8804,39381,104647,30754,105799,-75045,-0.24428313341254212
2024-07-23,307183,142797,27645,45815,98757,37264,95860,-58596,-0.19075274347864302
2024-07-30,303151,148852,47711,47173,78107,27725,98058,-70333,-0.23200649181431035
2024-08-06,298937,143742,117746,38725,56287,27905,52063,-24158,-0.0808130141133416
2024-08-13,315338,133013,148641,49002,52009,43859,46274,-2415,-0.00765844902929555
2024-08-20,316197,134081,153299,50500,49244,37384,47877,-10493,-0.03318500808040557
2024-08-27,318259,133556,163416,52414,42650,32111,53602,-21491,-0.06752676279382515
2024-09-03,326795,130878,181498,57631,37280,34653,51496,-16843,-0.05153995624168056
2024-09-10,376514,132630,208600,57419,29500,36657,51229,-14572,-0.03870241212810148
2024-09-17,199463,7567,89712,56250,26258,30066,45846,-15780,-0.07911241683921329
2024-09-24,207702,3063,97055,57478,26125,36841,42289,-5448,-0.026229887049715458
2024-10-01,196200,3885,90208,52582,23538,38018,36643,1375,0.00700815494393476
2024-10-08,196685,20524,78041,55702,35994,38912,30971,7941,0.04037420240486057
2024-10-15,197871,17471,71981,55829,46498,37868,28355,9513,0.0480767772942978
2024-10-22,207338,37429,55839,39768,59254,45083,38257,6826,0.032922088570353725
2024-10-29,225894,70010,53462,37607,70531,44746,48208,-3462,-0.015325772264867593
2024-11-05,235762,81166,55799,37830,79774,32546,45268,-12722,-0.053961198157463884
2024-11-12,257688,101853,54540,38925,89676,24817,54460,-29643,-0.11503446027754494
2024-11-19,254087,78748,58955,39982,87798,26487,52854,-26367,-0.10377154281801115
2024-11-26,253566,61943,68793,45033,74605,30485,53854,-23369,-0.09216140965271369
2024-12-03,256849,48072,77037,48806,54646,31142,56327,-25185,-0.0980537202792302
2024-12-10,274834,35648,78740,50195,44923,30677,54242,-23565,-0.08574266648231296
2024-12-17,181673,4548,19866,46402,52132,22969,60105,-37136,-0.2044112223610553
2024-12-24,200720,17148,19419,51863,61797,31241,68682,-37441,-0.18653347947389398
2024-12-31,206971,18594,17912,53727,62257,31671,73989,-42318,-0.20446342724343025
2025-01-07,212456,26016,16670,53082,62661,24057,77219,-53162,-0.2502259291335618
2025-01-14,223952,39297,15437,52052,72161,25130,77511,-52381,-0.23389387011502466
2025-01-21,211620,17792,24265,50196,63403,27591,67227,-39636,-0.18729798695775446
2025-01-28,216788,11429,38639,58289,60102,24923,59098,-34175,-0.15764248943668469
2025-02-04,231911,8671,61195,62742,49047,33050,62138,-29088,-0.12542742690083697
2025-02-11,273314,9892,100568,86253,48939,35523,66542,-31019,-0.11349217383668601
2025-02-18,281163,13311,110416,87890,48966,43974,67824,-23850,-0.08482623958344448
2025-02-25,329186,10456,165651,109396,37634,47598,59318,-11720,-0.035602972179861844
2025-03-04,354415,9567,196332,115992,32223,47578,45028,2550,0.00719495506680022
2025-03-11,446178,13116,202317,111825,27286,46055,45638,417,0.0009346045748557751
2025-03-18,296567,1791,180917,100447,20250,40348,46181,-5833,-0.01966840545306794
2025-03-25,303778,5335,190362,99454,19587,41782,41473,309,0.0010171901849376848
2025-04-01,311162,4942,200763,99685,23036,48928,37665,11263,0.03619657927381878
2025-04-08,320758,5632,233795,115727,12797,52436,33203,19233,0.05996109216293904
2025-04-15,338849,7590,255341,130058,15150,51122,33022,18100,0.0534161234060009
2025-04-22,351226,8474,269048,135299,15316,50802,31359,19443,0.05535751909027236
2025-04-29,366246,10758,277672,137808,10533,50238,30627,19611,0.05354597729394997
2025-05-06,375546,15495,277678,134156,8481,54358,29708,24650,0.06563776474786046
2025-05-13,359521,11512,257899,124096,14755,55015,19972,35043,0.0974713577231928
2025-05-20,366865,10501,259716,124230,13308,55915,17418,38497,0.1049350578550693
2025-05-27,377011,11894,256512,127979,13817,49246,25171,24075,0.0638575532278899
2025-06-03,366008,13257,250144,130723,21167,49497,23347,26150,0.0714465257589998
2025-06-10,388263,11486,244029,131187,21235,44731,24112,20619,0.053105755634711524
2025-06-17,317523,7244,224439,119461,26366,45713,27930,17783,0.056005391735401845
2025-06-24,314767,5506,221813,116393,24632,48739,28981,19758,0.06277023957403413
2025-07-01,314251,5973,225947,119394,25339,43066,26420,16646,0.052970396275588624
2025-07-08,308621,9523,203380,112913,25159,42605,32223,10382,0.033639966172101056
2025-07-15,321350,36455,192890,100056,31678,42392,45751,-3359,-0.010452777345573363
2025-07-22,313040,28423,192337,100874,30516,36995,43056,-6061,-0.019361742908254535
2025-07-29,329115,46073,186961,103482,31931,37000,57878,-20878,-0.0634367926104857
2025-08-05,337378,55228,190843,99799,41669,38441,60091,-21650,-0.06417134490097161
2025-08-12,351163,67396,186279,101264,41567,38075,73481,-35406,-0.100824973018228
2025-08-19,348982,61854,185866,106374,36807,33996,77350,-43354,-0.12422990297493854
2025-08-26,357366,56818,191493,108632,33447,37627,79015,-41388,-0.11581403938819027
2025-08-26,16122,2294,0,4123,11377,602,0,602,0.03734028036223794
2025-09-02,414249,68189,188404,109219,33238,37470,93913,-56443,-0.1362537990435704
2025-09-09,410799,53701,204972,118215,32362,41473,83135,-41662,-0.10141699468596564
2025-09-16,299620,8833,130963,102125,32025,39642,90432,-50790,-0.16951471864361525
2025-09-16,17226,1754,534,4638,11219,973,0,973,0.05648438407059097
2025-09-23,309893,6833,136088,110298,32464,42138,95108,-52970,-0.17092996614960648
2025-09-23,16836,2059,534,4728,11021,1595,0,1595,0.09473746733190781
2025-09-30,305711,13749,115046,109603,41405,43974,94506,-50532,-0.16529336530252428
2025-10-07,305134,23906,110497,117808,48172,36311,91943,-55632,-0.18231989879856064
2025-10-07,17620,2021,1023,4620,11088,1706,0,1706,0.09682179341657207
2025-10-14,305003,19688,106832,116418,49361,43389,95490,-52101,-0.17082127061045302
2025-10-14,19273,2511,1806,5041,12618,3159,0,3159,0.16390805790484098
2025-10-21,307569,7230,126483,121013,39404,41771,88186,-46415,-0.15090922687266922
2025-10-21,19346,2574,1806,4270,12714,2545,0,2545,0.1315517419621627
2025-10-28,321889,9731,131984,129156,43857,42455,92580,-50125,-0.1557213822156085
2025-10-28,19519,2021,1808,4444,12825,3451,0,3451,0.17680209027101798
2025-11-04,314190,15262,109156,127213,49223,39743,96359,-56616,-0.18019669626659027
2025-11-04,19093,2021,1808,4487,12785,2575,0,2575,0.13486618132299796
2025-11-10,312845,13828,108835,126884,49744,41045,98659,-57614,-0.18416148571976537
2025-11-10,19294,2021,1030,4412,13644,3270,0,3270,0.1694827407484192
2025-11-18,329456,27917,103735,127127,57383,44380,107516,-63136,-0.19163712301490943
2025-11-18,19536,2021,1805,4896,13319,3269,0,3269,0.16733210483210484
2025-11-25,344420,17364,103853,130968,60859,48541,102135,-53594,-0.1556065269148133
2025-11-25,18014,2021,1058,4704,11181,2555,598,1957,0.10863772621294548
2025-12-02,394859,19516,111032,131689,59713,51732,113207,-61475,-0.15568848626978238
2025-12-02,18192,1822,1851,4823,10819,2925,626,2299,0.12637423043095866
2025-12-09,465416,34533,103549,135901,59370,43313,132007,-88694,-0.19056929714491982
2025-12-09,20378,1724,1966,4869,11312,2952,871,2081,0.10211993326136029
2025-12-16,379679,7840,64591,108980,50235,40103,122743,-82640,-0.21765754755991246
2025-12-16,20048,1724,1967,4933,11393,2616,1033,1583,0.07896049481245011
2025-12-23,285084,8792,62550,102008,53660,33828,111984,-78156,-0.27415077661320875
2025-12-23,17767,1357,1842,4566,11012,1826,0,1826,0.1027748072268813
2025-12-30,286132,6813,71916,102560,49109,33087,107234,-74147,-0.2591356436889268
2025-12-30,17410,1357,1842,4705,11012,1365,0,1365,0.07840321654221712
2026-01-06,287715,8340,61414,92396,45948,47898,111128,-63230,-0.2197660879689971
2026-01-06,17876,1359,1843,4794,11147,1834,0,1834,0.10259565898411278
2026-01-13,294242,31644,17254,75804,47581,43869,142519,-98650,-0.3352682485844985
2026-01-13,17790,1254,1843,5084,11710,1537,0,1537,0.08639685216413716
2026-01-20,292607,38466,21339,65185,47455,52959,137696,-84737,-0.2895932086382076
2026-01-20,18673,1749,1843,5194,12493,1395,0,1395,0.07470679590853103
2026-01-27,300726,44498,52506,69676,41179,52084,123850,-71766,-0.23864248518585024
2026-01-27,19083,1752,1835,6080,13501,2243,0,2243,0.11753917098988628
2026-02-03,303673,40636,71572,73288,40658,58399,112851,-54452,-0.17931129866665788
2026-02-03,19110,1752,1840,6079,13148,1694,0,1694,0.08864468864468865
2026-02-10,334948,38386,74423,73114,47598,69883,123750,-53867,-0.16082197833693587
2026-02-10,19419,1752,2247,6702,13286,1669,0,1669,0.08594675317987538
2026-02-17,354328,29223,110160,76665,36119,82783,112104,-29321,-0.08275101036327923
2026-02-17,19159,1256,2329,6293,13197,2119,0,2119,0.11060076204394802
2026-02-24,369721,36865,107263,75219,44247,87174,113491,-26317,-0.07118070112327944
2026-02-24,19439,1256,2545,6630,13213,1958,0,1958,0.10072534595400998
2026-03-03,19654,1255,2808,6664,13170,2105,0,2105,0.1071028798209016
2026-03-03,416977,56389,90527,70024,52120,88766,122991,-34225,-0.0820788676593673
2026-03-10,427718,88905,81349,65494,62663,77546,126765,-49219,-0.11507348299580565
2026-03-10,21947,1253,2791,5437,13164,2290,0,2290,0.10434227912698775
2026-03-17,326688,61703,31604,67607,68046,69103,134532,-65429,-0.20027977764717406
2026-03-17,19245,1915,2289,5430,13202,1985,0,1985,0.10314367368147571
2026-03-24,328210,60117,42836,58266,64516,67921,122773,-54852,-0.1671247067426343
2026-03-24,19230,2339,2173,5238,12785,1954,0,1954,0.1016120644825793
2026-03-31,345276,65995,52624,63211,66856,77232,123414,-46182,-0.13375386647203977
2026-03-31,19394,2811,2173,5188,12636,1571,0,1571,0.08100443436114262
2026-04-07,349373,67943,36075,60061,76006,76763,127873,-51110,-0.1462906406619859
2026-04-07,19745,3057,2173,5272,12612,1456,427,1029,0.05211445935679919
2026-04-14,354344,66562,43133,62664,72697,77737,132182,-54445,-0.15365012530196645
2026-04-14,19941,3046,2173,5456,12393,1498,0,1498,0.07512160874580011
2026-04-21,351782,71654,27261,61044,75442,80220,148717,-68497,-0.19471434013110392
2026-04-21,21152,3208,2834,6394,12384,1495,883,612,0.028933434190620274
2026-04-28,372780,84091,25315,66512,93062,81800,157602,-75802,-0.203342453994313
2026-04-28,21371,3334,2763,6417,12860,1533,1003,530,0.02479996256609424
2026-05-05,354005,68788,46946,69171,79767,86085,138982,-52897,-0.14942444315758252
2026-05-05,20946,3454,2763,6506,12651,1037,686,351,0.016757376109997134
2026-05-12,362042,85065,42886,66868,86860,75029,137469,-62440,-0.17246617795725358
2026-05-12,21331,3364,2698,6980,12714,910,795,115,0.0053912146641038865
2026-05-19,396573,101621,42935,66551,108437,81097,146042,-64945,-0.16376556144770318
2026-05-19,21163,2926,2982,7013,11552,472,974,-502,-0.023720644521098143
2026-05-26,427294,107851,34422,69072,127819,87395,157903,-70508,-0.16501050798747466
2026-05-26,21443,2920,3835,6951,11134,1426,1032,394,0.018374294641607985
2026-06-02,505555,133277,32649,69418,135430,88645,176708,-88063,-0.174190740868946
2026-06-02,21713,2969,3820,7067,10845,1578,1355,223,0.010270344954635472
2026-06-09,505075,154259,30713,73711,151787,91168,191012,-99844,-0.19768153244567638
2026-06-09,25845,3096,4419,7477,10881,1581,1469,112,0.004333526794350938
2026-06-16,520825,138219,8369,72145,153796,93889,190661,-96772,-0.18580521288340612
2026-06-16,25086,3140,4172,7202,11176,1907,2277,-370,-0.014749262536873156
2026-06-23,431030,132757,14367,72898,151262,90764,187856,-97092,-0.22525578266013965
2026-06-23,20036,0,3238,7291,11211,1800,0,1800,0.08983829107606309
2026-06-30,438825,142623,13205,71903,140596,87437,202837,-115400,-0.26297499003019426
2026-06-30,19879,0,3248,7259,11155,1707,0,1707,0.08586951053875949
2026-07-07,398103,108938,21659,74113,122766,84990,175073,-90083,-0.22628063591583084
2026-07-07,20046,0,3248,7283,10948,1696,0,1696,0.08460540756260601
2026-07-14,396514,112781,20607,74624,128441,80938,171399,-90461,-0.22814074660667719
2026-07-14,20915,0,4008,7901,11041,1271,0,1271,0.06076978245278508
2026-07-21,423796,147939,14240,72045,151951,81033,177218,-96185,-0.22696061312518287
2026-07-21,21124,413,4105,7757,11047,1729,520,1209,0.05723347850785836
2026-07-28,432366,155239,15902,70643,153700,76752,178742,-101990,-0.23588811331140747
2026-07-28,21567,413,4344,7912,11532,1920,651,1269,0.05883989428293226
2026-08-04,419393,112779,81356,72815,115237,75758,136583,-60825,-0.14503103294523276
2026-08-04,20895,411,4492,7758,11121,1247,669,578,0.027662120124431682
