date,jpy_per_usd,usd_per_eur,gold_usd,broad_usd,us10,us10_real,us10_breakeven,sofr,iorb,fed_assets,m2,fed_swap_lines,vix,hy_oas,jp10,de10,it10,uk10,ecb_deposit_rate,jpy_per_eur,eurjpy_return,jpy_appreciation_vs_eur,gold_return,broad_usd_return,sofr_minus_iorb_bp
2006-01-01,,,,,,,,,,,6728.4,,,,1.547,3.3213636364,3.544,4.0752,1.25,,,,,,
2006-01-02,,,,101.4155,,,,,,,,,,,,,,,1.25,,,,,,
2006-01-03,116.34,1.198,,100.7558,4.37,2.03,2.34,,,,,,11.14,,,,,,1.25,139.37532,,,,-0.0065261720277236535,
2006-01-04,116.31,1.2091,,100.2288,4.36,2.01,2.35,,,851856.0,,0.0,11.37,,,,,,1.25,140.630421,0.008964883373138832,-0.008964883373138832,,-0.005244194906247834,
2006-01-05,115.96,1.2101,,100.2992,4.36,2.04,2.32,,,,,,11.31,,,,,,1.25,140.323196,-0.0021870166736865926,0.0021870166736865926,,0.0007021463625260793,
2006-01-06,114.45,1.2148,,100.0241,4.38,2.05,2.33,,,,,,11.0,,,,,,1.25,139.03386,-0.009230804287292393,0.009230804287292393,,-0.0027465619120397022,
2006-01-07,,,,,,,,,,,,,,,,,,,1.25,,,,,,
2006-01-08,,,,,,,,,,,,,,,,,,,1.25,,,,,,
2006-01-09,114.66,1.2064,,100.1794,4.38,2.05,2.33,,,,,,11.13,,,,,,1.25,138.32582399999998,,,,,
2006-01-10,114.64,1.2063,,100.1436,4.43,2.06,2.37,,,,,,10.86,,,,,,1.25,138.290232,-0.00025733864267341033,0.00025733864267341033,,-0.00035742276604366907,
2006-01-11,113.96,1.2135,,99.871,4.46,2.07,2.39,,,829357.0,,0.0,10.94,,,,,,1.25,138.29046,1.6487051084368431e-06,-1.6487051084368431e-06,,-0.002725802704251379,
2006-01-12,114.31,1.2035,,100.0643,4.42,2.01,2.41,,,,,,11.2,,,,,,1.25,137.57208500000002,-0.005208221535549562,0.005208221535549562,,0.0019336261303299906,
2006-01-13,114.43,1.2103,,99.9675,4.36,1.97,2.39,,,,,,11.23,,,,,,1.25,138.494629,0.006683510813368265,-0.006683510813368265,,-0.0009678461880193723,
2006-01-14,,,,,,,,,,,,,,,,,,,1.25,,,,,,
2006-01-15,,,,,,,,,,,,,,,,,,,1.25,,,,,,
2006-01-16,,,,99.9715,,,,,,,,,,,,,,,1.25,,,,,,
2006-01-17,115.83,1.2073,,100.2447,4.34,1.95,2.39,,,,,,11.91,,,,,,1.25,139.841559,,,,0.0027290515908280355,
2006-01-18,115.35,1.2083,,100.4085,4.34,1.97,2.37,,,836042.0,,0.0,12.25,,,,,,1.25,139.37740499999998,-0.003324662629571762,0.003324662629571762,,0.0016326680699387808,
2006-01-19,115.07,1.211,,100.1862,4.38,1.97,2.41,,,,,,11.98,,,,,,1.25,139.34977,-0.00019829426456485777,0.00019829426456485777,,-0.002216410413670822,
2006-01-20,115.42,1.2101,,99.9017,4.37,1.94,2.43,,,,,,14.56,,,,,,1.25,139.66974199999999,0.0022935466983673436,-0.0022935466983673436,,-0.0028437520882329537,
2006-01-21,,,,,,,,,,,,,,,,,,,1.25,,,,,,
2006-01-22,,,,,,,,,,,,,,,,,,,1.25,,,,,,
2006-01-23,114.67,1.2276,,99.3783,4.36,1.94,2.42,,,,,,13.93,,,,,,1.25,140.768892,,,,,
2006-01-24,114.54,1.2287,,99.3434,4.4,1.97,2.43,,,,,,13.31,,,,,,1.25,140.735298,-0.0002386749565577162,0.0002386749565577162,,-0.00035124498591621034,
2006-01-25,115.73,1.2252,,99.348,4.49,2.03,2.46,,,828901.0,,0.0,12.87,,,,,,1.25,141.79239600000002,0.007483180979369841,-0.007483180979369841,,4.630296027752223e-05,
2006-01-26,116.27,1.2229,,99.4798,4.53,2.01,2.52,,,,,,12.42,,,,,,1.25,142.186583,0.0027761720572350157,-0.0027761720572350157,,0.0013257705341516157,
2006-01-27,117.16,1.213,,99.6433,4.52,2.02,2.5,,,,,,11.97,,,,,,1.25,142.11508,-0.0005030079722585512,0.0005030079722585512,,0.001642200595954435,
2006-01-28,,,,,,,,,,,,,,,,,,,1.25,,,,,,
2006-01-29,,,,,,,,,,,,,,,,,,,1.25,,,,,,
2006-01-30,117.55,1.2091,,99.7144,4.54,2.03,2.51,,,,,,12.39,,,,,,1.25,142.129705,,,,,
2006-01-31,116.88,1.2158,,99.4311,4.53,2.0,2.53,,,,,,12.95,,,,,,1.25,142.102704,-0.00018999240921324656,0.00018999240921324656,,-0.002845157847981561,
2006-02-01,117.85,1.2092,,99.6132,4.57,2.02,2.55,,,831808.0,6753.1,0.0,12.36,,1.598,3.4725,3.697,4.1543,1.25,142.50422,0.0028215495303767213,-0.0028215495303767213,,0.0018297439394681092,
2006-02-02,118.26,1.21,,99.7916,4.57,2.04,2.53,,,,,,13.23,,,,,,1.25,143.0946,0.004134336696027141,-0.004134336696027141,,0.0017893255086978144,
2006-02-03,118.95,1.2021,,100.118,4.54,2.0,2.54,,,,,,12.96,,,,,,1.25,142.989795,-0.0007326859242953176,0.0007326859242953176,,0.0032654788968926596,
2006-02-04,,,,,,,,,,,,,,,,,,,1.25,,,,,,
2006-02-05,,,,,,,,,,,,,,,,,,,1.25,,,,,,
2006-02-06,118.94,1.1971,,100.1372,4.55,2.0,2.55,,,,,,13.04,,,,,,1.25,142.383074,,,,,
2006-02-07,118.01,1.1974,,100.1759,4.57,2.02,2.55,,,,,,13.59,,,,,,1.25,141.30517400000002,-0.0075992234068626985,0.0075992234068626985,,0.0003863951032805346,
2006-02-08,118.69,1.1935,,100.4879,4.56,2.07,2.49,,,827613.0,,0.0,12.83,,,,,,1.25,141.65651499999998,0.002483312718389641,-0.002483312718389641,,0.003109681481393345,
2006-02-09,118.66,1.1963,,100.2117,4.54,2.05,2.49,,,,,,13.12,,,,,,1.25,141.952958,0.002090502160056573,-0.002090502160056573,,-0.0027523739396011493,
2006-02-10,117.64,1.192,,100.322,4.59,2.09,2.5,,,,,,12.87,,,,,,1.25,140.22688,-0.012234038696266047,0.012234038696266047,,0.0011000645888774585,
2006-02-11,,,,,,,,,,,,,,,,,,,1.25,,,,,,
2006-02-12,,,,,,,,,,,,,,,,,,,1.25,,,,,,
2006-02-13,117.63,1.1905,,100.3955,4.58,2.08,2.5,,,,,,13.35,,,,,,1.25,140.038515,,,,,
2006-02-14,117.43,1.1895,,100.3987,4.62,2.14,2.48,,,,,,12.25,,,,,,1.25,139.682985,-0.00254202977926532,0.00254202977926532,,3.187343061039627e-05,
2006-02-15,117.93,1.1884,,100.4489,4.61,2.13,2.48,,,835240.0,,0.0,12.31,,,,,,1.25,140.148012,0.00332363057032925,-0.00332363057032925,,0.0004998815126029399,
2006-02-16,117.91,1.1882,,100.5183,4.59,2.1,2.49,,,,,,11.48,,,,,,1.25,140.100662,-0.0003379141801085339,0.0003379141801085339,,0.0006906599958469428,
2006-02-17,118.43,1.1906,,100.3404,4.54,2.03,2.51,,,,,,12.01,,,,,,1.25,141.00275800000003,0.006418271942471243,-0.006418271942471243,,-0.001771394980834451,
2006-02-18,,,,,,,,,,,,,,,,,,,1.25,,,,,,
2006-02-19,,,,,,,,,,,,,,,,,,,1.25,,,,,,
2006-02-20,,,,100.3447,,,,,,,,,,,,,,,1.25,,,,,,
2006-02-21,118.85,1.1912,,100.2346,4.57,2.04,2.53,,,,,,12.41,,,,,,1.25,141.57412,,,,-0.0010978202741531717,
2006-02-22,118.51,1.1905,,100.3879,4.53,2.01,2.52,,,840555.0,,0.0,11.88,,,,,,1.25,141.086155,-0.0034526640487273497,0.0034526640487273497,,0.0015282436400338995,
2006-02-23,117.0,1.1923,,100.1956,4.56,2.03,2.53,,,,,,11.87,,,,,,1.25,139.4991,-0.011312582517431835,0.011312582517431835,,-0.0019174065555249697,
2006-02-24,116.87,1.1882,,100.2594,4.58,2.02,2.56,,,,,,11.46,,,,,,1.25,138.864934,-0.004556386743136187,0.004556386743136187,,0.0006365518660480518,
2006-02-25,,,,,,,,,,,,,,,,,,,1.25,,,,,,
2006-02-26,,,,,,,,,,,,,,,,,,,1.25,,,,,,
2006-02-27,115.97,1.186,,100.0724,4.59,2.04,2.55,,,,,,11.59,,,,,,1.25,137.54041999999998,,,,,
2006-02-28,115.82,1.1925,,99.7695,4.55,2.02,2.53,,,,,,12.34,,,,,,1.25,138.11534999999998,0.004171368033857092,-0.004171368033857092,,-0.0030313986401768744,
2006-03-01,116.18,1.1899,,99.8355,4.59,2.02,2.57,,,839356.0,6766.9,0.0,11.54,,1.759,3.6373913043,3.923,4.3177,1.25,138.242582,0.0009207769653549747,-0.0009207769653549747,,0.0006613061036073731,
2006-03-02,116.07,1.2003,,99.5969,4.64,2.05,2.59,,,,,,11.72,,,,,,1.25,139.31882099999999,0.007755000386335809,-0.007755000386335809,,-0.002392791881771217,
2006-03-03,116.46,1.2028,,99.7024,4.68,2.07,2.61,,,,,,11.96,,,,,,1.25,140.078088,0.00543505561151747,-0.00543505561151747,,0.0010587092865286252,
2006-03-04,,,,,,,,,,,,,,,,,,,1.25,,,,,,
2006-03-05,,,,,,,,,,,,,,,,,,,1.25,,,,,,
2006-03-06,117.46,1.2002,,99.9834,4.74,2.14,2.6,,,,,,12.74,,,,,,1.25,140.97549199999997,,,,,
2006-03-07,117.76,1.1888,,100.564,4.74,2.16,2.58,,,,,,12.66,,,,,,1.25,139.99308800000003,-0.006993009705724695,0.006993009705724695,,0.005790168529745898,
2006-03-08,117.9,1.1914,,100.8565,4.73,2.2,2.53,,,839234.0,,0.0,12.32,,,,,,1.5,140.46606,0.0033728437938513878,-0.0033728437938513878,,0.0029043737416252213,
2006-03-09,117.96,1.192,,100.7718,4.74,2.2,2.54,,,,,,12.68,,,,,,1.5,140.60832,0.0010122588344581018,-0.0010122588344581018,,-0.0008401598880931616,
2006-03-10,119.07,1.1886,,100.9566,4.76,2.23,2.53,,,,,,11.85,,,,,,1.5,141.526602,0.006509546823274093,-0.006509546823274093,,0.0018321669303400512,
2006-03-11,,,,,,,,,,,,,,,,,,,1.5,,,,,,
2006-03-12,,,,,,,,,,,,,,,,,,,1.5,,,,,,
2006-03-13,119.01,1.1942,,100.8563,4.77,2.24,2.53,,,,,,11.37,,,,,,1.5,142.12174199999998,,,,,
2006-03-14,117.36,1.2025,,100.312,4.71,2.17,2.54,,,,,,10.74,,,,,,1.5,141.12539999999998,-0.007035171492598025,0.007035171492598025,,-0.005411402574262425,
2006-03-15,117.3,1.2045,,100.2121,4.73,2.18,2.55,,,843010.0,,0.0,11.35,,,,,,1.5,141.28785,0.0011504418997132504,-0.0011504418997132504,,-0.0009963890451576418,
2006-03-16,117.13,1.2151,,99.9049,4.65,2.12,2.53,,,,,,11.98,,,,,,1.5,142.32466300000002,0.007311508281993895,-0.007311508281993895,,-0.003070206342387749,
2006-03-17,115.89,1.2197,,99.8614,4.68,2.16,2.52,,,,,,12.12,,,,,,1.5,141.351033,-0.006864414800856977,0.006864414800856977,,-0.0004355088990237732,
2006-03-18,,,,,,,,,,,,,,,,,,,1.5,,,,,,
2006-03-19,,,,,,,,,,,,,,,,,,,1.5,,,,,,
2006-03-20,116.25,1.2168,,100.0491,4.66,2.15,2.51,,,,,,11.79,,,,,,1.5,141.453,,,,,
2006-03-21,117.23,1.2079,,100.4716,4.71,2.23,2.48,,,,,,11.62,,,,,,1.5,141.602117,0.0010536252824202563,-0.0010536252824202563,,0.0042140350121719905,
2006-03-22,116.72,1.2095,,100.496,4.7,2.23,2.47,,,838003.0,,0.0,11.21,,,,,,1.5,141.17284,-0.0030361764303572514,0.0030361764303572514,,0.00024282521281904224,
2006-03-23,117.6,1.1984,,100.8256,4.73,2.24,2.49,,,,,,11.17,,,,,,1.5,140.93184,-0.0017085860371306438,0.0017085860371306438,,0.003274365934733403,
2006-03-24,117.5,1.2034,,100.7773,4.67,2.2,2.47,,,,,,11.19,,,,,,1.5,141.3995,0.0033128481429836043,-0.0033128481429836043,,-0.0004791597831586003,
2006-03-25,,,,,,,,,,,,,,,,,,,1.5,,,,,,
2006-03-26,,,,,,,,,,,,,,,,,,,1.5,,,,,,
2006-03-27,116.62,1.2015,,100.8359,4.7,2.23,2.47,,,,,,11.46,,,,,,1.5,140.11893,,,,,
2006-03-28,117.23,1.2078,,100.7995,4.79,2.3,2.49,,,,,,11.58,,,,,,1.5,141.590394,0.010446777987003664,-0.010446777987003664,,-0.0003610477167743653,
2006-03-29,117.8,1.203,,101.0474,4.81,2.32,2.49,,,833675.0,,0.0,10.95,,,,,,1.5,141.7134,0.000868368234628214,-0.000868368234628214,,0.002456318374392197,
2006-03-30,117.41,1.2132,,100.5698,4.86,2.35,2.51,,,,,,11.57,,,,,,1.5,142.441812,0.005126871264381272,-0.005126871264381272,,-0.004737699892097602,
2006-03-31,117.48,1.2139,,100.56,4.86,2.35,2.51,,,,,,11.39,,,,,,1.5,142.608972,0.0011728437776303835,-0.0011728437776303835,,-9.744950780810058e-05,
2006-04-01,,,,,,,,,,,6806.3,,,,1.956,3.895,4.222,4.5177,1.5,,,,,,
2006-04-02,,,,,,,,,,,,,,,,,,,1.5,,,,,,
2006-04-03,117.82,1.2124,,100.6204,4.88,2.36,2.52,,,,,,11.57,,,,,,1.5,142.844968,,,,,
2006-04-04,117.44,1.2258,,100.1319,4.87,2.38,2.49,,,,,,11.14,,,,,,1.5,143.957952,0.007761354640646978,-0.007761354640646978,,-0.004866703536333006,
2006-04-05,117.59,1.2272,,100.0792,4.84,2.34,2.5,,,834589.0,,0.0,11.13,,,,,,1.5,144.30644800000002,0.002417892530479193,-0.002417892530479193,,-0.0005264443501600269,
2006-04-06,117.72,1.2216,,100.1578,4.9,2.38,2.52,,,,,,11.45,,,,,,1.5,143.806752,-0.003468751178621332,0.003468751178621332,,0.0007850697327365097,
2006-04-07,118.31,1.2109,,100.4187,4.97,2.43,2.54,,,,,,12.26,,,,,,1.5,143.261579,-0.0037982152438020833,0.0037982152438020833,,0.002601502640075637,
2006-04-08,,,,,,,,,,,,,,,,,,,1.5,,,,,,
2006-04-09,,,,,,,,,,,,,,,,,,,1.5,,,,,,
2006-04-10,118.66,1.2091,,100.4091,4.97,2.41,2.56,,,,,,12.19,,,,,,1.5,143.47180600000002,,,,,
2006-04-11,118.61,1.2125,,100.2903,4.93,2.37,2.56,,,,,,13.0,,,,,,1.5,143.81462499999998,0.0023866018421241364,-0.0023866018421241364,,-0.0011838601797027337,
2006-04-12,118.47,1.2107,,100.3589,4.98,2.41,2.57,,,836862.0,,0.0,12.76,,,,,,1.5,143.43162900000002,-0.002666675172460664,0.002666675172460664,,0.0006837804753061505,
2006-04-13,118.42,1.2107,,100.4759,5.05,2.48,2.57,,,,,,12.38,,,,,,1.5,143.37109400000003,-0.00042213686303682607,0.00042213686303682607,,0.001165136851143167,
2006-04-14,118.65,1.2106,,100.4697,,,,,,,,,,,,,,,1.5,143.63769,0.0018577555220344877,-0.0018577555220344877,,-6.170824344398085e-05,
2006-04-15,,,,,,,,,,,,,,,,,,,1.5,,,,,,
2006-04-16,,,,,,,,,,,,,,,,,,,1.5,,,,,,
2006-04-17,117.68,1.2267,,99.8719,5.01,2.43,2.58,,,,,,12.58,,,,,,1.5,144.358056,,,,,
2006-04-18,117.75,1.2274,,99.6747,4.99,2.38,2.61,,,,,,11.4,,,,,,1.5,144.52635,0.0011651305196354045,-0.0011651305196354045,,-0.0019764813251290647,
2006-04-19,117.58,1.2345,,99.3467,5.04,2.38,2.66,,,836352.0,,0.0,11.32,,,,,,1.5,145.15250999999998,0.00432313890781888,-0.00432313890781888,,-0.003296130938304387,
2006-04-20,117.49,1.2326,,99.4974,5.04,2.42,2.62,,,,,,11.64,,,,,,1.5,144.81817399999997,-0.0023059996517194037,0.0023059996517194037,,0.0015157606270754798,
2006-04-21,116.91,1.234,,99.4345,5.01,2.39,2.62,,,,,,11.59,,,,,,1.5,144.26694,-0.003813649623563009,0.003813649623563009,,-0.0006323772315663945,
2006-04-22,,,,,,,,,,,,,,,,,,,1.5,,,,,,
2006-04-23,,,,,,,,,,,,,,,,,,,1.5,,,,,,
2006-04-24,114.93,1.2373,,99.117,4.99,2.39,2.6,,,,,,11.75,,,,,,1.5,142.20288900000003,,,,,
2006-04-25,114.83,1.2412,,98.9687,5.07,2.47,2.6,,,,,,11.75,,,,,,1.5,142.526996,0.0022765937617252874,-0.0022765937617252874,,-0.001497331990218953,
2006-04-26,114.72,1.2464,,98.8907,5.12,2.51,2.61,,,844572.0,,0.0,11.76,,,,,,1.5,142.987008,0.0032223456054714106,-0.0032223456054714106,,-0.0007884386998098236,
2006-04-27,114.02,1.2525,,98.5149,5.09,2.45,2.64,,,,,,11.84,,,,,,1.5,142.81005,-0.001238347405338125,0.001238347405338125,,-0.0038073940554284036,
2006-04-28,113.79,1.2624,,98.1412,5.07,2.39,2.68,,,,,,11.59,,,,,,1.5,143.648496,0.0058538898980708964,-0.0058538898980708964,,-0.003800547756364736,
2006-04-29,,,,,,,,,,,,,,,,,,,1.5,,,,,,
2006-04-30,,,,,,,,,,,,,,,,,,,1.5,,,,,,
2006-05-01,113.06,1.2607,,97.9085,5.14,2.42,2.72,,,,6815.7,,12.54,,1.849,3.9627272727,4.285,4.6488,1.5,142.534742,,,,,
2006-05-02,113.26,1.2644,,97.6571,5.12,2.43,2.69,,,,,,11.99,,,,,,1.5,143.20594400000002,0.004697988542752718,-0.004697988542752718,,-0.0025710057237162687,
2006-05-03,113.44,1.2639,,97.5572,5.15,2.47,2.68,,,843867.0,,0.0,11.99,,,,,,1.5,143.376816,0.0011924794097764035,-0.0011924794097764035,,-0.0010234906840400626,
2006-05-04,113.46,1.2684,,97.4878,5.16,2.49,2.67,,,,,,11.86,,,,,,1.5,143.91266399999998,0.003730374125715308,-0.003730374125715308,,-0.0007116306793690796,
2006-05-05,112.45,1.2733,,97.2585,5.12,2.45,2.67,,,,,,11.62,,,,,,1.5,143.18258500000002,-0.005085981577898302,0.005085981577898302,,-0.0023548596914313435,
2006-05-06,,,,,,,,,,,,,,,,,,,1.5,,,,,,
2006-05-07,,,,,,,,,,,,,,,,,,,1.5,,,,,,
2006-05-08,111.55,1.272,,97.1945,5.12,2.45,2.67,,,,,,12.0,,,,,,1.5,141.8916,,,,,
2006-05-09,111.31,1.2747,,96.9578,5.13,2.43,2.7,,,,,,11.99,,,,,,1.5,141.886857,-3.3427484599002355e-05,3.3427484599002355e-05,,-0.00243829320868727,
2006-05-10,110.55,1.2799,,96.6391,5.13,2.43,2.7,,,838405.0,,0.0,11.78,,,,,,1.5,141.492945,-0.0027801011288088873,0.0027801011288088873,,-0.0032924110653791416,
2006-05-11,110.26,1.2855,,96.5383,5.14,2.43,2.71,,,,,,12.49,,,,,,1.5,141.73923000000002,0.0017391037022802536,-0.0017391037022802536,,-0.001043600433057179,
2006-05-12,110.49,1.2888,,96.8788,5.19,2.47,2.72,,,,,,14.19,,,,,,1.5,142.399512,0.004647611120367046,-0.004647611120367046,,0.003520891914476465,
2006-05-13,,,,,,,,,,,,,,,,,,,1.5,,,,,,
2006-05-14,,,,,,,,,,,,,,,,,,,1.5,,,,,,
2006-05-15,110.21,1.2826,,97.3588,5.15,2.47,2.68,,,,,,13.57,,,,,,1.5,141.355346,,,,,
2006-05-16,110.07,1.2817,,97.1959,5.1,2.44,2.66,,,,,,13.35,,,,,,1.5,141.076719,-0.0019730556471344585,0.0019730556471344585,,-0.0016745937062214722,
2006-05-17,110.6,1.2722,,97.4725,5.16,2.47,2.69,,,838153.0,,0.0,16.26,,,,,,1.5,140.70532,-0.002636074438140845,0.002636074438140845,,0.0028417574310184435,
2006-05-18,110.89,1.2795,,97.7033,5.08,2.41,2.67,,,,,,16.99,,,,,,1.5,141.883755,0.00834032123202988,-0.00834032123202988,,0.0023650484084685175,
2006-05-19,111.76,1.275,,97.933,5.05,2.43,2.62,,,,,,17.18,,,,,,1.5,142.494,0.004291797976264888,-0.004291797976264888,,0.002348236043629548,
2006-05-20,,,,,,,,,,,,,,,,,,,1.5,,,,,,
2006-05-21,,,,,,,,,,,,,,,,,,,1.5,,,,,,
2006-05-22,111.62,1.285,,97.9377,5.04,2.43,2.61,,,,,,17.72,,,,,,1.5,143.4317,,,,,
2006-05-23,111.35,1.2844,,97.7045,5.07,2.44,2.63,,,,,,18.26,,,,,,1.5,143.01793999999998,-0.00288888677087229,0.00288888677087229,,-0.0023839448794111817,
2006-05-24,112.8,1.2747,,98.3936,5.03,2.42,2.61,,,840251.0,,0.0,17.36,,,,,,1.5,143.78616,0.005357118934098182,-0.005357118934098182,,0.007028143939124654,
2006-05-25,111.92,1.2777,,97.8423,5.07,2.46,2.61,,,,,,15.5,,,,,,1.5,143.00018400000002,-0.0054812788983307215,0.0054812788983307215,,-0.005618762422168189,
2006-05-26,112.58,1.2739,,97.8995,5.06,2.44,2.62,,,,,,14.26,,,,,,1.5,143.415662,0.002901224197118246,-0.002901224197118246,,0.0005844434007258315,
2006-05-27,,,,,,,,,,,,,,,,,,,1.5,,,,,,
2006-05-28,,,,,,,,,,,,,,,,,,,1.5,,,,,,
2006-05-29,,,,97.8936,,,,,,,,,,,,,,,1.5,,,,,,
2006-05-30,112.18,1.2868,,97.588,5.09,2.45,2.64,,,,,,18.66,,,,,,1.5,144.353224,,,,-0.0031266395298468197,
2006-05-31,112.26,1.2833,,97.7705,5.12,2.48,2.64,,,851580.0,,0.0,16.44,,,,,,1.5,144.06325800000002,-0.002010745680593118,0.002010745680593118,,0.0018683605073626097,
2006-06-01,112.43,1.2824,,97.7726,5.11,2.46,2.65,,,,6854.0,,14.52,,1.901,3.9604545455,4.295,4.6645,1.5,144.18023200000002,0.000811633292542524,-0.000811633292542524,,2.1478640770844493e-05,
2006-06-02,111.66,1.2912,,97.5544,5.0,2.37,2.63,,,,,,14.32,,,,,,1.5,144.175392,-3.356965911294196e-05,3.356965911294196e-05,,-0.002234203062198681,
2006-06-03,,,,,,,,,,,,,,,,,,,1.5,,,,,,
2006-06-04,,,,,,,,,,,,,,,,,,,1.5,,,,,,
2006-06-05,111.7,1.2953,,97.3681,5.02,2.4,2.62,,,,,,16.65,,,,,,1.5,144.68501,,,,,
2006-06-06,113.26,1.2828,,98.1449,5.01,2.44,2.57,,,,,,17.34,,,,,,1.5,145.289928,0.0041722148932930025,-0.0041722148932930025,,0.007946316485489824,
2006-06-07,113.35,1.2799,,98.1641,5.02,2.48,2.54,,,849074.0,,0.0,17.8,,,,,,1.5,145.076665,-0.0014689226893747076,0.0014689226893747076,,0.00019560998284529063,
2006-06-08,114.22,1.2648,,98.9313,5.0,2.47,2.53,,,,,,18.35,,,,,,1.5,144.465456,-0.004221906683304688,0.004221906683304688,,0.007785101781729864,
2006-06-09,113.89,1.2636,,98.5471,4.98,2.45,2.53,,,,,,18.12,,,,,,1.5,143.911404,-0.0038425599177891456,0.0038425599177891456,,-0.0038910633744668743,
2006-06-10,,,,,,,,,,,,,,,,,,,1.5,,,,,,
2006-06-11,,,,,,,,,,,,,,,,,,,1.5,,,,,,
2006-06-12,114.17,1.2587,,98.5494,4.99,2.45,2.54,,,,,,20.96,,,,,,1.5,143.705779,,,,,
2006-06-13,115.06,1.2574,,98.9201,4.97,2.44,2.53,,,,,,23.81,,,,,,1.5,144.676444,0.00673182039841258,-0.00673182039841258,,0.003754508270483292,
2006-06-14,114.85,1.2631,,98.8338,5.05,2.5,2.55,,,845869.0,,0.0,21.46,,,,,,1.5,145.06703499999998,0.0026961175309283547,-0.0026961175309283547,,-0.00087280205830087,
2006-06-15,115.06,1.2616,,98.8846,5.1,2.52,2.58,,,,,,15.9,,,,,,1.75,145.159696,0.0006385421689394377,-0.0006385421689394377,,0.000513862150592459,
2006-06-16,115.12,1.2623,,98.9127,5.13,2.54,2.59,,,,,,17.25,,,,,,1.75,145.315976,0.0010760282539523658,-0.0010760282539523658,,0.0002841292594899514,
2006-06-17,,,,,,,,,,,,,,,,,,,1.75,,,,,,
2006-06-18,,,,,,,,,,,,,,,,,,,1.75,,,,,,
2006-06-19,115.26,1.2577,,99.145,5.14,2.58,2.56,,,,,,17.83,,,,,,1.75,144.962502,,,,,
2006-06-20,115.02,1.2568,,99.0117,5.15,2.58,2.57,,,,,,16.69,,,,,,1.75,144.55713599999999,-0.00280026783461107,0.00280026783461107,,-0.001345400080917436,
2006-06-21,114.76,1.2665,,98.5544,5.16,2.59,2.57,,,844773.0,,0.0,15.52,,,,,,1.75,145.34354,0.005425347327874697,-0.005425347327874697,,-0.0046293449806738,
2006-06-22,115.94,1.2582,,99.0856,5.2,2.61,2.59,,,,,,15.88,,,,,,1.75,145.875708,0.003654762492621977,-0.003654762492621977,,0.0053754430186385704,
2006-06-23,116.26,1.2522,,99.4216,5.23,2.64,2.59,,,,,,15.89,,,,,,1.75,145.580772,-0.0020238774631007317,0.0020238774631007317,,0.003385270870594148,
2006-06-24,,,,,,,,,,,,,,,,,,,1.75,,,,,,
2006-06-25,,,,,,,,,,,,,,,,,,,1.75,,,,,,
2006-06-26,116.38,1.2554,,99.3634,5.25,2.67,2.58,,,,,,15.62,,,,,,1.75,146.103452,,,,,
2006-06-27,116.26,1.2589,,99.219,5.21,2.63,2.58,,,,,,16.4,,,,,,1.75,146.359714,0.001752439933462746,-0.001752439933462746,,-0.001454308392392356,
2006-06-28,116.42,1.2532,,99.392,5.25,2.68,2.57,,,844436.0,,0.0,15.79,,,,,,1.75,145.897544,-0.00316276412379235,0.00316276412379235,,0.0017420993172914123,
2006-06-29,116.17,1.2534,,99.2158,5.22,2.61,2.61,,,,,,13.03,,,,,,1.75,145.60747800000001,-0.0019901276056675243,0.0019901276056675243,,-0.0017743517246335827,
2006-06-30,114.51,1.2779,,98.2483,5.15,2.54,2.61,,,,,,13.08,,,,,,1.75,146.33232900000002,0.004965766723947773,-0.004965766723947773,,-0.009799328000895002,
2006-07-01,,,,,,,,,,,6896.1,,,,1.927,4.01,4.306,4.656,1.75,,,,,,
2006-07-02,,,,,,,,,,,,,,,,,,,1.75,,,,,,
2006-07-03,114.92,1.2793,,98.0371,5.15,2.56,2.59,,,,,,13.05,,,,,,1.75,147.017156,,,,,
2006-07-04,,,,98.0221,,,,,,,,,,,,,,,1.75,,,,,-0.00015301500801001566,
2006-07-05,115.65,1.2726,,98.308,5.23,2.63,2.6,,,851659.0,,0.0,14.15,,,,,,1.75,147.17619,,,,0.002912443910449092,
2006-07-06,115.18,1.2757,,98.138,5.19,2.59,2.6,,,,,,13.65,,,,,,1.75,146.93512600000003,-0.0016392708533690126,0.0016392708533690126,,-0.0017307559577330878,
2006-07-07,113.98,1.2822,,97.7508,5.14,2.55,2.59,,,,,,13.97,,,,,,1.75,146.14515600000001,-0.005390822662760364,0.005390822662760364,,-0.003953268428557699,
2006-07-08,,,,,,,,,,,,,,,,,,,1.75,,,,,,
2006-07-09,,,,,,,,,,,,,,,,,,,1.75,,,,,,
2006-07-10,113.97,1.2751,,97.9813,5.13,2.56,2.57,,,,,,14.02,,,,,,1.75,145.32314699999998,,,,,
2006-07-11,114.15,1.2754,,98.2132,5.1,2.53,2.57,,,,,,13.14,,,,,,1.75,145.58691000000002,0.001813365099835984,-0.001813365099835984,,0.002363981742567134,
2006-07-12,115.41,1.2706,,98.5202,5.1,2.54,2.56,,,844391.0,,0.0,14.49,,,,,,1.75,146.63994599999998,0.007207007407769694,-0.007207007407769694,,0.003120977416080528,
2006-07-13,115.45,1.2673,,98.5583,5.08,2.51,2.57,,,,,,17.79,,,,,,1.75,146.309785,-0.002254046376222618,0.002254046376222618,,0.00038664796489396025,
2006-07-14,116.33,1.2641,,98.6814,5.07,2.5,2.57,,,,,,18.05,,,,,,1.75,147.052753,0.005065197441664004,-0.005065197441664004,,0.001248227572676619,
2006-07-15,,,,,,,,,,,,,,,,,,,1.75,,,,,,
2006-07-16,,,,,,,,,,,,,,,,,,,1.75,,,,,,
2006-07-17,117.08,1.2529,,99.0767,5.07,2.49,2.58,,,,,,18.64,,,,,,1.75,146.68953199999999,,,,,
2006-07-18,117.44,1.25,,99.1341,5.13,2.55,2.58,,,,,,17.74,,,,,,1.75,146.8,0.0007527900873602889,-0.0007527900873602889,,0.0005791813726050421,
2006-07-19,117.08,1.256,,98.9262,5.06,2.49,2.57,,,849894.0,,0.0,15.55,,,,,,1.75,147.05248,0.001718413689276943,-0.001718413689276943,,-0.00209936142030287,
2006-07-20,116.83,1.2639,,98.6014,5.03,2.45,2.58,,,,,,16.21,,,,,,1.75,147.661437,0.0041325355303083455,-0.0041325355303083455,,-0.003288657308985421,
2006-07-21,116.34,1.2684,,98.5221,5.05,2.49,2.56,,,,,,17.4,,,,,,1.75,147.565656,-0.0006488632353303103,0.0006488632353303103,,-0.0008045717966433941,
2006-07-22,,,,,,,,,,,,,,,,,,,1.75,,,,,,
2006-07-23,,,,,,,,,,,,,,,,,,,1.75,,,,,,
2006-07-24,116.65,1.263,,98.7795,5.05,2.49,2.56,,,,,,14.98,,,,,,1.75,147.32895,,,,,
2006-07-25,117.3,1.2576,,98.9388,5.07,2.48,2.59,,,,,,14.85,,,,,,1.75,147.51648,0.0012720565164414666,-0.0012720565164414666,,0.0016113838169689032,
2006-07-26,116.85,1.2628,,98.742,5.04,2.44,2.6,,,841552.0,,0.0,14.62,,,,,,1.75,147.55818,0.0002826403343316741,-0.0002826403343316741,,-0.0019910893219448056,
2006-07-27,115.55,1.2732,,98.2283,5.07,2.47,2.6,,,,,,14.94,,,,,,1.75,147.11826000000002,-0.0029857855403756517,0.0029857855403756517,,-0.005216026626176706,
2006-07-28,114.74,1.2748,,98.0539,5.0,2.41,2.59,,,,,,14.33,,,,,,1.75,146.27055199999998,-0.005778750411421285,0.005778750411421285,,-0.0017770337391169733,
2006-07-29,,,,,,,,,,,,,,,,,,,1.75,,,,,,
2006-07-30,,,,,,,,,,,,,,,,,,,1.75,,,,,,
2006-07-31,114.44,1.2764,,97.9996,4.99,2.41,2.58,,,,,,14.95,,,,,,1.75,146.071216,,,,,
2006-08-01,114.96,1.2778,,98.1715,4.99,2.4,2.59,,,,6926.4,,15.05,,1.668,3.8839130435,4.171,4.6535,1.75,146.89588799999999,0.005629807353014549,-0.005629807353014549,,0.0017525521751000639,
2006-08-02,114.54,1.2798,,97.9432,4.96,2.36,2.6,,,850263.0,,0.0,14.34,,,,,,1.75,146.58829200000002,-0.002096168267941678,0.002096168267941678,,-0.0023282303991285502,
2006-08-03,115.27,1.2779,,98.0694,4.96,2.35,2.61,,,,,,14.46,,,,,,1.75,147.303533,0.004867385556507564,-0.004867385556507564,,0.0012876725010295687,
2006-08-04,114.21,1.2894,,97.6005,4.91,2.3,2.61,,,,,,14.34,,,,,,1.75,147.262374,-0.0002794552885427848,0.0002794552885427848,,-0.004792774949845757,
2006-08-05,,,,,,,,,,,,,,,,,,,1.75,,,,,,
2006-08-06,,,,,,,,,,,,,,,,,,,1.75,,,,,,
2006-08-07,114.85,1.2867,,97.5088,4.93,2.29,2.64,,,,,,15.23,,,,,,1.75,147.777495,,,,,
2006-08-08,115.01,1.2839,,97.6524,4.93,2.27,2.66,,,,,,15.23,,,,,,1.75,147.661339,-0.0007863286245237688,0.0007863286245237688,,0.001471604252435199,
2006-08-09,115.14,1.2888,,97.4402,4.92,2.28,2.64,,,840006.0,,0.0,15.2,,,,,,2.0,148.39243199999999,0.004938930408900255,-0.004938930408900255,,-0.0021753780889923746,
2006-08-10,115.59,1.2765,,97.8887,4.93,2.3,2.63,,,,,,14.46,,,,,,2.0,147.550635,-0.005688927122713849,0.005688927122713849,,0.0045922624680363455,
2006-08-11,116.18,1.2757,,97.7863,4.97,2.33,2.64,,,,,,14.3,,,,,,2.0,148.21082600000003,0.004464355120917141,-0.004464355120917141,,-0.0010466335438632512,
2006-08-12,,,,,,,,,,,,,,,,,,,2.0,,,,,,
2006-08-13,,,,,,,,,,,,,,,,,,,2.0,,,,,,
2006-08-14,116.53,1.2735,,97.9677,5.0,2.36,2.64,,,,,,14.26,,,,,,2.0,148.400955,,,,,
2006-08-15,115.96,1.2788,,97.8043,4.93,2.32,2.61,,,,,,13.42,,,,,,2.0,148.28964799999997,-0.0007503237655424044,0.0007503237655424044,,-0.0016692891521072895,
2006-08-16,115.71,1.2864,,97.3894,4.87,2.28,2.59,,,842876.0,,0.0,12.41,,,,,,2.0,148.849344,0.0037672380738067446,-0.0037672380738067446,,-0.004251168197068722,
2006-08-17,115.44,1.287,,97.3486,4.87,2.28,2.59,,,,,,12.24,,,,,,2.0,148.57128,-0.0018698372512062633,0.0018698372512062633,,-0.00041902454166109493,
2006-08-18,115.79,1.281,,97.7577,4.84,2.26,2.58,,,,,,11.64,,,,,,2.0,148.32699,-0.0016456145408261236,0.0016456145408261236,,0.004193617525937832,
2006-08-19,,,,,,,,,,,,,,,,,,,2.0,,,,,,
2006-08-20,,,,,,,,,,,,,,,,,,,2.0,,,,,,
2006-08-21,115.86,1.2914,,97.3856,4.82,2.23,2.59,,,,,,12.22,,,,,,2.0,149.62160400000002,,,,,
2006-08-22,116.61,1.2804,,97.6079,4.82,2.22,2.6,,,,,,12.19,,,,,,2.0,149.307444,-0.0021019042328953574,0.0021019042328953574,,0.002280076990329505,
2006-08-23,116.43,1.2794,,97.5731,4.82,2.25,2.57,,,837987.0,,0.0,12.4,,,,,,2.0,148.96054200000003,-0.0023261105629872603,0.0023261105629872603,,-0.0003565920900987507,
2006-08-24,116.38,1.276,,97.7939,4.81,2.28,2.53,,,,,,12.4,,,,,,2.0,148.50088,-0.0030905679317028145,0.0030905679317028145,,0.002260362231185198,
2006-08-25,117.31,1.2767,,97.8827,4.79,2.24,2.55,,,,,,12.31,,,,,,2.0,149.769677,0.008507743210675045,-0.008507743210675045,,0.0009076200843223248,
2006-08-26,,,,,,,,,,,,,,,,,,,2.0,,,,,,
2006-08-27,,,,,,,,,,,,,,,,,,,2.0,,,,,,
2006-08-28,117.15,1.2784,,97.8467,4.8,2.28,2.52,,,,,,12.18,,,,,,2.0,149.76456000000002,,,,,
2006-08-29,116.92,1.2768,,97.7748,4.79,2.29,2.5,,,,,,12.28,,,,,,2.0,149.283456,-0.0032175730272259173,0.0032175730272259173,,-0.0007350930571297098,
2006-08-30,117.07,1.2825,,97.5792,4.76,2.28,2.48,,,850925.0,,0.0,12.22,,,,,,2.0,150.14227499999998,0.0057364565979165505,-0.0057364565979165505,,-0.002002519174056694,
2006-08-31,117.35,1.2793,,97.644,4.74,2.24,2.5,,,,,,12.31,,,,,,2.0,150.125855,-0.00010936891648416491,0.00010936891648416491,,0.0006638555497477938,
2006-09-01,117.21,1.2833,,97.5084,4.73,2.25,2.48,,,,6952.8,,11.96,,1.628,3.7538095238,4.036,4.5522,2.0,150.415593,0.0019281073654822123,-0.0019281073654822123,,-0.0013896833635946848,
2006-09-02,,,,,,,,,,,,,,,,,,,2.0,,,,,,
2006-09-03,,,,,,,,,,,,,,,,,,,2.0,,,,,,
2006-09-04,,,,97.4981,,,,,,,,,,,,,,,2.0,,,,,,
2006-09-05,116.04,1.281,,97.4392,4.78,2.31,2.47,,,,,,12.63,,,,,,2.0,148.64724,,,,-0.0006042968871780019,
2006-09-06,116.73,1.2787,,97.6087,4.8,2.32,2.48,,,848594.0,,0.0,13.74,,,,,,2.0,149.262651,0.004131530331757283,-0.004131530331757283,,0.001738035043374886,
2006-09-07,116.3,1.2757,,97.8108,4.8,2.34,2.46,,,,,,13.88,,,,,,2.0,148.36391,-0.0060394054128316554,0.0060394054128316554,,0.0020683716011076214,
2006-09-08,116.89,1.2673,,98.2119,4.78,2.35,2.43,,,,,,13.16,,,,,,2.0,148.13469700000002,-0.0015461323611658528,0.0015461323611658528,,0.004092388889551657,
2006-09-09,,,,,,,,,,,,,,,,,,,2.0,,,,,,
2006-09-10,,,,,,,,,,,,,,,,,,,2.0,,,,,,
2006-09-11,117.57,1.2699,,98.3845,4.8,2.38,2.42,,,,,,12.99,,,,,,2.0,149.302143,,,,,
2006-09-12,117.82,1.2693,,98.2781,4.78,2.36,2.42,,,,,,11.92,,,,,,2.0,149.548926,0.0016515454130354712,-0.0016515454130354712,,-0.0010820563786051451,
2006-09-13,117.47,1.2708,,98.1775,4.77,2.35,2.42,,,840886.0,,0.0,11.18,,,,,,2.0,149.28087599999998,-0.0017939982565176038,0.0017939982565176038,,-0.0010241500755707733,
2006-09-14,117.47,1.2736,,98.0088,4.79,2.35,2.44,,,,,,11.55,,,,,,2.0,149.609792,0.0022009126947581947,-0.0022009126947581947,,-0.001719794313672196,
2006-09-15,117.72,1.2648,,98.2104,4.8,2.38,2.42,,,,,,11.76,,,,,,2.0,148.892256,-0.004807587665379032,0.004807587665379032,,0.002054845508860481,
2006-09-16,,,,,,,,,,,,,,,,,,,2.0,,,,,,
2006-09-17,,,,,,,,,,,,,,,,,,,2.0,,,,,,
2006-09-18,118.02,1.2671,,98.1332,4.81,2.39,2.42,,,,,,11.78,,,,,,2.0,149.543142,,,,,
2006-09-19,117.6,1.2683,,98.1703,4.74,2.35,2.39,,,,,,11.98,,,,,,2.0,149.15207999999998,-0.0026184698959745845,0.0026184698959745845,,0.00037798613312212126,
2006-09-20,117.29,1.2701,,98.1556,4.73,2.39,2.34,,,838192.0,,0.0,11.39,,,,,,2.0,148.970029,-0.0012213184942231337,0.0012213184942231337,,-0.0001497510010395331,
2006-09-21,116.76,1.273,,97.9458,4.65,2.31,2.34,,,,,,12.25,,,,,,2.0,148.63548,-0.0022482725003669657,0.0022482725003669657,,-0.0021397101708089394,
2006-09-22,116.45,1.2796,,97.8667,4.6,2.27,2.33,,,,,,12.59,,,,,,2.0,149.00942,0.0025126598623925744,-0.0025126598623925744,,-0.0008079157796627712,
2006-09-23,,,,,,,,,,,,,,,,,,,2.0,,,,,,
2006-09-24,,,,,,,,,,,,,,,,,,,2.0,,,,,,
2006-09-25,116.43,1.2747,,97.9909,4.56,2.24,2.32,,,,,,12.12,,,,,,2.0,148.413321,,,,,
2006-09-26,117.16,1.2687,,98.0555,4.59,2.25,2.34,,,,,,11.53,,,,,,2.0,148.64089199999998,0.0015321852682852466,-0.0015321852682852466,,0.0006590276826106134,
2006-09-27,117.53,1.2699,,98.0107,4.6,2.26,2.34,,,849971.0,,0.0,11.58,,,,,,2.0,149.251347,0.004098501233665175,-0.004098501233665175,,-0.0004569885148955066,
2006-09-28,117.84,1.2697,,98.0381,4.63,2.27,2.36,,,,,,11.72,,,,,,2.0,149.62144800000002,0.0024766468903703043,-0.0024766468903703043,,0.0002795222432210309,
2006-09-29,117.99,1.2687,,98.1054,4.64,2.27,2.37,,,,,,11.98,,,,,,2.0,149.69391299999998,0.00048420502825941014,-0.00048420502825941014,,0.0006862323007492677,
2006-09-30,,,,,,,,,,,,,,,,,,,2.0,,,,,,
2006-10-01,,,,,,,,,,,7002.1,,,,1.718,3.7877272727,4.07,4.6155,2.0,,,,,,
2006-10-02,117.66,1.2744,,97.9247,4.62,2.27,2.35,,,,,,12.57,,,,,,2.0,149.94590399999998,,,,,
2006-10-03,117.84,1.2727,,98.1267,4.62,2.29,2.33,,,,,,12.24,,,,,,2.0,149.974968,0.00019381112022820446,-0.00019381112022820446,,0.0020606848151194512,
2006-10-04,118.02,1.2687,,98.3682,4.57,2.27,2.3,,,842296.0,,0.0,11.86,,,,,,2.0,149.73197399999998,-0.0016215443768015092,0.0016215443768015092,,0.0024580803023219744,
2006-10-05,117.69,1.2687,,98.2776,4.61,2.31,2.3,,,,,,11.98,,,,,,2.0,149.313303,-0.0028000527394516084,0.0028000527394516084,,-0.0009214537652013632,
2006-10-06,118.89,1.26,,98.5619,4.7,2.37,2.33,,,,,,11.56,,,,,,2.0,149.8014,0.0032636137798531806,-0.0032636137798531806,,0.0028886498664171256,
2006-10-07,,,,,,,,,,,,,,,,,,,2.0,,,,,,
2006-10-08,,,,,,,,,,,,,,,,,,,2.0,,,,,,
2006-10-09,,,,98.5702,,,,,,,,,11.68,,,,,,2.0,,,,,,
2006-10-10,119.68,1.2541,,98.9125,4.75,2.42,2.33,,,,,,11.52,,,,,,2.0,150.090688,,,,0.0034666362451094557,
2006-10-11,119.49,1.2547,,98.9146,4.78,2.45,2.33,,,859339.0,,0.0,11.62,,,,,,2.25,149.92410299999997,-0.0011105120288545933,0.0011105120288545933,,2.123066051229472e-05,
2006-10-12,119.53,1.2537,,98.831,4.79,2.44,2.35,,,,,,11.09,,,,,,2.25,149.854761,-0.00046262101544769507,0.00046262101544769507,,-0.0008455308738160028,
2006-10-13,119.81,1.2502,,98.8002,4.81,2.47,2.34,,,,,,10.75,,,,,,2.25,149.786462,-0.0004558718623490776,0.0004558718623490776,,-0.00031169167873645875,
2006-10-14,,,,,,,,,,,,,,,,,,,2.25,,,,,,
2006-10-15,,,,,,,,,,,,,,,,,,,2.25,,,,,,
2006-10-16,119.25,1.2518,,98.71,4.79,2.45,2.34,,,,,,11.09,,,,,,2.25,149.27715,,,,,
2006-10-17,118.63,1.2564,,98.5354,4.78,2.46,2.32,,,,,,11.73,,,,,,2.25,149.046732,-0.001544750921548932,0.001544750921548932,,-0.00177038395423601,
2006-10-18,119.09,1.2516,,98.6164,4.77,2.46,2.31,,,844200.0,,0.0,11.34,,,,,,2.25,149.053044,4.234823712856439e-05,-4.234823712856439e-05,,0.0008217019023666339,
2006-10-19,118.35,1.2594,,98.2897,4.79,2.49,2.3,,,,,,10.9,,,,,,2.25,149.04999,-2.048955999622848e-05,2.048955999622848e-05,,-0.00331833599653919,
2006-10-20,118.73,1.2613,,98.1629,4.79,2.49,2.3,,,,,,10.63,,,,,,2.25,149.754149,0.004713189756213154,-0.004713189756213154,,-0.001290896812853326,
2006-10-21,,,,,,,,,,,,,,,,,,,2.25,,,,,,
2006-10-22,,,,,,,,,,,,,,,,,,,2.25,,,,,,
2006-10-23,119.32,1.2544,,98.4483,4.83,2.53,2.3,,,,,,11.08,,,,,,2.25,149.675008,,,,,
2006-10-24,119.25,1.2565,,98.349,4.83,2.52,2.31,,,,,,10.78,,,,,,2.25,149.837625,0.0010858775094062523,-0.0010858775094062523,,-0.0010091602722930304,
2006-10-25,119.13,1.2591,,98.2057,4.78,2.44,2.34,,,852648.0,,0.0,10.66,,,,,,2.25,149.99658300000002,0.0010603060668268327,-0.0010603060668268327,,-0.0014581185327982027,
2006-10-26,118.62,1.2669,,97.8907,4.73,2.41,2.32,,,,,,10.56,,,,,,2.25,150.279678,0.0018855641996635697,-0.0018855641996635697,,-0.0032127083509871923,
2006-10-27,117.61,1.2725,,97.4914,4.68,2.37,2.31,,,,,,10.8,,,,,,2.25,149.658725,-0.004140542730964647,0.004140542730964647,,-0.004087381146121061,
2006-10-28,,,,,,,,,,,,,,,,,,,2.25,,,,,,
2006-10-29,,,,,,,,,,,,,,,,,,,2.25,,,,,,
2006-10-30,117.38,1.2717,,97.5672,4.68,2.39,2.29,,,,,,11.2,,,,,,2.25,149.272146,,,,,
2006-10-31,116.82,1.2773,,97.3901,4.61,2.34,2.27,,,,,,11.1,,,,,,2.25,149.214186,-0.00038835949599480557,0.00038835949599480557,,-0.0018168085905392317,
2006-11-01,117.01,1.2771,,97.4949,4.57,2.29,2.28,,,855536.0,7037.3,0.0,11.51,,1.69,3.7140909091,3.97,4.5452,2.25,149.433471,0.0014685200721880065,-0.0014685200721880065,,0.001075506171352103,
2006-11-02,117.12,1.278,,97.6556,4.6,2.32,2.28,,,,,,11.42,,,,,,2.25,149.67936,0.0016441224173986413,-0.0016441224173986413,,0.001646934405225231,
2006-11-03,118.06,1.2705,,97.7209,4.72,2.4,2.32,,,,,,11.16,,,,,,2.25,149.99523,0.0021080874222807466,-0.0021080874222807466,,0.0006684529862237554,
2006-11-04,,,,,,,,,,,,,,,,,,,2.25,,,,,,
2006-11-05,,,,,,,,,,,,,,,,,,,2.25,,,,,,
2006-11-06,118.4,1.2715,,97.806,4.71,2.36,2.35,,,,,,11.16,,,,,,2.25,150.5456,,,,,
2006-11-07,117.44,1.2806,,97.4453,4.66,2.32,2.34,,,,,,11.09,,,,,,2.25,150.393664,-0.0010097453611725982,0.0010097453611725982,,-0.0036947299232030772,
2006-11-08,117.74,1.2775,,97.58,4.64,2.29,2.35,,,858630.0,,0.0,10.75,,,,,,2.25,150.41285,0.00012756372706768104,-0.00012756372706768104,,0.0013813594586862266,
2006-11-09,117.92,1.2835,,97.5041,4.62,2.28,2.34,,,,,,11.01,,,,,,2.25,151.35032,0.00621330307424639,-0.00621330307424639,,-0.000778125985968714,
2006-11-10,117.47,1.2861,,97.4638,4.59,2.25,2.34,,,,,,10.79,,,,,,2.25,151.078167,-0.0017997846443860155,0.0017997846443860155,,-0.00041340139144896426,
2006-11-11,,,,,,,,,,,,,,,,,,,2.25,,,,,,
2006-11-12,,,,,,,,,,,,,,,,,,,2.25,,,,,,
2006-11-13,118.14,1.281,,97.7904,4.61,2.29,2.32,,,,,,10.86,,,,,,2.25,151.33733999999998,,,,,
2006-11-14,117.72,1.2812,,97.7475,4.57,2.28,2.29,,,,,,10.5,,,,,,2.25,150.82286399999998,-0.0034053226755483834,0.0034053226755483834,,-0.00043878962276178157,
2006-11-15,118.06,1.2808,,97.8359,4.61,2.3,2.31,,,855551.0,,0.0,10.31,,,,,,2.25,151.21124799999998,0.002571790394773288,-0.002571790394773288,,0.0009039622587572183,
2006-11-16,118.12,1.2808,,97.8098,4.66,2.38,2.28,,,,,,10.16,,,,,,2.25,151.288096,0.0005080870631788414,-0.0005080870631788414,,-0.000266808829990417,
2006-11-17,117.73,1.2823,,97.9855,4.61,2.33,2.28,,,,,,10.05,,,,,,2.25,150.965179,-0.0021367320030512005,0.0021367320030512005,,0.001794732020244716,
2006-11-18,,,,,,,,,,,,,,,,,,,2.25,,,,,,
2006-11-19,,,,,,,,,,,,,,,,,,,2.25,,,,,,
2006-11-20,118.16,1.281,,98.0254,4.6,2.33,2.27,,,,,,9.97,,,,,,2.25,151.36296,,,,,
2006-11-21,118.0,1.2824,,98.0215,4.58,2.31,2.27,,,,,,9.9,,,,,,2.25,151.32319999999999,-0.0002627143588505021,0.0002627143588505021,,-3.978639805612971e-05,
2006-11-22,116.61,1.2928,,97.5315,4.57,2.3,2.27,,,865126.0,,0.0,10.14,,,,,,2.25,150.753408,-0.0037725044619358883,0.0037725044619358883,,-0.005011439614932556,
2006-11-23,,,,97.5314,,,,,,,,,,,,,,,2.25,,,,,-1.025310297109172e-06,
2006-11-24,115.93,1.3081,,97.0657,4.55,2.27,2.28,,,,,,10.73,,,,,,2.25,151.64803300000003,,,,-0.004786308624846747,
2006-11-25,,,,,,,,,,,,,,,,,,,2.25,,,,,,
2006-11-26,,,,,,,,,,,,,,,,,,,2.25,,,,,,
2006-11-27,116.12,1.312,,96.9986,4.54,2.24,2.3,,,,,,12.3,,,,,,2.25,152.34944000000002,,,,,
2006-11-28,116.14,1.3162,,96.8428,4.51,2.21,2.3,,,,,,11.62,,,,,,2.25,152.863468,0.0033683273054592178,-0.0033683273054592178,,-0.0016075000856341504,
2006-11-29,116.29,1.3146,,96.8577,4.52,2.22,2.3,,,856671.0,,0.0,10.83,,,,,,2.25,152.87483400000002,7.435116850551537e-05,-7.435116850551537e-05,,0.0001538457570262608,
2006-11-30,115.55,1.3261,,96.5779,4.46,2.16,2.3,,,,,,10.91,,,,,,2.25,153.230855,0.0023261322695145026,-0.0023261322695145026,,-0.0028929545041505023,
2006-12-01,115.33,1.3316,,96.4585,4.43,2.1,2.33,,,,7079.3,,11.66,,1.645,3.7705263158,4.038,4.6195,2.25,153.57342799999998,0.0022331705347742314,-0.0022331705347742314,,-0.001237072544109985,
2006-12-02,,,,,,,,,,,,,,,,,,,2.25,,,,,,
2006-12-03,,,,,,,,,,,,,,,,,,,2.25,,,,,,
2006-12-04,115.37,1.3327,,96.4319,4.43,2.11,2.32,,,,,,11.23,,,,,,2.25,153.753599,,,,,
2006-12-05,114.98,1.3327,,96.2082,4.45,2.11,2.34,,,,,,11.27,,,,,,2.25,153.233846,-0.003386154744053016,0.003386154744053016,,-0.002322466615729546,
2006-12-06,115.07,1.3307,,96.2839,4.48,2.14,2.34,,,862178.0,,0.0,11.33,,,,,,2.25,153.123649,-0.0007194013957620982,0.0007194013957620982,,0.0007865258252417462,
2006-12-07,115.13,1.3296,,96.3207,4.49,2.15,2.34,,,,,,12.67,,,,,,2.25,153.07684799999998,-0.00030568859830726325,0.00030568859830726325,,0.0003821300264670313,
2006-12-08,116.23,1.3215,,96.6123,4.56,2.21,2.35,,,,,,12.07,,,,,,2.25,153.59794499999998,0.0033983719132031354,-0.0033983719132031354,,0.0030228133293812576,
2006-12-09,,,,,,,,,,,,,,,,,,,2.25,,,,,,
2006-12-10,,,,,,,,,,,,,,,,,,,2.25,,,,,,
2006-12-11,117.02,1.3223,,96.6646,4.52,2.17,2.35,,,,,,10.71,,,,,,2.25,154.735546,,,,,
2006-12-12,117.15,1.3233,,96.7119,4.49,2.15,2.34,,,,,,10.65,,,,,,2.25,155.024595,0.0018662768099408922,-0.0018662768099408922,,0.0004892011277819464,
2006-12-13,117.43,1.3215,,96.7296,4.58,2.22,2.36,,,853851.0,,0.0,10.18,,,,,,2.5,155.183745,0.001026084688525053,-0.001026084688525053,,0.0001830010628482981,
2006-12-14,117.61,1.3174,,96.7946,4.6,2.23,2.37,,,,,,9.97,,,,,,2.5,154.939414,-0.0015757033517953545,0.0015757033517953545,,0.0006717506383617788,
2006-12-15,117.84,1.3095,,96.9857,4.6,2.29,2.31,,,,,,10.05,,,,,,2.5,154.31148000000002,-0.004061005967396447,0.004061005967396447,,0.0019723373526625565,
2006-12-16,,,,,,,,,,,,,,,,,,,2.5,,,,,,
2006-12-17,,,,,,,,,,,,,,,,,,,2.5,,,,,,
2006-12-18,118.14,1.3073,,97.1559,4.6,2.31,2.29,,,,,,10.6,,,,,,2.5,154.444422,,,,,
2006-12-19,117.93,1.3194,,96.9313,4.6,2.31,2.29,,,,,,10.3,,,,,,2.5,155.596842,0.007434012443746418,-0.007434012443746418,,-0.002314424653011571,
2006-12-20,118.39,1.3183,,96.7762,4.6,2.32,2.28,,,865010.0,,0.0,10.26,,,,,,2.5,156.07353700000002,0.0030589712968192018,-0.0030589712968192018,,-0.001601383871509654,
2006-12-21,118.26,1.3175,,96.9148,4.55,2.29,2.26,,,,,,10.53,,,,,,2.5,155.80755,-0.0017056953792673468,0.0017056953792673468,,0.0014311457285725027,
2006-12-22,118.9,1.3131,,97.1113,4.63,2.35,2.28,,,,,,11.36,,,,,,2.5,156.12759,0.0020519657534938673,-0.0020519657534938673,,0.002025501385442219,
2006-12-23,,,,,,,,,,,,,,,,,,,2.5,,,,,,
2006-12-24,,,,,,,,,,,,,,,,,,,2.5,,,,,,
2006-12-25,,,,97.1221,,,,,,,,,,,,,,,2.5,,,,,,
2006-12-26,118.93,1.3132,,97.1786,4.61,2.34,2.27,,,,,,11.26,,,,,,2.5,156.178876,,,,0.0005815728053732983,
2006-12-27,118.76,1.3125,,97.2076,4.66,2.39,2.27,,,869988.0,,0.0,10.64,,,,,,2.5,155.8725,-0.0019636260052537935,0.0019636260052537935,,0.0002983750926262019,
2006-12-28,118.95,1.3158,,97.0656,4.7,2.41,2.29,,,,,,10.99,,,,,,2.5,156.51441000000003,0.004109717039526117,-0.004109717039526117,,-0.0014618591271284842,
2006-12-29,119.02,1.3197,,97.0312,4.71,2.41,2.3,,,,,,11.56,,,,,,2.5,157.070694,0.0035479018386253003,-0.0035479018386253003,,-0.00035446231323899013,
2006-12-30,,,,,,,,,,,,,,,,,,,2.5,,,,,,
2006-12-31,,,,,,,,,,,,,,,,,,,2.5,,,,,,
2007-01-01,,,,97.0323,,,,,,,7115.6,,,,1.705,4.0168181818,4.263,4.8694,2.5,,,,,,
2007-01-02,118.83,1.3286,,,4.68,2.38,2.3,,,,,,,,,,,,2.5,157.877538,,,,,
2007-01-03,119.58,1.3169,,97.1281,4.67,2.36,2.31,,,874626.0,,0.0,12.04,,,,,,2.5,157.474902,-0.002553563364143585,0.002553563364143585,,,
2007-01-04,119.28,1.3094,,97.5251,4.62,2.36,2.26,,,,,,11.51,,,,,,2.5,156.18523199999998,-0.008223405705458653,0.008223405705458653,,0.004079054959930772,
2007-01-05,118.77,1.3005,,97.7801,4.65,2.38,2.27,,,,,,12.14,,,,,,2.5,154.460385,-0.011105031788618547,0.011105031788618547,,0.0026112990837035,
2007-01-06,,,,,,,,,,,,,,,,,,,2.5,,,,,,
2007-01-07,,,,,,,,,,,,,,,,,,,2.5,,,,,,
2007-01-08,118.49,1.3023,,97.788,4.66,2.38,2.28,,,,,,12.0,,,,,,2.5,154.309527,,,,,
2007-01-09,119.45,1.2995,,97.9642,4.66,2.39,2.27,,,,,,11.91,,,,,,2.5,155.225275,0.005916948051058135,-0.005916948051058135,,0.0018002356815038922,
2007-01-10,119.52,1.294,,98.0943,4.69,2.42,2.27,,,854819.0,,0.0,11.47,,,,,,2.5,154.65888,-0.0036555314080111145,0.0036555314080111145,,0.0013271551000935133,
2007-01-11,120.49,1.2904,,98.0845,4.74,2.43,2.31,,,,,,10.87,,,,,,2.5,155.48029599999998,0.00529709230083153,-0.00529709230083153,,-9.99088587363417e-05,
2007-01-12,120.36,1.2926,,97.921,4.77,2.49,2.28,,,,,,10.15,,,,,,2.5,155.577336,0.0006239358444553034,-0.0006239358444553034,,-0.0016683209187737802,
2007-01-13,,,,,,,,,,,,,,,,,,,2.5,,,,,,
2007-01-14,,,,,,,,,,,,,,,,,,,2.5,,,,,,
2007-01-15,,,,97.9201,,,,,,,,,,,,,,,2.5,,,,,,
2007-01-16,120.64,1.2918,,97.9816,4.75,2.48,2.27,,,,,,10.74,,,,,,2.5,155.84275200000002,,,,0.0006278659350114069,
2007-01-17,120.54,1.2948,,97.7509,4.79,2.5,2.29,,,859363.0,,0.0,10.59,,,,,,2.5,156.07519200000002,0.0014903922489688526,-0.0014903922489688526,,-0.002357299956121217,
2007-01-18,121.32,1.2942,,97.8286,4.75,2.47,2.28,,,,,,10.85,,,,,,2.5,157.01234399999998,0.005986535336559129,-0.005986535336559129,,0.0007945618440370339,
2007-01-19,121.22,1.2968,,97.6868,4.78,2.47,2.31,,,,,,10.4,,,,,,2.5,157.198096,0.0011823415010585592,-0.0011823415010585592,,-0.0014505253792034267,
2007-01-20,,,,,,,,,,,,,,,,,,,2.5,,,,,,
2007-01-21,,,,,,,,,,,,,,,,,,,2.5,,,,,,
2007-01-22,121.56,1.2957,,97.827,4.76,2.44,2.32,,,,,,10.77,,,,,,2.5,157.50529200000003,,,,,
2007-01-23,121.54,1.3025,,97.8117,4.81,2.46,2.35,,,,,,10.34,,,,,,2.5,158.30585000000002,0.005069863651374185,-0.005069863651374185,,-0.00015641077180728047,
2007-01-24,120.77,1.2964,,97.908,4.81,2.44,2.37,,,851755.0,,0.0,9.89,,,,,,2.5,156.566228,-0.011049818780055176,0.011049818780055176,,0.0009840604473767556,
2007-01-25,120.97,1.298,,97.8396,4.87,2.48,2.39,,,,,,11.22,,,,,,2.5,157.01906,0.0028880966811160036,-0.0028880966811160036,,-0.0006988591715444414,
2007-01-26,121.53,1.2909,,98.1491,4.88,2.48,2.4,,,,,,11.13,,,,,,2.5,156.883077,-0.0008664038404200269,0.0008664038404200269,,0.0031583479790011637,
2007-01-27,,,,,,,,,,,,,,,,,,,2.5,,,,,,
2007-01-28,,,,,,,,,,,,,,,,,,,2.5,,,,,,
2007-01-29,121.81,1.2948,,98.2066,4.9,2.5,2.4,,,,,,11.45,,,,,,2.5,157.719588,,,,,
2007-01-30,121.7,1.2954,,98.1515,4.88,2.46,2.42,,,,,,10.96,,,,,,2.5,157.65018,-0.0004401690216591092,0.0004401690216591092,,-0.0005612195417068477,
2007-01-31,121.02,1.2998,,97.964,4.83,2.4,2.43,,,865730.0,,0.0,10.42,,,,,,2.5,157.301796,-0.002212300087873764,0.002212300087873764,,-0.001912139092823395,
2007-02-01,120.67,1.3021,,97.7101,4.84,2.42,2.42,,,,7131.9,,10.31,,1.64,4.049,4.28,4.896,2.5,157.12440700000002,-0.0011283348342319144,0.0011283348342319144,,-0.002595132850952808,
2007-02-02,121.02,1.296,,97.9743,4.83,2.42,2.41,,,,,,10.08,,,,,,2.5,156.84192,-0.001799473713797184,0.001799473713797184,,0.0027002679879783997,
2007-02-03,,,,,,,,,,,,,,,,,,,2.5,,,,,,
2007-02-04,,,,,,,,,,,,,,,,,,,2.5,,,,,,
2007-02-05,120.34,1.2933,,97.87,4.81,2.41,2.4,,,,,,10.55,,,,,,2.5,155.635722,,,,,
2007-02-06,120.35,1.2969,,97.7357,4.77,2.4,2.37,,,,,,10.65,,,,,,2.5,156.08191499999998,0.002862804357372184,-0.002862804357372184,,-0.0013731708340092297,
2007-02-07,120.65,1.302,,97.7239,4.74,2.4,2.34,,,855057.0,,0.0,10.32,,,,,,2.5,157.08630000000002,0.0064143702687786686,-0.0064143702687786686,,-0.00012074106377291116,
2007-02-08,121.19,1.3034,,97.8169,4.73,2.39,2.34,,,,,,10.44,,,,,,2.5,157.95904599999997,0.005540461039120537,-0.005540461039120537,,0.0009512082083347195,
2007-02-09,121.59,1.3005,,97.7076,4.79,2.43,2.36,,,,,,11.1,,,,,,2.5,158.127795,0.0010677383183566036,-0.0010677383183566036,,-0.001118018574501889,
2007-02-10,,,,,,,,,,,,,,,,,,,2.5,,,,,,
2007-02-11,,,,,,,,,,,,,,,,,,,2.5,,,,,,
2007-02-12,121.77,1.2962,,97.9409,4.8,2.46,2.34,,,,,,11.61,,,,,,2.5,157.83827399999998,,,,,
2007-02-13,121.24,1.3024,,97.7063,4.82,2.46,2.36,,,,,,10.34,,,,,,2.5,157.902976,0.00040984192534665453,-0.00040984192534665453,,-0.0023981954501648417,
2007-02-14,120.8,1.3126,,97.2779,4.74,2.38,2.36,,,867199.0,,0.0,10.23,,,,,,2.5,158.56208,0.0041654201024590165,-0.0041654201024590165,,-0.004394209267558402,
2007-02-15,119.49,1.314,,97.1588,4.7,2.38,2.32,,,,,,10.22,,,,,,2.5,157.00986,-0.009837582634118824,0.009837582634118824,,-0.001225077517728046,
2007-02-16,119.23,1.3137,,97.164,4.69,2.36,2.33,,,,,,10.02,,,,,,2.5,156.632451,-0.0024066216127156537,0.0024066216127156537,,5.3519195907902883e-05,
2007-02-17,,,,,,,,,,,,,,,,,,,2.5,,,,,,
2007-02-18,,,,,,,,,,,,,,,,,,,2.5,,,,,,
2007-02-19,,,,97.1545,,,,,,,,,,,,,,,2.5,,,,,,
2007-02-20,120.1,1.3134,,97.321,4.68,2.36,2.32,,,,,,10.24,,,,,,2.5,157.73933999999997,,,,0.0017122983684947357,
2007-02-21,120.99,1.3126,,97.27,4.69,2.33,2.36,,,869235.0,,0.0,10.2,,,,,,2.5,158.811474,0.006773876750198582,-0.006773876750198582,,-0.0005241763613712536,
2007-02-22,121.3,1.3134,,97.266,4.73,2.35,2.38,,,,,,10.18,,,,,,2.5,159.31542,0.0031682101138681418,-0.0031682101138681418,,-4.112349385732017e-05,
2007-02-23,121.1,1.3164,,97.1756,4.68,2.3,2.38,,,,,,10.58,,,,,,2.5,159.41603999999998,0.0006313779213540371,-0.0006313779213540371,,-0.0009298422406871509,
2007-02-24,,,,,,,,,,,,,,,,,,,2.5,,,,,,
2007-02-25,,,,,,,,,,,,,,,,,,,2.5,,,,,,
2007-02-26,120.76,1.3159,,97.2281,4.63,2.26,2.37,,,,,,11.15,,,,,,2.5,158.908084,,,,,
2007-02-27,118.67,1.3246,,97.0883,4.5,2.14,2.36,,,,,,18.31,,,,,,2.5,157.190282,-0.01086888826680621,0.01086888826680621,,-0.0014388906352760245,
2007-02-28,118.33,1.323,,97.2386,4.56,2.2,2.36,,,877409.0,,0.0,15.42,,,,,,2.5,156.55059,-0.004077842216504202,0.004077842216504202,,0.0015468782754242127,
2007-03-01,117.53,1.3173,,97.3358,4.56,2.19,2.37,,,,7164.7,,15.82,,1.629,3.9409090909,4.176,4.8194,2.5,154.822269,-0.011101409130878537,0.011101409130878537,,0.0009991037678691583,
2007-03-02,116.82,1.3182,,97.3691,4.52,2.15,2.37,,,,,,18.61,,,,,,2.5,153.992124,-0.0053763491497615945,0.0053763491497615945,,0.0003420561097815522,
2007-03-03,,,,,,,,,,,,,,,,,,,2.5,,,,,,
2007-03-04,,,,,,,,,,,,,,,,,,,2.5,,,,,,
2007-03-05,116.01,1.3094,,97.6716,4.51,2.17,2.34,,,,,,19.63,,,,,,2.5,151.903494,,,,,
2007-03-06,116.5,1.3108,,97.5123,4.53,2.19,2.34,,,,,,15.96,,,,,,2.5,152.7082,0.005283499536107961,-0.005283499536107961,,-0.0016323071254369381,
2007-03-07,116.41,1.3148,,97.4558,4.5,2.16,2.34,,,864505.0,,0.0,15.24,,,,,,2.5,153.055868,0.0022740942197998493,-0.0022740942197998493,,-0.0005795820093812409,
2007-03-08,117.35,1.3129,,97.5731,4.51,2.17,2.34,,,,,,14.29,,,,,,2.5,154.068815,0.006596348186882928,-0.006596348186882928,,0.0012028987923748957,
2007-03-09,118.15,1.3118,,97.4559,4.59,2.25,2.34,,,,,,14.09,,,,,,2.5,154.98917000000003,0.005955890255455287,-0.005955890255455287,,-0.0012018726867069063,
2007-03-10,,,,,,,,,,,,,,,,,,,2.5,,,,,,
2007-03-11,,,,,,,,,,,,,,,,,,,2.5,,,,,,
2007-03-12,117.51,1.3186,,97.3013,4.56,2.22,2.34,,,,,,13.99,,,,,,2.5,154.948686,,,,,
2007-03-13,116.96,1.3199,,97.2203,4.5,2.15,2.35,,,,,,18.13,,,,,,2.5,154.375504,-0.0037060318886714683,0.0037060318886714683,,-0.0008328124453189645,
2007-03-14,116.33,1.3227,,97.2759,4.53,2.18,2.35,,,876108.0,,0.0,17.27,,,,,,2.75,153.869691,-0.003281890275700583,0.003281890275700583,,0.0005717335507275934,
2007-03-15,117.26,1.3249,,97.2476,4.54,2.17,2.37,,,,,,16.43,,,,,,2.75,155.357774,0.009624594549469734,-0.009624594549469734,,-0.0002909674173006138,
2007-03-16,116.77,1.3307,,97.0407,4.55,2.16,2.39,,,,,,16.79,,,,,,2.75,155.385839,0.00018063122717393298,-0.00018063122717393298,,-0.002129825400817964,
2007-03-17,,,,,,,,,,,,,,,,,,,2.75,,,,,,
2007-03-18,,,,,,,,,,,,,,,,,,,2.75,,,,,,
2007-03-19,117.58,1.3299,,97.1062,4.58,2.18,2.4,,,,,,14.59,,,,,,2.75,156.369642,,,,,
2007-03-20,117.32,1.3291,,96.7985,4.56,2.17,2.39,,,,,,13.27,,,,,,2.75,155.93001199999998,-0.002815438856688779,0.002815438856688779,,-0.0031737266634239703,
2007-03-21,117.83,1.3305,,96.6195,4.53,2.14,2.39,,,863067.0,,0.0,12.19,,,,,,2.75,156.772815,0.005390453606455736,-0.005390453606455736,,-0.001850914093856737,
2007-03-22,117.79,1.3359,,96.3893,4.6,2.17,2.43,,,,,,12.93,,,,,,2.75,157.35566100000003,0.003710880823466489,-0.003710880823466489,,-0.0023853845954615593,
2007-03-23,117.82,1.3302,,96.5662,4.62,2.19,2.43,,,,,,12.95,,,,,,2.75,156.724164,-0.004021257022597702,0.004021257022597702,,0.0018335839047018965,
2007-03-24,,,,,,,,,,,,,,,,,,,2.75,,,,,,
2007-03-25,,,,,,,,,,,,,,,,,,,2.75,,,,,,
2007-03-26,117.84,1.3336,,96.5493,4.6,2.16,2.44,,,,,,13.16,,,,,,2.75,157.151424,,,,,
2007-03-27,117.8,1.3357,,96.4558,4.62,2.16,2.46,,,,,,13.48,,,,,,2.75,157.34546,0.001233945609586229,-0.001233945609586229,,-0.0009688863901979872,
2007-03-28,116.83,1.3331,,96.4894,4.62,2.17,2.45,,,869803.0,,0.0,14.98,,,,,,2.75,155.746073,-0.010216826351857833,0.010216826351857833,,0.0003482854234224675,
2007-03-29,117.75,1.3336,,96.5067,4.64,2.18,2.46,,,,,,15.14,,,,,,2.75,157.0314,0.008218841484423756,-0.008218841484423756,,0.0001792782345999555,
2007-03-30,117.56,1.3374,,96.3183,4.65,2.21,2.44,,,,,,14.64,,,,,,2.75,157.224744,0.001230486837482836,-0.001230486837482836,,-0.001954104083504049,
2007-03-31,,,,,,,,,,,,,,,,,,,2.75,,,,,,
2007-04-01,,,,,,,,,,,7239.9,,,,1.653,4.1521052632,4.37,5.0439,2.75,,,,,,
2007-04-02,117.69,1.3374,,96.3175,4.65,2.21,2.44,,,,,,14.53,,,,,,2.75,157.398606,,,,,
2007-04-03,118.83,1.3363,,96.3774,4.67,2.25,2.42,,,,,,13.46,,,,,,2.75,158.792529,0.008817021579501372,-0.008817021579501372,,0.0006217082229929005,
2007-04-04,118.72,1.3364,,96.3646,4.66,2.23,2.43,,,862319.0,,0.0,13.24,,,,,,2.75,158.657408,-0.0008512901872785861,0.0008512901872785861,,-0.00013282003941839093,
2007-04-05,118.66,1.3426,,96.1188,4.68,2.22,2.46,,,,,,13.23,,,,,,2.75,159.312916,0.00412308243347681,-0.00412308243347681,,-0.002553987861912077,
2007-04-06,119.33,1.338,,96.2526,4.76,2.27,2.49,,,,,,,,,,,,2.75,159.66354,0.0021984327345894172,-0.0021984327345894172,,0.0013910593942316751,
2007-04-07,,,,,,,,,,,,,,,,,,,2.75,,,,,,
2007-04-08,,,,,,,,,,,,,,,,,,,2.75,,,,,,
2007-04-09,119.28,1.3367,,96.293,4.75,2.27,2.48,,,,,,13.14,,,,,,2.75,159.441576,,,,,
2007-04-10,119.07,1.3436,,96.1179,4.73,2.27,2.46,,,,,,12.68,,,,,,2.75,159.98245199999997,0.0033865737673108853,-0.0033865737673108853,,-0.001820063710910702,
2007-04-11,119.36,1.3436,,96.0293,4.74,2.28,2.46,,,865441.0,,0.0,13.49,,,,,,2.75,160.372096,0.002432580992366873,-0.002432580992366873,,-0.0009222097046359679,
2007-04-12,118.99,1.3484,,95.7999,4.74,2.28,2.46,,,,,,12.71,,,,,,2.75,160.446116,0.0004614451333795344,-0.0004614451333795344,,-0.0023917120996470587,
2007-04-13,119.27,1.3518,,95.711,4.76,2.31,2.45,,,,,,12.2,,,,,,2.75,161.22918599999997,0.00486870792986327,-0.00486870792986327,,-0.0009284067526760253,
2007-04-14,,,,,,,,,,,,,,,,,,,2.75,,,,,,
2007-04-15,,,,,,,,,,,,,,,,,,,2.75,,,,,,
2007-04-16,119.84,1.355,,95.5538,4.74,2.3,2.44,,,,,,11.98,,,,,,2.75,162.38320000000002,,,,,
2007-04-17,118.96,1.3569,,95.3832,4.69,2.29,2.4,,,,,,12.14,,,,,,2.75,161.416824,-0.005968985778904035,0.005968985778904035,,-0.0017869773317675808,
2007-04-18,118.27,1.3574,,95.3109,4.66,2.26,2.4,,,861335.0,,0.0,12.42,,,,,,2.75,160.539698,-0.0054487367711235635,0.0054487367711235635,,-0.0007582825421899031,
2007-04-19,118.36,1.3605,,95.2712,4.68,2.27,2.41,,,,,,12.54,,,,,,2.75,161.02878,0.003041855222626566,-0.003041855222626566,,-0.00041661835580875106,
2007-04-20,118.81,1.3601,,95.1692,4.68,2.27,2.41,,,,,,12.07,,,,,,2.75,161.59348100000003,0.0035006981535943282,-0.0035006981535943282,,-0.0010712013811513543,
2007-04-21,,,,,,,,,,,,,,,,,,,2.75,,,,,,
2007-04-22,,,,,,,,,,,,,,,,,,,2.75,,,,,,
2007-04-23,118.47,1.358,,95.1833,4.66,2.25,2.41,,,,,,13.04,,,,,,2.75,160.88226,,,,,
2007-04-24,118.52,1.3622,,95.1608,4.63,2.21,2.42,,,,,,13.12,,,,,,2.75,161.447944,0.0035099694272728854,-0.0035099694272728854,,-0.0002364139482633476,
2007-04-25,118.62,1.3647,,94.8497,4.66,2.22,2.44,,,879686.0,,0.0,13.21,,,,,,2.75,161.880714,0.002676968142066194,-0.002676968142066194,,-0.0032745588058222808,
2007-04-26,119.5,1.359,,95.1653,4.69,2.26,2.43,,,,,,12.79,,,,,,2.75,162.4005,0.0032057758680608117,-0.0032057758680608117,,0.003321846067010803,
2007-04-27,119.59,1.3625,,95.0103,4.71,2.25,2.46,,,,,,12.45,,,,,,2.75,162.94137500000002,0.0033249669954065197,-0.0033249669954065197,,-0.0016300727782256885,
2007-04-28,,,,,,,,,,,,,,,,,,,2.75,,,,,,
2007-04-29,,,,,,,,,,,,,,,,,,,2.75,,,,,,
2007-04-30,119.44,1.366,,94.8365,4.63,2.2,2.43,,,,,,14.22,,,,,,2.75,163.15504,,,,,
2007-05-01,119.77,1.36,,95.0037,4.64,2.19,2.45,,,,7257.1,,13.51,,1.733,4.279047619,4.49,5.1458,2.75,162.8872,-0.0016429776721569311,0.0016429776721569311,,0.0017614819541131865,
2007-05-02,120.05,1.3598,,95.0352,4.65,2.22,2.43,,,890857.0,,0.0,13.08,,,,,,2.75,163.24399,0.002188016070108212,-0.002188016070108212,,0.0003315110778734365,
2007-05-03,120.33,1.3566,,95.0167,4.68,2.25,2.43,,,,,,13.09,,,,,,2.75,163.239678,-2.641479757148346e-05,2.641479757148346e-05,,-0.00019468366334063347,
2007-05-04,120.16,1.3587,,94.9118,4.65,2.24,2.41,,,,,,12.91,,,,,,2.75,163.261392,0.00013301028405265924,-0.00013301028405265924,,-0.0011046263269234302,
2007-05-05,,,,,,,,,,,,,,,,,,,2.75,,,,,,
2007-05-06,,,,,,,,,,,,,,,,,,,2.75,,,,,,
2007-05-07,119.96,1.3616,,94.6914,4.64,2.27,2.37,,,,,,13.15,,,,,,2.75,163.33753599999997,,,,,
2007-05-08,119.89,1.3532,,94.8648,4.63,2.27,2.36,,,,,,13.21,,,,,,2.75,162.235148,-0.0067720190738018715,0.0067720190738018715,,0.0018295370804768396,
2007-05-09,119.8,1.3549,,94.7933,4.67,2.29,2.38,,,875270.0,,0.0,12.88,,,,,,2.75,162.31701999999999,0.0005045229076188207,-0.0005045229076188207,,-0.0007539883968812333,
2007-05-10,120.37,1.3512,,94.9506,4.65,2.27,2.38,,,,,,13.6,,,,,,2.75,162.643944,0.0020120823514995223,-0.0020120823514995223,,0.00165802469576537,
2007-05-11,120.19,1.3519,,95.0035,4.67,2.3,2.37,,,,,,12.95,,,,,,2.75,162.484861,-0.0009785845501770751,0.0009785845501770751,,0.0005569766734971893,
2007-05-12,,,,,,,,,,,,,,,,,,,2.75,,,,,,
2007-05-13,,,,,,,,,,,,,,,,,,,2.75,,,,,,
2007-05-14,120.37,1.3544,,94.8267,4.69,2.32,2.37,,,,,,13.96,,,,,,2.75,163.02912800000001,,,,,
2007-05-15,120.22,1.3603,,94.5574,4.71,2.37,2.34,,,,,,14.01,,,,,,2.75,163.535266,0.0030997770398313307,-0.0030997770398313307,,-0.002843957666037511,
2007-05-16,120.74,1.3522,,94.8143,4.71,2.38,2.33,,,859559.0,,0.0,13.5,,,,,,2.75,163.264628,-0.0016562922255429768,0.0016562922255429768,,0.002713184257147283,
2007-05-17,121.3,1.3494,,94.8339,4.76,2.41,2.35,,,,,,13.51,,,,,,2.75,163.68222,0.0025544961184724713,-0.0025544961184724713,,0.00020669850881560592,
2007-05-18,121.09,1.3511,,94.6573,4.81,2.46,2.35,,,,,,12.76,,,,,,2.75,163.604699,-0.00047371891114167397,0.00047371891114167397,,-0.001863939339976639,
2007-05-19,,,,,,,,,,,,,,,,,,,2.75,,,,,,
2007-05-20,,,,,,,,,,,,,,,,,,,2.75,,,,,,
2007-05-21,121.57,1.3457,,94.7026,4.79,2.43,2.36,,,,,,13.3,,,,,,2.75,163.596749,,,,,
2007-05-22,121.47,1.3464,,94.5753,4.83,2.48,2.35,,,,,,13.06,,,,,,2.75,163.547208,-0.00030286972642201704,0.00030286972642201704,,-0.0013451123368755091,
2007-05-23,121.52,1.3482,,94.4557,4.86,2.5,2.36,,,873935.0,,0.0,13.24,,,,,,2.75,163.833264,0.0017475451180795076,-0.0017475451180795076,,-0.0012654010819286299,
2007-05-24,121.46,1.3429,,94.7025,4.86,2.48,2.38,,,,,,14.08,,,,,,2.75,163.108634,-0.004432782650297007,0.004432782650297007,,0.0026094574810286986,
2007-05-25,121.72,1.3452,,94.5022,4.86,2.49,2.37,,,,,,13.34,,,,,,2.75,163.737744,0.0038495808383265384,-0.0038495808383265384,,-0.0021172843468155733,
2007-05-26,,,,,,,,,,,,,,,,,,,2.75,,,,,,
2007-05-27,,,,,,,,,,,,,,,,,,,2.75,,,,,,
2007-05-28,,,,94.4959,,,,,,,,,,,,,,,2.75,,,,,,
2007-05-29,121.79,1.3483,,94.3533,4.88,2.54,2.34,,,,,,13.53,,,,,,2.75,164.20945700000001,,,,-0.0015101999595694693,
2007-05-30,121.48,1.3419,,94.549,4.88,2.52,2.36,,,876986.0,,0.0,12.83,,,,,,2.75,163.014012,-0.007306629454587821,0.007306629454587821,,0.0020719712784087463,
2007-05-31,121.76,1.3453,,94.3215,4.9,2.54,2.36,,,,,,13.05,,,,,,2.75,163.803728,0.004832770320413182,-0.004832770320413182,,-0.002409059223393406,
2007-06-01,122.1,1.344,,94.132,4.95,2.57,2.38,,,,7290.6,,12.78,,1.903,4.5604761905,4.772,5.4321,2.75,164.1024,0.0018216925948806306,-0.0018216925948806306,,-0.0020111068658330566,
2007-06-02,,,,,,,,,,,,,,,,,,,2.75,,,,,,
2007-06-03,,,,,,,,,,,,,,,,,,,2.75,,,,,,
2007-06-04,121.72,1.3488,,93.9969,4.93,2.55,2.38,,,,,,13.29,,,,,,2.75,164.175936,,,,,
2007-06-05,121.49,1.3526,,93.9986,4.98,2.6,2.38,,,,,,13.63,,,,,,2.75,164.327374,0.0009219877311288371,-0.0009219877311288371,,1.808553928217549e-05,
2007-06-06,121.08,1.3492,,94.1217,4.97,2.58,2.39,,,872706.0,,0.0,14.87,,,,,,2.75,163.361136,-0.005897312666477639,0.005897312666477639,,0.0013087372024216393,
2007-06-07,121.34,1.3456,,94.3537,5.11,2.7,2.41,,,,,,17.06,,,,,,2.75,163.275104,-0.0005267756081774877,0.0005267756081774877,,0.0024618609874256236,
2007-06-08,121.62,1.3359,,94.7599,5.12,2.69,2.43,,,,,,14.84,,,,,,2.75,162.472158,-0.004929881045105056,0.004929881045105056,,0.0042958372605150785,
2007-06-09,,,,,,,,,,,,,,,,,,,2.75,,,,,,
2007-06-10,,,,,,,,,,,,,,,,,,,2.75,,,,,,
2007-06-11,121.78,1.3359,,94.6576,5.14,2.72,2.42,,,,,,14.71,,,,,,2.75,162.685902,,,,,
2007-06-12,121.76,1.3325,,94.6991,5.26,2.83,2.43,,,,,,16.67,,,,,,2.75,162.2452,-0.00271258902281879,0.00271258902281879,,0.00043832619246586546,
2007-06-13,122.37,1.3295,,94.9011,5.2,2.75,2.45,,,864989.0,,0.0,14.73,,,,,,3.0,162.690915,0.0027434025272761176,-0.0027434025272761176,,0.00213080024629253,
2007-06-14,122.97,1.3311,,94.9029,5.23,2.77,2.46,,,,,,13.64,,,,,,3.0,163.68536699999999,0.006093917556677653,-0.006093917556677653,,1.8966934312025785e-05,
2007-06-15,123.55,1.3365,,94.6228,5.16,2.73,2.43,,,,,,13.94,,,,,,3.0,165.124575,0.008754097776263237,-0.008754097776263237,,-0.002955801814009007,
2007-06-16,,,,,,,,,,,,,,,,,,,3.0,,,,,,
2007-06-17,,,,,,,,,,,,,,,,,,,3.0,,,,,,
2007-06-18,123.67,1.3401,,94.5475,5.15,2.73,2.42,,,,,,13.42,,,,,,3.0,165.73016700000002,,,,,
2007-06-19,123.39,1.3416,,94.3227,5.09,2.67,2.42,,,,,,12.85,,,,,,3.0,165.540024,-0.001147963360707216,0.001147963360707216,,-0.0023804719448090594,
2007-06-20,123.6,1.3426,,94.3618,5.14,2.73,2.41,,,866089.0,,0.0,14.67,,,,,,3.0,165.94536,0.0024455751088003908,-0.0024455751088003908,,0.00041444846354288245,
2007-06-21,123.68,1.3399,,94.6073,5.16,2.74,2.42,,,,,,14.21,,,,,,3.0,165.71883200000002,-0.001366008394567686,0.001366008394567686,,0.0025983098624973167,
2007-06-22,124.09,1.3438,,94.4371,5.14,2.7,2.44,,,,,,15.75,,,,,,3.0,166.75214200000002,0.006215961138903658,-0.006215961138903658,,-0.0018006356812101387,
2007-06-23,,,,,,,,,,,,,,,,,,,3.0,,,,,,
2007-06-24,,,,,,,,,,,,,,,,,,,3.0,,,,,,
2007-06-25,123.84,1.345,,94.5105,5.09,2.67,2.42,,,,,,16.65,,,,,,3.0,166.5648,,,,,
2007-06-26,123.49,1.3468,,94.4678,5.1,2.7,2.4,,,,,,18.89,,,,,,3.0,166.316332,-0.0014928334607056115,0.0014928334607056115,,-0.0004519037447856533,
2007-06-27,122.52,1.3433,,94.5633,5.09,2.7,2.39,,,865105.0,,0.0,15.53,,,,,,3.0,164.58111599999998,-0.010488034383108413,0.010488034383108413,,0.001010415832367606,
2007-06-28,123.01,1.3466,,94.2395,5.12,2.73,2.39,,,,,,15.54,,,,,,3.0,165.64526600000002,0.00644499495833184,-0.00644499495833184,,-0.003430037239522399,
2007-06-29,123.39,1.352,,94.1393,5.03,2.65,2.38,,,,,,16.23,,,,,,3.0,166.82328,0.00708649852147758,-0.00708649852147758,,-0.001063814075147107,
2007-06-30,,,,,,,,,,,,,,,,,,,3.0,,,,,,
2007-07-01,,,,,,,,,,,7321.8,,,,1.809,4.505,4.76,5.4084,3.0,,,,,,
2007-07-02,122.32,1.3627,,93.634,5.0,2.61,2.39,,,,,,15.4,,,,,,3.0,166.685464,,,,,
2007-07-03,122.4,1.3615,,93.697,5.05,2.68,2.37,,,,,,14.92,,,,,,3.0,166.6476,-0.0002271841845420397,0.0002271841845420397,,0.0006726062677842037,
2007-07-04,,,,93.6965,,,,,,876611.0,,0.0,,,,,,,3.0,,,,,-5.336364388597303e-06,
2007-07-05,122.82,1.3592,,93.7653,5.16,2.76,2.4,,,,,,15.48,,,,,,3.0,166.93694399999998,,,,0.0007340162431921371,
2007-07-06,123.27,1.3626,,93.5759,5.19,2.79,2.4,,,,,,14.72,,,,,,3.0,167.967702,0.006155550644020735,-0.006155550644020735,,-0.002021979837095067,
2007-07-07,,,,,,,,,,,,,,,,,,,3.0,,,,,,
2007-07-08,,,,,,,,,,,,,,,,,,,3.0,,,,,,
2007-07-09,123.34,1.3623,,93.5519,5.16,2.75,2.41,,,,,,15.16,,,,,,3.0,168.026082,,,,,
2007-07-10,122.19,1.3714,,93.3339,5.03,2.64,2.39,,,,,,17.57,,,,,,3.0,167.57136599999998,-0.002709891156666977,0.002709891156666977,,-0.002332976597228864,
2007-07-11,122.13,1.3757,,93.3089,5.09,2.71,2.38,,,869407.0,,0.0,16.64,,,,,,3.0,168.014241,0.0026394174712525142,-0.0026394174712525142,,-0.0002678913962874674,
2007-07-12,122.5,1.3776,,93.1198,5.13,2.74,2.39,,,,,,15.54,,,,,,3.0,168.756,0.00440514100830125,-0.00440514100830125,,-0.002028658300494257,
2007-07-13,121.99,1.3788,,93.0133,5.11,2.73,2.38,,,,,,15.15,,,,,,3.0,168.199812,-0.0033012548548922993,0.0033012548548922993,,-0.001144342533617504,
2007-07-14,,,,,,,,,,,,,,,,,,,3.0,,,,,,
2007-07-15,,,,,,,,,,,,,,,,,,,3.0,,,,,,
2007-07-16,121.9,1.3785,,92.9094,5.05,2.69,2.36,,,,,,15.59,,,,,,3.0,168.03915,,,,,
2007-07-17,122.36,1.3782,,92.9095,5.08,2.73,2.35,,,,,,15.63,,,,,,3.0,168.63655200000002,0.0035488312547338197,-0.0035488312547338197,,1.0763167797023243e-06,
2007-07-18,121.83,1.3808,,92.7959,5.02,2.64,2.38,,,872916.0,,0.0,16.0,,,,,,3.0,168.222864,-0.002456147510331519,0.002456147510331519,,-0.0012234433050393179,
2007-07-19,122.06,1.3811,,92.7332,5.04,2.65,2.39,,,,,,15.23,,,,,,3.0,168.577066,0.0021033385047521946,-0.0021033385047521946,,-0.0006759047759850034,
2007-07-20,121.15,1.3831,,92.7179,4.96,2.6,2.36,,,,,,16.95,,,,,,3.0,167.562565,-0.006036206307034497,0.006036206307034497,,-0.00016500306587197144,
2007-07-21,,,,,,,,,,,,,,,,,,,3.0,,,,,,
2007-07-22,,,,,,,,,,,,,,,,,,,3.0,,,,,,
2007-07-23,121.31,1.3817,,92.6585,4.97,2.63,2.34,,,,,,16.81,,,,,,3.0,167.614027,,,,,
2007-07-24,120.57,1.3824,,92.505,4.94,2.58,2.36,,,,,,18.55,,,,,,3.0,166.675968,-0.005612261666440688,0.005612261666440688,,-0.0016579945309258548,
2007-07-25,120.33,1.3711,,92.9189,4.92,2.56,2.36,,,863890.0,,0.0,18.1,,,,,,3.0,164.984463,-0.010200310366330179,0.010200310366330179,,0.004464372580234688,
2007-07-26,119.14,1.373,,93.1186,4.79,2.47,2.32,,,,,,20.74,,,,,,3.0,163.57922,-0.008553906844167791,0.008553906844167791,,0.00214687981404893,
2007-07-27,118.56,1.3647,,93.5485,4.8,2.48,2.32,,,,,,24.17,,,,,,3.0,161.798832,-0.01094361317666781,0.01094361317666781,,0.004606068879392744,
2007-07-28,,,,,,,,,,,,,,,,,,,3.0,,,,,,
2007-07-29,,,,,,,,,,,,,,,,,,,3.0,,,,,,
2007-07-30,118.41,1.3681,,93.5918,4.82,2.49,2.33,,,,,,20.87,,,,,,3.0,161.996721,,,,,
2007-07-31,119.13,1.3711,,93.4264,4.78,2.44,2.34,,,,,,23.52,,,,,,3.0,163.33914299999998,0.008252576904945741,-0.008252576904945741,,-0.0017688122666550399,
2007-08-01,118.71,1.3682,,93.4011,4.76,2.44,2.32,,,870261.0,7397.0,0.0,23.67,,1.577,4.2965217391,4.584,5.1499,3.0,162.419022,-0.005649119781539369,0.005649119781539369,,-0.0002708380742095784,
2007-08-02,119.35,1.3693,,93.3038,4.77,2.46,2.31,,,,,,21.22,,,,,,3.0,163.425955,0.006180461730687092,-0.006180461730687092,,-0.0010422866117449914,
2007-08-03,118.43,1.3785,,93.1039,4.71,2.44,2.27,,,,,,25.16,,,,,,3.0,163.25575500000002,-0.0010419929257716731,0.0010419929257716731,,-0.0021447620095988995,
2007-08-04,,,,,,,,,,,,,,,,,,,3.0,,,,,,
2007-08-05,,,,,,,,,,,,,,,,,,,3.0,,,,,,
2007-08-06,118.04,1.3789,,93.1112,4.72,2.46,2.26,,,,,,22.94,,,,,,3.0,162.765356,,,,,
2007-08-07,118.48,1.3747,,93.3171,4.77,2.51,2.26,,,,,,21.56,,,,,,3.0,162.874456,0.0006700655144831202,-0.0006700655144831202,,0.002208893003037282,
2007-08-08,119.76,1.3808,,93.0989,4.84,2.58,2.26,,,865453.0,,0.0,21.45,,,,,,3.0,165.364608,0.015173086003619218,-0.015173086003619218,,-0.002341001841579704,
2007-08-09,118.69,1.3701,,93.441,4.79,2.54,2.25,,,,,,26.48,,,,,,3.0,162.61716900000002,-0.016753999513060336,0.016753999513060336,,0.0036678521166413347,
2007-08-10,118.0,1.3686,,93.5214,4.81,2.56,2.25,,,,,,28.3,,,,,,3.0,161.4948,-0.006925837943414059,0.006925837943414059,,0.0008600660341979705,
2007-08-11,,,,,,,,,,,,,,,,,,,3.0,,,,,,
2007-08-12,,,,,,,,,,,,,,,,,,,3.0,,,,,,
2007-08-13,118.47,1.3624,,93.6032,4.78,2.52,2.26,,,,,,26.57,,,,,,3.0,161.403528,,,,,
2007-08-14,118.21,1.3581,,94.0416,4.73,2.49,2.24,,,,,,27.68,,,,,,3.0,160.541001,-0.005358246442837888,0.005358246442837888,,0.004672666630375133,
2007-08-15,117.19,1.3479,,94.5014,4.69,2.46,2.23,,,864931.0,,0.0,30.67,,,,,,3.0,157.96040100000002,-0.016204992857573153,0.016204992857573153,,0.004877411641061258,
2007-08-16,114.03,1.3402,,94.9055,4.6,2.39,2.21,,,,,,30.83,,,,,,3.0,152.82300600000002,-0.033063946806398015,0.033063946806398015,,0.004267010474626964,
2007-08-17,113.81,1.3492,,94.319,4.68,2.45,2.23,,,,,,29.99,,,,,,3.0,153.552452,0.004761787272956397,-0.004761787272956397,,-0.006199005711747141,
2007-08-18,,,,,,,,,,,,,,,,,,,3.0,,,,,,
2007-08-19,,,,,,,,,,,,,,,,,,,3.0,,,,,,
2007-08-20,114.49,1.3468,,94.2138,4.64,2.44,2.2,,,,,,26.33,,,,,,3.0,154.195132,,,,,
2007-08-21,114.42,1.3483,,94.2676,4.6,2.38,2.22,,,,,,25.25,,,,,,3.0,154.27248600000001,0.0005015372577714672,-0.0005015372577714672,,0.0005708786273990185,
2007-08-22,114.95,1.3535,,94.0998,4.63,2.42,2.21,,,862775.0,,0.0,22.89,,,,,,3.0,155.584825,0.008470652783134192,-0.008470652783134192,,-0.0017816251048294873,
2007-08-23,115.81,1.356,,93.9827,4.62,2.39,2.23,,,,,,22.62,,,,,,3.0,157.03836,0.00929902543308092,-0.00929902543308092,,-0.0012451984116594872,
2007-08-24,116.12,1.3645,,93.6863,4.63,2.4,2.23,,,,,,20.72,,,,,,3.0,158.44574,0.00892209360819507,-0.00892209360819507,,-0.0031587555371430653,
2007-08-25,,,,,,,,,,,,,,,,,,,3.0,,,,,,
2007-08-26,,,,,,,,,,,,,,,,,,,3.0,,,,,,
2007-08-27,116.05,1.3645,,93.6109,4.6,2.38,2.22,,,,,,22.72,,,,,,3.0,158.350225,,,,,
2007-08-28,114.7,1.3626,,93.8394,4.53,2.33,2.2,,,,,,26.3,,,,,,3.0,156.29022,-0.013094530393946258,0.013094530393946258,,0.0024379807680103838,
2007-08-29,115.52,1.3675,,93.7174,4.57,2.38,2.19,,,872873.0,,0.0,23.81,,,,,,3.0,157.97359999999998,0.010713266965759694,-0.010713266965759694,,-0.0013009394189547052,
2007-08-30,115.81,1.3648,,93.7324,4.51,2.32,2.19,,,,,,25.06,,,,,,3.0,158.057488,0.0005308844930489443,-0.0005308844930489443,,0.00016004284914750144,
2007-08-31,115.83,1.3641,,93.6674,4.54,2.34,2.2,,,,,,23.38,,,,,,3.0,158.003703,-0.0003403454903718739,0.0003403454903718739,,-0.000693704076596191,
2007-09-01,,,,,,,,,,,7413.8,,,,1.698,4.226,4.574,4.9928,3.0,,,,,,
2007-09-02,,,,,,,,,,,,,,,,,,,3.0,,,,,,
2007-09-03,115.83,1.3641,,93.6691,,,,,,,,,,,,,,,3.0,158.003703,,,,,
2007-09-04,116.21,1.3606,,93.6433,4.56,2.36,2.2,,,,,,22.78,,,,,,3.0,158.11532599999998,0.0007062087024136687,-0.0007062087024136687,,-0.0002754756242842049,
2007-09-05,115.15,1.3669,,93.5453,4.48,2.29,2.19,,,871156.0,,0.0,24.58,,,,,,3.0,157.398535,-0.004543649720440968,0.004543649720440968,,-0.0010470724066919956,
2007-09-06,115.33,1.3697,,93.4468,4.51,2.32,2.19,,,,,,23.99,,,,,,3.0,157.967501,0.0036082935533210403,-0.0036082935533210403,,-0.0010535205402844028,
2007-09-07,113.57,1.3772,,93.2939,4.38,2.19,2.19,,,,,,26.23,,,,,,3.0,156.408604,-0.00991748261069958,0.00991748261069958,,-0.001637565181755285,
2007-09-08,,,,,,,,,,,,,,,,,,,3.0,,,,,,
2007-09-09,,,,,,,,,,,,,,,,,,,3.0,,,,,,
2007-09-10,113.43,1.3794,,93.2349,4.34,2.14,2.2,,,,,,27.38,,,,,,3.0,156.465342,,,,,
2007-09-11,113.97,1.3837,,92.9244,4.37,2.16,2.21,,,,,,25.27,,,,,,3.0,157.700289,0.007861797974840101,-0.007861797974840101,,-0.003335855774438734,
2007-09-12,114.24,1.3904,,92.6386,4.41,2.18,2.23,,,886314.0,,0.0,24.96,,,,,,3.0,158.839296,0.007196647559419844,-0.007196647559419844,,-0.003080357894482688,
2007-09-13,115.37,1.3885,,92.6172,4.49,2.24,2.25,,,,,,24.76,,,,,,3.0,160.191245,0.008475408583650257,-0.008475408583650257,,-0.000231031903942025,
2007-09-14,115.31,1.3848,,92.7083,4.47,2.2,2.27,,,,,,24.92,,,,,,3.0,159.681288,-0.0031885040410282173,0.0031885040410282173,,0.0009831351577389569,
2007-09-15,,,,,,,,,,,,,,,,,,,3.0,,,,,,
2007-09-16,,,,,,,,,,,,,,,,,,,3.0,,,,,,
2007-09-17,114.93,1.386,,92.823,4.48,2.21,2.27,,,,,,26.48,,,,,,3.0,159.29298,,,,,
2007-09-18,115.75,1.3869,,92.6584,4.5,2.19,2.31,,,,,,20.35,,,,,,3.0,160.53367500000002,0.007758585498117476,-0.007758585498117476,,-0.0017748415011791252,
2007-09-19,116.21,1.395,,92.1534,4.53,2.21,2.32,,,867732.0,,0.0,20.03,,,,,,3.0,162.11294999999998,0.009789580861615299,-0.009789580861615299,,-0.00546503261030562,
2007-09-20,114.18,1.4092,,91.4212,4.69,2.34,2.35,,,,,,20.45,,,,,,3.0,160.902456,-0.007494996487052319,0.007494996487052319,,-0.007977180751766788,
2007-09-21,115.6,1.4076,,91.4854,4.64,2.31,2.33,,,,,,19.0,,,,,,3.0,162.71856,0.011223764682511295,-0.011223764682511295,,0.0007019976604070166,
2007-09-22,,,,,,,,,,,,,,,,,,,3.0,,,,,,
2007-09-23,,,,,,,,,,,,,,,,,,,3.0,,,,,,
2007-09-24,114.92,1.4086,,91.4017,4.63,2.33,2.3,,,,,,19.37,,,,,,3.0,161.876312,,,,,
2007-09-25,114.48,1.4128,,91.3392,4.63,2.34,2.29,,,,,,18.6,,,,,,3.0,161.737344,-0.0008588513245078033,0.0008588513245078033,,-0.0006840286157823172,
2007-09-26,115.66,1.4126,,91.4335,4.63,2.34,2.29,,,889900.0,,0.0,17.63,,,,,,3.0,163.381316,0.0101131446070033,-0.0101131446070033,,0.001031882861799005,
2007-09-27,115.76,1.4138,,91.3497,4.58,2.27,2.31,,,,,,17.0,,,,,,3.0,163.661488,0.0017133663551884837,-0.0017133663551884837,,-0.0009169333491412246,
2007-09-28,114.97,1.4219,,90.9446,4.59,2.27,2.32,,,,,,18.0,,,,,,3.0,163.475843,-0.001134966892104572,0.001134966892104572,,-0.004444468826927839,
2007-09-29,,,,,,,,,,,,,,,,,,,3.0,,,,,,
2007-09-30,,,,,,,,,,,,,,,,,,,3.0,,,,,,
2007-10-01,115.91,1.4229,,90.8801,4.56,2.26,2.3,,,,7429.0,,17.84,,1.616,4.2826086957,4.591,4.9576,3.0,164.928339,,,,,
2007-10-02,115.83,1.4163,,91.12,4.54,2.23,2.31,,,,,,18.49,,,,,,3.0,164.050029,-0.005339634287693684,0.005339634287693684,,0.002636263814578932,
2007-10-03,116.74,1.4135,,91.1038,4.55,2.25,2.3,,,869051.0,,0.0,18.8,,,,,,3.0,165.01199,0.0058467017446846015,-0.0058467017446846015,,-0.00017780333900052625,
2007-10-04,116.59,1.4128,,91.1632,4.54,2.24,2.3,,,,,,18.44,,,,,,3.0,164.718352,-0.0017810801143944843,0.0017810801143944843,,0.0006517910768586432,
2007-10-05,116.83,1.4154,,90.7393,4.65,2.34,2.31,,,,,,16.91,,,,,,3.0,165.36118199999999,0.003895005575845545,-0.003895005575845545,,-0.004660747019411993,
2007-10-06,,,,,,,,,,,,,,,,,,,3.0,,,,,,
2007-10-07,,,,,,,,,,,,,,,,,,,3.0,,,,,,
2007-10-08,116.83,1.4154,,90.748,,,,,,,,,17.46,,,,,,3.0,165.36118199999999,,,,,
2007-10-09,116.98,1.4092,,90.8609,4.67,2.34,2.33,,,,,,16.12,,,,,,3.0,164.848216,-0.0031069158887788717,0.0031069158887788717,,0.0012433312964743592,
2007-10-10,117.17,1.4157,,90.7154,4.65,2.33,2.32,,,886363.0,,0.0,16.67,,,,,,3.0,165.877569,0.0062248325985532205,-0.0062248325985532205,,-0.0016026324045839146,
2007-10-11,117.71,1.4228,,90.4901,4.66,2.32,2.34,,,,,,18.88,,,,,,3.0,167.477788,0.009600753418173902,-0.009600753418173902,,-0.0024866807695875792,
2007-10-12,117.5,1.4168,,90.5945,4.7,2.36,2.34,,,,,,17.73,,,,,,3.0,166.47400000000002,-0.006011592445851477,0.006011592445851477,,0.0011530523475427046,
2007-10-13,,,,,,,,,,,,,,,,,,,3.0,,,,,,
2007-10-14,,,,,,,,,,,,,,,,,,,3.0,,,,,,
2007-10-15,117.37,1.4216,,90.5387,4.69,2.34,2.35,,,,,,19.25,,,,,,3.0,166.853192,,,,,
2007-10-16,116.61,1.4165,,90.7123,4.66,2.31,2.35,,,,,,20.02,,,,,,3.0,165.178065,-0.010090262149661022,0.010090262149661022,,0.0019155762239595475,
2007-10-17,116.62,1.4208,,90.515,4.57,2.22,2.35,,,869509.0,,0.0,18.54,,,,,,3.0,165.69369600000002,0.003116805229102404,-0.003116805229102404,,-0.0021773770061077613,
2007-10-18,115.64,1.4291,,90.3084,4.52,2.2,2.32,,,,,,18.5,,,,,,3.0,165.261124,-0.002614086396020454,0.002614086396020454,,-0.0022851034755477784,
2007-10-19,115.15,1.4263,,90.1014,4.41,2.09,2.32,,,,,,22.96,,,,,,3.0,164.23844499999998,-0.006207487839824388,0.006207487839824388,,-0.0022947765679965926,
2007-10-20,,,,,,,,,,,,,,,,,,,3.0,,,,,,
2007-10-21,,,,,,,,,,,,,,,,,,,3.0,,,,,,
2007-10-22,114.07,1.4138,,90.6777,4.42,2.11,2.31,,,,,,21.64,,,,,,3.0,161.27216599999997,,,,,
2007-10-23,114.65,1.4248,,90.1899,4.41,2.11,2.3,,,,,,20.41,,,,,,3.0,163.35332000000002,0.012822052502706072,-0.012822052502706072,,-0.0053940139939587795,
2007-10-24,113.94,1.4237,,90.2262,4.36,2.07,2.29,,,881395.0,,0.0,20.8,,,,,,3.0,162.216378,-0.006984351607416173,0.006984351607416173,,0.00040240311690364905,
2007-10-25,114.09,1.4299,,89.9925,4.37,2.04,2.33,,,,,,21.17,,,,,,3.0,163.137291,0.005661011675130112,-0.005661011675130112,,-0.00259351699901611,
2007-10-26,114.01,1.439,,89.6508,4.41,2.05,2.36,,,,,,19.56,,,,,,3.0,164.06039,0.005642469385916726,-0.005642469385916726,,-0.00380420992144348,
2007-10-27,,,,,,,,,,,,,,,,,,,3.0,,,,,,
2007-10-28,,,,,,,,,,,,,,,,,,,3.0,,,,,,
2007-10-29,114.69,1.4405,,89.4118,4.39,2.04,2.35,,,,,,19.87,,,,,,3.0,165.21094499999998,,,,,
2007-10-30,114.72,1.4424,,89.3252,4.4,2.06,2.34,,,,,,21.07,,,,,,3.0,165.472128,0.0015796578394038363,-0.0015796578394038363,,-0.0009690215990696416,
2007-10-31,115.27,1.4468,,89.1389,4.48,2.14,2.34,,,883385.0,,0.0,18.53,,,,,,3.0,166.772636,0.00782865395044574,-0.00782865395044574,,-0.0020878156186379115,
2007-11-01,114.87,1.4435,,89.1628,4.36,2.0,2.36,,,,7454.0,,23.21,,1.497,4.0890909091,4.449,4.7263,3.0,165.81484500000002,-0.005759649430561176,0.005759649430561176,,0.0002680849385408024,
2007-11-02,114.74,1.4481,,88.8924,4.31,1.92,2.39,,,,,,23.01,,,,,,3.0,166.154994,0.002049277247979653,-0.002049277247979653,,-0.003037262690099851,
2007-11-03,,,,,,,,,,,,,,,,,,,3.0,,,,,,
2007-11-04,,,,,,,,,,,,,,,,,,,3.0,,,,,,
2007-11-05,114.54,1.4469,,88.8851,4.35,1.94,2.41,,,,,,24.31,,,,,,3.0,165.72792600000002,,,,,
2007-11-06,114.51,1.4555,,88.4938,4.38,1.93,2.45,,,,,,21.39,,,,,,3.0,166.669305,0.005664195902179259,-0.005664195902179259,,-0.004412031360598867,
2007-11-07,113.29,1.4667,,88.0631,4.34,1.91,2.43,,,885724.0,,0.0,26.49,,,,,,3.0,166.162443,-0.0030457574728197656,0.0030457574728197656,,-0.004878890084152765,
2007-11-08,112.66,1.4691,,88.2631,4.28,1.88,2.4,,,,,,26.16,,,,,,3.0,165.508806,-0.003941480295157618,0.003941480295157618,,0.0022685237448545337,
2007-11-09,110.9,1.4665,,88.4615,4.23,1.82,2.41,,,,,,28.5,,,,,,3.0,162.63485,-0.017516898069121822,0.017516898069121822,,0.0022453023897162083,
2007-11-10,,,,,,,,,,,,,,,,,,,3.0,,,,,,
2007-11-11,,,,,,,,,,,,,,,,,,,3.0,,,,,,
2007-11-12,,,,88.465,,,,,,,,,31.09,,,,,,3.0,,,,,,
2007-11-13,110.31,1.4598,,89.1016,4.26,1.86,2.4,,,,,,24.1,,,,,,3.0,161.030538,,,,0.00717029810185732,
2007-11-14,111.38,1.467,,88.9671,4.28,1.88,2.4,,,889537.0,,0.0,25.94,,,,,,3.0,163.39446,0.01457325330568171,-0.01457325330568171,,-0.0015106531982125304,
2007-11-15,110.78,1.4639,,89.4413,4.17,1.81,2.36,,,,,,28.06,,,,,,3.0,162.170842,-0.007516917522180755,0.007516917522180755,,0.00531590571626861,
2007-11-16,111.05,1.4652,,89.3182,4.15,1.8,2.35,,,,,,25.49,,,,,,3.0,162.71046,0.003321942462772398,-0.003321942462772398,,-0.001377269677512949,
2007-11-17,,,,,,,,,,,,,,,,,,,3.0,,,,,,
2007-11-18,,,,,,,,,,,,,,,,,,,3.0,,,,,,
2007-11-19,110.05,1.4658,,89.5262,4.07,1.7,2.37,,,,,,26.01,,,,,,3.0,161.31128999999999,,,,,
2007-11-20,110.05,1.4787,,89.2622,4.06,1.68,2.38,,,,,,24.88,,,,,,3.0,162.730935,0.008762154887691942,-0.008762154887691942,,-0.0029532138759824633,
2007-11-21,108.54,1.4829,,89.3352,4.0,1.62,2.38,,,891028.0,,0.0,26.84,,,,,,3.0,160.953966,-0.010979732735630243,0.010979732735630243,,0.0008174811510732738,
2007-11-22,108.54,1.4829,,89.3269,,,,,,,,,,,,,,,3.0,160.953966,0.0,-0.0,,-9.291282265166956e-05,
2007-11-23,108.17,1.4825,,89.2384,4.01,1.63,2.38,,,,,,25.61,,,,,,3.0,160.362025,-0.003684483102203373,0.003684483102203373,,-0.0009912341003124325,
2007-11-24,,,,,,,,,,,,,,,,,,,3.0,,,,,,
2007-11-25,,,,,,,,,,,,,,,,,,,3.0,,,,,,
2007-11-26,108.17,1.4862,,89.145,3.83,1.45,2.38,,,,,,28.91,,,,,,3.0,160.762254,,,,,
2007-11-27,108.64,1.4817,,89.4082,3.95,1.58,2.37,,,,,,26.28,,,,,,3.0,160.971888,0.0013031506595071463,-0.0013031506595071463,,0.0029481430815527787,
2007-11-28,110.38,1.475,,89.4195,4.03,1.71,2.32,,,879417.0,,0.0,24.11,,,,,,3.0,162.8105,0.011357206760200356,-0.011357206760200356,,0.0001263786316663129,
2007-11-29,109.94,1.4766,,89.3681,3.94,1.61,2.33,,,,,,23.97,,,,,,3.0,162.337404,-0.0029100377276956024,0.0029100377276956024,,-0.000574983963273823,
2007-11-30,111.02,1.4688,,89.6212,3.97,1.63,2.34,,,,,,22.87,,,,,,3.0,163.066176,0.004479196070661828,-0.004479196070661828,,0.002828103900006873,
2007-12-01,,,,,,,,,,,7482.7,,,,1.526,4.2058823529,4.538,4.6937,3.0,,,,,,
2007-12-02,,,,,,,,,,,,,,,,,,,3.0,,,,,,
2007-12-03,110.44,1.4657,,89.6403,3.89,1.57,2.32,,,,,,23.61,,,,,,3.0,161.871908,,,,,
2007-12-04,109.68,1.4759,,89.6672,3.89,1.59,2.3,,,,,,23.79,,,,,,3.0,161.876712,2.967734658110288e-05,-2.967734658110288e-05,,0.00030004322409027395,
2007-12-05,110.85,1.4666,,89.8751,3.92,1.66,2.26,,,882764.0,,0.0,22.53,,,,,,3.0,162.57260999999997,0.004289724280230445,-0.004289724280230445,,0.002315889825628581,
2007-12-06,111.05,1.4638,,89.9268,4.02,1.77,2.25,,,,,,20.96,,,,,,3.0,162.55499,-0.00010838821445702251,0.00010838821445702251,,0.0005750773648642848,
2007-12-07,111.72,1.4664,,89.74,4.12,1.86,2.26,,,,,,20.85,,,,,,3.0,163.82620799999998,0.0077898140949086425,-0.0077898140949086425,,-0.0020794055140864742,
2007-12-08,,,,,,,,,,,,,,,,,,,3.0,,,,,,
2007-12-09,,,,,,,,,,,,,,,,,,,3.0,,,,,,
2007-12-10,111.6,1.4714,,89.6811,4.15,1.89,2.26,,,,,,20.74,,,,,,3.0,164.20824,,,,,
2007-12-11,111.77,1.4702,,89.7176,3.98,1.73,2.25,,,,,,23.59,,,,,,3.0,164.324254,0.000706255892132468,-0.000706255892132468,,0.00040691488292399214,
2007-12-12,112.36,1.4702,,89.7349,4.05,1.78,2.27,,,881750.0,,0.0,22.47,,,,,,3.0,165.19167199999998,0.0052648138385222865,-0.0052648138385222865,,0.0001928086825611075,
2007-12-13,112.26,1.4591,,90.1374,4.18,1.87,2.31,,,,,,22.56,,,,,,3.0,163.79856600000002,-0.008469031391999948,0.008469031391999948,,0.004475404737851463,
2007-12-14,113.35,1.4433,,90.4345,4.24,1.9,2.34,,,,,,23.27,,,,,,3.0,163.598055,-0.0012248814569737476,0.0012248814569737476,,0.0032906589352377225,
2007-12-15,,,,,,,,,,,,,,,,,,,3.0,,,,,,
2007-12-16,,,,,,,,,,,,,,,,,,,3.0,,,,,,
2007-12-17,113.2,1.4369,,90.5363,4.2,1.86,2.34,,,,,,24.52,,,,,,3.0,162.65708,,,,,
2007-12-18,113.17,1.4392,,90.5602,4.14,1.8,2.34,,,,,,22.64,,,,,,3.0,162.874264,0.0013343356099300152,-0.0013343356099300152,,0.0002639476758385939,
2007-12-19,113.44,1.4344,,90.6147,4.06,1.73,2.33,,,887983.0,,0.0,21.68,,,,,,3.0,162.718336,-0.0009578105394325576,0.0009578105394325576,,0.0006016286101866442,
2007-12-20,112.97,1.4353,,90.4695,4.04,1.74,2.3,,,,,,20.58,,,,,,3.0,162.145841,-0.0035245227585685157,0.0035245227585685157,,-0.0016036742147393923,
2007-12-21,113.95,1.4361,,90.3672,4.18,1.84,2.34,,,,,,18.47,,,,,,3.0,163.643595,0.009194678442094428,-0.009194678442094428,,-0.0011314076281276897,
2007-12-22,,,,,,,,,,,,,,,,,,,3.0,,,,,,
2007-12-23,,,,,,,,,,,,,,,,,,,3.0,,,,,,
2007-12-24,114.45,1.4409,,90.1788,4.23,1.88,2.35,,,,,,18.6,,,,,,3.0,164.91100500000002,,,,,
2007-12-25,,,,90.1786,,,,,,,,,,,,,,,3.0,,,,,-2.217818620309231e-06,
2007-12-26,114.08,1.45,,89.9226,4.3,1.95,2.35,,,890662.0,,14000.0,18.66,,,,,,3.0,165.416,,,,-0.002842848047779789,
2007-12-27,114.0,1.4601,,89.684,4.21,1.85,2.36,,,,,,20.26,,,,,,3.0,166.4514,0.006239861821407899,-0.006239861821407899,,-0.002656919515884759,
2007-12-28,112.93,1.4718,,89.4069,4.11,1.78,2.33,,,,,,20.74,,,,,,3.0,166.210374,-0.001449075673936484,0.001449075673936484,,-0.0030945203930192733,
2007-12-29,,,,,,,,,,,,,,,,,,,3.0,,,,,,
2007-12-30,,,,,,,,,,,,,,,,,,,3.0,,,,,,
2007-12-31,111.71,1.4603,,89.6304,4.04,1.73,2.31,,,,,,22.5,,,,,,3.0,163.130113,,,,,
2008-01-01,,,,89.6297,,,,,,,7513.6,,,,1.429,4.0277272727,4.399,4.4925,3.0,,,,,-7.809880726128426e-06,
2008-01-02,109.7,1.4738,,89.3514,3.91,1.59,2.32,,,922187.0,,24000.0,23.17,,,,,,3.0,161.67586,,,,-0.0031098280688555135,
2008-01-03,109.58,1.4736,,89.231,3.91,1.58,2.33,,,,,,22.49,,,,,,3.0,161.477088,-0.0012302040027716288,0.0012302040027716288,,-0.001348397358780673,
2008-01-04,108.38,1.4786,,89.2467,3.88,1.56,2.32,,,,,,23.94,,,,,,3.0,160.250668,-0.00762399835034433,0.00762399835034433,,0.0001759323438221827,
2008-01-05,,,,,,,,,,,,,,,,,,,3.0,,,,,,
2008-01-06,,,,,,,,,,,,,,,,,,,3.0,,,,,,
2008-01-07,109.1,1.4684,,89.5718,3.86,1.57,2.29,,,,,,23.79,,,,,,3.0,160.20244,,,,,
2008-01-08,109.29,1.4717,,89.3398,3.86,1.57,2.29,,,,,,25.43,,,,,,3.0,160.842093,0.003984829396944889,-0.003984829396944889,,-0.0025934610169127126,
2008-01-09,109.4,1.4663,,89.6807,3.82,1.56,2.26,,,880754.0,,24000.0,24.12,,,,,,3.0,160.41322,-0.0026699838877348725,0.0026699838877348725,,0.003808506981658688,
2008-01-10,109.38,1.474,,89.6226,3.91,1.68,2.23,,,,,,23.45,,,,,,3.0,161.22611999999998,0.0050547406969938535,-0.0050547406969938535,,-0.0006480639456549753,
2008-01-11,109.11,1.4787,,89.5215,3.82,1.56,2.26,,,,,,23.68,,,,,,3.0,161.34095699999997,0.0007120193785405959,-0.0007120193785405959,,-0.0011287004231022024,
2008-01-12,,,,,,,,,,,,,,,,,,,3.0,,,,,,
2008-01-13,,,,,,,,,,,,,,,,,,,3.0,,,,,,
2008-01-14,108.18,1.4877,,89.2749,3.81,1.53,2.28,,,,,,22.9,,,,,,3.0,160.939386,,,,,
2008-01-15,107.07,1.4842,,89.1555,3.72,1.45,2.27,,,,,,23.34,,,,,,3.0,158.91329399999998,-0.012669076900267306,0.012669076900267306,,-0.0013383371647641695,
2008-01-16,107.27,1.4643,,89.6701,3.74,1.5,2.24,,,893581.0,,24000.0,24.38,,,,,,3.0,157.075461,-0.011632399535661975,0.011632399535661975,,0.00575534398280908,
2008-01-17,107.01,1.469,,89.6484,3.66,1.43,2.23,,,,,,28.46,,,,,,3.0,157.19769000000002,0.0007778520422379032,-0.0007778520422379032,,-0.00024202745512535984,
2008-01-18,106.82,1.4616,,89.8993,3.66,1.42,2.24,,,,,,27.18,,,,,,3.0,156.128112,-0.006827284237366449,0.006827284237366449,,0.002794802309506572,
2008-01-19,,,,,,,,,,,,,,,,,,,3.0,,,,,,
2008-01-20,,,,,,,,,,,,,,,,,,,3.0,,,,,,
2008-01-21,,,,89.9265,,,,,,,,,,,,,,,3.0,,,,,,
2008-01-22,106.76,1.4609,,89.84,3.52,1.28,2.24,,,,,,31.01,,,,,,3.0,155.965684,,,,-0.0009623595795194007,
2008-01-23,105.42,1.4574,,89.9138,3.51,1.31,2.2,,,877253.0,,24000.0,29.02,,,,,,3.0,153.639108,-0.015029611011549093,0.015029611011549093,,0.0008211231600840918,
2008-01-24,106.68,1.4737,,89.203,3.68,1.44,2.24,,,,,,27.78,,,,,,3.0,157.21431600000003,0.023003546869787783,-0.023003546869787783,,-0.007936762282866106,
2008-01-25,107.31,1.4673,,89.2184,3.61,1.34,2.27,,,,,,29.08,,,,,,3.0,157.455963,0.0015358746194262807,-0.0015358746194262807,,0.0001726250330769119,
2008-01-26,,,,,,,,,,,,,,,,,,,3.0,,,,,,
2008-01-27,,,,,,,,,,,,,,,,,,,3.0,,,,,,
2008-01-28,106.65,1.4789,,88.9555,3.61,1.33,2.28,,,,,,27.78,,,,,,3.0,157.72468500000002,,,,,
2008-01-29,107.08,1.4767,,88.8342,3.69,1.37,2.32,,,,,,27.32,,,,,,3.0,158.125036,0.0025350740417966477,-0.0025350740417966477,,-0.0013645337026968463,
2008-01-30,107.25,1.4782,,88.7442,3.78,1.45,2.33,,,900264.0,,24000.0,27.62,,,,,,3.0,158.53695,0.0026016020270329676,-0.0026016020270329676,,-0.0010136368804536389,
2008-01-31,106.74,1.4841,,88.6547,3.67,1.33,2.34,,,,,,26.2,,,,,,3.0,158.412834,-0.000783190351341112,0.000783190351341112,,-0.0010090255079768795,
2008-02-01,106.3,1.4851,,88.4824,3.62,1.31,2.31,,,,7600.3,,24.02,,1.429,3.9528571429,4.354,4.6234,3.0,157.86613,-0.003457103422769947,0.003457103422769947,,-0.001945386419214934,
2008-02-02,,,,,,,,,,,,,,,,,,,3.0,,,,,,
2008-02-03,,,,,,,,,,,,,,,,,,,3.0,,,,,,
2008-02-04,106.73,1.4832,,88.4788,3.68,1.38,2.3,,,,,,25.99,,,,,,3.0,158.301936,,,,,
2008-02-05,106.94,1.4638,,89.076,3.61,1.34,2.27,,,,,,28.24,,,,,,3.0,156.538772,-0.011200473049751913,0.011200473049751913,,0.006726962628334832,
2008-02-06,106.75,1.4647,,88.9987,3.61,1.36,2.25,,,871022.0,,24000.0,28.97,,,,,,3.0,156.35672499999998,-0.0011636282547167198,0.0011636282547167198,,-0.000868175039522967,
2008-02-07,106.82,1.4495,,89.4221,3.74,1.47,2.27,,,,,,27.66,,,,,,3.0,154.83559,-0.009776251159660632,0.009776251159660632,,0.004746092325230045,
2008-02-08,107.34,1.4505,,89.2226,3.64,1.36,2.28,,,,,,28.01,,,,,,3.0,155.69666999999998,0.005545847036806606,-0.005545847036806606,,-0.0022334844854965397,
2008-02-09,,,,,,,,,,,,,,,,,,,3.0,,,,,,
2008-02-10,,,,,,,,,,,,,,,,,,,3.0,,,,,,
2008-02-11,106.64,1.4506,,89.2149,3.62,1.32,2.3,,,,,,27.6,,,,,,3.0,154.691984,,,,,
2008-02-12,107.42,1.4592,,88.9539,3.66,1.36,2.3,,,,,,26.33,,,,,,3.0,156.747264,0.013198784997615398,-0.013198784997615398,,-0.002929807987673172,
2008-02-13,108.15,1.4569,,89.1382,3.7,1.42,2.28,,,883005.0,,24000.0,24.88,,,,,,3.0,157.563735,0.005195318261637105,-0.005195318261637105,,0.0020697163522784834,
2008-02-14,107.97,1.4635,,88.9055,3.85,1.57,2.28,,,,,,25.54,,,,,,3.0,158.014095,0.0028541948319720234,-0.0028541948319720234,,-0.0026139664868765067,
2008-02-15,107.67,1.4674,,88.9006,3.76,1.48,2.28,,,,,,25.02,,,,,,3.0,157.994958,-0.00012111678347004329,0.00012111678347004329,,-5.511621931120203e-05,
2008-02-16,,,,,,,,,,,,,,,,,,,3.0,,,,,,
2008-02-17,,,,,,,,,,,,,,,,,,,3.0,,,,,,
2008-02-18,,,,88.9004,,,,,,,,,,,,,,,3.0,,,,,,
2008-02-19,107.5,1.4742,,88.9626,3.89,1.56,2.33,,,,,,25.59,,,,,,3.0,158.4765,,,,0.000699414746581084,
2008-02-20,107.97,1.4663,,89.2572,3.93,1.55,2.38,,,878949.0,,10000.0,24.4,,,,,,3.0,158.316411,-0.0010106855808231785,0.0010106855808231785,,0.0033060329809355693,
2008-02-21,107.6,1.4813,,88.716,3.77,1.43,2.34,,,,,,25.12,,,,,,3.0,159.38788,0.0067450965736082225,-0.0067450965736082225,,-0.006081833311860407,
2008-02-22,106.98,1.4825,,88.7082,3.79,1.44,2.35,,,,,,24.06,,,,,,3.0,158.59785,-0.004968975340705839,0.004968975340705839,,-8.792487163589158e-05,
2008-02-23,,,,,,,,,,,,,,,,,,,3.0,,,,,,
2008-02-24,,,,,,,,,,,,,,,,,,,3.0,,,,,,
2008-02-25,107.88,1.4822,,88.5373,3.91,1.53,2.38,,,,,,23.03,,,,,,3.0,159.899736,,,,,
2008-02-26,107.73,1.4889,,88.0998,3.88,1.44,2.44,,,,,,21.9,,,,,,3.0,160.399197,0.0031187203788185514,-0.0031187203788185514,,-0.004953669355360013,
2008-02-27,106.38,1.5132,,87.3353,3.85,1.42,2.43,,,893825.0,,10000.0,22.69,,,,,,3.0,160.974216,0.0035785139054391735,-0.0035785139054391735,,-0.00871552886859206,
2008-02-28,105.64,1.5172,,87.0363,3.71,1.26,2.45,,,,,,23.53,,,,,,3.0,160.27700800000002,-0.004340584829369831,0.004340584829369831,,-0.003429460910490789,
2008-02-29,104.19,1.5187,,87.1654,3.53,1.1,2.43,,,,,,26.54,,,,,,3.0,158.233353,-0.01283275708335907,0.01283275708335907,,0.001482190169611819,
2008-03-01,,,,,,,,,,,7664.9,,,,1.245,3.7994736842,4.377,4.445,3.0,,,,,,
2008-03-02,,,,,,,,,,,,,,,,,,,3.0,,,,,,
2008-03-03,103.57,1.5195,,87.2381,3.54,1.08,2.46,,,,,,26.28,,,,,,3.0,157.374615,,,,,
2008-03-04,102.67,1.521,,87.3039,3.63,1.15,2.48,,,,,,25.52,,,,,,3.0,156.16107,-0.007741071387468601,0.007741071387468601,,0.0007539732914381148,
2008-03-05,103.99,1.5282,,87.1347,3.7,1.16,2.54,,,881208.0,,0.0,24.6,,,,,,3.0,158.917518,0.01749733831544109,-0.01749733831544109,,-0.0019399382139431154,
2008-03-06,103.1,1.5356,,86.9105,3.62,1.07,2.55,,,,,,27.55,,,,,,3.0,158.32036,-0.0037647377360503498,0.0037647377360503498,,-0.0025763436625823033,
2008-03-07,102.69,1.5333,,87.1258,3.56,1.01,2.55,,,,,,27.49,,,,,,3.0,157.454577,-0.005483558497009433,0.005483558497009433,,0.0024741977372837454,
2008-03-08,,,,,,,,,,,,,,,,,,,3.0,,,,,,
2008-03-09,,,,,,,,,,,,,,,,,,,3.0,,,,,,
2008-03-10,101.8,1.5369,,87.1452,3.46,0.9,2.56,,,,,,29.38,,,,,,3.0,156.45641999999998,,,,,
2008-03-11,102.87,1.5329,,87.1763,3.6,1.05,2.55,,,,,,26.36,,,,,,3.0,157.689423,0.007849916585311867,-0.007849916585311867,,0.00035681198624271104,
2008-03-12,102.38,1.5495,,86.728,3.49,0.95,2.54,,,896565.0,,0.0,27.22,,,,,,3.0,158.63781,0.00599625794223968,-0.00599625794223968,,-0.0051557206237955455,
2008-03-13,100.58,1.5584,,86.3891,3.56,1.05,2.51,,,,,,27.29,,,,,,3.0,156.743872,-0.012010594625150084,0.012010594625150084,,-0.003915273914903317,
2008-03-14,100.2,1.5604,,86.4301,3.44,1.01,2.43,,,,,,31.16,,,,,,3.0,156.35208,-0.0025026973488238013,0.0025026973488238013,,0.0004744843254593789,
2008-03-15,,,,,,,,,,,,,,,,,,,3.0,,,,,,
2008-03-16,,,,,,,,,,,,,,,,,,,3.0,,,,,,
2008-03-17,96.88,1.5765,,86.3417,3.34,1.05,2.29,,,,,,32.24,,,,,,3.0,152.73131999999998,,,,,
2008-03-18,98.23,1.5784,,86.1191,3.48,1.08,2.4,,,,,,25.79,,,,,,3.0,155.046232,0.015043044165230945,-0.015043044165230945,,-0.0025814576253360144,
2008-03-19,99.34,1.5642,,86.5755,3.38,1.04,2.34,,,888646.0,,0.0,29.84,,,,,,3.0,155.387628,0.002199477451531706,-0.002199477451531706,,0.005285643703692777,
2008-03-20,98.79,1.5417,,87.3293,3.34,1.02,2.32,,,,,,26.62,,,,,,3.0,152.30454300000002,-0.020040732124038563,0.020040732124038563,,0.008669165209293617,
2008-03-21,99.4,1.5447,,87.2111,,,,,,,,,,,,,,,3.0,153.54318,0.008099741660057447,-0.008099741660057447,,-0.0013544144286274928,
2008-03-22,,,,,,,,,,,,,,,,,,,3.0,,,,,,
2008-03-23,,,,,,,,,,,,,,,,,,,3.0,,,,,,
2008-03-24,100.77,1.5394,,87.3103,3.56,1.24,2.32,,,,,,25.73,,,,,,3.0,155.125338,,,,,
2008-03-25,100.07,1.5595,,86.8339,3.51,1.25,2.26,,,,,,25.72,,,,,,3.0,156.059165,0.006001775757694006,-0.006001775757694006,,-0.005471341433614718,
2008-03-26,99.12,1.5761,,86.5513,3.51,1.24,2.27,,,893965.0,,0.0,26.08,,,,,,3.0,156.22303200000002,0.0010494803521599039,-0.0010494803521599039,,-0.003259796686784,
2008-03-27,99.87,1.5798,,86.4583,3.56,1.23,2.33,,,,,,25.88,,,,,,3.0,157.774626,0.009882918482979619,-0.009882918482979619,,-0.0010750849543326169,
2008-03-28,99.71,1.5759,,86.6369,3.47,1.13,2.34,,,,,,25.71,,,,,,3.0,157.132989,-0.004075086516635018,0.004075086516635018,,0.002063605037923466,
2008-03-29,,,,,,,,,,,,,,,,,,,3.0,,,,,,
2008-03-30,,,,,,,,,,,,,,,,,,,3.0,,,,,,
2008-03-31,99.85,1.5805,,86.6881,3.45,1.11,2.34,,,,,,25.61,,,,,,3.0,157.81292499999998,,,,,
2008-04-01,101.77,1.5615,,87.0276,3.57,1.22,2.35,,,,7711.4,,22.68,,1.6,4.04,4.532,4.6432,3.0,158.913855,0.006951950409476382,-0.006951950409476382,,0.0039086902592684325,
2008-04-02,102.77,1.5618,,86.8886,3.6,1.26,2.34,,,883708.0,,21000.0,23.43,,,,,,3.0,160.506186,0.009970220938583019,-0.009970220938583019,,-0.0015984713281067542,
2008-04-03,102.21,1.5667,,86.6424,3.61,1.28,2.33,,,,,,23.21,,,,,,3.0,160.132407,-0.0023314671251295493,0.0023314671251295493,,-0.0028375352552814093,
2008-04-04,101.75,1.5735,,86.5108,3.5,1.18,2.32,,,,,,22.45,,,,,,3.0,160.103625,-0.00017975491326094328,0.00017975491326094328,,-0.0015200415047340599,
2008-04-05,,,,,,,,,,,,,,,,,,,3.0,,,,,,
2008-04-06,,,,,,,,,,,,,,,,,,,3.0,,,,,,
2008-04-07,102.62,1.5713,,86.603,3.57,1.23,2.34,,,,,,22.42,,,,,,3.0,161.246806,,,,,
2008-04-08,102.55,1.5705,,86.7369,3.58,1.26,2.32,,,,,,22.36,,,,,,3.0,161.054775,-0.0011916232128141857,0.0011916232128141857,,0.0015449417777819718,
2008-04-09,101.83,1.5804,,86.5764,3.49,1.19,2.3,,,893029.0,,21000.0,22.81,,,,,,3.0,160.932132,-0.0007617887762814135,0.0007617887762814135,,-0.0018521376707019144,
2008-04-10,101.71,1.5744,,86.5131,3.55,1.26,2.29,,,,,,21.98,,,,,,3.0,160.13222399999998,-0.0049828617853160395,0.0049828617853160395,,-0.0007314135498912577,
2008-04-11,101.09,1.5796,,86.5029,3.49,1.19,2.3,,,,,,23.46,,,,,,3.0,159.681764,-0.0028170143570331874,0.0028170143570331874,,-0.00011790817047874214,
2008-04-12,,,,,,,,,,,,,,,,,,,3.0,,,,,,
2008-04-13,,,,,,,,,,,,,,,,,,,3.0,,,,,,
2008-04-14,100.87,1.5827,,86.3492,3.53,1.23,2.3,,,,,,23.82,,,,,,3.0,159.646949,,,,,
2008-04-15,101.33,1.5801,,86.4705,3.6,1.28,2.32,,,,,,22.78,,,,,,3.0,160.111533,0.0029058452116981215,-0.0029058452116981215,,0.0014037753788409546,
2008-04-16,101.4,1.5978,,85.9037,3.72,1.41,2.31,,,881904.0,,36000.0,20.53,,,,,,3.0,162.01692000000003,0.011830120587345228,-0.011830120587345228,,-0.006576413904207712,
2008-04-17,102.22,1.5924,,86.1077,3.75,1.44,2.31,,,,,,20.37,,,,,,3.0,162.775128,0.00466889126127068,-0.00466889126127068,,0.0023719369256154366,
2008-04-18,104.56,1.5742,,86.5277,3.77,1.45,2.32,,,,,,20.13,,,,,,3.0,164.598352,0.0111386105580209,-0.0111386105580209,,0.0048657555593454305,
2008-04-19,,,,,,,,,,,,,,,,,,,3.0,,,,,,
2008-04-20,,,,,,,,,,,,,,,,,,,3.0,,,,,,
2008-04-21,103.38,1.5881,,86.2979,3.75,1.44,2.31,,,,,,20.5,,,,,,3.0,164.177778,,,,,
2008-04-22,102.7,1.601,,85.927,3.74,1.43,2.31,,,,,,20.87,,,,,,3.0,164.4227,0.0014906980467337405,-0.0014906980467337405,,-0.004307165495827547,
2008-04-23,103.55,1.5898,,86.3841,3.77,1.44,2.33,,,885781.0,,36000.0,20.26,,,,,,3.0,164.62379,0.001222259049377783,-0.001222259049377783,,0.005305532519140677,
2008-04-24,104.2,1.5668,,86.7154,3.87,1.56,2.31,,,,,,20.06,,,,,,3.0,163.26056,-0.00831535786966242,0.00831535786966242,,0.0038278609069530845,
2008-04-25,104.17,1.5634,,86.8337,3.91,1.6,2.31,,,,,,19.59,,,,,,3.0,162.859378,-0.002460335328355434,0.002460335328355434,,0.0013633031611535174,
2008-04-26,,,,,,,,,,,,,,,,,,,3.0,,,,,,
2008-04-27,,,,,,,,,,,,,,,,,,,3.0,,,,,,
2008-04-28,104.3,1.5648,,86.7635,3.86,1.56,2.3,,,,,,19.64,,,,,,3.0,163.20864,,,,,
2008-04-29,103.4,1.5604,,86.873,3.85,1.56,2.29,,,,,,20.24,,,,,,3.0,161.34536,-0.011482221580449092,0.011482221580449092,,0.0012612557211850728,
2008-04-30,104.53,1.5568,,86.8907,3.77,1.5,2.27,,,888131.0,,36000.0,20.79,,,,,,3.0,162.732304,0.008559383269526322,-0.008559383269526322,,0.0002037249444066802,
2008-05-01,104.04,1.5458,,87.1347,3.78,1.52,2.26,,,,7728.3,,18.88,,1.778,4.2019047619,4.703,4.8683,3.0,160.82503200000002,-0.011789527723134796,0.011789527723134796,,0.0028041901916706635,
2008-05-02,105.33,1.5431,,87.2311,3.89,1.53,2.36,,,,,,18.18,,,,,,3.0,162.53472299999999,0.010574642672387391,-0.010574642672387391,,0.0011057215327978653,
2008-05-03,,,,,,,,,,,,,,,,,,,3.0,,,,,,
2008-05-04,,,,,,,,,,,,,,,,,,,3.0,,,,,,
2008-05-05,105.12,1.5491,,87.0636,3.88,1.53,2.35,,,,,,18.9,,,,,,3.0,162.84139199999998,,,,,
2008-05-06,104.54,1.5548,,86.847,3.93,1.55,2.38,,,,,,18.21,,,,,,3.0,162.538792,-0.0018599785857738027,0.0018599785857738027,,-0.0024909362856089245,
2008-05-07,105.28,1.537,,87.3421,3.87,1.51,2.36,,,889228.0,,36000.0,19.73,,,,,,3.0,161.81536,-0.0044607611472411435,0.0044607611472411435,,0.005684641958294101,
2008-05-08,103.87,1.5409,,87.4575,3.79,1.43,2.36,,,,,,19.4,,,,,,3.0,160.053283,-0.0109491535880748,0.0109491535880748,,0.0013203693459873378,
2008-05-09,103.01,1.5447,,87.2528,3.77,1.39,2.38,,,,,,19.41,,,,,,3.0,159.119547,-0.005850990911720366,0.005850990911720366,,-0.002343308822307044,
2008-05-10,,,,,,,,,,,,,,,,,,,3.0,,,,,,
2008-05-11,,,,,,,,,,,,,,,,,,,3.0,,,,,,
2008-05-12,103.83,1.5536,,87.0403,3.78,1.41,2.37,,,,,,17.79,,,,,,3.0,161.310288,,,,,
2008-05-13,104.41,1.5509,,87.1332,3.9,1.51,2.39,,,,,,17.98,,,,,,3.0,161.92946899999998,0.003831099015002337,-0.003831099015002337,,0.0010667525060901184,
2008-05-14,105.2,1.5467,,87.3659,3.92,1.49,2.43,,,880175.0,,52000.0,17.66,,,,,,3.0,162.71284,0.0048260654802776415,-0.0048260654802776415,,0.0026670640471770923,
2008-05-15,104.61,1.5492,,87.1823,3.83,1.4,2.43,,,,,,16.3,,,,,,3.0,162.061812,-0.004009111351436445,0.004009111351436445,,-0.002103717686141593,
2008-05-16,103.86,1.5591,,86.7855,3.85,1.41,2.44,,,,,,16.47,,,,,,3.0,161.928126,-0.0008252478975885325,0.0008252478975885325,,-0.004561771639455259,
2008-05-17,,,,,,,,,,,,,,,,,,,3.0,,,,,,
2008-05-18,,,,,,,,,,,,,,,,,,,3.0,,,,,,
2008-05-19,104.55,1.5516,,86.8225,3.83,1.36,2.47,,,,,,17.01,,,,,,3.0,162.21978000000001,,,,,
2008-05-20,103.66,1.5667,,86.5627,3.78,1.31,2.47,,,,,,17.58,,,,,,3.0,162.404122,0.001135726720547403,-0.001135726720547403,,-0.0029967978170475362,
2008-05-21,103.34,1.5772,,86.1595,3.81,1.3,2.51,,,898487.0,,52000.0,18.59,,,,,,3.0,162.98784799999999,0.003587836701508529,-0.003587836701508529,,-0.0046687771739257755,
2008-05-22,104.03,1.5703,,86.3223,3.92,1.41,2.51,,,,,,18.05,,,,,,3.0,163.358309,0.002270357111201271,-0.002270357111201271,,0.0018877359622342382,
2008-05-23,103.22,1.5784,,86.1922,3.85,1.36,2.49,,,,,,19.55,,,,,,3.0,162.922448,-0.002671694544725156,0.002671694544725156,,-0.0015082793001601758,
2008-05-24,,,,,,,,,,,,,,,,,,,3.0,,,,,,
2008-05-25,,,,,,,,,,,,,,,,,,,3.0,,,,,,
2008-05-26,,,,86.19,,,,,,,,,,,,,,,3.0,,,,,,
2008-05-27,103.98,1.5731,,86.4459,3.93,1.46,2.47,,,,,,19.64,,,,,,3.0,163.570938,,,,0.0029646230873785484,
2008-05-28,104.69,1.5628,,86.4951,4.03,1.58,2.45,,,904054.0,,62000.0,19.07,,,,,,3.0,163.609532,0.00023591872815043047,-0.00023591872815043047,,0.0005689801877784006,
2008-05-29,105.52,1.5527,,86.5616,4.08,1.62,2.46,,,,,,18.14,,,,,,3.0,163.840904,0.0014131728840043323,-0.0014131728840043323,,0.0007685342812289164,
2008-05-30,105.46,1.556,,86.5504,4.06,1.58,2.48,,,,,,17.83,,,,,,3.0,164.09575999999998,0.0015543004444769082,-0.0015543004444769082,,-0.0001293959981474302,
2008-05-31,,,,,,,,,,,,,,,,,,,3.0,,,,,,
2008-06-01,,,,,,,,,,,7747.3,,,,1.601,4.5204761905,5.106,5.2103,3.0,,,,,,
2008-06-02,104.41,1.555,,86.6321,3.98,1.51,2.47,,,,,,19.83,,,,,,3.0,162.35754999999997,,,,,
2008-06-03,105.29,1.5454,,86.8359,3.92,1.51,2.41,,,,,,20.24,,,,,,3.0,162.715166,0.0022002224527977177,-0.0022002224527977177,,0.002349713996443903,
2008-06-04,104.99,1.5453,,87.0999,3.98,1.59,2.39,,,895939.0,,62000.0,20.8,,,,,,3.0,162.24104699999998,-0.002918050601652844,0.002918050601652844,,0.0030356051224389446,
2008-06-05,106.0,1.556,,87.0968,4.06,1.63,2.43,,,,,,18.63,,,,,,3.0,164.936,0.01647434608390519,-0.01647434608390519,,-3.5591948646107596e-05,
2008-06-06,105.33,1.5731,,86.8028,3.94,1.47,2.47,,,,,,23.56,,,,,,3.0,165.69462299999998,0.004588953826505815,-0.004588953826505815,,-0.003381264592985822,
2008-06-07,,,,,,,,,,,,,,,,,,,3.0,,,,,,
2008-06-08,,,,,,,,,,,,,,,,,,,3.0,,,,,,
2008-06-09,106.06,1.5718,,86.9096,4.02,1.54,2.48,,,,,,23.12,,,,,,3.0,166.70510800000002,,,,,
2008-06-10,107.19,1.5473,,87.4705,4.11,1.62,2.49,,,,,,23.18,,,,,,3.0,165.855087,-0.0051119939420027904,0.0051119939420027904,,0.006433095684535317,
2008-06-11,106.77,1.5562,,87.2059,4.1,1.62,2.48,,,890610.0,,62000.0,24.12,,,,,,3.0,166.155474,0.0018095031739848721,-0.0018095031739848721,,-0.003029604484474646,
2008-06-12,107.94,1.5418,,87.6187,4.23,1.73,2.5,,,,,,23.33,,,,,,3.0,166.421892,0.001602141842618643,-0.001602141842618643,,0.004722456303912992,
2008-06-13,107.92,1.5368,,87.7622,4.27,1.77,2.5,,,,,,21.22,,,,,,3.0,165.85145599999998,-0.003433537861811331,0.003433537861811331,,0.0016364385406122395,
2008-06-14,,,,,,,,,,,,,,,,,,,3.0,,,,,,
2008-06-15,,,,,,,,,,,,,,,,,,,3.0,,,,,,
2008-06-16,108.19,1.5472,,87.3911,4.25,1.76,2.49,,,,,,20.95,,,,,,3.0,167.39156799999998,,,,,
2008-06-17,108.03,1.5519,,87.2103,4.23,1.75,2.48,,,,,,21.13,,,,,,3.0,167.651757,0.0015531666079606765,-0.0015531666079606765,,-0.0020710036073223748,
2008-06-18,108.05,1.5502,,87.1872,4.16,1.68,2.48,,,902304.0,,62000.0,22.24,,,,,,3.0,167.49911,-0.0009109152061661518,0.0009109152061661518,,-0.00026491205590772893,
2008-06-19,107.95,1.5502,,87.0815,4.22,1.75,2.47,,,,,,21.58,,,,,,3.0,167.34409,-0.0009259259920790797,0.0009259259920790797,,-0.0012130693918273039,
2008-06-20,107.42,1.5626,,86.9036,4.16,1.72,2.44,,,,,,22.87,,,,,,3.0,167.854492,0.003045373231730153,-0.003045373231730153,,-0.0020450034169448017,
2008-06-21,,,,,,,,,,,,,,,,,,,3.0,,,,,,
2008-06-22,,,,,,,,,,,,,,,,,,,3.0,,,,,,
2008-06-23,107.89,1.5492,,87.2163,4.19,1.75,2.44,,,,,,22.64,,,,,,3.0,167.14318799999998,,,,,
2008-06-24,107.76,1.5591,,86.9666,4.1,1.64,2.46,,,,,,22.42,,,,,,3.0,168.008616,0.005164405580768694,-0.005164405580768694,,-0.0028671031547906622,
2008-06-25,108.29,1.557,,87.0535,4.12,1.65,2.47,,,892713.0,,62000.0,21.14,,,,,,3.0,168.60753,0.003558442689671537,-0.003558442689671537,,0.0009987352865943322,
2008-06-26,107.29,1.5738,,86.6793,4.07,1.55,2.52,,,,,,23.93,,,,,,3.0,168.85300200000003,0.0014548192752519284,-0.0014548192752519284,,-0.004307771228756252,
2008-06-27,106.28,1.5749,,86.643,3.99,1.48,2.51,,,,,,23.44,,,,,,3.0,167.380372,-0.008759626677390386,0.008759626677390386,,-0.0004188728228360361,
2008-06-28,,,,,,,,,,,,,,,,,,,3.0,,,,,,
2008-06-29,,,,,,,,,,,,,,,,,,,3.0,,,,,,
2008-06-30,106.17,1.5748,,86.7621,3.99,1.48,2.51,,,,,,23.95,,,,,,3.0,167.196516,,,,,
2008-07-01,105.73,1.5778,,86.8447,4.01,1.49,2.52,,,,7794.9,,23.65,,1.537,4.4904347826,5.095,5.0494,3.0,166.820794,-0.0022497166896400245,0.0022497166896400245,,0.0009515757013298654,
2008-07-02,105.87,1.5869,,86.4782,3.99,1.43,2.56,,,902962.0,,62000.0,25.92,,,,,,3.0,168.005103,0.00707420751866028,-0.00707420751866028,,-0.00422910701641932,
2008-07-03,106.79,1.5708,,86.8843,3.99,1.42,2.57,,,,,,24.79,,,,,,3.0,167.745732,-0.0015450210367760064,0.0015450210367760064,,0.004684989461904543,
2008-07-04,,,,86.8781,,,,,,,,,,,,,,,3.0,,,,,-7.136181363343042e-05,
2008-07-05,,,,,,,,,,,,,,,,,,,3.0,,,,,,
2008-07-06,,,,,,,,,,,,,,,,,,,3.0,,,,,,
2008-07-07,107.55,1.5646,,86.9617,3.95,1.43,2.52,,,,,,25.78,,,,,,3.0,168.27273,,,,,
2008-07-08,107.35,1.5653,,86.9778,3.91,1.45,2.46,,,,,,23.15,,,,,,3.0,168.03495499999997,-0.0014140327457523583,0.0014140327457523583,,0.00018512183886976175,
2008-07-09,107.12,1.5744,,86.5335,3.85,1.39,2.46,,,898034.0,,62000.0,25.23,,,,,,3.25,168.649728,0.00365192546193871,-0.00365192546193871,,-0.005121291478738854,
2008-07-10,107.03,1.5771,,86.5122,3.83,1.4,2.43,,,,,,25.59,,,,,,3.25,168.797013,0.0008729378088903061,-0.0008729378088903061,,-0.00024617774504154255,
2008-07-11,106.14,1.5898,,86.221,3.96,1.48,2.48,,,,,,27.49,,,,,,3.25,168.741372,-0.0003296869510345246,0.0003296869510345246,,-0.0033716769661928936,
2008-07-12,,,,,,,,,,,,,,,,,,,3.25,,,,,,
2008-07-13,,,,,,,,,,,,,,,,,,,3.25,,,,,,
2008-07-14,106.18,1.5914,,86.1079,3.9,1.43,2.47,,,,,,28.48,,,,,,3.25,168.974852,,,,,
2008-07-15,104.78,1.5923,,85.8731,3.87,1.4,2.47,,,,,,28.54,,,,,,3.25,166.841194,-0.012707473256505786,0.012707473256505786,,-0.002730535883448404,
2008-07-16,104.64,1.5847,,85.9285,3.97,1.48,2.49,,,910681.0,,62000.0,25.1,,,,,,3.25,165.823008,-0.006121423184803021,0.006121423184803021,,0.00064492998808241,
2008-07-17,105.82,1.5861,,85.9387,4.07,1.6,2.47,,,,,,25.01,,,,,,3.25,167.841102,0.012096707727848433,-0.012096707727848433,,0.00011869629588368014,
2008-07-18,106.75,1.5855,,86.0735,4.11,1.65,2.46,,,,,,24.05,,,,,,3.25,169.25212499999998,0.008371756701635924,-0.008371756701635924,,0.0015673310101842475,
2008-07-19,,,,,,,,,,,,,,,,,,,3.25,,,,,,
2008-07-20,,,,,,,,,,,,,,,,,,,3.25,,,,,,
2008-07-21,106.74,1.5877,,86.0151,4.09,1.66,2.43,,,,,,23.05,,,,,,3.25,169.47109799999998,,,,,
2008-07-22,107.11,1.5811,,86.1909,4.14,1.71,2.43,,,,,,21.18,,,,,,3.25,169.351621,-0.0007052478966267373,0.0007052478966267373,,0.002041741415183651,
2008-07-23,107.68,1.5708,,86.2664,4.16,1.8,2.36,,,899665.0,,62000.0,21.31,,,,,,3.25,169.143744,-0.001228241492365889,0.001228241492365889,,0.0008755791123187251,
2008-07-24,107.62,1.5657,,86.4017,4.03,1.69,2.34,,,,,,23.44,,,,,,3.25,168.50063400000002,-0.0038093972215209604,0.0038093972215209604,,0.0015671687786174004,
2008-07-25,107.89,1.5687,,86.3916,4.13,1.79,2.34,,,,,,22.91,,,,,,3.25,169.247043,0.004419928046692334,-0.004419928046692334,,-0.00011690268096664624,
2008-07-26,,,,,,,,,,,,,,,,,,,3.25,,,,,,
2008-07-27,,,,,,,,,,,,,,,,,,,3.25,,,,,,
2008-07-28,107.49,1.5747,,86.4666,4.06,1.7,2.36,,,,,,24.23,,,,,,3.25,169.264503,,,,,
2008-07-29,108.19,1.5588,,86.8175,4.09,1.76,2.33,,,,,,22.03,,,,,,3.25,168.646572,-0.003657362747299331,0.003657362747299331,,0.004050002044466261,
2008-07-30,108.17,1.5559,,86.8167,4.07,1.71,2.36,,,918625.0,,62000.0,21.21,,,,,,3.25,168.301703,-0.0020470152009206544,0.0020470152009206544,,-9.214774508770063e-06,
2008-07-31,108.1,1.5589,,86.8567,3.99,1.65,2.34,,,,,,22.94,,,,,,3.25,168.51709,0.0012789490006825943,-0.0012789490006825943,,0.00046063473977309144,
2008-08-01,107.59,1.5567,,86.8257,3.97,1.63,2.34,,,,7808.8,,22.57,,1.431,4.2023809524,4.814,4.7267,3.25,167.485353,-0.006141266316176619,0.006141266316176619,,-0.00035697342193774517,
2008-08-02,,,,,,,,,,,,,,,,,,,3.25,,,,,,
2008-08-03,,,,,,,,,,,,,,,,,,,3.25,,,,,,
2008-08-04,108.23,1.5569,,87.0611,3.98,1.64,2.34,,,,,,23.49,,,,,,3.25,168.503287,,,,,
2008-08-05,108.2,1.5468,,87.3281,4.04,1.74,2.3,,,,,,21.14,,,,,,3.25,167.36376,-0.006785609857160146,0.006785609857160146,,0.0030621186246477805,
2008-08-06,109.39,1.5409,,87.6004,4.06,1.79,2.27,,,901710.0,,62000.0,20.23,,,,,,3.25,168.55905099999998,0.007116492273983255,-0.007116492273983255,,0.0031132745085953317,
2008-08-07,109.44,1.5341,,87.8732,3.92,1.68,2.24,,,,,,21.15,,,,,,3.25,167.891904,-0.0039657956945386985,0.0039657956945386985,,0.003109302137533909,
2008-08-08,110.09,1.5047,,88.8939,3.94,1.72,2.22,,,,,,20.66,,,,,,3.25,165.652423,-0.013428587877823972,0.013428587877823972,,0.01154865746319711,
2008-08-09,,,,,,,,,,,,,,,,,,,3.25,,,,,,
2008-08-10,,,,,,,,,,,,,,,,,,,3.25,,,,,,
2008-08-11,110.08,1.4958,,89.035,3.99,1.8,2.19,,,,,,20.12,,,,,,3.25,164.657664,,,,,
2008-08-12,109.78,1.4905,,89.1916,3.91,1.72,2.19,,,,,,21.17,,,,,,3.25,163.62708999999998,-0.0062785577027311135,0.0062785577027311135,,0.0017573138947870603,
2008-08-13,108.71,1.4895,,89.3211,3.94,1.75,2.19,,,914632.0,,62000.0,21.55,,,,,,3.25,161.923545,-0.010465717870623337,0.010465717870623337,,0.001450877418995411,
2008-08-14,109.75,1.4856,,89.3675,3.89,1.67,2.22,,,,,,20.34,,,,,,3.25,163.0446,0.00689950362453029,-0.00689950362453029,,0.000519339242043948,
2008-08-15,110.48,1.4695,,89.7244,3.84,1.66,2.18,,,,,,19.58,,,,,,3.25,162.35036,-0.0042670670337674466,0.0042670670337674466,,0.00398566850273685,
2008-08-16,,,,,,,,,,,,,,,,,,,3.25,,,,,,
2008-08-17,,,,,,,,,,,,,,,,,,,3.25,,,,,,
2008-08-18,110.07,1.473,,89.5966,3.82,1.67,2.15,,,,,,20.98,,,,,,3.25,162.13311,,,,,
2008-08-19,109.68,1.4746,,89.6465,3.83,1.68,2.15,,,,,,21.28,,,,,,3.25,161.734128,-0.0024638626883213277,0.0024638626883213277,,0.0005567857428170342,
2008-08-20,109.98,1.4701,,89.6977,3.79,1.6,2.19,,,898611.0,,67000.0,20.42,,,,,,3.25,161.681598,-0.00032484506001928537,0.00032484506001928537,,0.0005709691352260293,
2008-08-21,108.35,1.4875,,88.9128,3.84,1.61,2.23,,,,,,19.82,,,,,,3.25,161.170625,-0.003165370347436358,0.003165370347436358,,-0.00878901355267736,
2008-08-22,109.88,1.48,,89.2381,3.87,1.69,2.18,,,,,,18.81,,,,,,3.25,162.6224,0.008967362583080174,-0.008967362583080174,,0.003651964279041131,
2008-08-23,,,,,,,,,,,,,,,,,,,3.25,,,,,,
2008-08-24,,,,,,,,,,,,,,,,,,,3.25,,,,,,
2008-08-25,109.11,1.4803,,89.3094,3.79,1.64,2.15,,,,,,20.97,,,,,,3.25,161.515533,,,,,
2008-08-26,109.83,1.466,,89.7007,3.79,1.63,2.16,,,,,,20.49,,,,,,3.25,161.01077999999998,-0.00312999833960248,0.00312999833960248,,0.004371827324143318,
2008-08-27,109.72,1.4684,,89.6419,3.77,1.58,2.19,,,909982.0,,67000.0,19.76,,,,,,3.25,161.11284799999999,0.0006337194452310513,-0.0006337194452310513,,-0.0006557282219272764,
2008-08-28,109.56,1.4685,,89.8225,3.79,1.62,2.17,,,,,,19.43,,,,,,3.25,160.88886,-0.001391222658529756,0.001391222658529756,,0.0020126561141298183,
2008-08-29,108.69,1.4669,,90.0567,3.83,1.68,2.15,,,,,,20.65,,,,,,3.25,159.437361,-0.009062691964739855,0.009062691964739855,,0.002603971246658787,
2008-08-30,,,,,,,,,,,,,,,,,,,3.25,,,,,,
2008-08-31,,,,,,,,,,,,,,,,,,,3.25,,,,,,
2008-09-01,,,,90.08,,,,,,,7873.6,,,,1.481,4.0940909091,4.804,4.5701,3.25,,,,,,
2008-09-02,108.85,1.4522,,90.8438,3.74,1.69,2.05,,,,,,21.99,,,,,,3.25,158.07197,,,,0.00844338376321474,
2008-09-03,108.18,1.4489,,90.8286,3.71,1.71,2.0,,,905253.0,,62000.0,21.43,,,,,,3.25,156.742002,-0.00844928135674472,0.00844928135674472,,-0.00016733416892744657,
2008-09-04,107.76,1.436,,91.1621,3.64,1.7,1.94,,,,,,24.03,,,,,,3.25,154.74336,-0.012833151559680012,0.012833151559680012,,0.003665026545963457,
2008-09-05,106.96,1.4273,,91.341,3.66,1.71,1.95,,,,,,23.06,,,,,,3.25,152.664008,-0.013528522280867428,0.013528522280867428,,0.001960515271269614,
2008-09-06,,,,,,,,,,,,,,,,,,,3.25,,,,,,
2008-09-07,,,,,,,,,,,,,,,,,,,3.25,,,,,,
2008-09-08,107.91,1.4126,,91.663,3.66,1.68,1.98,,,,,,22.64,,,,,,3.25,152.43366600000002,,,,,
2008-09-09,107.1,1.4173,,91.5779,3.62,1.69,1.93,,,,,,25.47,,,,,,3.25,151.79282999999998,-0.00421289372390099,0.00421289372390099,,-0.000928832003315172,
2008-09-10,107.86,1.402,,92.1283,3.65,1.7,1.95,,,925725.0,,62000.0,24.52,,,,,,3.25,151.21972,-0.00378275212294632,0.00378275212294632,,0.0059921945683454325,
2008-09-11,106.66,1.3939,,92.4901,3.64,1.67,1.97,,,,,,24.39,,,,,,3.25,148.673374,-0.016982099595320044,0.016982099595320044,,0.003919441000081569,
2008-09-12,107.51,1.4172,,91.4706,3.74,1.79,1.95,,,,,,25.66,,,,,,3.25,152.36317200000002,0.024515181580157197,-0.024515181580157197,,-0.011084002589078601,
2008-09-13,,,,,,,,,,,,,,,,,,,3.25,,,,,,
2008-09-14,,,,,,,,,,,,,,,,,,,3.25,,,,,,
2008-09-15,105.67,1.4175,,91.757,3.47,1.7,1.77,,,,,,31.7,,,,,,3.25,149.787225,,,,,
2008-09-16,105.11,1.4155,,92.0594,3.48,1.85,1.63,,,,,,30.3,,,,,,3.25,148.783205,-0.006725540667629204,0.006725540667629204,,0.0032902425769139043,
2008-09-17,104.71,1.4215,,92.0982,3.41,1.81,1.6,,,995093.0,,62000.0,36.22,,,,,,3.25,148.84526499999998,0.00041703000320758576,-0.00041703000320758576,,0.00042137821707122214,
2008-09-18,104.85,1.4382,,91.7111,3.54,1.94,1.6,,,,,,33.1,,,,,,3.25,150.79527,0.01301581262589746,-0.01301581262589746,,-0.004211980267458948,
2008-09-19,107.18,1.4384,,91.0014,3.78,1.85,1.93,,,,,,32.07,,,,,,3.25,154.167712,0.022117959767737894,-0.022117959767737894,,-0.007768527814982384,
2008-09-20,,,,,,,,,,,,,,,,,,,3.25,,,,,,
2008-09-21,,,,,,,,,,,,,,,,,,,3.25,,,,,,
2008-09-22,106.35,1.4697,,90.1119,3.83,1.85,1.98,,,,,,33.85,,,,,,3.25,156.302595,,,,,
2008-09-23,105.8,1.4737,,90.1221,3.85,1.99,1.86,,,,,,35.72,,,,,,3.25,155.91746,-0.0024670753154687475,0.0024670753154687475,,0.00011318619140521236,
2008-09-24,106.03,1.4655,,90.4602,3.8,2.05,1.75,,,1211825.0,,141900.0,35.19,,,,,,3.25,155.386965,-0.0034082105547623698,0.0034082105547623698,,0.003744557413008387,
2008-09-25,106.48,1.4643,,90.4651,3.88,2.09,1.79,,,,,,32.82,,,,,,3.25,155.918664,0.003415932559414081,-0.003415932559414081,,5.416600111995962e-05,
2008-09-26,106.06,1.4596,,90.6872,3.85,2.1,1.75,,,,,,34.74,,,,,,3.25,154.80517600000002,-0.007167089376791225,0.007167089376791225,,0.0024520816052033823,
2008-09-27,,,,,,,,,,,,,,,,,,,3.25,,,,,,
2008-09-28,,,,,,,,,,,,,,,,,,,3.25,,,,,,
2008-09-29,105.1,1.4381,,91.3961,3.61,2.03,1.58,,,,,,46.72,,,,,,3.25,151.14431,,,,,
2008-09-30,105.94,1.4081,,92.3773,3.85,2.25,1.6,,,,,,39.39,,,,,,3.25,149.17411399999997,-0.01312090173559266,0.01312090173559266,,0.010678469504417976,
2008-10-01,106.06,1.4058,,92.511,3.77,2.26,1.51,,,1503989.0,7976.3,286432.0,39.81,,1.486,3.8834782609,4.78,4.5789,3.25,149.09914799999999,-0.0005026665888578918,0.0005026665888578918,,0.0014462788970996954,
2008-10-02,105.3,1.3854,,93.3792,3.66,2.17,1.49,,,,,,45.26,,,,,,3.25,145.88262,-0.0218091817223538,0.0218091817223538,,0.009341065994089348,
2008-10-03,105.76,1.3816,,93.5414,3.63,2.18,1.45,,,,,,45.14,,,,,,3.25,146.118016,0.0016122982074104897,-0.0016122982074104897,,0.0017354966837412888,
2008-10-04,,,,,,,,,,,,,,,,,,,3.25,,,,,,
2008-10-05,,,,,,,,,,,,,,,,,,,3.25,,,,,,
2008-10-06,101.26,1.3508,,95.1629,3.48,2.21,1.27,,,,,,52.05,,,,,,3.25,136.78200800000002,,,,,
2008-10-07,102.3,1.3649,,95.4889,3.5,2.32,1.18,,,,,,53.68,,,,,,3.25,139.62927,0.020602362766554805,-0.020602362766554805,,0.0034198504050246825,
2008-10-08,99.73,1.368,,96.9684,3.72,2.69,1.03,,,1591587.0,,335184.0,57.53,,,,,,2.75,136.43064,-0.023174485223457886,0.023174485223457886,,0.015375141866971198,
2008-10-09,100.67,1.3646,,96.5143,3.84,2.79,1.05,,,,,,63.92,,,,,,3.25,137.374282,0.0068928325263826196,-0.0068928325263826196,,-0.004693968336992427,
2008-10-10,99.44,1.3471,,97.999,3.89,2.97,0.92,,,,,,69.95,,,,,,3.25,133.955624,-0.025200605215677463,0.025200605215677463,,0.015266090641977925,
2008-10-11,,,,,,,,,,,,,,,,,,,3.25,,,,,,
2008-10-12,,,,,,,,,,,,,,,,,,,3.25,,,,,,
2008-10-13,,,,97.9686,,,,,,,,,54.99,,,,,,3.25,,,,,,
2008-10-14,102.17,1.3658,,96.2544,4.08,3.05,1.03,,,,,,55.13,,,,,,3.25,139.54378599999998,,,,-0.017652332756902034,
2008-10-15,101.47,1.3567,,97.2045,4.04,3.02,1.02,,,1770809.0,,406882.0,69.25,,,,,,3.25,137.664349,-0.013559961348066807,0.013559961348066807,,0.009822320282308006,
2008-10-16,100.46,1.3416,,98.368,3.99,3.02,0.97,,,,,,67.61,,,,,,3.25,134.77713599999998,-0.02119589895135654,0.02119589895135654,,0.01189854122508116,
2008-10-17,101.4,1.3462,,97.7255,3.98,2.87,1.11,,,,,,70.33,,,,,,3.25,136.50468,0.012736329902797827,-0.012736329902797827,,-0.00655301985214507,
2008-10-18,,,,,,,,,,,,,,,,,,,3.25,,,,,,
2008-10-19,,,,,,,,,,,,,,,,,,,3.25,,,,,,
2008-10-20,101.74,1.3314,,98.1605,3.91,2.76,1.15,,,,,,52.97,,,,,,3.25,135.45663599999997,,,,,
2008-10-21,100.43,1.3102,,99.4242,3.76,2.63,1.13,,,,,,53.11,,,,,,3.25,131.58338600000002,-0.029010794858198352,0.029010794858198352,,0.012791650681139188,
2008-10-22,98.63,1.2835,,101.2131,3.65,2.59,1.06,,,1802602.0,,477159.0,69.65,,,,,,3.25,126.591605,-0.038674568425926203,0.038674568425926203,,0.01783265032083481,
2008-10-23,97.6,1.2878,,101.1071,3.63,2.67,0.96,,,,,,67.8,,,,,,3.25,125.68928,-0.007153366753967383,0.007153366753967383,,-0.0010478440580703463,
2008-10-24,92.64,1.2639,,101.8442,3.76,3.02,0.74,,,,,,79.13,,,,,,3.25,117.08769600000001,-0.07088963704536422,0.07088963704536422,,0.007263843503247713,
2008-10-25,,,,,,,,,,,,,,,,,,,3.25,,,,,,
2008-10-26,,,,,,,,,,,,,,,,,,,3.25,,,,,,
2008-10-27,93.28,1.2446,,102.3415,3.79,3.02,0.77,,,,,,80.06,,,,,,3.25,116.096288,,,,,
2008-10-28,95.68,1.2476,,102.4236,3.89,3.06,0.83,,,,,,66.96,,,,,,3.25,119.37036800000001,0.027811080198669735,-0.027811080198669735,,0.0008018945064307559,
2008-10-29,97.48,1.2851,,100.0967,3.93,3.05,0.88,,,1969086.0,,498860.0,69.96,,,,,,3.25,125.271548,0.048252769134131235,-0.048252769134131235,,-0.02298043605678135,
2008-10-30,97.47,1.285,,99.4568,4.0,3.06,0.94,,,,,,62.9,,,,,,3.25,125.24895,-0.00018040839166211242,0.00018040839166211242,,-0.006413339713962962,
2008-10-31,98.28,1.2682,,99.7662,4.01,3.14,0.87,,,,,,59.89,,,,,,3.25,124.638696,-0.0048842367595289815,0.0048842367595289815,,0.0031060695677611605,
2008-11-01,,,,,,,,,,,8027.8,,,,1.377,3.5565,4.743,4.2571,3.25,,,,,,
2008-11-02,,,,,,,,,,,,,,,,,,,3.25,,,,,,
2008-11-03,98.95,1.2719,,99.4345,3.96,3.09,0.87,,,,,,53.68,,,,,,3.25,125.854505,,,,,
2008-11-04,100.48,1.3021,,97.9957,3.81,2.88,0.93,,,,,,47.73,,,,,,3.25,130.83500800000002,0.0388105309485578,-0.0388105309485578,,-0.014575535781399473,
2008-11-05,98.95,1.3039,,98.0953,3.73,2.76,0.97,,,2074205.0,,528355.0,54.56,,,,,,3.25,129.020905,-0.01396260297657026,0.01396260297657026,,0.001015854971062602,
2008-11-06,98.04,1.2756,,99.5364,3.75,2.81,0.94,,,,,,63.68,,,,,,3.25,125.05982400000002,-0.031182230682186507,0.031182230682186507,,0.014583951283142937,
2008-11-07,98.15,1.2777,,99.3944,3.83,2.86,0.97,,,,,,56.1,,,,,,3.25,125.40625500000002,0.0027662925239324565,-0.0027662925239324565,,-0.001427632363796505,
2008-11-08,,,,,,,,,,,,,,,,,,,3.25,,,,,,
2008-11-09,,,,,,,,,,,,,,,,,,,3.25,,,,,,
2008-11-10,97.96,1.276,,99.5897,3.82,2.84,0.98,,,,,,59.98,,,,,,3.25,124.99695999999999,,,,,
2008-11-11,,,,99.6041,,,,,,,,,61.44,,,,,,3.25,,,,,0.0001445828135722138,
2008-11-12,95.54,1.2558,,101.1947,3.75,2.79,0.96,,,2212852.0,,569716.0,66.46,,,,,,2.75,119.979132,,,,0.015843055538480755,
2008-11-13,95.95,1.2526,,101.774,3.84,2.95,0.89,,,,,,59.83,,,,,,2.75,120.18697,0.001730785903196086,-0.001730785903196086,,0.005708284804668118,
2008-11-14,96.66,1.2731,,100.9705,3.72,2.87,0.85,,,,,,66.31,,,,,,2.75,123.05784599999998,0.023605923939515883,-0.023605923939515883,,-0.007926273775194836,
2008-11-15,,,,,,,,,,,,,,,,,,,2.75,,,,,,
2008-11-16,,,,,,,,,,,,,,,,,,,2.75,,,,,,
2008-11-17,97.03,1.2726,,101.1029,3.68,2.85,0.83,,,,,,69.15,,,,,,2.75,123.480378,,,,,
2008-11-18,97.38,1.269,,101.3965,3.53,2.92,0.61,,,,,,67.64,,,,,,2.75,123.57521999999999,0.0007677786330422265,-0.0007677786330422265,,0.002899763710224157,
2008-11-19,96.75,1.2595,,101.8804,3.38,2.98,0.4,,,2187137.0,,562090.0,74.26,,,,,,2.75,121.85662500000001,-0.01400489076638678,0.01400489076638678,,0.00476100249514122,
2008-11-20,94.98,1.2525,,103.2737,3.1,3.06,0.04,,,,,,80.86,,,,,,2.75,118.96245,-0.024037251622559985,0.024037251622559985,,0.013583169161231368,
2008-11-21,95.42,1.2531,,103.6289,3.2,3.15,0.05,,,,,,72.67,,,,,,2.75,119.57080200000001,0.005100784179204787,-0.005100784179204787,,0.00343350300047085,
2008-11-22,,,,,,,,,,,,,,,,,,,2.75,,,,,,
2008-11-23,,,,,,,,,,,,,,,,,,,2.75,,,,,,
2008-11-24,96.69,1.289,,101.502,3.35,3.11,0.24,,,,,,64.7,,,,,,2.75,124.63340999999998,,,,,
2008-11-25,95.53,1.303,,100.7997,3.11,2.79,0.32,,,,,,60.9,,,,,,2.75,124.47559,-0.0012670760278821191,0.0012670760278821191,,-0.006943123278846386,
2008-11-26,95.46,1.2828,,101.2566,2.99,2.68,0.31,,,2106117.0,,475435.0,54.92,,,,,,2.75,122.45608799999998,-0.0163571320100111,0.0163571320100111,,0.004522509605008551,
2008-11-27,,,,101.2564,,,,,,,,,,,,,,,2.75,,,,,-1.9751818403079824e-06,
2008-11-28,95.46,1.2694,,101.6468,2.93,2.6,0.33,,,,,,55.84,,,,,,2.75,121.176924,,,,0.0038481451427152535,
2008-11-29,,,,,,,,,,,,,,,,,,,2.75,,,,,,
2008-11-30,,,,,,,,,,,,,,,,,,,2.75,,,,,,
2008-12-01,93.71,1.2634,,102.1744,2.72,2.38,0.34,,,,8203.0,,68.51,,1.214,3.0478947368,4.469,3.6238,2.75,118.393214,,,,,
2008-12-02,93.64,1.2724,,101.9891,2.68,2.26,0.42,,,,,,62.98,,,,,,2.75,119.147536,0.006351116897366893,-0.006351116897366893,,-0.0018152123262016318,
2008-12-03,93.25,1.2669,,102.4251,2.67,2.14,0.53,,,2136924.0,,506819.0,60.72,,,,,,2.75,118.138425,-0.008505493365766448,0.008505493365766448,,0.004265854927655077,
2008-12-04,92.78,1.284,,102.0715,2.55,1.98,0.57,,,,,,63.64,,,,,,2.75,119.12952,0.008354274441571441,-0.008354274441571441,,-0.0034582516521712847,
2008-12-05,92.18,1.2654,,103.4902,2.67,2.23,0.44,,,,,,59.93,,,,,,2.75,116.64457200000001,-0.02107983956835735,0.02107983956835735,,0.013803374127657975,
2008-12-06,,,,,,,,,,,,,,,,,,,2.75,,,,,,
2008-12-07,,,,,,,,,,,,,,,,,,,2.75,,,,,,
2008-12-08,92.77,1.2942,,101.7227,2.77,2.47,0.3,,,,,,58.49,,,,,,2.75,120.062934,,,,,
2008-12-09,92.44,1.2937,,101.7346,2.67,2.41,0.26,,,,,,58.91,,,,,,2.75,119.589628,-0.003949939958308946,0.003949939958308946,,0.00011697786231845697,
2008-12-10,92.94,1.3024,,101.2913,2.69,2.44,0.25,,,2250012.0,,582575.0,55.73,,,,,,2.0,121.045056,0.012096724575071605,-0.012096724575071605,,-0.004366937464457266,
2008-12-11,91.96,1.3294,,99.5101,2.64,2.35,0.29,,,,,,55.78,,,,,,2.0,122.25162399999998,0.009918572597354292,-0.009918572597354292,,-0.017741377501430122,
2008-12-12,91.26,1.3349,,100.319,2.6,2.43,0.17,,,,,,54.28,,,,,,2.0,121.822974,-0.0035124543415188114,0.0035124543415188114,,0.008095962182161465,
2008-12-13,,,,,,,,,,,,,,,,,,,2.0,,,,,,
2008-12-14,,,,,,,,,,,,,,,,,,,2.0,,,,,,
2008-12-15,90.68,1.3664,,99.1001,2.53,2.43,0.1,,,,,,56.76,,,,,,2.0,123.90515200000002,,,,,
2008-12-16,89.98,1.381,,98.4771,2.37,2.21,0.16,,,,,,52.37,,,,,,2.0,124.26238000000001,0.002878928148684068,-0.002878928148684068,,-0.006306416578134133,
2008-12-17,87.84,1.4358,,96.8227,2.2,1.86,0.34,,,2254983.0,,583135.0,49.84,,,,,,2.0,126.120672,0.014843865081284768,-0.014843865081284768,,-0.01694256291606866,
2008-12-18,89.81,1.4298,,96.8447,2.08,1.85,0.23,,,,,,47.34,,,,,,2.0,128.410338,0.017991739112006577,-0.017991739112006577,,0.00022719363294676498,
2008-12-19,89.48,1.3875,,98.1278,2.13,1.98,0.15,,,,,,44.93,,,,,,2.0,124.15350000000001,-0.03371219877309084,0.03371219877309084,,0.013162046171390607,
2008-12-20,,,,,,,,,,,,,,,,,,,2.0,,,,,,
2008-12-21,,,,,,,,,,,,,,,,,,,2.0,,,,,,
2008-12-22,90.07,1.3952,,98.1643,2.16,2.01,0.15,,,,,,44.56,,,,,,2.0,125.66566399999999,,,,,
2008-12-23,90.57,1.3966,,98.2698,2.18,2.03,0.15,,,,,,45.02,,,,,,2.0,126.490062,0.006538823848424968,-0.006538823848424968,,0.0010741516889769542,
2008-12-24,90.68,1.3964,,98.2249,2.2,2.07,0.13,,,2232311.0,,552728.0,44.21,,,,,,2.0,126.62555200000001,0.0010705780714177493,-0.0010705780714177493,,-0.000457009789897711,
2008-12-25,,,,98.2419,,,,,,,,,,,,,,,2.0,,,,,0.00017305722944005453,
2008-12-26,90.65,1.4062,,98.2594,2.16,2.03,0.13,,,,,,43.38,,,,,,2.0,127.47203,,,,0.0001781158704421415,
2008-12-27,,,,,,,,,,,,,,,,,,,2.0,,,,,,
2008-12-28,,,,,,,,,,,,,,,,,,,2.0,,,,,,
2008-12-29,90.2,1.4232,,97.9359,2.13,2.02,0.11,,,,,,43.9,,,,,,2.0,128.37264000000002,,,,,
2008-12-30,90.37,1.4085,,98.3833,2.11,2.02,0.09,,,,,,41.63,,,,,,2.0,127.28614500000002,-0.008499622189911626,0.008499622189911626,,0.004557891174552076,
2008-12-31,90.79,1.3919,,98.6518,2.25,2.14,0.11,,,2239457.0,,553728.0,40.0,,,,,,2.0,126.37060100000001,-0.007218794613271129,0.007218794613271129,,0.002725404419797073,
2009-01-01,,,,,,,,,,,8284.2,,,,1.272,3.070952381,4.621,3.6699,2.0,,,,,,
2009-01-02,91.12,1.3946,,98.6008,2.46,2.29,0.17,,,,,,39.19,,,,,,2.0,127.07595200000002,,,,,
2009-01-03,,,,,,,,,,,,,,,,,,,2.0,,,,,,
2009-01-04,,,,,,,,,,,,,,,,,,,2.0,,,,,,
2009-01-05,93.2,1.3576,,98.9195,2.49,2.34,0.15,,,,,,39.08,,,,,,2.0,126.52832,,,,,
2009-01-06,94.2,1.3445,,98.7871,2.51,2.09,0.42,,,,,,38.56,,,,,,2.0,126.65190000000001,0.0009762216796742607,-0.0009762216796742607,,-0.001339358623257958,
2009-01-07,92.7,1.3718,,98.089,2.52,2.05,0.47,,,2121439.0,,538162.0,43.39,,,,,,2.0,127.16586,0.004049840345794031,-0.004049840345794031,,-0.007091799622493511,
2009-01-08,91.15,1.3714,,98.3223,2.47,1.97,0.5,,,,,,42.56,,,,,,2.0,125.00311,-0.017153601662093898,0.017153601662093898,,0.002375628181486178,
2009-01-09,90.25,1.3495,,98.8752,2.43,1.87,0.56,,,,,,42.82,,,,,,2.0,121.79237499999999,-0.026020866303887225,0.026020866303887225,,0.005607590855168709,
2009-01-10,,,,,,,,,,,,,,,,,,,2.0,,,,,,
2009-01-11,,,,,,,,,,,,,,,,,,,2.0,,,,,,
2009-01-12,88.92,1.3347,,99.6022,2.34,1.75,0.59,,,,,,45.84,,,,,,2.0,118.681524,,,,,
2009-01-13,89.65,1.3198,,100.3597,2.33,1.74,0.59,,,,,,43.27,,,,,,2.0,118.32007000000002,-0.0030502265756382485,0.0030502265756382485,,0.007576479554991522,
2009-01-14,89.28,1.3174,,100.7546,2.24,1.79,0.45,,,2049714.0,,510514.0,49.14,,,,,,2.0,117.61747199999999,-0.005955814160870432,0.005955814160870432,,0.003927125097741957,
2009-01-15,89.59,1.3094,,101.4653,2.23,1.78,0.45,,,,,,51.0,,,,,,2.0,117.309146,-0.0026248722231150268,0.0026248722231150268,,0.007029010756377296,
2009-01-16,90.29,1.3244,,100.711,2.36,1.81,0.55,,,,,,46.11,,,,,,2.0,119.580076,0.01917351537600087,-0.01917351537600087,,-0.007461838997830483,
2009-01-17,,,,,,,,,,,,,,,,,,,2.0,,,,,,
2009-01-18,,,,,,,,,,,,,,,,,,,2.0,,,,,,
2009-01-19,,,,,,,,,,,,,,,,,,,2.0,,,,,,
2009-01-20,90.19,1.2946,,,2.4,1.82,0.58,,,,,,56.65,,,,,,2.0,116.759974,,,,,
2009-01-21,87.8,1.287,,102.1007,2.56,1.98,0.58,,,2037112.0,,462796.0,46.42,,,,,,1.0,112.9986,-0.03274489405182912,0.03274489405182912,,,
2009-01-22,88.64,1.2955,,101.8432,2.62,1.97,0.65,,,,,,47.29,,,,,,1.0,114.83312000000001,0.016104514763941147,-0.016104514763941147,,-0.002525205576950462,
2009-01-23,88.72,1.2849,,102.1096,2.65,1.93,0.72,,,,,,47.27,,,,,,1.0,113.99632799999999,-0.007313706669592079,0.007313706669592079,,0.0026123706220602116,
2009-01-24,,,,,,,,,,,,,,,,,,,1.0,,,,,,
2009-01-25,,,,,,,,,,,,,,,,,,,1.0,,,,,,
2009-01-26,89.25,1.3123,,100.9764,2.7,1.92,0.78,,,,,,45.69,,,,,,1.0,117.122775,,,,,
2009-01-27,88.99,1.3159,,101.1702,2.59,1.77,0.82,,,,,,42.25,,,,,,1.0,117.101941,-0.0001778975371236058,0.0001778975371236058,,0.001917420915074075,
2009-01-28,88.87,1.3244,,100.5461,2.71,1.81,0.9,,,1927082.0,,465672.0,39.66,,,,,,1.0,117.69942800000001,0.005089308398608772,-0.005089308398608772,,-0.006187918293317551,
2009-01-29,89.77,1.2988,,101.3398,2.87,1.83,1.04,,,,,,42.63,,,,,,1.0,116.59327599999999,-0.009442549426187163,0.009442549426187163,,0.007862897698303506,
2009-01-30,89.83,1.2804,,102.1169,2.87,1.73,1.14,,,,,,44.84,,,,,,1.0,115.018332,-0.013600080660464364,0.013600080660464364,,0.007639008977672113,
2009-01-31,,,,,,,,,,,,,,,,,,,1.0,,,,,,
2009-02-01,,,,,,,,,,,8314.7,,,,1.277,3.1275,4.536,3.6899,1.0,,,,,,
2009-02-02,89.86,1.2808,,102.5067,2.76,1.69,1.07,,,,,,45.52,,,,,,1.0,115.092688,,,,,
2009-02-03,89.09,1.301,,101.8506,2.89,1.76,1.13,,,,,,43.06,,,,,,1.0,115.90608999999999,0.007042507920538732,-0.007042507920538732,,-0.0064211286242041865,
2009-02-04,89.53,1.2857,,101.9056,2.95,1.78,1.17,,,1851437.0,,387448.0,43.85,,,,,,1.0,115.108721,-0.006903212508789558,0.006903212508789558,,0.0005398608860573972,
2009-02-05,91.01,1.2838,,101.9517,2.95,1.84,1.11,,,,,,43.73,,,,,,1.0,116.83863800000002,0.01491673873067434,-0.01491673873067434,,0.0004522771643289403,
2009-02-06,91.95,1.2874,,101.7455,3.05,1.82,1.23,,,,,,43.37,,,,,,1.0,118.37643000000001,0.013075811201903598,-0.013075811201903598,,-0.0020245744215712236,
2009-02-07,,,,,,,,,,,,,,,,,,,1.0,,,,,,
2009-02-08,,,,,,,,,,,,,,,,,,,1.0,,,,,,
2009-02-09,91.47,1.3064,,100.9637,3.07,1.66,1.41,,,,,,43.64,,,,,,1.0,119.496408,,,,,
2009-02-10,90.65,1.2966,,101.7094,2.9,1.65,1.25,,,,,,46.67,,,,,,1.0,117.53679000000001,-0.016534921382772794,0.016534921382772794,,0.007358681196270922,
2009-02-11,90.66,1.2893,,102.24,2.78,1.66,1.12,,,1843400.0,,390829.0,44.53,,,,,,1.0,116.88793799999999,-0.0055357100122606084,0.0055357100122606084,,0.00520326313408237,
2009-02-12,90.55,1.2822,,102.598,2.75,1.61,1.14,,,,,,41.25,,,,,,1.0,116.10320999999999,-0.006736144046915804,0.006736144046915804,,0.0034954487400620238,
2009-02-13,91.84,1.2879,,102.2958,2.89,1.68,1.21,,,,,,42.93,,,,,,1.0,118.280736,0.01858138058730141,-0.01858138058730141,,-0.002949822972989402,
2009-02-14,,,,,,,,,,,,,,,,,,,1.0,,,,,,
2009-02-15,,,,,,,,,,,,,,,,,,,1.0,,,,,,
2009-02-16,,,,,,,,,,,,,,,,,,,1.0,,,,,,
2009-02-17,92.17,1.2571,,103.7625,2.64,1.53,1.11,,,,,,48.66,,,,,,1.0,115.86690700000001,,,,,
2009-02-18,93.81,1.2547,,104.0385,2.74,1.63,1.11,,,1915562.0,,375005.0,48.46,,,,,,1.0,117.703407,0.015725781377154746,-0.015725781377154746,,0.0026563891636444126,
2009-02-19,94.09,1.2675,,103.7656,2.85,1.73,1.12,,,,,,47.08,,,,,,1.0,119.25907500000001,0.013130267180499366,-0.013130267180499366,,-0.002626513691357246,
2009-02-20,93.87,1.269,,104.0244,2.78,1.67,1.11,,,,,,49.3,,,,,,1.0,119.12102999999999,-0.0011581924207249017,0.0011581924207249017,,0.0024909777546611167,
2009-02-21,,,,,,,,,,,,,,,,,,,1.0,,,,,,
2009-02-22,,,,,,,,,,,,,,,,,,,1.0,,,,,,
2009-02-23,94.63,1.2747,,103.7416,2.78,1.7,1.08,,,,,,52.62,,,,,,1.0,120.624861,,,,,
2009-02-24,96.6,1.2742,,103.9829,2.8,1.82,0.98,,,,,,45.49,,,,,,1.0,123.08771999999999,0.02021186459184321,-0.02021186459184321,,0.002323270567856639,
2009-02-25,97.33,1.2731,,104.3086,2.95,1.98,0.97,,,1916115.0,,374947.0,44.67,,,,,,1.0,123.910823,0.006664865605142012,-0.006664865605142012,,0.0031273505203452956,
2009-02-26,98.55,1.2764,,104.1813,2.98,2.02,0.96,,,,,,44.66,,,,,,1.0,125.78922,0.01504551149681621,-0.01504551149681621,,-0.0012211624238833707,
2009-02-27,97.74,1.2662,,104.9284,3.02,2.06,0.96,,,,,,46.35,,,,,,1.0,123.758388,-0.01627646805078342,0.01627646805078342,,0.0071455621508631495,
2009-02-28,,,,,,,,,,,,,,,,,,,1.0,,,,,,
2009-03-01,,,,,,,,,,,8380.5,,,,1.323,3.0195454545,4.458,3.2497,1.0,,,,,,
2009-03-02,97.17,1.258,,105.9617,2.91,2.0,0.91,,,,,,52.65,,,,,,1.0,122.23986000000001,,,,,
2009-03-03,98.16,1.2549,,106.0249,2.93,2.02,0.91,,,,,,50.93,,,,,,1.0,123.18098399999998,0.007669508407184722,-0.007669508407184722,,0.0005962641211523234,
2009-03-04,99.34,1.2607,,105.4558,3.01,2.09,0.92,,,1901317.0,,315211.0,47.56,,,,,,1.0,125.237938,0.016560743397509903,-0.016560743397509903,,-0.005382064403430142,
2009-03-05,98.32,1.2565,,105.8064,2.83,1.98,0.85,,,,,,50.17,,,,,,1.0,123.53907999999998,-0.013657888675002283,0.013657888675002283,,0.0033191013050464235,
2009-03-06,97.88,1.2674,,105.3937,2.83,2.02,0.81,,,,,,49.33,,,,,,1.0,124.053112,0.004152253222462043,-0.004152253222462043,,-0.003908147063234502,
2009-03-07,,,,,,,,,,,,,,,,,,,1.0,,,,,,
2009-03-08,,,,,,,,,,,,,,,,,,,1.0,,,,,,
2009-03-09,98.87,1.2636,,106.0182,2.89,2.06,0.83,,,,,,49.68,,,,,,1.0,124.93213200000001,,,,,
2009-03-10,98.39,1.2752,,105.1153,2.99,2.15,0.84,,,,,,44.37,,,,,,1.0,125.466928,0.0042715560766533045,-0.0042715560766533045,,-0.0085529345567954,
2009-03-11,97.74,1.2774,,104.8499,2.95,2.03,0.92,,,1899514.0,,312461.0,43.61,,,,,,0.5,124.853076,-0.004904547944127202,0.004904547944127202,,-0.0025280393260143086,
2009-03-12,97.86,1.2799,,104.89,2.89,1.88,1.01,,,,,,41.18,,,,,,0.5,125.251014,0.003182181753225599,-0.003182181753225599,,0.0003823783694816285,
2009-03-13,98.04,1.2891,,104.1106,2.89,1.87,1.02,,,,,,42.36,,,,,,0.5,126.383364,0.009000023386247946,-0.009000023386247946,,-0.007458386368312198,
2009-03-14,,,,,,,,,,,,,,,,,,,0.5,,,,,,
2009-03-15,,,,,,,,,,,,,,,,,,,0.5,,,,,,
2009-03-16,98.17,1.2997,,103.2005,2.97,1.88,1.09,,,,,,43.74,,,,,,0.5,127.59154900000001,,,,,
2009-03-17,98.85,1.2972,,103.2305,3.02,1.9,1.12,,,,,,40.8,,,,,,0.5,128.22822,0.004977506757816386,-0.004977506757816386,,0.00029065402203354296,
2009-03-18,98.08,1.311,,103.0005,2.51,1.28,1.23,,,2066942.0,,329012.0,40.06,,,,,,0.5,128.58288,0.002762031901811568,-0.002762031901811568,,-0.002230509432214589,
2009-03-19,93.85,1.373,,100.3951,2.61,1.31,1.3,,,,,,43.68,,,,,,0.5,128.85604999999998,0.0021222128488878056,-0.0021222128488878056,,-0.025620441301025032,
2009-03-20,96.18,1.3566,,101.0581,2.65,1.43,1.22,,,,,,45.89,,,,,,0.5,130.477788,0.012507115561007254,-0.012507115561007254,,0.006582197688818958,
2009-03-21,,,,,,,,,,,,,,,,,,,0.5,,,,,,
2009-03-22,,,,,,,,,,,,,,,,,,,0.5,,,,,,
2009-03-23,97.3,1.3569,,101.103,2.68,1.4,1.28,,,,,,43.23,,,,,,0.5,132.02637,,,,,
2009-03-24,97.86,1.3524,,101.0319,2.68,1.36,1.32,,,,,,42.93,,,,,,0.5,132.345864,0.002417002350841635,-0.002417002350841635,,-0.0007034906187133316,
2009-03-25,97.7,1.3539,,100.9674,2.81,1.44,1.37,,,2071556.0,,327778.0,42.25,,,,,,0.5,132.27603000000002,-0.0005278021449059977,0.0005278021449059977,,-0.0006386160961167064,
2009-03-26,98.47,1.356,,101.097,2.76,1.3,1.46,,,,,,40.36,,,,,,0.5,133.52532,0.009400247210249901,-0.009400247210249901,,0.0012827595338036346,
2009-03-27,97.99,1.3306,,101.8388,2.78,1.38,1.4,,,,,,41.04,,,,,,0.5,130.385494,-0.023795721804537706,0.023795721804537706,,0.0073107189947601015,
2009-03-28,,,,,,,,,,,,,,,,,,,0.5,,,,,,
2009-03-29,,,,,,,,,,,,,,,,,,,0.5,,,,,,
2009-03-30,97.44,1.3146,,102.749,2.73,1.39,1.34,,,,,,45.54,,,,,,0.5,128.094624,,,,,
2009-03-31,99.15,1.3261,,102.3761,2.71,1.43,1.28,,,,,,44.14,,,,,,0.5,131.48281500000002,0.026106917858295553,-0.026106917858295553,,-0.0036358340426332347,
2009-04-01,98.93,1.3223,,102.1252,2.68,1.37,1.31,,,2078936.0,8390.2,308792.0,42.28,,1.402,3.133,4.356,3.4072,0.5,130.81513900000002,-0.0050909847514502005,0.0050909847514502005,,-0.0024537753636710846,
2009-04-02,99.48,1.3458,,100.8733,2.77,1.44,1.33,,,,,,42.04,,,,,,0.5,133.880184,0.02316007679151344,-0.02316007679151344,,-0.012334237654747504,
2009-04-03,99.94,1.3447,,100.6429,2.91,1.53,1.38,,,,,,39.7,,,,,,0.5,134.389318,0.00379569505646149,-0.00379569505646149,,-0.002286665790578901,
2009-04-04,,,,,,,,,,,,,,,,,,,0.5,,,,,,
2009-04-05,,,,,,,,,,,,,,,,,,,0.5,,,,,,
2009-04-06,100.65,1.3363,,100.9428,2.95,1.52,1.43,,,,,,40.93,,,,,,0.5,134.49859500000002,,,,,
2009-04-07,100.71,1.3282,,100.9808,2.93,1.61,1.32,,,,,,40.39,,,,,,0.5,133.763022,-0.005484011106148934,0.005484011106148934,,0.0003763799818212732,
2009-04-08,99.95,1.3288,,100.8948,2.86,1.57,1.29,,,2088573.0,,313396.0,38.85,,,,,,0.25,132.81356,-0.007123401521172745,0.007123401521172745,,-0.0008520099031530393,
2009-04-09,100.43,1.3149,,100.7988,2.96,1.62,1.34,,,,,,36.53,,,,,,0.25,132.055407,-0.005724755747372967,0.005724755747372967,,-0.0009519390525971616,
2009-04-10,100.3,1.3143,,100.7597,,,,,,,,,,,,,,,0.25,131.82429,-0.0017516850422687469,0.0017516850422687469,,-0.00038797669649781596,
2009-04-11,,,,,,,,,,,,,,,,,,,0.25,,,,,,
2009-04-12,,,,,,,,,,,,,,,,,,,0.25,,,,,,
2009-04-13,100.12,1.3354,,100.1369,2.88,1.55,1.33,,,,,,37.81,,,,,,0.25,133.700248,,,,,
2009-04-14,99.08,1.3277,,99.9097,2.8,1.52,1.28,,,,,,37.67,,,,,,0.25,131.548516,-0.016224612464326604,0.016224612464326604,,-0.002271471723969576,
2009-04-15,99.37,1.3182,,100.1497,2.82,1.55,1.27,,,2186498.0,,293533.0,36.17,,,,,,0.25,130.98953400000002,-0.004258299661123566,0.004258299661123566,,0.002399288562614288,
2009-04-16,99.29,1.3197,,100.0517,2.86,1.59,1.27,,,,,,35.79,,,,,,0.25,131.033013,0.00033187220639430137,-0.00033187220639430137,,-0.0009790142109649125,
2009-04-17,99.21,1.303,,100.5719,2.98,1.7,1.28,,,,,,33.94,,,,,,0.25,129.27062999999998,-0.013541185281630064,0.013541185281630064,,0.005185842202106272,
2009-04-18,,,,,,,,,,,,,,,,,,,0.25,,,,,,
2009-04-19,,,,,,,,,,,,,,,,,,,0.25,,,,,,
2009-04-20,98.29,1.2903,,101.448,2.88,1.66,1.22,,,,,,39.18,,,,,,0.25,126.823587,,,,,
2009-04-21,98.6,1.2978,,101.1794,2.94,1.69,1.25,,,,,,37.14,,,,,,0.25,127.96308,0.008944742759319446,-0.008944742759319446,,-0.0026511731120875126,
2009-04-22,98.14,1.3012,,101.1142,2.98,1.65,1.33,,,2196812.0,,282863.0,38.1,,,,,,0.25,127.69976799999999,-0.0020598385347039283,0.0020598385347039283,,-0.0006446076619104346,
2009-04-23,97.88,1.3048,,101.0065,2.96,1.52,1.44,,,,,,37.15,,,,,,0.25,127.71382399999999,0.00011006462032092657,-0.00011006462032092657,,-0.0010656999524840671,
2009-04-24,97.08,1.3277,,100.0244,3.03,1.53,1.5,,,,,,36.82,,,,,,0.25,128.89311600000002,0.009191491878982383,-0.009191491878982383,,-0.009770714981183204,
2009-04-25,,,,,,,,,,,,,,,,,,,0.25,,,,,,
2009-04-26,,,,,,,,,,,,,,,,,,,0.25,,,,,,
2009-04-27,96.57,1.3136,,100.7258,2.95,1.48,1.47,,,,,,38.32,,,,,,0.25,126.854352,,,,,
2009-04-28,96.49,1.3061,,101.3145,3.05,1.54,1.51,,,,,,37.95,,,,,,0.25,126.025589,-0.006554620061222316,0.006554620061222316,,0.005827566738380696,
2009-04-29,96.97,1.3324,,100.0009,3.12,1.59,1.53,,,2066712.0,,249513.0,36.08,,,,,,0.25,129.202828,0.02489850602021182,-0.02489850602021182,,-0.013050354254133367,
2009-04-30,98.76,1.3244,,100.1042,3.16,1.69,1.47,,,,,,36.5,,,,,,0.25,130.79774400000002,0.012268711514090036,-0.012268711514090036,,0.0010324575353273246,
2009-05-01,99.24,1.3267,,100.0057,3.21,1.8,1.41,,,,8452.9,,35.3,,1.481,3.371,4.415,3.6206,0.25,131.661708,0.006583623596401189,-0.006583623596401189,,-0.0009844591192651464,
2009-05-02,,,,,,,,,,,,,,,,,,,0.25,,,,,,
2009-05-03,,,,,,,,,,,,,,,,,,,0.25,,,,,,
2009-05-04,99.12,1.3365,,99.134,3.19,1.77,1.42,,,,,,34.53,,,,,,0.25,132.47388,,,,,
2009-05-05,98.76,1.3375,,98.8529,3.2,1.77,1.43,,,,,,33.36,,,,,,0.25,132.0915,-0.0028906296527200226,0.0028906296527200226,,-0.002839583718733607,
2009-05-06,98.6,1.3313,,98.9044,3.18,1.74,1.44,,,2079758.0,,249302.0,32.45,,,,,,0.25,131.26618,-0.006267694200679408,0.006267694200679408,,0.0005208404560965718,
2009-05-07,99.0,1.3411,,98.552,3.29,1.74,1.55,,,,,,33.44,,,,,,0.25,132.7689,0.011382852805023269,-0.011382852805023269,,-0.0035693993625853793,
2009-05-08,99.01,1.3494,,98.1269,3.29,1.77,1.52,,,,,,32.05,,,,,,0.25,133.604094,0.006270881476264201,-0.006270881476264201,,-0.0043227886872374555,
2009-05-09,,,,,,,,,,,,,,,,,,,0.25,,,,,,
2009-05-10,,,,,,,,,,,,,,,,,,,0.25,,,,,,
2009-05-11,97.45,1.362,,97.747,3.17,1.7,1.47,,,,,,32.87,,,,,,0.25,132.7269,,,,,
2009-05-12,96.59,1.3638,,97.8269,3.17,1.69,1.48,,,,,,31.8,,,,,,0.25,131.729442,-0.007543496385270743,0.007543496385270743,,0.0008170824884636829,
2009-05-13,95.75,1.3612,,98.0276,3.11,1.67,1.44,,,2196351.0,,246838.0,33.65,,,,,,0.25,130.3349,-0.010642845590250971,0.010642845590250971,,0.0020494813267122325,
2009-05-14,95.62,1.3608,,98.1271,3.1,1.68,1.42,,,,,,31.37,,,,,,0.25,130.119696,-0.001652526407896815,0.001652526407896815,,0.0010145054748518234,
2009-05-15,94.89,1.3539,,98.1063,3.14,1.66,1.48,,,,,,33.12,,,,,,0.25,128.471571,-0.012747122792877263,0.012747122792877263,,-0.0002119924546777341,
2009-05-16,,,,,,,,,,,,,,,,,,,0.25,,,,,,
2009-05-17,,,,,,,,,,,,,,,,,,,0.25,,,,,,
2009-05-18,96.05,1.3503,,97.9412,3.22,1.66,1.56,,,,,,30.24,,,,,,0.25,129.696315,,,,,
2009-05-19,96.1,1.3608,,97.2827,3.25,1.65,1.6,,,,,,28.8,,,,,,0.25,130.77288,0.00826639887633629,-0.00826639887633629,,-0.00674612583163281,
2009-05-20,95.16,1.3765,,96.5707,3.19,1.56,1.63,,,2181632.0,,235112.0,29.03,,,,,,0.25,130.98774,0.0016416529595204565,-0.0016416529595204565,,-0.007345790186412238,
2009-05-21,94.97,1.3804,,96.6039,3.35,1.67,1.68,,,,,,31.35,,,,,,0.25,131.096588,0.0008306334612901978,-0.0008306334612901978,,0.0003437304938316288,
2009-05-22,94.45,1.4005,,95.8788,3.45,1.72,1.73,,,,,,32.63,,,,,,0.25,132.27722500000002,0.008965545168972078,-0.008965545168972078,,-0.007534219231018824,
2009-05-23,,,,,,,,,,,,,,,,,,,0.25,,,,,,
2009-05-24,,,,,,,,,,,,,,,,,,,0.25,,,,,,
2009-05-25,,,,,,,,,,,,,,,,,,,0.25,,,,,,
2009-05-26,94.81,1.3992,,95.988,3.5,1.72,1.78,,,,,,30.62,,,,,,0.25,132.658152,,,,,
2009-05-27,95.01,1.3924,,95.9622,3.71,1.83,1.88,,,2080115.0,,181647.0,32.36,,,,,,0.25,132.29192400000002,-0.0027645074783180235,0.0027645074783180235,,-0.00026881972673553634,
2009-05-28,96.76,1.3948,,96.1313,3.67,1.87,1.8,,,,,,31.67,,,,,,0.25,134.960848,0.019973695387380808,-0.019973695387380808,,0.001760601412127194,
2009-05-29,95.55,1.4126,,95.268,3.47,1.67,1.8,,,,,,28.92,,,,,,0.25,134.97393,9.692711778086505e-05,-9.692711778086505e-05,,-0.009020992809100292,
2009-05-30,,,,,,,,,,,,,,,,,,,0.25,,,,,,
2009-05-31,,,,,,,,,,,,,,,,,,,0.25,,,,,,
2009-06-01,96.53,1.4192,,94.8107,3.71,1.8,1.91,,,,8462.9,,30.04,,1.363,3.4736363636,4.606,3.7221,0.25,136.995376,,,,,
2009-06-02,95.72,1.427,,94.6556,3.65,1.69,1.96,,,,,,29.63,,,,,,0.25,136.59244,-0.002945571898830046,0.002945571898830046,,-0.0016372308388961088,
2009-06-03,95.72,1.4194,,95.0751,3.56,1.68,1.88,,,2077695.0,,175742.0,31.02,,,,,,0.25,135.864968,-0.005340091385953372,0.005340091385953372,,0.004422064363836853,
2009-06-04,96.37,1.4187,,95.2922,3.72,1.83,1.89,,,,,,30.18,,,,,,0.25,136.720119,0.006274399050080426,-0.006274399050080426,,0.0022808548959636354,
2009-06-05,98.18,1.399,,96.0412,3.84,1.88,1.96,,,,,,29.62,,,,,,0.25,137.35382,0.004624315114251765,-0.004624315114251765,,0.007829305557885746,
2009-06-06,,,,,,,,,,,,,,,,,,,0.25,,,,,,
2009-06-07,,,,,,,,,,,,,,,,,,,0.25,,,,,,
2009-06-08,98.56,1.3884,,96.6548,3.91,1.94,1.97,,,,,,29.77,,,,,,0.25,136.84070400000002,,,,,
2009-06-09,97.6,1.4014,,95.9537,3.86,1.88,1.98,,,,,,28.27,,,,,,0.25,136.77664,-0.0004682744173605258,0.0004682744173605258,,-0.007280084695127975,
2009-06-10,98.13,1.3983,,96.1277,3.98,1.91,2.07,,,2052297.0,,164234.0,28.46,,,,,,0.25,137.215179,0.003201112909726689,-0.003201112909726689,,0.0018117323967281607,
2009-06-11,97.83,1.4093,,95.4993,3.88,1.89,1.99,,,,,,28.11,,,,,,0.25,137.871819,0.00477406240159528,-0.00477406240159528,,-0.006558598240975044,
2009-06-12,98.17,1.404,,95.836,3.81,1.91,1.9,,,,,,28.15,,,,,,0.25,137.83068,-0.00029843037661603233,0.00029843037661603233,,0.003519479652224433,
2009-06-13,,,,,,,,,,,,,,,,,,,0.25,,,,,,
2009-06-14,,,,,,,,,,,,,,,,,,,0.25,,,,,,
2009-06-15,98.03,1.3784,,96.7519,3.76,1.9,1.86,,,,,,30.81,,,,,,0.25,135.124552,,,,,
2009-06-16,96.26,1.3878,,96.2616,3.67,1.88,1.79,,,,,,32.68,,,,,,0.25,133.589628,-0.011424337146942243,0.011424337146942243,,-0.005080484573433353,
2009-06-17,95.65,1.385,,96.64,3.68,1.95,1.73,,,2072527.0,,148563.0,31.54,,,,,,0.25,132.47525000000002,-0.00837678783271123,0.00837678783271123,,0.003923248799980961,
2009-06-18,96.36,1.3978,,96.1482,3.86,1.98,1.88,,,,,,30.03,,,,,,0.25,134.692008,0.016594914281998108,-0.016594914281998108,,-0.005101983075781469,
2009-06-19,96.15,1.3998,,96.0325,3.79,1.91,1.88,,,,,,27.99,,,,,,0.25,134.59077,-0.0007519084994704883,0.0007519084994704883,,-0.0012040752685207323,
2009-06-20,,,,,,,,,,,,,,,,,,,0.25,,,,,,
2009-06-21,,,,,,,,,,,,,,,,,,,0.25,,,,,,
2009-06-22,95.9,1.3846,,96.8818,3.72,1.89,1.83,,,,,,31.17,,,,,,0.25,132.78314,,,,,
2009-06-23,95.32,1.4035,,96.5196,3.65,1.84,1.81,,,,,,30.58,,,,,,0.25,133.78161999999998,0.007491497899160926,-0.007491497899160926,,-0.00374558222901733,
2009-06-24,95.38,1.4015,,96.2369,3.72,1.93,1.79,,,2025571.0,,119430.0,29.05,,,,,,0.25,133.67506999999998,-0.0007967645575570614,0.0007967645575570614,,-0.002933236520615168,
2009-06-25,96.21,1.3953,,96.7072,3.55,1.82,1.73,,,,,,26.36,,,,,,0.25,134.24181299999998,0.004230743796412639,-0.004230743796412639,,0.004874996762407768,
2009-06-26,95.19,1.4056,,96.1935,3.52,1.85,1.67,,,,,,25.93,,,,,,0.25,133.799064,-0.003303596135232567,0.003303596135232567,,-0.005326068949919716,
2009-06-27,,,,,,,,,,,,,,,,,,,0.25,,,,,,
2009-06-28,,,,,,,,,,,,,,,,,,,0.25,,,,,,
2009-06-29,95.84,1.4058,,96.242,3.51,1.83,1.68,,,,,,25.35,,,,,,0.25,134.731872,,,,,
2009-06-30,96.42,1.402,,96.3761,3.53,1.78,1.75,,,,,,26.35,,,,,,0.25,135.18084,0.0033267674630677035,-0.0033267674630677035,,0.0013923927363590494,
2009-07-01,96.41,1.4186,,95.6581,3.55,1.83,1.72,,,2005627.0,8467.3,114585.0,26.22,,1.386,3.337826087,4.373,3.8238,0.25,136.767226,0.011666962872263653,-0.011666962872263653,,-0.007477869523127012,
2009-07-02,95.9,1.4018,,96.3216,3.51,1.87,1.64,,,,,,27.95,,,,,,0.25,134.43262000000001,-0.017217293488658747,0.017217293488658747,,0.006912216674616722,
2009-07-03,95.95,1.3991,,,,,,,,,,,,,,,,,0.25,134.24364500000001,-0.0014067117626677117,0.0014067117626677117,,,
2009-07-04,,,,,,,,,,,,,,,,,,,0.25,,,,,,
2009-07-05,,,,,,,,,,,,,,,,,,,0.25,,,,,,
2009-07-06,95.0,1.3938,,96.6174,3.52,2.03,1.49,,,,,,29.0,,,,,,0.25,132.411,,,,,
2009-07-07,95.11,1.3965,,96.6321,3.47,1.87,1.6,,,,,,30.85,,,,,,0.25,132.82111500000002,0.003092501274566395,-0.003092501274566395,,0.00015213493466603722,
2009-07-08,92.9,1.3852,,97.0204,3.33,1.79,1.54,,,1992740.0,,109144.0,31.3,,,,,,0.25,128.68508,-0.03163504353146607,0.03163504353146607,,0.004010281513516567,
2009-07-09,92.79,1.4026,,96.6219,3.44,1.87,1.57,,,,,,29.78,,,,,,0.25,130.147254,0.011298353119839177,-0.011298353119839177,,-0.004115842071223064,
2009-07-10,92.33,1.3926,,97.0819,3.32,1.8,1.52,,,,,,29.02,,,,,,0.25,128.578758,-0.012124913174915264,0.012124913174915264,,0.004749528555700877,
2009-07-11,,,,,,,,,,,,,,,,,,,0.25,,,,,,
2009-07-12,,,,,,,,,,,,,,,,,,,0.25,,,,,,
2009-07-13,92.74,1.3973,,96.9995,3.38,1.84,1.54,,,,,,26.31,,,,,,0.25,129.585602,,,,,
2009-07-14,93.03,1.3971,,96.6599,3.5,1.86,1.64,,,,,,25.02,,,,,,0.25,129.972213,0.0029789993871913723,-0.0029789993871913723,,-0.003507191988626701,
2009-07-15,94.09,1.4116,,95.8004,3.63,1.87,1.76,,,2072451.0,,111641.0,25.89,,,,,,0.25,132.817444,0.021654902382881147,-0.021654902382881147,,-0.008931771528852828,
2009-07-16,93.59,1.4115,,95.7241,3.59,1.82,1.77,,,,,,25.42,,,,,,0.25,132.102285,-0.005399074957080252,0.005399074957080252,,-0.0007967649469025062,
2009-07-17,94.08,1.412,,95.6036,3.67,1.81,1.86,,,,,,24.34,,,,,,0.25,132.84096,0.00557611434079508,-0.00557611434079508,,-0.0012596191344220742,
2009-07-18,,,,,,,,,,,,,,,,,,,0.25,,,,,,
2009-07-19,,,,,,,,,,,,,,,,,,,0.25,,,,,,
2009-07-20,94.52,1.4211,,95.0903,3.61,1.73,1.88,,,,,,24.4,,,,,,0.25,134.322372,,,,,
2009-07-21,93.36,1.4196,,95.0564,3.5,1.71,1.79,,,,,,23.87,,,,,,0.25,132.533856,-0.013404542165881494,0.013404542165881494,,-0.00035656680193874024,
2009-07-22,93.77,1.422,,94.8659,3.58,1.75,1.83,,,2039001.0,,89582.0,23.47,,,,,,0.25,133.34094,0.006071177044078446,-0.006071177044078446,,-0.002006084213249437,
2009-07-23,94.75,1.4266,,94.532,3.72,1.8,1.92,,,,,,23.43,,,,,,0.25,135.17035,0.013626528011753791,-0.013626528011753791,,-0.0035259139190264577,
2009-07-24,94.86,1.4213,,94.7046,3.7,1.81,1.89,,,,,,23.09,,,,,,0.25,134.824518,-0.002561768612071802,0.002561768612071802,,0.0018241719399103573,
2009-07-25,,,,,,,,,,,,,,,,,,,0.25,,,,,,
2009-07-26,,,,,,,,,,,,,,,,,,,0.25,,,,,,
2009-07-27,95.32,1.4212,,94.6659,3.75,1.85,1.9,,,,,,24.28,,,,,,0.25,135.468784,,,,,
2009-07-28,94.6,1.4215,,94.5592,3.72,1.86,1.86,,,,,,25.01,,,,,,0.25,134.4739,-0.007371109228525796,0.007371109228525796,,-0.0011277574836396909,
2009-07-29,95.13,1.4033,,95.1678,3.69,1.84,1.85,,,2000547.0,,87738.0,25.61,,,,,,0.25,133.495929,-0.007299145173431221,0.007299145173431221,,0.006415555903629411,
2009-07-30,95.67,1.4066,,94.8967,3.67,1.78,1.89,,,,,,25.4,,,,,,0.25,134.569422,0.008009231588538057,-0.008009231588538057,,-0.0028527177232033907,
2009-07-31,94.54,1.4279,,94.2526,3.52,1.71,1.81,,,,,,25.92,,,,,,0.25,134.993666,0.0031476442373454816,-0.0031476442373454816,,-0.006810519411015292,
2009-08-01,,,,,,,,,,,8466.2,,,,1.314,3.3052380952,4.116,3.7142,0.25,,,,,,
2009-08-02,,,,,,,,,,,,,,,,,,,0.25,,,,,,
2009-08-03,95.23,1.4416,,93.6331,3.66,1.78,1.88,,,,,,25.56,,,,,,0.25,137.283568,,,,,
2009-08-04,95.41,1.44,,93.7281,3.7,1.81,1.89,,,,,,24.89,,,,,,0.25,137.3904,0.0007778822737725122,-0.0007778822737725122,,0.0010140841128398748,
2009-08-05,94.98,1.4391,,93.7848,3.8,1.85,1.95,,,1989203.0,,76271.0,24.9,,,,,,0.25,136.685718,-0.0051422470366970785,0.0051422470366970785,,0.0006047584110540072,
2009-08-06,95.56,1.4357,,93.9358,3.79,1.87,1.92,,,,,,25.67,,,,,,0.25,137.195492,0.0037225962941533908,-0.0037225962941533908,,0.0016087742375381353,
2009-08-07,97.65,1.418,,94.4692,3.89,1.88,2.01,,,,,,24.76,,,,,,0.25,138.4677,0.00923022782350369,-0.00923022782350369,,0.005662285237989728,
2009-08-08,,,,,,,,,,,,,,,,,,,0.25,,,,,,
2009-08-09,,,,,,,,,,,,,,,,,,,0.25,,,,,,
2009-08-10,97.23,1.4143,,94.6087,3.8,1.83,1.97,,,,,,24.99,,,,,,0.25,137.51238899999998,,,,,
2009-08-11,95.94,1.4141,,94.8678,3.71,1.8,1.91,,,,,,25.99,,,,,,0.25,135.66875399999998,-0.013497732460371559,0.013497732460371559,,0.0027349055054246563,
2009-08-12,96.16,1.4215,,94.5394,3.72,1.84,1.88,,,2014899.0,,75211.0,25.45,,,,,,0.25,136.69144,0.007509840490302899,-0.007509840490302899,,-0.0034676646830300584,
2009-08-13,95.46,1.4283,,94.2392,3.59,1.8,1.79,,,,,,24.71,,,,,,0.25,136.34551799999997,-0.0025338854316183657,0.0025338854316183657,,-0.0031804479220607362,
2009-08-14,94.64,1.4216,,94.475,3.55,1.85,1.7,,,,,,24.27,,,,,,0.25,134.540224,-0.0133290199357603,0.0133290199357603,,0.0024990183326538684,
2009-08-15,,,,,,,,,,,,,,,,,,,0.25,,,,,,
2009-08-16,,,,,,,,,,,,,,,,,,,0.25,,,,,,
2009-08-17,94.33,1.4088,,95.1024,3.48,1.79,1.69,,,,,,27.89,,,,,,0.25,132.892104,,,,,
2009-08-18,94.72,1.4075,,95.1118,3.51,1.78,1.73,,,,,,26.18,,,,,,0.25,133.3184,0.003202701305783151,-0.003202701305783151,,9.883594397930295e-05,
2009-08-19,93.87,1.4262,,94.4084,3.45,1.7,1.75,,,2060641.0,,69141.0,26.26,,,,,,0.25,133.877394,0.004184158793562709,-0.004184158793562709,,-0.007422989526401302,
2009-08-20,94.12,1.4235,,94.3492,3.42,1.6,1.82,,,,,,25.09,,,,,,0.25,133.97982000000002,0.0007647806341504193,-0.0007647806341504193,,-0.0006272595322363017,
2009-08-21,94.6,1.4305,,94.0103,3.56,1.69,1.87,,,,,,25.01,,,,,,0.25,135.3253,0.009992317970743514,-0.009992317970743514,,-0.0035984419760639597,
2009-08-22,,,,,,,,,,,,,,,,,,,0.25,,,,,,
2009-08-23,,,,,,,,,,,,,,,,,,,0.25,,,,,,
2009-08-24,94.47,1.432,,93.9345,3.48,1.67,1.81,,,,,,25.14,,,,,,0.25,135.28104,,,,,
2009-08-25,94.28,1.435,,93.9066,3.45,1.72,1.73,,,,,,24.92,,,,,,0.25,135.2918,7.953496001800175e-05,-7.953496001800175e-05,,-0.00029705959137960036,
2009-08-26,94.25,1.423,,94.8662,3.44,1.72,1.72,,,2074902.0,,60210.0,24.95,,,,,,0.25,134.11775,-0.00871578184367916,0.00871578184367916,,0.010166806506622272,
2009-08-27,93.57,1.4272,,94.7943,3.47,1.75,1.72,,,,,,24.68,,,,,,0.25,133.543104,-0.004293843304406408,0.004293843304406408,,-0.0007581969197003602,
2009-08-28,93.55,1.4358,,94.4489,3.46,1.76,1.7,,,,,,24.76,,,,,,0.25,134.31909,0.005793935748915402,-0.005793935748915402,,-0.0036503333650657055,
2009-08-29,,,,,,,,,,,,,,,,,,,0.25,,,,,,
2009-08-30,,,,,,,,,,,,,,,,,,,0.25,,,,,,
2009-08-31,92.82,1.4354,,94.6202,3.4,1.76,1.64,,,,,,26.01,,,,,,0.25,133.233828,,,,,
2009-09-01,93.09,1.4235,,95.2201,3.38,1.74,1.64,,,,8462.7,,29.15,,1.258,3.2631818182,4.088,3.6566,0.25,132.51361500000002,-0.005420294962510397,0.005420294962510397,,0.006320070046561099,
2009-09-02,92.43,1.4246,,95.1575,3.29,1.71,1.58,,,2083720.0,,63287.0,28.9,,,,,,0.25,131.675778,-0.0063427210255513344,0.0063427210255513344,,-0.0006576404183702422,
2009-09-03,92.54,1.4278,,94.959,3.33,1.69,1.64,,,,,,27.1,,,,,,0.25,132.128612,0.0034331077262743648,-0.0034331077262743648,,-0.002088194050815062,
2009-09-04,92.75,1.4278,,94.5811,3.45,1.7,1.75,,,,,,25.26,,,,,,0.25,132.42845,0.002266718008691271,-0.002266718008691271,,-0.00398755198224876,
2009-09-05,,,,,,,,,,,,,,,,,,,0.25,,,,,,
2009-09-06,,,,,,,,,,,,,,,,,,,0.25,,,,,,
2009-09-07,,,,,,,,,,,,,,,,,,,0.25,,,,,,
2009-09-08,92.21,1.4497,,93.7323,3.47,1.66,1.81,,,,,,25.62,,,,,,0.25,133.67683699999998,,,,,
2009-09-09,91.85,1.4573,,93.6915,3.48,1.66,1.82,,,2087946.0,,61607.0,24.32,,,,,,0.25,133.853005,0.0013169971928839175,-0.0013169971928839175,,-0.00043537694406481364,
2009-09-10,91.86,1.4568,,93.6947,3.36,1.59,1.77,,,,,,23.55,,,,,,0.25,133.821648,-0.00023429188973977944,0.00023429188973977944,,3.415406257545328e-05,
2009-09-11,90.3,1.4586,,93.3225,3.34,1.59,1.75,,,,,,24.15,,,,,,0.25,131.71158,-0.015893396337973265,0.015893396337973265,,-0.00398038780830845,
2009-09-12,,,,,,,,,,,,,,,,,,,0.25,,,,,,
2009-09-13,,,,,,,,,,,,,,,,,,,0.25,,,,,,
2009-09-14,90.85,1.4613,,93.6196,3.42,1.65,1.77,,,,,,23.86,,,,,,0.25,132.759105,,,,,
2009-09-15,90.95,1.4617,,93.4427,3.47,1.64,1.83,,,,,,23.42,,,,,,0.25,132.941615,0.0013738015365909462,-0.0013738015365909462,,-0.0018913490610765749,
2009-09-16,91.0,1.4698,,92.9072,3.48,1.62,1.86,,,2139783.0,,61101.0,23.69,,,,,,0.25,133.7518,0.006075796752242901,-0.006075796752242901,,-0.005747268702713804,
2009-09-17,91.15,1.4735,,92.8287,3.42,1.62,1.8,,,,,,23.65,,,,,,0.25,134.309525,0.004161180690799959,-0.004161180690799959,,-0.0008452862874008815,
2009-09-18,91.31,1.4704,,93.1233,3.49,1.68,1.81,,,,,,23.92,,,,,,0.25,134.262224,-0.00035224107274967054,0.00035224107274967054,,0.0031685622792627655,
2009-09-19,,,,,,,,,,,,,,,,,,,0.25,,,,,,
2009-09-20,,,,,,,,,,,,,,,,,,,0.25,,,,,,
2009-09-21,91.87,1.4692,,93.3547,3.49,1.69,1.8,,,,,,24.06,,,,,,0.25,134.97540400000003,,,,,
2009-09-22,91.08,1.4795,,92.8664,3.46,1.65,1.81,,,,,,23.08,,,,,,0.25,134.75286,-0.0016501351930848784,0.0016501351930848784,,-0.005244315699307833,
2009-09-23,91.45,1.4752,,92.979,3.44,1.63,1.81,,,2158631.0,,59121.0,23.49,,,,,,0.25,134.90704000000002,0.001143514603401563,-0.001143514603401563,,0.0012117600304142329,
2009-09-24,91.16,1.4696,,93.4708,3.4,1.64,1.76,,,,,,24.95,,,,,,0.25,133.968736,-0.006979489360805502,0.006979489360805502,,0.005275426850238851,
2009-09-25,89.83,1.4682,,93.5535,3.34,1.6,1.74,,,,,,25.61,,,,,,0.25,131.888406,-0.015650303360603246,0.015650303360603246,,0.0008843771145263801,
2009-09-26,,,,,,,,,,,,,,,,,,,0.25,,,,,,
2009-09-27,,,,,,,,,,,,,,,,,,,0.25,,,,,,
2009-09-28,89.34,1.465,,93.4669,3.31,1.57,1.74,,,,,,24.88,,,,,,0.25,130.8831,,,,,
2009-09-29,90.26,1.4553,,93.7776,3.31,1.59,1.72,,,,,,25.19,,,,,,0.25,131.355378,0.0036019009429955062,-0.0036019009429955062,,0.003318658600468538,
2009-09-30,89.49,1.463,,93.1907,3.31,1.56,1.75,,,2141020.0,,56756.0,25.61,,,,,,0.25,130.92387,-0.003290450103245135,0.003290450103245135,,-0.0062780902184185194,
2009-10-01,89.73,1.4532,,93.5995,3.21,1.5,1.71,,,,8489.2,,28.27,,1.404,3.2090909091,4.101,3.5699,0.25,130.395636,-0.004042826557877355,0.004042826557877355,,0.00437711028401111,
2009-10-02,89.62,1.459,,93.6756,3.24,1.54,1.7,,,,,,28.68,,,,,,0.25,130.75558,0.0027565962237696695,-0.0027565962237696695,,0.0008127081944016012,
2009-10-03,,,,,,,,,,,,,,,,,,,0.25,,,,,,
2009-10-04,,,,,,,,,,,,,,,,,,,0.25,,,,,,
2009-10-05,89.56,1.4647,,93.3356,3.24,1.51,1.73,,,,,,26.84,,,,,,0.25,131.178532,,,,,
2009-10-06,88.77,1.4744,,92.619,3.27,1.53,1.74,,,,,,25.7,,,,,,0.25,130.882488,-0.002259352618973587,0.002259352618973587,,-0.007707295730358332,
2009-10-07,88.76,1.4675,,92.794,3.21,1.45,1.76,,,2138086.0,,49831.0,24.68,,,,,,0.25,130.2553,-0.004803511669196681,0.004803511669196681,,0.0018876783393313445,
2009-10-08,88.44,1.4777,,92.2074,3.27,1.49,1.78,,,,,,24.18,,,,,,0.25,130.687788,0.003314810132189372,-0.003314810132189372,,-0.006341594883955359,
2009-10-09,89.69,1.4715,,92.2984,3.4,1.56,1.84,,,,,,23.12,,,,,,0.25,131.978835,0.009830387904605331,-0.009830387904605331,,0.0009864189351098673,
2009-10-10,,,,,,,,,,,,,,,,,,,0.25,,,,,,
2009-10-11,,,,,,,,,,,,,,,,,,,0.25,,,,,,
2009-10-12,,,,,,,,,,,,,23.01,,,,,,0.25,,,,,,
2009-10-13,89.71,1.4839,,91.8273,3.34,1.46,1.88,,,,,,22.99,,,,,,0.25,133.120669,,,,,
2009-10-14,89.44,1.4899,,91.5047,3.45,1.51,1.94,,,2192787.0,,43627.0,22.86,,,,,,0.25,133.256656,0.0010210104168102418,-0.0010210104168102418,,-0.0035193019545207704,
2009-10-15,90.39,1.4945,,91.4367,3.49,1.5,1.99,,,,,,21.72,,,,,,0.25,135.087855,0.013648331534229285,-0.013648331534229285,,-0.0007434074860217521,
2009-10-16,90.73,1.4889,,91.6541,3.43,1.45,1.98,,,,,,21.43,,,,,,0.25,135.087897,3.109087298724944e-07,-3.109087298724944e-07,,0.002374779095075219,
2009-10-17,,,,,,,,,,,,,,,,,,,0.25,,,,,,
2009-10-18,,,,,,,,,,,,,,,,,,,0.25,,,,,,
2009-10-19,90.72,1.4947,,91.4406,3.41,1.38,2.03,,,,,,21.49,,,,,,0.25,135.59918399999998,,,,,
2009-10-20,90.83,1.4905,,91.801,3.35,1.37,1.98,,,,,,20.9,,,,,,0.25,135.382115,-0.0016020961389617838,0.0016020961389617838,,0.003933609668483662,
2009-10-21,91.04,1.5009,,91.3805,3.42,1.43,1.99,,,2201119.0,,41637.0,22.22,,,,,,0.25,136.641936,0.009262636908040633,-0.009262636908040633,,-0.004591083036327603,
2009-10-22,91.42,1.5003,,91.6075,3.44,1.49,1.95,,,,,,20.69,,,,,,0.25,137.157426,0.0037654624562764027,-0.0037654624562764027,,0.0024810382805702247,
2009-10-23,91.88,1.5029,,91.7331,3.51,1.51,2.0,,,,,,22.27,,,,,,0.25,138.08645199999998,0.006750591764379976,-0.006750591764379976,,0.0013701277256483735,
2009-10-24,,,,,,,,,,,,,,,,,,,0.25,,,,,,
2009-10-25,,,,,,,,,,,,,,,,,,,0.25,,,,,,
2009-10-26,91.96,1.4941,,92.0998,3.59,1.59,2.0,,,,,,24.31,,,,,,0.25,137.397436,,,,,
2009-10-27,92.04,1.4821,,92.5335,3.49,1.49,2.0,,,,,,24.83,,,,,,0.25,136.412484,-0.00719445262198537,0.00719445262198537,,0.004697969409412472,
2009-10-28,91.07,1.4763,,92.8152,3.44,1.48,1.96,,,2161537.0,,32930.0,27.91,,,,,,0.25,134.44664099999997,-0.014515867010264749,0.014515867010264749,,0.003039678367321663,
2009-10-29,91.41,1.4819,,92.4708,3.53,1.5,2.03,,,,,,24.76,,,,,,0.25,135.460479,0.007512530742090462,-0.007512530742090462,,-0.0037175004763279063,
2009-10-30,90.5,1.4755,,92.6207,3.41,1.41,2.0,,,,,,30.69,,,,,,0.25,133.53275,-0.014333163772985102,0.014333163772985102,,0.0016197397802990565,
2009-10-31,,,,,,,,,,,,,,,,,,,0.25,,,,,,
2009-11-01,,,,,,,,,,,8517.9,,,,1.253,3.2171428571,4.057,3.7592,0.25,,,,,,
2009-11-02,90.56,1.4828,,92.4501,3.45,1.41,2.04,,,,,,29.78,,,,,,0.25,134.282368,,,,,
2009-11-03,90.3,1.4658,,92.9037,3.5,1.45,2.05,,,,,,28.81,,,,,,0.25,132.36174,-0.014406177816760568,0.014406177816760568,,0.004894433300171919,
2009-11-04,90.96,1.4836,,92.3725,3.57,1.45,2.12,,,2165067.0,,31884.0,27.72,,,,,,0.25,134.948256,0.019352787143026795,-0.019352787143026795,,-0.005734157495804304,
2009-11-05,90.45,1.4857,,92.3437,3.57,1.41,2.16,,,,,,25.43,,,,,,0.25,134.381565,-0.004208162573105412,0.004208162573105412,,-0.00031182971751686495,
2009-11-06,89.86,1.4835,,92.3848,3.54,1.37,2.17,,,,,,24.19,,,,,,0.25,133.30731,-0.008026189111721038,0.008026189111721038,,0.0004449773660066825,
2009-11-07,,,,,,,,,,,,,,,,,,,0.25,,,,,,
2009-11-08,,,,,,,,,,,,,,,,,,,0.25,,,,,,
2009-11-09,89.92,1.4999,,91.6861,3.52,1.3,2.22,,,,,,23.15,,,,,,0.25,134.87100800000002,,,,,
2009-11-10,89.82,1.496,,91.6659,3.5,1.31,2.19,,,,,,22.84,,,,,,0.25,134.37071999999998,-0.0037162781526802746,0.0037162781526802746,,-0.0002203412025147955,
2009-11-11,,,,,,,,,,2135035.0,,29088.0,23.04,,,,,,0.25,,,,,,
2009-11-12,90.4,1.4865,,91.9461,3.45,1.33,2.12,,,,,,24.24,,,,,,0.25,134.3796,,,,,
2009-11-13,89.55,1.4886,,91.5754,3.43,1.31,2.12,,,,,,23.36,,,,,,0.25,133.30413,-0.008035421403752352,0.008035421403752352,,-0.004039859135480661,
2009-11-14,,,,,,,,,,,,,,,,,,,0.25,,,,,,
2009-11-15,,,,,,,,,,,,,,,,,,,0.25,,,,,,
2009-11-16,89.28,1.4977,,91.194,3.33,1.21,2.12,,,,,,22.89,,,,,,0.25,133.714656,,,,,
2009-11-17,89.41,1.483,,91.7419,3.33,1.2,2.13,,,,,,22.41,,,,,,0.25,132.59503,-0.00840850074619226,0.00840850074619226,,0.005990094216346442,
2009-11-18,89.36,1.499,,91.249,3.36,1.21,2.15,,,2208721.0,,28278.0,21.63,,,,,,0.25,133.95064000000002,0.010171777978384533,-0.010171777978384533,,-0.005387166160283563,
2009-11-19,88.95,1.4905,,91.7827,3.35,1.21,2.14,,,,,,22.63,,,,,,0.25,132.579975,-0.010285325633573095,0.010285325633573095,,0.005831793209432945,
2009-11-20,88.9,1.487,,91.9906,3.36,1.21,2.15,,,,,,22.19,,,,,,0.25,132.19430000000003,-0.0029132382499561515,0.0029132382499561515,,0.0022625712080115434,
2009-11-21,,,,,,,,,,,,,,,,,,,0.25,,,,,,
2009-11-22,,,,,,,,,,,,,,,,,,,0.25,,,,,,
2009-11-23,89.14,1.4968,,91.4864,3.37,1.2,2.17,,,,,,21.16,,,,,,0.25,133.42475199999998,,,,,
2009-11-24,88.58,1.4937,,91.5539,3.32,1.21,2.11,,,,,,20.47,,,,,,0.25,132.311946,-0.008375301666990964,0.008375301666990964,,0.0007375425309055217,
2009-11-25,87.65,1.5085,,90.9669,3.28,1.16,2.12,,,2206359.0,,25811.0,20.48,,,,,,0.25,132.220025,-0.0006949708449397463,0.0006949708449397463,,-0.0064321658004562465,
2009-11-26,,,,,,,,,,,,,,,,,,,0.25,,,,,,
2009-11-27,86.87,1.4963,,91.5272,3.21,1.15,2.06,,,,,,24.85,,,,,,0.25,129.98358100000002,,,,,
2009-11-28,,,,,,,,,,,,,,,,,,,0.25,,,,,,
2009-11-29,,,,,,,,,,,,,,,,,,,0.25,,,,,,
2009-11-30,86.12,1.4994,,91.3717,3.21,1.13,2.08,,,,,,24.51,,,,,,0.25,129.128328,,,,,
2009-12-01,86.62,1.51,,90.8323,3.28,1.14,2.14,,,,8510.6,,21.92,,1.272,3.1385,4.007,3.8871,0.25,130.7962,0.012833686030326419,-0.012833686030326419,,-0.005920853283011951,
2009-12-02,87.13,1.5059,,90.8906,3.32,1.18,2.14,,,2204074.0,,23038.0,21.12,,,,,,0.25,131.209067,0.003151595740518154,-0.003151595740518154,,0.0006416362714896096,
2009-12-03,88.2,1.5081,,90.9152,3.39,1.24,2.15,,,,,,22.46,,,,,,0.25,133.01442,0.013665561043415764,-0.013665561043415764,,0.0002706184307665893,
2009-12-04,89.87,1.4885,,91.3806,3.48,1.34,2.14,,,,,,21.25,,,,,,0.25,133.771495,0.0056755397467282975,-0.0056755397467282975,,0.005105998175802817,
2009-12-05,,,,,,,,,,,,,,,,,,,0.25,,,,,,
2009-12-06,,,,,,,,,,,,,,,,,,,0.25,,,,,,
2009-12-07,89.44,1.482,,91.5414,3.44,1.31,2.13,,,,,,22.1,,,,,,0.25,132.55008,,,,,
2009-12-08,88.41,1.4741,,91.9513,3.4,1.31,2.09,,,,,,23.69,,,,,,0.25,130.325181,-0.016927816791875827,0.016927816791875827,,0.004467760099776896,
2009-12-09,87.83,1.4725,,92.014,3.45,1.36,2.09,,,2186383.0,,16505.0,22.66,,,,,,0.25,129.32967499999998,-0.007667955016177785,0.007667955016177785,,0.0006816503158777465,
2009-12-10,88.2,1.4716,,92.0073,3.49,1.4,2.09,,,,,,22.32,,,,,,0.25,129.79512,0.003592442788597161,-0.003592442788597161,,-7.281765755351444e-05,
2009-12-11,89.23,1.4601,,92.2946,3.55,1.41,2.14,,,,,,21.59,,,,,,0.25,130.284723,0.0037650251762135767,-0.0037650251762135767,,0.003117713194668248,
2009-12-12,,,,,,,,,,,,,,,,,,,0.25,,,,,,
2009-12-13,,,,,,,,,,,,,,,,,,,0.25,,,,,,
2009-12-14,88.65,1.4645,,92.0305,3.56,1.37,2.19,,,,,,21.15,,,,,,0.25,129.827925,,,,,
2009-12-15,89.91,1.4514,,92.3635,3.6,1.37,2.23,,,,,,21.49,,,,,,0.25,130.495374,0.00512785805271232,-0.00512785805271232,,0.0036118351140324023,
2009-12-16,89.52,1.4577,,92.1496,3.61,1.34,2.27,,,2235763.0,,14492.0,20.54,,,,,,0.25,130.493304,-1.5862757081208656e-05,1.5862757081208656e-05,,-0.0023185356033819104,
2009-12-17,90.35,1.4317,,93.225,3.5,1.28,2.22,,,,,,22.51,,,,,,0.25,129.354095,-0.008768348679117466,0.008768348679117466,,0.011602582707253006,
2009-12-18,90.47,1.4281,,93.1632,3.55,1.31,2.24,,,,,,21.68,,,,,,0.25,129.20020699999998,-0.0011903729079811853,0.0011903729079811853,,-0.0006631321324492845,
2009-12-19,,,,,,,,,,,,,,,,,,,0.25,,,,,,
2009-12-20,,,,,,,,,,,,,,,,,,,0.25,,,,,,
2009-12-21,90.95,1.4319,,,3.69,1.39,2.3,,,,,,20.49,,,,,,0.25,130.231305,,,,,
2009-12-22,91.67,1.4243,,93.2903,3.76,1.43,2.33,,,,,,19.54,,,,,,0.25,130.56558099999998,0.0025634982701330244,-0.0025634982701330244,,,
2009-12-23,91.52,1.4341,,92.9295,3.77,1.46,2.31,,,2235803.0,,10272.0,19.71,,,,,,0.25,131.248832,0.005219365452429514,-0.005219365452429514,,-0.003874995585523955,
2009-12-24,91.69,1.4367,,92.8694,3.82,1.5,2.32,,,,,,19.47,,,,,,0.25,131.731023,0.0036671367118286113,-0.0036671367118286113,,-0.0006469360377927558,
2009-12-25,,,,,,,,,,,,,,,,,,,0.25,,,,,,
2009-12-26,,,,,,,,,,,,,,,,,,,0.25,,,,,,
2009-12-27,,,,,,,,,,,,,,,,,,,0.25,,,,,,
2009-12-28,91.57,1.4392,,92.6993,3.85,1.5,2.35,,,,,,19.93,,,,,,0.25,131.787544,,,,,
2009-12-29,91.95,1.4356,,92.8838,3.82,1.46,2.36,,,,,,20.01,,,,,,0.25,132.00342,0.0016367205678182728,-0.0016367205678182728,,0.001988328256013361,
2009-12-30,92.66,1.4316,,93.0872,3.8,1.44,2.36,,,2234067.0,,10272.0,19.96,,,,,,0.25,132.652056,0.004901748556591201,-0.004901748556591201,,0.002187438698547872,
2009-12-31,93.08,1.4332,,92.9124,3.85,1.48,2.37,,,,,,21.68,,,,,,0.25,133.402256,0.005639464984516174,-0.005639464984516174,,-0.001879574487913871,
2010-01-01,,,,,,,,,,,8473.1,,,,1.308,3.2575,4.078,4.0025,0.25,,,,,,
2010-01-02,,,,,,,,,,,,,,,,,,,0.25,,,,,,
2010-01-03,,,,,,,,,,,,,,,,,,,0.25,,,,,,
2010-01-04,92.55,1.4419,,92.3566,3.85,1.47,2.38,,,,,,20.04,,,,,,0.25,133.447845,,,,,
2010-01-05,91.48,1.4402,,92.2236,3.77,1.43,2.34,,,,,,19.35,,,,,,0.25,131.749496,-0.012808365362761087,0.012808365362761087,,-0.001441108233903421,
2010-01-06,92.53,1.4404,,92.0941,3.85,1.48,2.37,,,2235304.0,,10272.0,19.16,,,,,,0.25,133.280212,0.01155140706631208,-0.01155140706631208,,-0.0014051826960574942,
2010-01-07,93.31,1.4314,,92.3684,3.85,1.44,2.41,,,,,,19.06,,,,,,0.25,133.56393400000002,0.0021265005147688143,-0.0021265005147688143,,0.0029740484074656237,
2010-01-08,92.7,1.4357,,92.1485,3.83,1.41,2.42,,,,,,18.13,,,,,,0.25,133.08939,-0.0035592618449697966,0.0035592618449697966,,-0.002383522637845914,
2010-01-09,,,,,,,,,,,,,,,,,,,0.25,,,,,,
2010-01-10,,,,,,,,,,,,,,,,,,,0.25,,,,,,
2010-01-11,91.9,1.4536,,91.5997,3.85,1.47,2.38,,,,,,17.55,,,,,,0.25,133.58584000000002,,,,,
2010-01-12,90.95,1.4523,,91.7005,3.74,1.35,2.39,,,,,,18.25,,,,,,0.25,132.086685,-0.011285855865713401,0.011285855865713401,,0.001099835244707137,
2010-01-13,91.38,1.4492,,91.7272,3.8,1.43,2.37,,,2291700.0,,5895.0,17.85,,,,,,0.25,132.427896,0.002579904578158043,-0.002579904578158043,,0.0002911228804434174,
2010-01-14,91.03,1.4478,,91.5864,3.76,1.4,2.36,,,,,,17.63,,,,,,0.25,131.793234,-0.004804030779808954,0.004804030779808954,,-0.0015361656493393383,
2010-01-15,90.79,1.4376,,91.7668,3.7,1.34,2.36,,,,,,17.91,,,,,,0.25,130.51970400000002,-0.009710081523222946,0.009710081523222946,,0.0019677873984402794,
2010-01-16,,,,,,,,,,,,,,,,,,,0.25,,,,,,
2010-01-17,,,,,,,,,,,,,,,,,,,0.25,,,,,,
2010-01-18,,,,,,,,,,,,,,,,,,,0.25,,,,,,
2010-01-19,91.13,1.4269,,91.9611,3.73,1.35,2.38,,,,,,17.58,,,,,,0.25,130.033397,,,,,
2010-01-20,91.23,1.4094,,92.6766,3.68,1.31,2.37,,,2251806.0,,1250.0,18.68,,,,,,0.25,128.579562,-0.01124344519426046,0.01124344519426046,,0.007750351976311798,
2010-01-21,90.25,1.4106,,92.6627,3.62,1.29,2.33,,,,,,22.27,,,,,,0.25,127.30665,-0.009949129263235434,0.009949129263235434,,-0.00014999517130043216,
2010-01-22,90.07,1.4154,,92.943,3.62,1.31,2.31,,,,,,27.31,,,,,,0.25,127.48507799999999,0.0014005794502658375,-0.0014005794502658375,,0.003020383674547489,
2010-01-23,,,,,,,,,,,,,,,,,,,0.25,,,,,,
2010-01-24,,,,,,,,,,,,,,,,,,,0.25,,,,,,
2010-01-25,90.12,1.4146,,92.9099,3.66,1.33,2.33,,,,,,25.41,,,,,,0.25,127.48375200000001,,,,,
2010-01-26,89.63,1.4063,,93.3298,3.65,1.31,2.34,,,,,,24.55,,,,,,0.25,126.04666900000001,-0.011336693920460661,0.011336693920460661,,0.004509250299449263,
2010-01-27,89.41,1.4053,,93.2835,3.66,1.35,2.31,,,2246886.0,,175.0,23.14,,,,,,0.25,125.64787299999999,-0.0031688913915459693,0.0031688913915459693,,-0.000496213302588977,
2010-01-28,90.08,1.3993,,93.2635,3.68,1.35,2.33,,,,,,23.73,,,,,,0.25,126.04894399999999,0.0031869400991215713,-0.0031869400991215713,,-0.00021442317567821334,
2010-01-29,90.38,1.387,,93.7638,3.63,1.3,2.33,,,,,,24.62,,,,,,0.25,125.35705999999999,-0.005504130655082484,0.005504130655082484,,0.005350033854247371,
2010-01-30,,,,,,,,,,,,,,,,,,,0.25,,,,,,
2010-01-31,,,,,,,,,,,,,,,,,,,0.25,,,,,,
2010-02-01,90.8,1.3904,,93.7321,3.68,1.29,2.39,,,,8523.4,,22.59,,1.295,3.17,4.047,4.0624,0.25,126.24832,,,,,
2010-02-02,90.39,1.3955,,93.4136,3.67,1.26,2.41,,,,,,21.48,,,,,,0.25,126.139245,-0.0008643453316787841,0.0008643453316787841,,-0.003403768374075078,
2010-02-03,91.11,1.3907,,93.6268,3.73,1.3,2.43,,,2249319.0,,100.0,21.6,,,,,,0.25,126.706677,0.004488369423635952,-0.004488369423635952,,0.0022797223737303085,
2010-02-04,89.11,1.3759,,94.1401,3.62,1.27,2.35,,,,,,26.08,,,,,,0.25,122.60644899999998,-0.03289516115193347,0.03289516115193347,,0.005467430933395967,
2010-02-05,89.25,1.3608,,94.6218,3.59,1.32,2.27,,,,,,26.11,,,,,,0.25,121.4514,-0.009465441316998557,0.009465441316998557,,0.005103795264179922,
2010-02-06,,,,,,,,,,,,,,,,,,,0.25,,,,,,
2010-02-07,,,,,,,,,,,,,,,,,,,0.25,,,,,,
2010-02-08,89.32,1.3699,,,3.62,1.35,2.27,,,,,,26.51,,,,,,0.25,122.35946799999998,,,,,
2010-02-09,89.45,1.3795,,,3.67,1.37,2.3,,,,,,26.0,,,,,,0.25,123.396275,0.008437753182768404,-0.008437753182768404,,,
2010-02-10,89.88,1.3722,,,3.72,1.44,2.28,,,2256679.0,,100.0,25.4,,,,,,0.25,123.333336,-0.0005101860381504508,0.0005101860381504508,,,
2010-02-11,89.82,1.364,,,3.73,1.47,2.26,,,,,,23.96,,,,,,0.25,122.51448,-0.006661511510919205,0.006661511510919205,,,
2010-02-12,90.0,1.3625,,93.9976,3.69,1.46,2.23,,,,,,22.73,,,,,,0.25,122.625,0.0009016908046648453,-0.0009016908046648453,,,
2010-02-13,,,,,,,,,,,,,,,,,,,0.25,,,,,,
2010-02-14,,,,,,,,,,,,,,,,,,,0.25,,,,,,
2010-02-15,,,,,,,,,,,,,,,,,,,0.25,,,,,,
2010-02-16,90.46,1.3742,,93.482,3.66,1.42,2.24,,,,,,22.25,,,,,,0.25,124.310132,,,,,
2010-02-17,90.79,1.3623,,93.7171,3.74,1.46,2.28,,,2277574.0,,0.0,21.72,,,,,,0.25,123.68321700000001,-0.0050559124909916875,0.0050559124909916875,,0.002511765533093957,
2010-02-18,91.43,1.3563,,93.8752,3.79,1.48,2.31,,,,,,20.63,,,,,,0.25,124.00650900000001,0.002610460989322938,-0.002610460989322938,,0.0016855706490312983,
2010-02-19,91.94,1.3538,,93.9569,3.78,1.52,2.26,,,,,,20.02,,,,,,0.25,124.46837199999999,0.0037175873075847576,-0.0037175873075847576,,0.0008699259088560396,
2010-02-20,,,,,,,,,,,,,,,,,,,0.25,,,,,,
2010-02-21,,,,,,,,,,,,,,,,,,,0.25,,,,,,
2010-02-22,91.11,1.359,,93.7402,3.8,1.55,2.25,,,,,,19.94,,,,,,0.25,123.81849,,,,,
2010-02-23,90.04,1.3537,,93.9794,3.69,1.5,2.19,,,,,,21.37,,,,,,0.25,121.887148,-0.01572110264663884,0.01572110264663884,,0.0025484832639994792,
2010-02-24,90.06,1.3576,,93.9775,3.7,1.51,2.19,,,2286127.0,,0.0,20.27,,,,,,0.25,122.265456,0.0030989495631708053,-0.0030989495631708053,,-2.0217400904520844e-05,
2010-02-25,88.85,1.3476,,94.3797,3.64,1.51,2.13,,,,,,20.1,,,,,,0.25,119.73425999999998,-0.020919762660384755,0.020919762660384755,,0.004270615737355321,
2010-02-26,88.84,1.366,,93.6602,3.61,1.48,2.13,,,,,,19.5,,,,,,0.25,121.35544000000002,0.013448973023904465,-0.013448973023904465,,-0.007652668517230232,
2010-02-27,,,,,,,,,,,,,,,,,,,0.25,,,,,,
2010-02-28,,,,,,,,,,,,,,,,,,,0.25,,,,,,
2010-03-01,89.28,1.3516,,93.7979,3.61,1.46,2.15,,,,8519.0,,19.26,,1.361,3.102173913,3.945,4.0915,0.25,120.67084799999999,,,,,
2010-03-02,88.95,1.3564,,93.488,3.62,1.46,2.16,,,,,,19.06,,,,,,0.25,120.65178,-0.00015802910980777796,0.00015802910980777796,,-0.0033093818897800276,
2010-03-03,88.43,1.3731,,92.9861,3.63,1.46,2.17,,,2280147.0,,0.0,18.83,,,,,,0.25,121.42323300000001,0.006373690552022637,-0.006373690552022637,,-0.005383066195029151,
2010-03-04,89.02,1.3571,,93.4079,3.61,1.44,2.17,,,,,,18.72,,,,,,0.25,120.80904199999999,-0.005071102240316705,0.005071102240316705,,0.004525904481965881,
2010-03-05,90.32,1.3608,,93.2623,3.69,1.48,2.21,,,,,,17.42,,,,,,0.25,122.907456,0.01722054824802477,-0.01722054824802477,,-0.0015599707883380276,
2010-03-06,,,,,,,,,,,,,,,,,,,0.25,,,,,,
2010-03-07,,,,,,,,,,,,,,,,,,,0.25,,,,,,
2010-03-08,90.3,1.3613,,93.2446,3.72,1.49,2.23,,,,,,17.79,,,,,,0.25,122.92539,,,,,
2010-03-09,89.89,1.3586,,93.1941,3.71,1.48,2.23,,,,,,17.92,,,,,,0.25,122.124554,-0.006536127598857355,0.006536127598857355,,-0.0005417330332706527,
2010-03-10,90.62,1.3658,,93.0426,3.73,1.49,2.24,,,2282474.0,,0.0,18.57,,,,,,0.25,123.768796,0.013373818423470851,-0.013373818423470851,,-0.0016269621768261189,
2010-03-11,90.6,1.3674,,93.0533,3.73,1.49,2.24,,,,,,18.06,,,,,,0.25,123.88644,0.0009500627626461977,-0.0009500627626461977,,0.00011499447340579394,
2010-03-12,90.46,1.3753,,92.6616,3.71,1.45,2.26,,,,,,17.58,,,,,,0.25,124.40963799999999,0.0042143136417323035,-0.0042143136417323035,,-0.004218299994533048,
2010-03-13,,,,,,,,,,,,,,,,,,,0.25,,,,,,
2010-03-14,,,,,,,,,,,,,,,,,,,0.25,,,,,,
2010-03-15,90.45,1.3652,,92.9642,3.71,1.46,2.25,,,,,,18.0,,,,,,0.25,123.48234000000001,,,,,
2010-03-16,90.43,1.3758,,92.595,3.66,1.42,2.24,,,,,,17.69,,,,,,0.25,124.413594,0.007513300970447112,-0.007513300970447112,,-0.003979328291904949,
2010-03-17,90.42,1.3739,,92.4446,3.65,1.4,2.25,,,2307997.0,,0.0,16.91,,,,,,0.25,124.228038,-0.0014925580479410172,0.0014925580479410172,,-0.0016255983380881744,
2010-03-18,90.46,1.3603,,92.7451,3.68,1.45,2.23,,,,,,16.62,,,,,,0.25,123.05273799999999,-0.009505865107280798,0.009505865107280798,,0.0032453237274205904,
2010-03-19,90.5,1.353,,93.0407,3.7,1.5,2.2,,,,,,16.97,,,,,,0.25,122.4465,-0.004938827812412505,0.004938827812412505,,0.0031821619245482324,
2010-03-20,,,,,,,,,,,,,,,,,,,0.25,,,,,,
2010-03-21,,,,,,,,,,,,,,,,,,,0.25,,,,,,
2010-03-22,90.02,1.3531,,93.1333,3.67,1.48,2.19,,,,,,16.87,,,,,,0.25,121.806062,,,,,
2010-03-23,90.24,1.3535,,93.006,3.69,1.49,2.2,,,,,,16.35,,,,,,0.25,122.13983999999999,0.0027364936697198416,-0.0027364936697198416,,-0.0013677930436681862,
2010-03-24,91.89,1.3347,,93.6468,3.84,1.6,2.24,,,2313149.0,,0.0,17.55,,,,,,0.25,122.645583,0.004132139188794959,-0.004132139188794959,,0.006866251323985217,
2010-03-25,92.69,1.3344,,93.5885,3.91,1.65,2.26,,,,,,18.4,,,,,,0.25,123.685536,0.008443587499323613,-0.008443587499323613,,-0.0006227458378216255,
2010-03-26,92.56,1.3398,,93.6873,3.86,1.62,2.24,,,,,,17.77,,,,,,0.25,124.01188800000001,0.0026350874673655156,-0.0026350874673655156,,0.001055128416656892,
2010-03-27,,,,,,,,,,,,,,,,,,,0.25,,,,,,
2010-03-28,,,,,,,,,,,,,,,,,,,0.25,,,,,,
2010-03-29,92.65,1.3465,,93.2959,3.88,1.66,2.22,,,,,,17.59,,,,,,0.25,124.75322500000001,,,,,
2010-03-30,92.89,1.3409,,93.2627,3.88,1.66,2.22,,,,,,17.13,,,,,,0.25,124.556201,-0.001580558297996859,0.001580558297996859,,-0.00035592034192521993,
2010-03-31,93.4,1.3526,,92.8987,3.84,1.6,2.24,,,2307150.0,,0.0,17.59,,,,,,0.25,126.33284,0.014162983690610531,-0.014162983690610531,,-0.003910590099546418,
2010-04-01,93.83,1.3569,,92.6661,3.89,1.61,2.28,,,,8554.3,,17.47,,1.286,3.0645,3.996,4.1007,0.25,127.317927,0.00776730907822909,-0.00776730907822909,,-0.002506942284523639,
2010-04-02,94.51,1.3487,,92.9057,3.96,1.69,2.27,,,,,,,,,,,,0.25,127.465637,0.001159494075911205,-0.001159494075911205,,0.002582290338749793,
2010-04-03,,,,,,,,,,,,,,,,,,,0.25,,,,,,
2010-04-04,,,,,,,,,,,,,,,,,,,0.25,,,,,,
2010-04-05,94.28,1.3486,,92.6644,4.01,1.7,2.31,,,,,,17.02,,,,,,0.25,127.14600800000001,,,,,
2010-04-06,93.81,1.3378,,92.7373,3.98,1.68,2.3,,,,,,16.23,,,,,,0.25,125.499018,-0.01303816154624382,0.01303816154624382,,0.0007864005967253007,
2010-04-07,93.59,1.3364,,92.7452,3.89,1.55,2.34,,,2307575.0,,0.0,16.62,,,,,,0.25,125.073676,-0.00339496217040125,0.00339496217040125,,8.518323836170794e-05,
2010-04-08,93.16,1.336,,92.7211,3.91,1.58,2.33,,,,,,16.48,,,,,,0.25,124.46176,-0.004904451539035293,0.004904451539035293,,-0.0002598854900925929,
2010-04-09,93.28,1.3468,,92.4772,3.9,1.56,2.34,,,,,,16.14,,,,,,0.25,125.629504,0.009338610776370437,-0.009338610776370437,,-0.002633934987599673,
2010-04-10,,,,,,,,,,,,,,,,,,,0.25,,,,,,
2010-04-11,,,,,,,,,,,,,,,,,,,0.25,,,,,,
2010-04-12,93.21,1.3587,,92.243,3.87,1.52,2.35,,,,,,15.58,,,,,,0.25,126.644427,,,,,
2010-04-13,92.78,1.3592,,92.2689,3.84,1.5,2.34,,,,,,16.2,,,,,,0.25,126.106576,-0.0042559816220233415,0.0042559816220233415,,0.00028074070203754076,
2010-04-14,93.01,1.3666,,91.9297,3.88,1.54,2.34,,,2339345.0,,0.0,15.59,,,,,,0.25,127.10746600000002,0.007905526919733674,-0.007905526919733674,,-0.00368298546698842,
2010-04-15,93.04,1.354,,92.2029,3.86,1.49,2.37,,,,,,15.89,,,,,,0.25,125.97616000000002,-0.008940234918424217,0.008940234918424217,,0.002967428912369563,
2010-04-16,92.03,1.3487,,92.5253,3.79,1.46,2.33,,,,,,18.36,,,,,,0.25,124.120861,-0.014836906309051656,0.014836906309051656,,0.0034905372037341564,
2010-04-17,,,,,,,,,,,,,,,,,,,0.25,,,,,,
2010-04-18,,,,,,,,,,,,,,,,,,,0.25,,,,,,
2010-04-19,92.18,1.3458,,92.8577,3.83,1.49,2.34,,,,,,17.34,,,,,,0.25,124.05584400000002,,,,,
2010-04-20,93.28,1.3446,,92.4338,3.82,1.47,2.35,,,,,,15.73,,,,,,0.25,125.424288,0.010970474590537904,-0.010970474590537904,,-0.0045755011917547606,
2010-04-21,93.24,1.3383,,92.4482,3.77,1.42,2.35,,,2337556.0,,0.0,16.32,,,,,,0.25,124.783092,-0.0051253276672333925,0.0051253276672333925,,0.00015577503520169955,
2010-04-22,93.01,1.3298,,92.7277,3.8,1.46,2.34,,,,,,16.47,,,,,,0.25,123.68469800000001,-0.008841396747154562,0.008841396747154562,,0.0030187536526513625,
2010-04-23,94.18,1.336,,92.6622,3.84,1.47,2.37,,,,,,16.62,,,,,,0.25,125.82448000000002,0.017152350689269902,-0.017152350689269902,,-0.0007066188905158199,
2010-04-24,,,,,,,,,,,,,,,,,,,0.25,,,,,,
2010-04-25,,,,,,,,,,,,,,,,,,,0.25,,,,,,
2010-04-26,94.06,1.3336,,92.5187,3.83,1.46,2.37,,,,,,17.47,,,,,,0.25,125.43841599999999,,,,,
2010-04-27,93.01,1.323,,93.0956,3.71,1.37,2.34,,,,,,22.81,,,,,,0.25,123.05223000000001,-0.019206029584155182,0.019206029584155182,,0.006216135907991749,
2010-04-28,94.07,1.313,,93.4856,3.8,1.4,2.4,,,2330472.0,,0.0,21.08,,,,,,0.25,123.51390999999998,0.003744881917325138,-0.003744881917325138,,0.004180491582071788,
2010-04-29,94.16,1.3243,,92.9013,3.76,1.31,2.45,,,,,,18.44,,,,,,0.25,124.696088,0.00952569959828331,-0.00952569959828331,,-0.006269774475262224,
2010-04-30,94.24,1.3302,,92.8423,3.69,1.29,2.4,,,,,,22.05,,,,,,0.25,125.358048,0.005294545868657963,-0.005294545868657963,,-0.0006352843595616164,
2010-05-01,,,,,,,,,,,8612.0,,,,1.257,2.7342857143,3.985,3.7772,0.25,,,,,,
2010-05-02,,,,,,,,,,,,,,,,,,,0.25,,,,,,
2010-05-03,94.68,1.3183,,93.235,3.72,1.32,2.4,,,,,,20.19,,,,,,0.25,124.81664400000001,,,,,
2010-05-04,94.58,1.3037,,93.8137,3.63,1.31,2.32,,,,,,23.84,,,,,,0.25,123.30394600000001,-0.012193399525243898,0.012193399525243898,,0.006187713108166015,
2010-05-05,94.3,1.289,,94.3968,3.58,1.3,2.28,,,2326164.0,,0.0,24.91,,,,,,0.25,121.55269999999999,-0.014304499305864304,0.014304499305864304,,0.006196273487587334,
2010-05-06,92.22,1.2689,,95.3032,3.41,1.25,2.16,,,,,,32.8,,,,,,0.25,117.017958,-0.03802050339717056,0.03802050339717056,,0.009556213998799024,
2010-05-07,91.67,1.2721,,95.2952,3.45,1.3,2.15,,,,,,40.95,,,,,,0.25,116.61340700000001,-0.0034631600455785616,0.0034631600455785616,,-8.394614020534874e-05,
2010-05-08,,,,,,,,,,,,,,,,,,,0.25,,,,,,
2010-05-09,,,,,,,,,,,,,,,,,,,0.25,,,,,,
2010-05-10,93.39,1.2861,,94.3096,3.57,1.33,2.24,,,,,,28.84,,,,,,0.25,120.108879,,,,,
2010-05-11,92.83,1.2715,,94.4305,3.56,1.31,2.25,,,,,,28.32,,,,,,0.25,118.03334500000001,-0.01743148711965148,0.01743148711965148,,0.0012811269733985498,
2010-05-12,92.93,1.2642,,94.5515,3.56,1.28,2.28,,,2336103.0,,9205.0,25.52,,,,,,0.25,117.482106,-0.00468113666656933,0.00468113666656933,,0.0012805454120989879,
2010-05-13,92.7,1.2568,,94.5071,3.55,1.28,2.27,,,,,,26.68,,,,,,0.25,116.50536,-0.008348752094225809,0.008348752094225809,,-0.00046969564797727514,
2010-05-14,91.94,1.239,,95.3746,3.44,1.26,2.18,,,,,,31.24,,,,,,0.25,113.91366000000001,-0.022496487505996754,0.022496487505996754,,0.009137331672119053,
2010-05-15,,,,,,,,,,,,,,,,,,,0.25,,,,,,
2010-05-16,,,,,,,,,,,,,,,,,,,0.25,,,,,,
2010-05-17,92.08,1.2299,,95.9795,3.47,1.31,2.16,,,,,,30.84,,,,,,0.25,113.249192,,,,,
2010-05-18,92.52,1.2358,,95.6212,3.38,1.25,2.13,,,,,,33.55,,,,,,0.25,114.336216,0.009552741328125336,-0.009552741328125336,,-0.0037400742028905754,
2010-05-19,91.16,1.2317,,96.5083,3.36,1.32,2.04,,,2350890.0,,9205.0,35.32,,,,,,0.25,112.281772,-0.018131837665195327,0.018131837665195327,,0.009234462213944639,
2010-05-20,90.07,1.237,,96.9483,3.25,1.36,1.89,,,,,,45.79,,,,,,0.25,111.41659,-0.0077352941367827555,0.0077352941367827555,,0.004548831714210166,
2010-05-21,90.21,1.2575,,96.2911,3.2,1.33,1.87,,,,,,40.1,,,,,,0.25,113.439075,0.017989669454302692,-0.017989669454302692,,-0.006801951712358978,
2010-05-22,,,,,,,,,,,,,,,,,,,0.25,,,,,,
2010-05-23,,,,,,,,,,,,,,,,,,,0.25,,,,,,
2010-05-24,90.49,1.2406,,96.6433,3.23,1.35,1.88,,,,,,38.32,,,,,,0.25,112.26189399999998,,,,,
2010-05-25,89.89,1.2279,,97.5487,3.18,1.33,1.85,,,,,,34.61,,,,,,0.25,110.375931,-0.016942387150283622,0.016942387150283622,,0.00932485952659956,
2010-05-26,90.28,1.2224,,97.1879,3.21,1.3,1.91,,,2334041.0,,1242.0,35.02,,,,,,0.25,110.358272,-0.0001600023901842107,0.0001600023901842107,,-0.0037055223603799092,
2010-05-27,90.71,1.237,,96.3611,3.34,1.33,2.01,,,,,,29.68,,,,,,0.25,112.20827,0.016624606657750007,-0.016624606657750007,,-0.008543624914081782,
2010-05-28,90.81,1.2369,,96.3062,3.31,1.32,1.99,,,,,,32.07,,,,,,0.25,112.32288900000002,0.0010209630633601918,-0.0010209630633601918,,-0.0005698943358405373,
2010-05-29,,,,,,,,,,,,,,,,,,,0.25,,,,,,
2010-05-30,,,,,,,,,,,,,,,,,,,0.25,,,,,,
2010-05-31,,,,,,,,,,,,,,,,,,,0.25,,,,,,
2010-06-01,91.16,1.2266,,96.6123,3.29,1.32,1.97,,,,8631.0,,35.54,,1.08,2.5431818182,4.102,3.6007,0.25,111.81685599999999,,,,,
2010-06-02,92.21,1.2206,,96.615,3.35,1.36,1.99,,,2336216.0,,6642.0,30.17,,,,,,0.25,112.55152599999998,0.006548807092078057,-0.006548807092078057,,2.794636161862485e-05,
2010-06-03,92.33,1.2193,,96.461,3.39,1.34,2.05,,,,,,29.46,,,,,,0.25,112.577969,0.00023491368931072287,-0.00023491368931072287,,-0.0015952270883756725,
2010-06-04,91.83,1.1998,,97.1688,3.2,1.26,1.94,,,,,,35.48,,,,,,0.25,110.177634,-0.0215521215063319,0.0215521215063319,,0.007310890705920059,
2010-06-05,,,,,,,,,,,,,,,,,,,0.25,,,,,,
2010-06-06,,,,,,,,,,,,,,,,,,,0.25,,,,,,
2010-06-07,92.0,1.1959,,97.503,3.17,1.25,1.92,,,,,,36.57,,,,,,0.25,110.02279999999999,,,,,
2010-06-08,91.3,1.1995,,97.3425,3.18,1.29,1.89,,,,,,33.7,,,,,,0.25,109.51435,-0.004632026143130297,0.004632026143130297,,-0.0016474595133209036,
2010-06-09,91.54,1.2045,,96.8938,3.2,1.28,1.92,,,2331529.0,,1242.0,33.73,,,,,,0.25,110.25993,0.0067849873997500865,-0.0067849873997500865,,-0.004620153886328637,
2010-06-10,91.04,1.2111,,96.4877,3.33,1.35,1.98,,,,,,30.57,,,,,,0.25,110.25854400000001,-1.2570375396592226e-05,1.2570375396592226e-05,,-0.004199994280375208,
2010-06-11,91.72,1.2077,,96.5616,3.24,1.29,1.95,,,,,,28.79,,,,,,0.25,110.770244,0.0046301743660075445,-0.0046301743660075445,,0.0007656075790976047,
2010-06-12,,,,,,,,,,,,,,,,,,,0.25,,,,,,
2010-06-13,,,,,,,,,,,,,,,,,,,0.25,,,,,,
2010-06-14,91.8,1.2277,,95.8082,3.28,1.31,1.97,,,,,,28.58,,,,,,0.25,112.70286,,,,,
2010-06-15,91.25,1.2327,,95.7049,3.32,1.32,2.0,,,,,,25.87,,,,,,0.25,112.483875,-0.001944919793164246,0.001944919793164246,,-0.0010787774832952124,
2010-06-16,91.39,1.2323,,95.5668,3.27,1.28,1.99,,,2344316.0,,1242.0,25.92,,,,,,0.25,112.619897,0.0012085272081137077,-0.0012085272081137077,,-0.0014440194131912776,
2010-06-17,90.92,1.2365,,95.4973,3.21,1.22,1.99,,,,,,25.05,,,,,,0.25,112.42258,-0.0017535982823746465,0.0017535982823746465,,-0.0007275045711399031,
2010-06-18,90.79,1.236,,95.2981,3.24,1.25,1.99,,,,,,23.95,,,,,,0.25,112.21644,-0.0018353005445117532,0.0018353005445117532,,-0.0020881014152198674,
2010-06-19,,,,,,,,,,,,,,,,,,,0.25,,,,,,
2010-06-20,,,,,,,,,,,,,,,,,,,0.25,,,,,,
2010-06-21,91.18,1.2385,,94.8505,3.26,1.24,2.02,,,,,,24.88,,,,,,0.25,112.92643,,,,,
2010-06-22,90.59,1.2303,,95.1165,3.18,1.2,1.98,,,,,,27.05,,,,,,0.25,111.452877,-0.013134670967390072,0.013134670967390072,,0.002800488230557896,
2010-06-23,89.82,1.231,,95.4853,3.13,1.19,1.94,,,2344497.0,,1245.0,26.91,,,,,,0.25,110.56842,-0.007967358903274047,0.007967358903274047,,0.0038698528582097325,
2010-06-24,89.4,1.2288,,95.6194,3.14,1.23,1.91,,,,,,29.74,,,,,,0.25,109.85472,-0.006475749271169562,0.006475749271169562,,0.0014034194031875558,
2010-06-25,89.35,1.2332,,95.4582,3.12,1.21,1.91,,,,,,28.53,,,,,,0.25,110.18642,0.003014893044555933,-0.003014893044555933,,-0.001687273005765988,
2010-06-26,,,,,,,,,,,,,,,,,,,0.25,,,,,,
2010-06-27,,,,,,,,,,,,,,,,,,,0.25,,,,,,
2010-06-28,89.23,1.2316,,95.2696,3.05,1.17,1.88,,,,,,29.0,,,,,,0.25,109.895668,,,,,
2010-06-29,88.39,1.2187,,96.0199,2.97,1.14,1.83,,,,,,34.13,,,,,,0.25,107.72089299999999,-0.019987885060091415,0.019987885060091415,,0.007844694536150776,
2010-06-30,88.49,1.2291,,95.9934,2.97,1.15,1.82,,,2330851.0,,1245.0,34.54,,,,,,0.25,108.763059,0.009628187597880533,-0.009628187597880533,,-0.0002760225481068801,
2010-07-01,87.42,1.2464,,95.8018,2.96,1.21,1.75,,,,8642.3,,32.86,,1.075,2.6159090909,4.026,3.5087,0.25,108.96028799999999,0.0018117400514583437,-0.0018117400514583437,,-0.0019979651600960935,
2010-07-02,87.69,1.2577,,95.6345,3.0,1.27,1.73,,,,,,30.12,,,,,,0.25,110.287713,0.012109038292721586,-0.012109038292721586,,-0.0017478403269493015,
2010-07-03,,,,,,,,,,,,,,,,,,,0.25,,,,,,
2010-07-04,,,,,,,,,,,,,,,,,,,0.25,,,,,,
2010-07-05,,,,,,,,,,,,,,,,,,,0.25,,,,,,
2010-07-06,87.55,1.2646,,95.1069,2.95,1.26,1.69,,,,,,29.65,,,,,,0.25,110.71573,,,,,
2010-07-07,87.16,1.2594,,95.1795,3.0,1.3,1.7,,,2332017.0,,1245.0,26.84,,,,,,0.25,109.769304,-0.008584998225312113,0.008584998225312113,,0.0007630603503212541,
2010-07-08,88.44,1.2683,,94.7734,3.04,1.25,1.79,,,,,,25.71,,,,,,0.25,112.168452,0.02162084993156821,-0.02162084993156821,,-0.0042758033039760335,
2010-07-09,88.48,1.2639,,94.683,3.07,1.26,1.81,,,,,,24.98,,,,,,0.25,111.82987200000001,-0.003023060635523933,0.003023060635523933,,-0.0009543093488595389,
2010-07-10,,,,,,,,,,,,,,,,,,,0.25,,,,,,
2010-07-11,,,,,,,,,,,,,,,,,,,0.25,,,,,,
2010-07-12,88.53,1.2573,,94.9598,3.08,1.26,1.82,,,,,,24.43,,,,,,0.25,111.30876900000001,,,,,
2010-07-13,88.24,1.2719,,94.3856,3.15,1.28,1.87,,,,,,24.56,,,,,,0.25,112.232456,0.008264178180592552,-0.008264178180592552,,-0.00606512500643408,
2010-07-14,88.59,1.2755,,94.3247,3.07,1.23,1.84,,,2340717.0,,1245.0,24.89,,,,,,0.25,112.99654500000001,0.0067850226031209715,-0.0067850226031209715,,-0.0006454337904626684,
2010-07-15,87.41,1.2893,,94.1988,3.0,1.21,1.79,,,,,,25.14,,,,,,0.25,112.69771299999998,-0.0026481149966190998,0.0026481149966190998,,-0.0013356427046655739,
2010-07-16,86.4,1.2919,,94.5061,2.96,1.25,1.71,,,,,,26.25,,,,,,0.25,111.62016000000001,-0.009607449232922782,0.009607449232922782,,0.003256940033294242,
2010-07-17,,,,,,,,,,,,,,,,,,,0.25,,,,,,
2010-07-18,,,,,,,,,,,,,,,,,,,0.25,,,,,,
2010-07-19,86.77,1.2963,,94.602,2.99,1.29,1.7,,,,,,25.97,,,,,,0.25,112.479951,,,,,
2010-07-20,87.22,1.2905,,94.542,2.98,1.28,1.7,,,,,,23.93,,,,,,0.25,112.55740999999999,0.0006884101618940264,-0.0006884101618940264,,-0.0006344372754361061,
2010-07-21,87.3,1.2818,,94.4496,2.9,1.19,1.71,,,2332322.0,,1246.0,25.64,,,,,,0.25,111.90114,-0.005847599657606395,0.005847599657606395,,-0.0009778213144100434,
2010-07-22,87.0,1.2903,,94.1135,2.96,1.21,1.75,,,,,,24.63,,,,,,0.25,112.2561,0.0031670651967008467,-0.0031670651967008467,,-0.003564858192677711,
2010-07-23,87.31,1.2874,,94.1431,3.02,1.24,1.78,,,,,,23.47,,,,,,0.25,112.40289400000002,0.001306816328848548,-0.001306816328848548,,0.00031446440915150475,
2010-07-24,,,,,,,,,,,,,,,,,,,0.25,,,,,,
2010-07-25,,,,,,,,,,,,,,,,,,,0.25,,,,,,
2010-07-26,87.2,1.2983,,93.7556,3.03,1.24,1.79,,,,,,22.73,,,,,,0.25,113.21176,,,,,
2010-07-27,87.88,1.2983,,93.7583,3.08,1.26,1.82,,,,,,23.19,,,,,,0.25,114.09460399999999,0.007767916601475022,-0.007767916601475022,,2.879786512099969e-05,
2010-07-28,87.62,1.2998,,93.7506,3.03,1.22,1.81,,,2325298.0,,1246.0,24.25,,,,,,0.25,113.88847600000001,-0.0018082750366161804,0.0018082750366161804,,-8.212943496932468e-05,
2010-07-29,86.87,1.3064,,93.6004,3.03,1.21,1.82,,,,,,24.13,,,,,,0.25,113.486968,-0.0035316779179161983,0.0035316779179161983,,-0.0016034078513520456,
2010-07-30,86.43,1.3069,,93.2793,2.94,1.14,1.8,,,,,,23.5,,,,,,0.25,112.95536700000001,-0.00469525256054748,0.00469525256054748,,-0.0034364386928276147,
2010-07-31,,,,,,,,,,,,,,,,,,,0.25,,,,,,
2010-08-01,,,,,,,,,,,8690.5,,,,1.023,2.35,3.802,3.233,0.25,,,,,,
2010-08-02,86.42,1.3174,,92.7916,2.99,1.13,1.86,,,,,,22.01,,,,,,0.25,113.84970799999999,,,,,
2010-08-03,85.88,1.3239,,92.6258,2.94,1.07,1.87,,,,,,22.63,,,,,,0.25,113.696532,-0.001346328756188342,0.001346328756188342,,-0.0017883978978323611,
2010-08-04,86.26,1.3158,,92.731,2.98,1.12,1.86,,,2326479.0,,1246.0,22.21,,,,,,0.25,113.50090800000001,-0.0017220620825968425,0.0017220620825968425,,0.0011351081945267794,
2010-08-05,85.83,1.3157,,92.6401,2.94,1.07,1.87,,,,,,22.1,,,,,,0.25,112.92653100000001,-0.005073397769673527,0.005073397769673527,,-0.000980735479111594,
2010-08-06,85.25,1.3282,,92.5915,2.86,1.04,1.82,,,,,,21.74,,,,,,0.25,113.22905,0.002675319168318424,-0.002675319168318424,,-0.0005247484890826826,
2010-08-07,,,,,,,,,,,,,,,,,,,0.25,,,,,,
2010-08-08,,,,,,,,,,,,,,,,,,,0.25,,,,,,
2010-08-09,85.88,1.3241,,92.6726,2.86,1.04,1.82,,,,,,22.14,,,,,,0.25,113.713708,,,,,
2010-08-10,85.88,1.3095,,93.2197,2.79,0.95,1.84,,,,,,22.37,,,,,,0.25,112.45986,-0.011087598397944376,0.011087598397944376,,0.005886220996145219,
2010-08-11,85.36,1.2899,,93.7778,2.72,0.95,1.77,,,2327533.0,,1246.0,25.39,,,,,,0.25,110.105864,-0.02115405499375811,0.02115405499375811,,0.005969081480638572,
2010-08-12,85.83,1.2866,,93.8905,2.74,1.05,1.69,,,,,,25.73,,,,,,0.25,110.428878,0.00292937274243954,-0.00292937274243954,,0.001201055410506413,
2010-08-13,86.2,1.2767,,94.0457,2.68,1.0,1.68,,,,,,26.24,,,,,,0.25,110.05154,-0.003422874211075566,0.003422874211075566,,0.0016516247032809517,
2010-08-14,,,,,,,,,,,,,,,,,,,0.25,,,,,,
2010-08-15,,,,,,,,,,,,,,,,,,,0.25,,,,,,
2010-08-16,85.33,1.2838,,93.7902,2.58,0.95,1.63,,,,,,26.1,,,,,,0.25,109.546654,,,,,
2010-08-17,85.51,1.289,,93.4239,2.64,1.01,1.63,,,,,,24.33,,,,,,0.25,110.22239,0.006149529680880228,-0.006149529680880228,,-0.003913171790228986,
2010-08-18,85.31,1.2872,,93.3719,2.64,1.02,1.62,,,2313662.0,,434.0,24.59,,,,,,0.25,109.811032,-0.0037390545082747195,0.0037390545082747195,,-0.0005567577145013658,
2010-08-19,85.27,1.2837,,93.7141,2.58,1.02,1.56,,,,,,26.44,,,,,,0.25,109.461099,-0.003191771753938255,0.003191771753938255,,0.0036582147421526656,
2010-08-20,85.63,1.2687,,94.2087,2.62,1.05,1.57,,,,,,25.49,,,,,,0.25,108.638781,-0.007540782660185208,0.007540782660185208,,0.005263875826104325,
2010-08-21,,,,,,,,,,,,,,,,,,,0.25,,,,,,
2010-08-22,,,,,,,,,,,,,,,,,,,0.25,,,,,,
2010-08-23,85.16,1.2663,,94.3295,2.6,1.05,1.55,,,,,,25.66,,,,,,0.25,107.83810799999999,,,,,
2010-08-24,84.16,1.2675,,94.4362,2.5,1.01,1.49,,,,,,27.46,,,,,,0.25,106.6728,-0.010864897027103915,0.010864897027103915,,0.0011305021130834092,
2010-08-25,84.56,1.2652,,94.7372,2.54,1.01,1.53,,,2301015.0,,39.0,26.7,,,,,,0.25,106.98531200000001,0.0029253485387386036,-0.0029253485387386036,,0.003182268268314914,
2010-08-26,84.61,1.2717,,94.3523,2.5,0.95,1.55,,,,,,27.37,,,,,,0.25,107.59853700000001,0.0057154969696346924,-0.0057154969696346924,,-0.004071093652525448,
2010-08-27,85.1,1.2765,,94.3462,2.66,1.05,1.61,,,,,,24.45,,,,,,0.25,108.63014999999999,0.009541942297755845,-0.009541942297755845,,-6.465340214223403e-05,
2010-08-28,,,,,,,,,,,,,,,,,,,0.25,,,,,,
2010-08-29,,,,,,,,,,,,,,,,,,,0.25,,,,,,
2010-08-30,84.67,1.2686,,94.5922,2.54,0.99,1.55,,,,,,27.21,,,,,,0.25,107.412362,,,,,
2010-08-31,84.1,1.2704,,94.7204,2.47,0.95,1.52,,,,,,26.05,,,,,,0.25,106.84064,-0.005336899382209381,0.005336899382209381,,0.0013543738725978471,
2010-09-01,84.48,1.2813,,94.1148,2.58,1.02,1.56,,,2301996.0,8719.6,44.0,23.89,,0.898,2.3004545455,3.862,3.1271,0.25,108.24422400000002,0.01305162900170842,-0.01305162900170842,,-0.006414080385636289,
2010-09-02,84.15,1.2824,,94.0852,2.63,1.05,1.58,,,,,,23.19,,,,,,0.25,107.91396,-0.0030557645413233914,0.0030557645413233914,,-0.0003145589824020689,
2010-09-03,84.45,1.2885,,93.6952,2.72,1.1,1.62,,,,,,21.31,,,,,,0.25,108.81382500000001,0.008304151414070482,-0.008304151414070482,,-0.004153794120739462,
2010-09-04,,,,,,,,,,,,,,,,,,,0.25,,,,,,
2010-09-05,,,,,,,,,,,,,,,,,,,0.25,,,,,,
2010-09-06,,,,,,,,,,,,,,,,,,,0.25,,,,,,
2010-09-07,83.75,1.2723,,94.042,2.61,0.98,1.63,,,,,,23.8,,,,,,0.25,106.555125,,,,,
2010-09-08,83.85,1.2727,,93.7785,2.66,1.02,1.64,,,2305802.0,,64.0,23.25,,,,,,0.25,106.71589499999999,0.0015076594133880405,-0.0015076594133880405,,-0.0028058723395600893,
2010-09-09,83.83,1.2708,,93.7033,2.77,1.05,1.72,,,,,,22.81,,,,,,0.25,106.53116399999999,-0.0017325542220918422,0.0017325542220918422,,-0.0008022112443217821,
2010-09-10,84.13,1.2731,,93.6768,2.81,1.02,1.79,,,,,,21.99,,,,,,0.25,107.10590299999998,0.0053805305851950536,-0.0053805305851950536,,-0.0002828475401246422,
2010-09-11,,,,,,,,,,,,,,,,,,,0.25,,,,,,
2010-09-12,,,,,,,,,,,,,,,,,,,0.25,,,,,,
2010-09-13,83.53,1.289,,93.0767,2.74,0.94,1.8,,,,,,21.21,,,,,,0.25,107.67017,,,,,
2010-09-14,83.05,1.3014,,92.6182,2.68,0.93,1.75,,,,,,21.56,,,,,,0.25,108.08126999999999,0.003810871413184813,-0.003810871413184813,,-0.004938217815867674,
2010-09-15,85.63,1.3008,,92.9313,2.74,0.97,1.77,,,2296079.0,,61.0,22.1,,,,,,0.25,111.38750399999999,0.03013170471145976,-0.03013170471145976,,0.003374843879103473,
2010-09-16,85.72,1.3079,,92.9108,2.77,1.0,1.77,,,,,,21.72,,,,,,0.25,112.11318800000001,0.006493819268835743,-0.006493819268835743,,-0.000220617395984668,
2010-09-17,85.77,1.3046,,92.9418,2.75,1.0,1.75,,,,,,22.01,,,,,,0.25,111.89554199999999,-0.0019431927361575063,0.0019431927361575063,,0.00033359770363716734,
2010-09-18,,,,,,,,,,,,,,,,,,,0.25,,,,,,
2010-09-19,,,,,,,,,,,,,,,,,,,0.25,,,,,,
2010-09-20,85.74,1.3074,,92.7496,2.72,0.94,1.78,,,,,,21.5,,,,,,0.25,112.09647599999998,,,,,
2010-09-21,85.36,1.3136,,92.6684,2.61,0.78,1.83,,,,,,22.35,,,,,,0.25,112.12889600000001,0.0002891733432015542,-0.0002891733432015542,,-0.0008758589262196637,
2010-09-22,84.37,1.3385,,92.0647,2.56,0.74,1.82,,,2307171.0,,61.0,22.51,,,,,,0.25,112.92924500000001,0.0071124054462812225,-0.0071124054462812225,,-0.006535939137004121,
2010-09-23,84.32,1.3344,,92.0233,2.56,0.77,1.79,,,,,,23.87,,,,,,0.25,112.51660799999999,-0.0036606347404086748,0.0036606347404086748,,-0.00044978489307290204,
2010-09-24,84.24,1.3476,,91.5996,2.62,0.81,1.81,,,,,,21.71,,,,,,0.25,113.52182399999998,0.00889426296058371,-0.00889426296058371,,-0.004614900995162152,
2010-09-25,,,,,,,,,,,,,,,,,,,0.25,,,,,,
2010-09-26,,,,,,,,,,,,,,,,,,,0.25,,,,,,
2010-09-27,84.17,1.3475,,91.4803,2.54,0.79,1.75,,,,,,22.54,,,,,,0.25,113.41907499999999,,,,,
2010-09-28,83.82,1.3583,,91.3493,2.48,0.69,1.79,,,,,,22.6,,,,,,0.25,113.852706,0.003815973318733512,-0.003815973318733512,,-0.0014330285951302812,
2010-09-29,83.61,1.3638,,91.1632,2.52,0.74,1.78,,,2298691.0,,61.0,23.25,,,,,,0.25,114.027318,0.001532490923148444,-0.001532490923148444,,-0.002039313082621952,
2010-09-30,83.53,1.3601,,91.3415,2.53,0.75,1.78,,,,,,23.7,,,,,,0.25,113.609153,-0.003673976041996596,0.003673976041996596,,0.0019539229041916073,
2010-10-01,83.3,1.3754,,90.836,2.54,0.75,1.79,,,,8769.8,,22.5,,0.903,2.3457142857,3.8,3.0685,0.25,114.57082,0.00842907185201014,-0.00842907185201014,,-0.005549546978554254,
2010-10-02,,,,,,,,,,,,,,,,,,,0.25,,,,,,
2010-10-03,,,,,,,,,,,,,,,,,,,0.25,,,,,,
2010-10-04,83.33,1.3688,,91.0015,2.5,0.72,1.78,,,,,,23.53,,,,,,0.25,114.062104,,,,,
2010-10-05,83.17,1.3834,,90.5622,2.5,0.65,1.85,,,,,,21.76,,,,,,0.25,115.057378,0.008687871074981146,-0.008687871074981146,,-0.004839082451466581,
2010-10-06,82.8,1.3924,,90.1411,2.41,0.52,1.89,,,2308092.0,,61.0,21.49,,,,,,0.25,115.29072000000001,0.0020259952814178916,-0.0020259952814178916,,-0.0046606870185668114,
2010-10-07,82.35,1.3921,,90.286,2.41,0.53,1.88,,,,,,21.56,,,,,,0.25,114.63943499999998,-0.0056650833103271125,0.0056650833103271125,,0.001606189216050602,
2010-10-08,81.86,1.3923,,90.1133,2.41,0.45,1.96,,,,,,20.71,,,,,,0.25,113.973678,-0.005824328038674054,0.005824328038674054,,-0.0019146421605604758,
2010-10-09,,,,,,,,,,,,,,,,,,,0.25,,,,,,
2010-10-10,,,,,,,,,,,,,,,,,,,0.25,,,,,,
2010-10-11,,,,,,,,,,,,,18.96,,,,,,0.25,,,,,,
2010-10-12,81.74,1.3846,,90.2203,2.44,0.49,1.95,,,,,,18.93,,,,,,0.25,113.177204,,,,,
2010-10-13,81.81,1.3964,,89.7779,2.46,0.44,2.02,,,2309885.0,,60.0,19.07,,,,,,0.25,114.239484,0.009342214376431457,-0.009342214376431457,,-0.004915614609688035,
2010-10-14,81.44,1.4066,,89.5228,2.52,0.41,2.11,,,,,,19.88,,,,,,0.25,114.553504,0.0027450159196424906,-0.0027450159196424906,,-0.002845501128841299,
2010-10-15,81.32,1.3998,,89.6815,2.59,0.5,2.09,,,,,,19.03,,,,,,0.25,113.83173599999998,-0.006320639660545524,0.006320639660545524,,0.0017711633201553667,
2010-10-16,,,,,,,,,,,,,,,,,,,0.25,,,,,,
2010-10-17,,,,,,,,,,,,,,,,,,,0.25,,,,,,
2010-10-18,81.16,1.3978,,89.8484,2.52,0.47,2.05,,,,,,19.09,,,,,,0.25,113.44544799999998,,,,,
2010-10-19,81.6,1.3827,,90.5499,2.5,0.44,2.06,,,,,,20.63,,,,,,0.25,112.82831999999999,-0.005454715636009411,0.005454715636009411,,0.0077772743524411325,
2010-10-20,81.14,1.3949,,90.1446,2.51,0.47,2.04,,,2305227.0,,560.0,19.79,,,,,,0.25,113.182186,0.0031314145118575,-0.0031314145118575,,-0.004486032277731589,
2010-10-21,81.16,1.3973,,90.138,2.57,0.5,2.07,,,,,,19.27,,,,,,0.25,113.404868,0.0019655321675253745,-0.0019655321675253745,,-7.321838050788898e-05,
2010-10-22,81.48,1.3904,,90.4063,2.59,0.5,2.09,,,,,,18.78,,,,,,0.25,113.289792,-0.0010152511742838044,0.0010152511742838044,,0.0029721259270214517,
2010-10-23,,,,,,,,,,,,,,,,,,,0.25,,,,,,
2010-10-24,,,,,,,,,,,,,,,,,,,0.25,,,,,,
2010-10-25,80.61,1.3986,,89.9328,2.59,0.45,2.14,,,,,,19.85,,,,,,0.25,112.741146,,,,,
2010-10-26,81.28,1.3873,,90.2818,2.67,0.52,2.15,,,,,,20.22,,,,,,0.25,112.759744,0.0001649483515757666,-0.0001649483515757666,,0.003873164952127084,
2010-10-27,81.55,1.3788,,90.8038,2.75,0.62,2.13,,,2295392.0,,60.0,20.71,,,,,,0.25,112.44114,-0.002829511207118607,0.002829511207118607,,0.005765245230482385,
2010-10-28,80.99,1.3929,,90.2407,2.69,0.57,2.12,,,,,,20.88,,,,,,0.25,112.810971,0.0032837102451512834,-0.0032837102451512834,,-0.006220590139954574,
2010-10-29,80.48,1.3894,,90.0935,2.63,0.5,2.13,,,,,,21.2,,,,,,0.25,111.818912,-0.008832889344675188,0.008832889344675188,,-0.0016325248643065393,
2010-10-30,,,,,,,,,,,,,,,,,,,0.25,,,,,,
2010-10-31,,,,,,,,,,,,,,,,,,,0.25,,,,,,
2010-11-01,80.66,1.3888,,90.0307,2.66,0.49,2.17,,,,8790.3,,21.83,,1.161,2.5327272727,4.184,3.311,0.25,112.020608,,,,,
2010-11-02,80.8,1.4026,,89.6847,2.63,0.49,2.14,,,,,,21.57,,,,,,0.25,113.33008,0.011621768278552658,-0.011621768278552658,,-0.003850537321801184,
2010-11-03,81.41,1.4014,,89.7079,2.67,0.5,2.17,,,2300353.0,,60.0,19.56,,,,,,0.25,114.08797399999999,0.0066652298924596565,-0.0066652298924596565,,0.0002586505812312012,
2010-11-04,80.61,1.4224,,88.9831,2.53,0.44,2.09,,,,,,18.52,,,,,,0.25,114.659664,0.004998444532829716,-0.004998444532829716,,-0.008112372474887941,
2010-11-05,81.35,1.4033,,89.2441,2.58,0.48,2.1,,,,,,18.26,,,,,,0.25,114.15845499999999,-0.00438085763301288,0.00438085763301288,,0.002928847971294779,
2010-11-06,,,,,,,,,,,,,,,,,,,0.25,,,,,,
2010-11-07,,,,,,,,,,,,,,,,,,,0.25,,,,,,
2010-11-08,81.14,1.3927,,89.5711,2.6,0.48,2.12,,,,,,18.29,,,,,,0.25,113.00367800000001,,,,,
2010-11-09,81.15,1.3865,,89.558,2.72,0.58,2.14,,,,,,19.08,,,,,,0.25,112.51447500000002,-0.004338486820914866,0.004338486820914866,,-0.00014626322605693076,
2010-11-10,82.53,1.3728,,89.9056,2.65,0.56,2.09,,,2312768.0,,60.0,18.47,,,,,,0.25,113.297184,0.006932433321858333,-0.006932433321858333,,0.003873770889211592,
2010-11-11,,,,,,,,,,,,,18.64,,,,,,0.25,,,,,,
2010-11-12,82.44,1.37,,90.1701,2.76,0.71,2.05,,,,,,20.61,,,,,,0.25,112.9428,,,,,
2010-11-13,,,,,,,,,,,,,,,,,,,0.25,,,,,,
2010-11-14,,,,,,,,,,,,,,,,,,,0.25,,,,,,
2010-11-15,82.9,1.3615,,90.4331,2.92,0.87,2.05,,,,,,20.2,,,,,,0.25,112.86835,,,,,
2010-11-16,83.41,1.3517,,91.1102,2.85,0.87,1.98,,,,,,22.58,,,,,,0.25,112.745297,-0.0010908295117610933,0.0010908295117610933,,0.007459412048184788,
2010-11-17,83.15,1.3555,,90.9282,2.89,0.84,2.05,,,2314757.0,,65.0,21.76,,,,,,0.25,112.709825,-0.0003146701656451256,0.0003146701656451256,,-0.0019995787772364437,
2010-11-18,83.64,1.3618,,90.649,2.9,0.83,2.07,,,,,,18.75,,,,,,0.25,113.90095199999999,0.010512633031641627,-0.010512633031641627,,-0.0030752783944318907,
2010-11-19,83.49,1.3654,,90.6986,2.88,0.77,2.11,,,,,,18.04,,,,,,0.25,113.99724599999999,0.0008450615807902295,-0.0008450615807902295,,0.0005470157998983538,
2010-11-20,,,,,,,,,,,,,,,,,,,0.25,,,,,,
2010-11-21,,,,,,,,,,,,,,,,,,,0.25,,,,,,
2010-11-22,83.46,1.3612,,90.7023,2.8,0.7,2.1,,,,,,18.37,,,,,,0.25,113.605752,,,,,
2010-11-23,82.86,1.3388,,91.4318,2.77,0.69,2.08,,,,,,20.63,,,,,,0.25,110.932968,-0.02380801180372938,0.02380801180372938,,0.008010624051213,
2010-11-24,83.38,1.335,,91.2179,2.93,0.8,2.13,,,2346001.0,,60.0,19.56,,,,,,0.25,111.3123,0.0034136373005733134,-0.0034136373005733134,,-0.0023421894236372864,
2010-11-25,,,,,,,,,,,,,,,,,,,0.25,,,,,,
2010-11-26,84.08,1.3243,,91.8152,2.87,0.75,2.12,,,,,,22.22,,,,,,0.25,111.347144,,,,,
2010-11-27,,,,,,,,,,,,,,,,,,,0.25,,,,,,
2010-11-28,,,,,,,,,,,,,,,,,,,0.25,,,,,,
2010-11-29,84.34,1.3092,,92.1997,2.84,0.73,2.11,,,,,,21.53,,,,,,0.25,110.417928,,,,,
2010-11-30,83.56,1.3036,,92.1494,2.81,0.74,2.07,,,,,,23.54,,,,,,0.25,108.92881600000001,-0.01357790729366748,0.01357790729366748,,-0.0005457037896929862,
2010-12-01,84.0,1.3149,,91.6799,2.97,0.83,2.14,,,2346920.0,8822.0,60.0,21.36,,1.133,2.9147619048,4.603,3.6098,0.25,110.4516,0.013882811284414487,-0.013882811284414487,,-0.005108010756067927,
2010-12-02,83.53,1.3228,,91.2651,3.01,0.84,2.17,,,,,,19.39,,,,,,0.25,110.493484,0.00037913493926566844,-0.00037913493926566844,,-0.004534703990956679,
2010-12-03,82.73,1.3367,,90.8788,3.03,0.86,2.17,,,,,,18.01,,,,,,0.25,110.58519100000001,0.0008296323040664078,-0.0008296323040664078,,-0.004241707564128561,
2010-12-04,,,,,,,,,,,,,,,,,,,0.25,,,,,,
2010-12-05,,,,,,,,,,,,,,,,,,,0.25,,,,,,
2010-12-06,82.7,1.3275,,91.0167,2.95,0.79,2.16,,,,,,18.02,,,,,,0.25,109.78425,,,,,
2010-12-07,83.04,1.3323,,90.9732,3.15,0.92,2.23,,,,,,17.99,,,,,,0.25,110.63419200000001,0.0077121152380055236,-0.0077121152380055236,,-0.00047804851619215327,
2010-12-08,84.16,1.3242,,91.3376,3.26,1.07,2.19,,,2382294.0,,60.0,17.74,,,,,,0.25,111.444672,0.00729906109640055,-0.00729906109640055,,0.003997574310216301,
2010-12-09,83.85,1.3206,,91.3923,3.23,1.09,2.14,,,,,,17.25,,,,,,0.25,110.73231,-0.006412585450457087,0.006412585450457087,,0.0005986978774012996,
2010-12-10,83.87,1.3242,,91.2831,3.32,1.16,2.16,,,,,,17.61,,,,,,0.25,111.06065400000001,0.002960817457377196,-0.002960817457377196,,-0.0011955634202234222,
2010-12-11,,,,,,,,,,,,,,,,,,,0.25,,,,,,
2010-12-12,,,,,,,,,,,,,,,,,,,0.25,,,,,,
2010-12-13,83.57,1.3389,,90.8837,3.29,1.11,2.18,,,,,,17.55,,,,,,0.25,111.89187299999999,,,,,
2010-12-14,83.52,1.3395,,90.764,3.49,1.27,2.22,,,,,,17.61,,,,,,0.25,111.87503999999998,-0.00015045119768686277,0.00015045119768686277,,-0.0013179359532342616,
2010-12-15,84.04,1.3306,,91.094,3.53,1.22,2.31,,,2385754.0,,60.0,17.94,,,,,,0.25,111.82362400000001,-0.0004596898344049194,0.0004596898344049194,,0.0036292091874630117,
2010-12-16,84.23,1.3206,,91.3773,3.47,1.15,2.32,,,,,,17.39,,,,,,0.25,111.234138,-0.005285513196843006,0.005285513196843006,,0.003105148345303732,
2010-12-17,84.15,1.3155,,91.5555,3.33,1.05,2.28,,,,,,16.11,,,,,,0.25,110.699325,-0.004819588970581101,0.004819588970581101,,0.0019482570251616593,
2010-12-18,,,,,,,,,,,,,,,,,,,0.25,,,,,,
2010-12-19,,,,,,,,,,,,,,,,,,,0.25,,,,,,
2010-12-20,83.72,1.3124,,91.6398,3.36,1.07,2.29,,,,,,16.41,,,,,,0.25,109.874128,,,,,
2010-12-21,83.76,1.3131,,91.519,3.35,1.06,2.29,,,,,,16.49,,,,,,0.25,109.985256,0.001010900762495659,-0.001010900762495659,,-0.0013190741314703658,
2010-12-22,83.56,1.3089,,91.429,3.36,1.03,2.33,,,2427921.0,,75.0,15.45,,,,,,0.25,109.371684,-0.005594293941202366,0.005594293941202366,,-0.0009838862109479152,
2010-12-23,82.97,1.3101,,91.3013,3.41,1.08,2.33,,,,,,16.47,,,,,,0.25,108.698997,-0.006169459650219977,0.006169459650219977,,-0.0013976885145901008,
2010-12-24,,,,,,,,,,,,,,,,,,,0.25,,,,,,
2010-12-25,,,,,,,,,,,,,,,,,,,0.25,,,,,,
2010-12-26,,,,,,,,,,,,,,,,,,,0.25,,,,,,
2010-12-27,82.91,1.3146,,91.1963,3.36,1.06,2.3,,,,,,17.67,,,,,,0.25,108.99348599999999,,,,,
2010-12-28,82.21,1.3122,,90.9848,3.5,1.17,2.33,,,,,,17.52,,,,,,0.25,107.875962,-0.010306051882784217,0.010306051882784217,,-0.0023218664835971126,
2010-12-29,81.9,1.3183,,90.7669,3.35,1.06,2.29,,,2420570.0,,75.0,17.28,,,,,,0.25,107.96877,0.0008599515481293452,-0.0008599515481293452,,-0.0023977778958705898,
2010-12-30,81.67,1.3269,,90.5146,3.38,1.08,2.3,,,,,,17.52,,,,,,0.25,108.367923,0.003690113289627206,-0.003690113289627206,,-0.0027835180412907334,
2010-12-31,,,,,3.3,1.0,2.3,,,,,,17.75,,,,,,0.25,,,,,,
2011-01-01,,,,,,,,,,,8844.5,,,,1.213,3.0166666667,4.729,3.7273,0.25,,,,,,
2011-01-02,,,,,,,,,,,,,,,,,,,0.25,,,,,,
2011-01-03,81.56,1.3371,,89.9524,3.36,1.05,2.31,,,,,,17.61,,,,,,0.25,109.053876,,,,,
2011-01-04,81.96,1.3306,,90.3277,3.36,1.01,2.35,,,,,,17.38,,,,,,0.25,109.05597599999999,1.925635161192929e-05,-1.925635161192929e-05,,0.004163527113093757,
2011-01-05,83.22,1.3171,,90.5715,3.5,1.08,2.42,,,2436064.0,,75.0,17.02,,,,,,0.25,109.609062,0.005058761881310048,-0.005058761881310048,,0.00269542538172729,
2011-01-06,83.15,1.3027,,90.9125,3.44,1.03,2.41,,,,,,17.4,,,,,,0.25,108.319505,-0.011834814217341005,0.011834814217341005,,0.0037579114555237325,
2011-01-07,83.04,1.2944,,91.0001,3.34,0.98,2.36,,,,,,17.14,,,,,,0.25,107.48697600000001,-0.0077155526206489355,0.0077155526206489355,,0.0009630999366860848,
2011-01-08,,,,,,,,,,,,,,,,,,,0.25,,,,,,
2011-01-09,,,,,,,,,,,,,,,,,,,0.25,,,,,,
2011-01-10,82.78,1.2945,,91.03,3.32,0.96,2.36,,,,,,17.54,,,,,,0.25,107.15871,,,,,
2011-01-11,83.36,1.2978,,90.8431,3.37,0.97,2.4,,,,,,16.89,,,,,,0.25,108.18460800000001,0.009528094679946086,-0.009528094679946086,,-0.0020552799264050847,
2011-01-12,83.29,1.3066,,90.4111,3.4,0.98,2.42,,,2468131.0,,70.0,16.24,,,,,,0.25,108.82671400000001,0.0059177361617743784,-0.0059177361617743784,,-0.004766795119823364,
2011-01-13,82.72,1.3364,,89.9019,3.34,0.97,2.37,,,,,,16.39,,,,,,0.25,110.547008,0.015684004888821157,-0.015684004888821157,,-0.005647971622733117,
2011-01-14,82.99,1.3328,,90.0461,3.35,1.0,2.35,,,,,,15.46,,,,,,0.25,110.609072,0.0005612687802143412,-0.0005612687802143412,,0.0016026855632294001,
2011-01-15,,,,,,,,,,,,,,,,,,,0.25,,,,,,
2011-01-16,,,,,,,,,,,,,,,,,,,0.25,,,,,,
2011-01-17,,,,,,,,,,,,,,,,,,,0.25,,,,,,
2011-01-18,82.66,1.3399,,89.821,3.39,0.99,2.4,,,,,,15.87,,,,,,0.25,110.756134,,,,,
2011-01-19,82.03,1.3495,,89.6948,3.37,0.99,2.38,,,2425164.0,,70.0,17.31,,,,,,0.25,110.699485,-0.0005116059054310895,0.0005116059054310895,,-0.0014060046056094677,
2011-01-20,83.02,1.3443,,90.1316,3.47,1.22,2.25,,,,,,17.99,,,,,,0.25,111.603786,0.008135786612381679,-0.008135786612381679,,0.0048580281766819056,
2011-01-21,82.63,1.3581,,89.7204,3.44,1.2,2.24,,,,,,18.47,,,,,,0.25,112.219803,0.00550450073801656,-0.00550450073801656,,-0.00457265658972883,
2011-01-22,,,,,,,,,,,,,,,,,,,0.25,,,,,,
2011-01-23,,,,,,,,,,,,,,,,,,,0.25,,,,,,
2011-01-24,82.44,1.3653,,89.5375,3.43,1.18,2.25,,,,,,17.65,,,,,,0.25,112.55533199999999,,,,,
2011-01-25,82.35,1.3644,,89.7279,3.35,1.11,2.24,,,,,,17.59,,,,,,0.25,112.35834,-0.0017517125448245352,0.0017517125448245352,,0.0021242255515643294,
2011-01-26,82.27,1.3688,,89.5091,3.45,1.16,2.29,,,2443527.0,,70.0,16.64,,,,,,0.25,112.611176,0.0022477365906832247,-0.0022477365906832247,,-0.002441461402322709,
2011-01-27,83.03,1.3688,,89.5728,3.42,1.16,2.26,,,,,,16.15,,,,,,0.25,113.651464,0.009195467093100262,-0.009195467093100262,,0.0007114063753679289,
2011-01-28,82.03,1.3607,,89.8189,3.36,1.09,2.27,,,,,,20.04,,,,,,0.25,111.618221,-0.018052124640451694,0.018052124640451694,,0.0027437184037673035,
2011-01-29,,,,,,,,,,,,,,,,,,,0.25,,,,,,
2011-01-30,,,,,,,,,,,,,,,,,,,0.25,,,,,,
2011-01-31,81.97,1.3715,,89.694,3.42,1.08,2.34,,,,,,19.53,,,,,,0.25,112.421855,,,,,
2011-02-01,81.48,1.3793,,89.1436,3.48,1.11,2.37,,,,8909.9,,17.63,,1.241,3.199,4.736,3.8799,0.25,112.38536400000001,-0.00032464260251785504,0.00032464260251785504,,-0.006155324582707067,
2011-02-02,81.82,1.3779,,89.0737,3.52,1.16,2.36,,,2469419.0,,70.0,17.3,,,,,,0.25,112.73977799999999,0.0031485980610304054,-0.0031485980610304054,,-0.0007844356702113586,
2011-02-03,81.48,1.3654,,89.2522,3.58,1.23,2.35,,,,,,16.69,,,,,,0.25,111.252792,-0.013277296158324958,0.013277296158324958,,0.0020019532733757117,
2011-02-04,81.99,1.3584,,89.391,3.68,1.3,2.38,,,,,,15.93,,,,,,0.25,111.375216,0.001099807822384058,-0.001099807822384058,,0.0015539357549592125,
2011-02-05,,,,,,,,,,,,,,,,,,,0.25,,,,,,
2011-02-06,,,,,,,,,,,,,,,,,,,0.25,,,,,,
2011-02-07,82.4,1.3557,,89.3556,3.68,1.32,2.36,,,,,,16.28,,,,,,0.25,111.70968,,,,,
2011-02-08,81.92,1.3687,,89.1241,3.75,1.39,2.36,,,,,,15.81,,,,,,0.25,112.12390400000001,0.003701182507648504,-0.003701182507648504,,-0.002594134008784721,
2011-02-09,82.47,1.3688,,89.4166,3.65,1.34,2.31,,,2500481.0,,70.0,15.87,,,,,,0.25,112.884936,0.006764488914829059,-0.006764488914829059,,0.0032765667625058725,
2011-02-10,83.11,1.3637,,89.6266,3.7,1.39,2.31,,,,,,16.09,,,,,,0.25,113.33710699999999,0.003997591005475698,-0.003997591005475698,,0.0023458036529611093,
2011-02-11,83.52,1.352,,89.8784,3.64,1.36,2.28,,,,,,15.69,,,,,,0.25,112.91904,-0.003695523691485292,0.003695523691485292,,0.0028054947233293603,
2011-02-12,,,,,,,,,,,,,,,,,,,0.25,,,,,,
2011-02-13,,,,,,,,,,,,,,,,,,,0.25,,,,,,
2011-02-14,83.32,1.3474,,89.8543,3.62,1.34,2.28,,,,,,15.95,,,,,,0.25,112.26536799999998,,,,,
2011-02-15,83.79,1.3494,,89.8871,3.61,1.33,2.28,,,,,,16.37,,,,,,0.25,113.066226,0.007108291899188934,-0.007108291899188934,,0.00036496878698066837,
2011-02-16,83.73,1.3547,,89.7059,3.62,1.37,2.25,,,2508868.0,,70.0,16.72,,,,,,0.25,113.42903100000001,0.003203645984511283,-0.003203645984511283,,-0.0020178967051700525,
2011-02-17,83.25,1.3612,,89.4102,3.58,1.31,2.27,,,,,,16.59,,,,,,0.25,113.3199,-0.0009625713157275229,0.0009625713157275229,,-0.0033017720756083335,
2011-02-18,83.22,1.3673,,89.1974,3.59,1.25,2.34,,,,,,16.43,,,,,,0.25,113.786706,0.004110903382527731,-0.004110903382527731,,-0.0023828784518888924,
2011-02-19,,,,,,,,,,,,,,,,,,,0.25,,,,,,
2011-02-20,,,,,,,,,,,,,,,,,,,0.25,,,,,,
2011-02-21,,,,,,,,,,,,,,,,,,,0.25,,,,,,
2011-02-22,82.94,1.3661,,89.4617,3.46,1.12,2.34,,,,,,20.8,,,,,,0.25,113.30433400000001,,,,,
2011-02-23,82.39,1.3758,,89.4186,3.49,1.1,2.39,,,2533221.0,,70.0,22.13,,,,,,0.25,113.35216199999999,0.000422030707735388,-0.000422030707735388,,-0.0004818864998998862,
2011-02-24,81.67,1.3794,,89.2346,3.46,1.05,2.41,,,,,,21.32,,,,,,0.25,112.655598,-0.0061640910520370795,0.0061640910520370795,,-0.002059857478729832,
2011-02-25,81.76,1.3757,,89.1664,3.42,1.02,2.4,,,,,,19.22,,,,,,0.25,112.477232,-0.0015845404450312017,0.0015845404450312017,,-0.0007645697425724407,
2011-02-26,,,,,,,,,,,,,,,,,,,0.25,,,,,,
2011-02-27,,,,,,,,,,,,,,,,,,,0.25,,,,,,
2011-02-28,81.94,1.3793,,88.9391,3.42,1.03,2.39,,,,,,18.35,,,,,,0.25,113.019842,,,,,
2011-03-01,81.86,1.3813,,88.831,3.41,1.0,2.41,,,,8967.7,,21.01,,1.214,3.2117391304,4.875,3.7386,0.25,113.073218,0.0004721595699717085,-0.0004721595699717085,,-0.0012161776735695184,
2011-03-02,81.62,1.3869,,88.7317,3.46,1.01,2.45,,,2545119.0,,70.0,20.7,,,,,,0.25,113.198778,0.0011098148697783472,-0.0011098148697783472,,-0.0011184782654458658,
2011-03-03,82.41,1.3947,,88.637,3.58,1.09,2.49,,,,,,18.6,,,,,,0.25,114.937227,0.015240756499991903,-0.015240756499991903,,-0.0010678322499817483,
2011-03-04,82.35,1.3983,,88.4898,3.49,1.0,2.49,,,,,,19.06,,,,,,0.25,115.150005,0.0018495425305129487,-0.0018495425305129487,,-0.001662086526567741,
2011-03-05,,,,,,,,,,,,,,,,,,,0.25,,,,,,
2011-03-06,,,,,,,,,,,,,,,,,,,0.25,,,,,,
2011-03-07,82.12,1.3976,,88.5207,3.51,1.0,2.51,,,,,,20.66,,,,,,0.25,114.770912,,,,,
2011-03-08,82.69,1.3912,,88.6454,3.56,1.01,2.55,,,,,,19.82,,,,,,0.25,115.03832799999999,0.0023272878035687228,-0.0023272878035687228,,0.001407718751982756,
2011-03-09,82.78,1.3906,,88.5328,3.48,0.98,2.5,,,2577076.0,,0.0,20.22,,,,,,0.25,115.11386800000001,0.0006564352113560545,-0.0006564352113560545,,-0.0012710369013690936,
2011-03-10,82.98,1.3823,,88.8698,3.37,0.91,2.46,,,,,,21.88,,,,,,0.25,114.70325400000002,-0.0035734016104704835,0.0035734016104704835,,0.003799272449986013,
2011-03-11,81.77,1.3864,,88.691,3.4,0.96,2.44,,,,,,20.08,,,,,,0.25,113.365928,-0.011727505799751903,0.011727505799751903,,-0.0020139587165051154,
2011-03-12,,,,,,,,,,,,,,,,,,,0.25,,,,,,
2011-03-13,,,,,,,,,,,,,,,,,,,0.25,,,,,,
2011-03-14,81.65,1.3975,,88.5191,3.36,0.93,2.43,,,,,,21.13,,,,,,0.25,114.10587500000001,,,,,
2011-03-15,80.82,1.3968,,88.7845,3.33,0.93,2.4,,,,,,24.32,,,,,,0.25,112.889376,-0.010718379710063175,0.010718379710063175,,0.0029937372757213865,
2011-03-16,80.17,1.3922,,88.9785,3.22,0.85,2.37,,,2583046.0,,0.0,29.4,,,,,,0.25,111.61267400000001,-0.011373755946238795,0.011373755946238795,,0.002182682301937078,
2011-03-17,78.74,1.4021,,88.6549,3.25,0.82,2.43,,,,,,26.37,,,,,,0.25,110.40135399999998,-0.010912211546749262,0.010912211546749262,,-0.003643462974617151,
2011-03-18,81.14,1.4141,,88.5221,3.28,0.85,2.43,,,,,,24.44,,,,,,0.25,114.74007399999999,0.038546945849354586,-0.038546945849354586,,-0.0014990661865699195,
2011-03-19,,,,,,,,,,,,,,,,,,,0.25,,,,,,
2011-03-20,,,,,,,,,,,,,,,,,,,0.25,,,,,,
2011-03-21,81.11,1.4184,,88.2032,3.34,0.9,2.44,,,,,,20.61,,,,,,0.25,115.046424,,,,,
2011-03-22,81.0,1.4212,,88.0665,3.34,0.95,2.39,,,,,,20.21,,,,,,0.25,115.1172,0.000615005977058658,-0.000615005977058658,,-0.0015510326210907976,
2011-03-23,80.94,1.4124,,88.3328,3.36,0.98,2.38,,,2601341.0,,0.0,19.17,,,,,,0.25,114.31965600000001,-0.006952215317359567,0.006952215317359567,,0.0030192886513900064,
2011-03-24,80.82,1.42,,88.0592,3.42,0.95,2.47,,,,,,18.0,,,,,,0.25,114.76439999999998,0.0038828067436833535,-0.0038828067436833535,,-0.0031021839926621553,
2011-03-25,81.12,1.4144,,88.1716,3.46,1.02,2.44,,,,,,17.91,,,,,,0.25,114.73612800000001,-0.0002463785193818069,0.0002463785193818069,,0.0012756001248481752,
2011-03-26,,,,,,,,,,,,,,,,,,,0.25,,,,,,
2011-03-27,,,,,,,,,,,,,,,,,,,0.25,,,,,,
2011-03-28,81.67,1.4104,,88.3058,3.47,1.01,2.46,,,,,,19.44,,,,,,0.25,115.187368,,,,,
2011-03-29,82.38,1.409,,88.3991,3.5,1.03,2.47,,,,,,18.16,,,,,,0.25,116.07342,0.007662832452769663,-0.007662832452769663,,0.001055997979344525,
2011-03-30,82.98,1.4095,,88.2298,3.47,1.0,2.47,,,2622523.0,,0.0,17.71,,,,,,0.25,116.96031,0.007611724552274879,-0.007611724552274879,,-0.0019170141675264318,
2011-03-31,82.76,1.4183,,88.0299,3.47,0.99,2.48,,,,,,17.74,,,,,,0.25,117.378508,0.003569177719014327,-0.003569177719014327,,-0.0022682449329716192,
2011-04-01,84.05,1.4215,,87.7993,3.46,0.94,2.52,,,,9033.6,,17.4,,1.215,3.3405263158,4.841,3.7619,0.25,119.477075,0.017720687767774912,-0.017720687767774912,,-0.002623001551657289,
2011-04-02,,,,,,,,,,,,,,,,,,,0.25,,,,,,
2011-04-03,,,,,,,,,,,,,,,,,,,0.25,,,,,,
2011-04-04,83.98,1.4221,,87.8406,3.45,0.91,2.54,,,,,,17.5,,,,,,0.25,119.427958,,,,,
2011-04-05,84.65,1.423,,87.7483,3.5,0.94,2.56,,,,,,17.25,,,,,,0.25,120.45695,0.00857910003429918,-0.00857910003429918,,-0.0010513194000463244,
2011-04-06,85.26,1.4333,,87.4913,3.56,0.99,2.57,,,2648676.0,,0.0,16.9,,,,,,0.25,122.203158,0.014392461597237727,-0.014392461597237727,,-0.0029331290901462026,
2011-04-07,84.98,1.4287,,87.532,3.58,0.99,2.59,,,,,,17.11,,,,,,0.25,121.41092600000002,-0.006504014708456296,0.006504014708456296,,0.0004650809433206504,
2011-04-08,84.99,1.4437,,87.1493,3.59,0.95,2.64,,,,,,17.87,,,,,,0.25,122.70006299999999,0.010561990588525916,-0.010561990588525916,,-0.004381700986854753,
2011-04-09,,,,,,,,,,,,,,,,,,,0.25,,,,,,
2011-04-10,,,,,,,,,,,,,,,,,,,0.25,,,,,,
2011-04-11,84.58,1.4454,,87.094,3.59,0.96,2.63,,,,,,16.59,,,,,,0.25,122.251932,,,,,
2011-04-12,83.79,1.4455,,87.2943,3.52,0.9,2.62,,,,,,17.09,,,,,,0.25,121.11844500000001,-0.009314980811627294,0.009314980811627294,,0.002297173469573366,
2011-04-13,83.59,1.4477,,87.2093,3.49,0.88,2.61,,,2665408.0,,0.0,16.92,,,,,,0.5,121.013243,-0.0008689652105333678,0.0008689652105333678,,-0.0009741920134880289,
2011-04-14,83.23,1.4464,,87.0802,3.51,0.89,2.62,,,,,,16.27,,,,,,0.5,120.383872,-0.005214415475146339,0.005214415475146339,,-0.0014814435018859484,
2011-04-15,83.13,1.4443,,87.005,3.43,0.82,2.61,,,,,,15.32,,,,,,0.5,120.06465899999999,-0.0026551477457985584,0.0026551477457985584,,-0.00086394483479868,
2011-04-16,,,,,,,,,,,,,,,,,,,0.5,,,,,,
2011-04-17,,,,,,,,,,,,,,,,,,,0.5,,,,,,
2011-04-18,82.43,1.4211,,87.5081,3.4,0.8,2.6,,,,,,16.96,,,,,,0.5,117.14127300000001,,,,,
2011-04-19,82.41,1.4319,,87.0791,3.39,0.76,2.63,,,,,,15.83,,,,,,0.5,118.002879,0.007328354532300629,-0.007328354532300629,,-0.004914459518573722,
2011-04-20,82.58,1.4513,,86.5642,3.43,0.82,2.61,,,2685782.0,,0.0,15.07,,,,,,0.5,119.848354,0.01551820447900809,-0.01551820447900809,,-0.005930565811111066,
2011-04-21,81.81,1.4585,,86.2256,3.42,0.83,2.59,,,,,,14.69,,,,,,0.5,119.319885,-0.004419231100878385,0.004419231100878385,,-0.003919217840584466,
2011-04-22,81.92,1.4545,,86.3742,,,,,,,,,,,,,,,0.5,119.15263999999999,-0.0014026356069285484,0.0014026356069285484,,0.0017219027683230692,
2011-04-23,,,,,,,,,,,,,,,,,,,0.5,,,,,,
2011-04-24,,,,,,,,,,,,,,,,,,,0.5,,,,,,
2011-04-25,81.93,1.4576,,86.4026,3.39,0.79,2.6,,,,,,15.77,,,,,,0.5,119.42116800000001,,,,,
2011-04-26,81.93,1.4625,,86.2576,3.34,0.76,2.58,,,,,,15.62,,,,,,0.5,119.822625,0.0033560526003171276,-0.0033560526003171276,,-0.0016795999783125737,
2011-04-27,82.6,1.4659,,86.2519,3.39,0.81,2.58,,,2690985.0,,0.0,15.35,,,,,,0.5,121.08333999999999,0.010466544563183078,-0.010466544563183078,,-6.608331717483651e-05,
2011-04-28,81.57,1.4785,,85.8419,3.34,0.78,2.56,,,,,,14.62,,,,,,0.5,120.60124499999998,-0.00398946121789745,0.00398946121789745,,-0.0047648523736878445,
2011-04-29,81.31,1.4821,,85.5999,3.32,0.75,2.57,,,,,,14.75,,,,,,0.5,120.509551,-0.0007605964224053352,0.0007605964224053352,,-0.0028231173579387203,
2011-04-30,,,,,,,,,,,,,,,,,,,0.5,,,,,,
2011-05-01,,,,,,,,,,,9109.4,,,,1.118,3.0609090909,4.756,3.5053,0.5,,,,,,
2011-05-02,81.23,1.487,,85.5199,3.31,0.75,2.56,,,,,,15.99,,,,,,0.5,120.78901000000002,,,,,
2011-05-03,81.02,1.4875,,85.6352,3.28,0.73,2.55,,,,,,16.7,,,,,,0.5,120.51725,-0.00225240832868856,0.00225240832868856,,0.001347316176282476,
2011-05-04,80.69,1.4859,,85.8917,3.25,0.7,2.55,,,2718757.0,,0.0,17.08,,,,,,0.5,119.897271,-0.005157595071612953,0.005157595071612953,,0.002990786765168174,
2011-05-05,80.12,1.4583,,86.508,3.18,0.7,2.48,,,,,,18.2,,,,,,0.5,116.838996,-0.025838416605579617,0.025838416605579617,,0.007149694870003387,
2011-05-06,80.51,1.4495,,86.4575,3.19,0.71,2.48,,,,,,18.4,,,,,,0.5,116.699245,-0.0011968148435377302,0.0011968148435377302,,-0.0005839314942566176,
2011-05-07,,,,,,,,,,,,,,,,,,,0.5,,,,,,
2011-05-08,,,,,,,,,,,,,,,,,,,0.5,,,,,,
2011-05-09,80.66,1.4301,,86.8346,3.17,0.69,2.48,,,,,,17.16,,,,,,0.5,115.35186599999999,,,,,
2011-05-10,80.75,1.4358,,86.6518,3.23,0.74,2.49,,,,,,15.91,,,,,,0.5,115.94085,0.005092985921036686,-0.005092985921036686,,-0.0021073705794965036,
2011-05-11,80.78,1.4269,,86.7195,3.19,0.76,2.43,,,2744498.0,,0.0,16.95,,,,,,0.5,115.264982,-0.005846478173351599,0.005846478173351599,,0.0007809828205820324,
2011-05-12,80.75,1.4229,,87.0767,3.22,0.79,2.43,,,,,,16.03,,,,,,0.5,114.899175,-0.003178664417385235,0.003178664417385235,,0.004110567468797122,
2011-05-13,80.76,1.4141,,87.4176,3.18,0.79,2.39,,,,,,17.07,,,,,,0.5,114.202716,-0.00607992489604392,0.00607992489604392,,0.003907295925526633,
2011-05-14,,,,,,,,,,,,,,,,,,,0.5,,,,,,
2011-05-15,,,,,,,,,,,,,,,,,,,0.5,,,,,,
2011-05-16,80.82,1.4219,,87.3311,3.15,0.81,2.34,,,,,,18.24,,,,,,0.5,114.91795799999998,,,,,
2011-05-17,81.39,1.4155,,87.6307,3.12,0.82,2.3,,,,,,17.55,,,,,,0.5,115.207545,0.002516775838247831,-0.002516775838247831,,0.0034247509208515936,
2011-05-18,81.37,1.427,,87.295,3.18,0.82,2.36,,,2758009.0,,0.0,16.23,,,,,,0.5,116.11499,0.007845752294498354,-0.007845752294498354,,-0.0038382057310348827,
2011-05-19,81.78,1.4254,,87.2638,3.17,0.91,2.26,,,,,,15.52,,,,,,0.5,116.56921200000001,0.003904197818864752,-0.003904197818864752,,-0.00035747267204211397,
2011-05-20,81.64,1.4172,,87.3044,3.15,0.85,2.3,,,,,,17.43,,,,,,0.5,115.700208,-0.0074827590713058,0.0074827590713058,,0.0004651477271577775,
2011-05-21,,,,,,,,,,,,,,,,,,,0.5,,,,,,
2011-05-22,,,,,,,,,,,,,,,,,,,0.5,,,,,,
2011-05-23,81.81,1.4015,,87.8941,3.13,0.84,2.29,,,,,,18.27,,,,,,0.5,114.656715,,,,,
2011-05-24,82.12,1.4107,,87.662,3.12,0.79,2.33,,,,,,17.82,,,,,,0.5,115.84668400000001,0.010325050100739475,-0.010325050100739475,,-0.002644170555508474,
2011-05-25,81.96,1.4102,,87.6136,3.13,0.8,2.33,,,2774996.0,,0.0,17.07,,,,,,0.5,115.57999199999998,-0.0023047655755501495,0.0023047655755501495,,-0.0005522731199345543,
2011-05-26,81.44,1.4088,,87.5588,3.07,0.76,2.31,,,,,,16.09,,,,,,0.5,114.73267200000001,-0.007358030671430704,0.007358030671430704,,-0.0006256693610140474,
2011-05-27,80.75,1.4287,,86.9525,3.07,0.79,2.28,,,,,,15.98,,,,,,0.5,115.367525,0.00551807098966961,-0.00551807098966961,,-0.0069485751293045794,
2011-05-28,,,,,,,,,,,,,,,,,,,0.5,,,,,,
2011-05-29,,,,,,,,,,,,,,,,,,,0.5,,,,,,
2011-05-30,,,,,,,,,,,,,,,,,,,0.5,,,,,,
2011-05-31,81.29,1.4376,,86.656,3.05,0.8,2.25,,,,,,15.45,,,,,,0.5,116.862504,,,,,
2011-06-01,80.82,1.4431,,86.5964,2.96,0.74,2.22,,,2788723.0,9184.2,0.0,18.3,,1.084,2.8909090909,4.816,3.4144,0.5,116.63134199999999,-0.001980027135470408,0.001980027135470408,,-0.0006880135842388668,
2011-06-02,80.98,1.4426,,86.8435,3.04,0.78,2.26,,,,,,18.09,,,,,,0.5,116.82174800000001,0.0016312145812280576,-0.0016312145812280576,,0.0028494039397601867,
2011-06-03,80.38,1.4604,,86.4234,2.99,0.75,2.24,,,,,,17.95,,,,,,0.5,117.386952,0.004826508128949136,-0.004826508128949136,,-0.004849175730659461,
2011-06-04,,,,,,,,,,,,,,,,,,,0.5,,,,,,
2011-06-05,,,,,,,,,,,,,,,,,,,0.5,,,,,,
2011-06-06,80.19,1.462,,86.4669,3.01,0.76,2.25,,,,,,18.49,,,,,,0.5,117.23778,,,,,
2011-06-07,80.21,1.4675,,86.3627,3.01,0.76,2.25,,,,,,18.07,,,,,,0.5,117.708175,0.004004287952423802,-0.004004287952423802,,-0.0012058121134970179,
2011-06-08,79.87,1.4587,,86.5714,2.98,0.76,2.22,,,2811206.0,,0.0,18.79,,,,,,0.5,116.50636900000002,-0.010262527059619053,0.010262527059619053,,0.0024136373487664287,
2011-06-09,80.07,1.4534,,86.5913,3.01,0.8,2.21,,,,,,17.77,,,,,,0.5,116.37373799999999,-0.0011390497543875,0.0011390497543875,,0.00022984164704809018,
2011-06-10,80.26,1.4365,,87.042,2.99,0.79,2.2,,,,,,18.86,,,,,,0.5,115.29349000000002,-0.009325927008963397,0.009325927008963397,,0.0051914121568295,
2011-06-11,,,,,,,,,,,,,,,,,,,0.5,,,,,,
2011-06-12,,,,,,,,,,,,,,,,,,,0.5,,,,,,
2011-06-13,80.16,1.4368,,87.0579,3.0,0.8,2.2,,,,,,19.61,,,,,,0.5,115.173888,,,,,
2011-06-14,80.5,1.4473,,86.6771,3.11,0.83,2.28,,,,,,18.26,,,,,,0.5,116.50765,0.011513880183586345,-0.011513880183586345,,-0.004383694820413453,
2011-06-15,80.71,1.4221,,87.3342,2.98,0.74,2.24,,,2827549.0,,0.0,21.32,,,,,,0.5,114.77769099999999,-0.014959800353144814,0.014959800353144814,,0.007552418990713683,
2011-06-16,80.7,1.4155,,87.6917,2.93,0.73,2.2,,,,,,22.73,,,,,,0.5,114.23085,-0.004775734887074279,0.004775734887074279,,0.004085115370561887,
2011-06-17,80.1,1.4326,,87.2179,2.94,0.75,2.19,,,,,,21.85,,,,,,0.5,114.75126,0.004545428426807163,-0.004545428426807163,,-0.005417669000217451,
2011-06-18,,,,,,,,,,,,,,,,,,,0.5,,,,,,
2011-06-19,,,,,,,,,,,,,,,,,,,0.5,,,,,,
2011-06-20,80.26,1.432,,87.1908,2.97,0.79,2.18,,,,,,19.99,,,,,,0.5,114.93232,,,,,
2011-06-21,80.15,1.4399,,86.857,2.99,0.78,2.21,,,,,,18.86,,,,,,0.5,115.40798500000001,0.004130112410424935,-0.004130112410424935,,-0.003835732589117846,
2011-06-22,80.06,1.4403,,86.8067,3.01,0.82,2.19,,,2856403.0,,0.0,18.52,,,,,,0.5,115.310418,-0.000845767000354769,0.000845767000354769,,-0.0005792805451756422,
2011-06-23,80.45,1.4166,,87.455,2.93,0.71,2.22,,,,,,19.29,,,,,,0.5,113.96547000000001,-0.011732271011517525,0.011732271011517525,,0.007440567731542558,
2011-06-24,80.32,1.4189,,87.5014,2.88,0.64,2.24,,,,,,21.1,,,,,,0.5,113.966048,5.071698772063371e-06,-5.071698772063371e-06,,0.0005304178765443979,
2011-06-25,,,,,,,,,,,,,,,,,,,0.5,,,,,,
2011-06-26,,,,,,,,,,,,,,,,,,,0.5,,,,,,
2011-06-27,80.89,1.4282,,87.5225,2.95,0.67,2.28,,,,,,20.56,,,,,,0.5,115.527098,,,,,
2011-06-28,80.85,1.4368,,87.2178,3.05,0.73,2.32,,,,,,19.17,,,,,,0.5,116.16528,0.005508887426180387,-0.005508887426180387,,-0.003487464641227511,
2011-06-29,80.8,1.4428,,86.8014,3.14,0.74,2.4,,,2865251.0,,0.0,17.27,,,,,,0.5,116.57824000000001,0.003548630985382495,-0.003548630985382495,,-0.004785687955434881,
2011-06-30,80.64,1.4523,,86.4786,3.18,0.75,2.43,,,,,,16.52,,,,,,0.5,117.113472,0.0045806753803834255,-0.0045806753803834255,,-0.0037257660827298977,
2011-07-01,80.81,1.4508,,86.3613,3.22,0.77,2.45,,,,9346.9,,15.87,,1.075,2.7438095238,5.463,3.3137,0.5,117.23914800000001,0.001072537717286437,-0.001072537717286437,,-0.0013573256870529349,
2011-07-02,,,,,,,,,,,,,,,,,,,0.5,,,,,,
2011-07-03,,,,,,,,,,,,,,,,,,,0.5,,,,,,
2011-07-04,,,,,,,,,,,,,,,,,,,0.5,,,,,,
2011-07-05,81.14,1.447,,86.4253,3.16,0.77,2.39,,,,,,16.06,,,,,,0.5,117.40958,,,,,
2011-07-06,80.9,1.4329,,86.6825,3.12,0.74,2.38,,,2870103.0,,0.0,16.34,,,,,,0.5,115.92161000000002,-0.012754318622781646,0.012754318622781646,,0.0029715609494207484,
2011-07-07,81.26,1.4349,,86.4825,3.17,0.75,2.42,,,,,,15.95,,,,,,0.5,116.59997400000002,0.005834864126938122,-0.005834864126938122,,-0.0023099366376593267,
2011-07-08,80.64,1.4251,,86.615,3.03,0.69,2.34,,,,,,15.95,,,,,,0.5,114.920064,-0.014512259911716896,0.014512259911716896,,0.0015309293996601525,
2011-07-09,,,,,,,,,,,,,,,,,,,0.5,,,,,,
2011-07-10,,,,,,,,,,,,,,,,,,,0.5,,,,,,
2011-07-11,80.37,1.4034,,87.1013,2.94,0.63,2.31,,,,,,18.39,,,,,,0.5,112.791258,,,,,
2011-07-12,79.53,1.4014,,87.1701,2.92,0.6,2.32,,,,,,19.87,,,,,,0.5,111.453342,-0.0119327901373385,0.0119327901373385,,0.0007895730862816919,
2011-07-13,78.99,1.4167,,86.5697,2.92,0.59,2.33,,,2878074.0,,0.0,19.91,,,,,,0.75,111.90513299999999,0.004045439656155558,-0.004045439656155558,,-0.0069115123885321594,
2011-07-14,79.11,1.4182,,86.5234,2.98,0.68,2.3,,,,,,20.8,,,,,,0.75,112.19380199999999,0.0025762653415686287,-0.0025762653415686287,,-0.0005349722329111017,
2011-07-15,79.03,1.4156,,86.5169,2.94,0.61,2.33,,,,,,19.53,,,,,,0.75,111.87486799999999,-0.0028467542150094616,0.0028467542150094616,,-7.51270080208144e-05,
2011-07-16,,,,,,,,,,,,,,,,,,,0.75,,,,,,
2011-07-17,,,,,,,,,,,,,,,,,,,0.75,,,,,,
2011-07-18,79.1,1.4042,,86.9549,2.94,0.58,2.36,,,,,,20.95,,,,,,0.75,111.07221999999999,,,,,
2011-07-19,78.91,1.4156,,86.4386,2.91,0.54,2.37,,,,,,19.21,,,,,,0.75,111.704996,0.005680811647495787,-0.005680811647495787,,-0.005955258136953745,
2011-07-20,78.76,1.4188,,86.2794,2.96,0.62,2.34,,,2871301.0,,0.0,19.09,,,,,,0.75,111.74468800000001,0.00035526566613963695,-0.00035526566613963695,,-0.0018434679082099947,
2011-07-21,78.47,1.4372,,85.8378,3.03,0.68,2.35,,,,,,17.56,,,,,,0.75,112.777084,0.00919646470835378,-0.00919646470835378,,-0.005131398477195681,
2011-07-22,78.44,1.4366,,85.8623,2.99,0.61,2.38,,,,,,17.52,,,,,,0.75,112.686904,-0.0007999504098989973,0.0007999504098989973,,0.00028538131505229103,
2011-07-23,,,,,,,,,,,,,,,,,,,0.75,,,,,,
2011-07-24,,,,,,,,,,,,,,,,,,,0.75,,,,,,
2011-07-25,78.31,1.4357,,85.8006,3.03,0.58,2.45,,,,,,19.35,,,,,,0.75,112.429667,,,,,
2011-07-26,78.04,1.4495,,85.4692,2.99,0.57,2.42,,,,,,20.23,,,,,,0.75,113.11898000000001,0.006112341220126716,-0.006112341220126716,,-0.0038699223516971415,
2011-07-27,77.99,1.4373,,85.7126,3.01,0.56,2.45,,,2863576.0,,0.0,22.98,,,,,,0.75,112.09502699999999,-0.009093218217028465,0.009093218217028465,,0.0028437621760133425,
2011-07-28,77.87,1.4303,,85.8245,2.98,0.52,2.46,,,,,,23.74,,,,,,0.75,111.377461,-0.006421984849843021,0.006421984849843021,,0.0013046742176801018,
2011-07-29,77.18,1.4388,,85.7282,2.82,0.38,2.44,,,,,,25.25,,,,,,0.75,111.04658400000001,-0.00297519311880734,0.00297519311880734,,-0.001122687198918726,
2011-07-30,,,,,,,,,,,,,,,,,,,0.75,,,,,,
2011-07-31,,,,,,,,,,,,,,,,,,,0.75,,,,,,
2011-08-01,76.87,1.4202,,86.0391,2.77,0.33,2.44,,,,9532.5,,23.66,,1.023,2.2134782609,5.271,2.7833,0.75,109.170774,,,,,
2011-08-02,77.13,1.4232,,86.0533,2.66,0.29,2.37,,,,,,24.79,,,,,,0.75,109.771416,0.0054867771884996586,-0.0054867771884996586,,0.0001650276250693139,
2011-08-03,76.87,1.432,,86.0706,2.64,0.36,2.28,,,2867215.0,,0.0,23.38,,,,,,0.75,110.07784,0.002787584584098113,-0.002787584584098113,,0.00020101798830118867,
2011-08-04,79.01,1.4158,,86.9299,2.47,0.24,2.23,,,,,,31.66,,,,,,0.75,111.862358,0.016081417193099412,-0.016081417193099412,,0.009934157032309265,
2011-08-05,78.48,1.4158,,87.1084,2.58,0.32,2.26,,,,,,32.0,,,,,,0.75,111.111984,-0.006730611477534509,0.006730611477534509,,0.0020512733414417283,
2011-08-06,,,,,,,,,,,,,,,,,,,0.75,,,,,,
2011-08-07,,,,,,,,,,,,,,,,,,,0.75,,,,,,
2011-08-08,77.53,1.4241,,87.1873,2.4,0.2,2.2,,,,,,48.0,,,,,,0.75,110.410473,,,,,
2011-08-09,77.16,1.4242,,87.3919,2.2,0.0,2.2,,,,,,35.06,,,,,,0.75,109.89127199999999,-0.004713552870697413,0.004713552870697413,,0.0023439229148980445,
2011-08-10,76.41,1.4193,,87.3792,2.17,-0.13,2.3,,,2872423.0,,0.0,42.99,,,,,,0.75,108.448713,-0.013214070620865215,0.013214070620865215,,-0.0001453329529006453,
2011-08-11,76.68,1.423,,87.3215,2.34,0.06,2.28,,,,,,39.0,,,,,,0.75,109.11564000000001,0.006130867302609033,-0.006130867302609033,,-0.0006605583388967773,
2011-08-12,76.79,1.4239,,87.177,2.24,-0.02,2.26,,,,,,36.36,,,,,,0.75,109.34128100000001,0.0020657718621048815,-0.0020657718621048815,,-0.001656175073473598,
2011-08-13,,,,,,,,,,,,,,,,,,,0.75,,,,,,
2011-08-14,,,,,,,,,,,,,,,,,,,0.75,,,,,,
2011-08-15,76.73,1.4452,,86.7515,2.29,0.06,2.23,,,,,,31.87,,,,,,0.75,110.890196,,,,,
2011-08-16,76.76,1.4421,,86.7115,2.23,0.05,2.18,,,,,,32.85,,,,,,0.75,110.69559600000001,-0.001756430755535554,0.001756430755535554,,-0.0004611934615335045,
2011-08-17,76.46,1.4436,,86.5518,2.17,0.01,2.16,,,2857906.0,,200.0,31.58,,,,,,0.75,110.37765599999999,-0.0028763336706241205,0.0028763336706241205,,-0.001843437649233337,
2011-08-18,76.52,1.432,,87.1271,2.08,0.09,1.99,,,,,,42.67,,,,,,0.75,109.57663999999998,-0.007283508944256667,0.007283508944256667,,0.006624893457069625,
2011-08-19,76.46,1.4408,,86.8286,2.07,0.02,2.05,,,,,,43.05,,,,,,0.75,110.163568,0.0053420300373696605,-0.0053420300373696605,,-0.003431911607129301,
2011-08-20,,,,,,,,,,,,,,,,,,,0.75,,,,,,
2011-08-21,,,,,,,,,,,,,,,,,,,0.75,,,,,,
2011-08-22,76.77,1.4384,,87.0753,2.1,0.03,2.07,,,,,,42.44,,,,,,0.75,110.42596799999998,,,,,
2011-08-23,76.59,1.4431,,86.9001,2.15,0.13,2.02,,,,,,36.27,,,,,,0.75,110.52702900000001,0.000914773806371727,-0.000914773806371727,,-0.0020140785332305455,
2011-08-24,76.78,1.4402,,87.1316,2.29,0.25,2.04,,,2859433.0,,500.0,35.9,,,,,,0.75,110.57855599999999,0.0004660850238842329,-0.0004660850238842329,,0.0026604364210074394,
2011-08-25,77.38,1.438,,87.2306,2.23,0.13,2.1,,,,,,39.76,,,,,,0.75,111.27243999999999,0.006255426165940214,-0.006255426165940214,,0.0011355673493271823,
2011-08-26,76.62,1.4463,,87.0751,2.19,0.15,2.04,,,,,,35.59,,,,,,0.75,110.815506,-0.0041148982011698365,0.0041148982011698365,,-0.0017842221023425253,
2011-08-27,,,,,,,,,,,,,,,,,,,0.75,,,,,,
2011-08-28,,,,,,,,,,,,,,,,,,,0.75,,,,,,
2011-08-29,76.96,1.451,,86.8433,2.28,0.22,2.06,,,,,,32.28,,,,,,0.75,111.66896,,,,,
2011-08-30,76.75,1.4435,,87.001,2.19,0.14,2.05,,,,,,32.89,,,,,,0.75,110.788625,-0.007914673671342243,0.007914673671342243,,0.0018142676320893614,
2011-08-31,76.5,1.4406,,86.7739,2.23,0.18,2.05,,,2853888.0,,0.0,31.62,,,,,,0.75,110.20590000000001,-0.005273672282544162,0.005273672282544162,,-0.00261372763601031,
2011-09-01,76.81,1.4283,,86.8512,2.15,0.07,2.08,,,,9553.3,,31.82,,0.975,1.8290909091,5.746,2.504,0.75,109.707723,-0.004530668408579075,0.004530668408579075,,0.0008904243120069211,
2011-09-02,76.79,1.4203,,87.1797,2.02,0.0,2.02,,,,,,33.92,,,,,,0.75,109.064837,-0.005877225649639328,0.005877225649639328,,0.0037751961307019855,
2011-09-03,,,,,,,,,,,,,,,,,,,0.75,,,,,,
2011-09-04,,,,,,,,,,,,,,,,,,,0.75,,,,,,
2011-09-05,,,,,,,,,,,,,,,,,,,0.75,,,,,,
2011-09-06,77.48,1.3999,,88.1645,1.98,0.05,1.93,,,,,,37.0,,,,,,0.75,108.464252,,,,,
2011-09-07,77.39,1.4058,,87.9699,2.05,0.09,1.96,,,2858660.0,,0.0,33.38,,,,,,0.75,108.794862,0.003043465004598289,-0.003043465004598289,,-0.0022096771463235854,
2011-09-08,77.43,1.3947,,88.1162,2.0,0.0,2.0,,,,,,34.32,,,,,,0.75,107.99162100000001,-0.007410468260891534,0.007410468260891534,,0.0016616874774753043,
2011-09-09,77.31,1.3666,,88.9514,1.93,-0.03,1.96,,,,,,38.52,,,,,,0.75,105.651846,-0.02190442408422033,0.02190442408422033,,0.009433755177052028,
2011-09-10,,,,,,,,,,,,,,,,,,,0.75,,,,,,
2011-09-11,,,,,,,,,,,,,,,,,,,0.75,,,,,,
2011-09-12,77.15,1.3635,,89.2192,1.94,0.0,1.94,,,,,,38.59,,,,,,0.75,105.194025,,,,,
2011-09-13,76.88,1.368,,89.2653,2.0,0.07,1.93,,,,,,36.91,,,,,,0.75,105.17184,-0.00021091825028030087,0.00021091825028030087,,0.000516571478477168,
2011-09-14,76.71,1.371,,89.419,2.03,0.12,1.91,,,2863540.0,,0.0,34.6,,,,,,0.75,105.16940999999998,-2.310531101379354e-05,2.310531101379354e-05,,0.0017203530238276699,
2011-09-15,76.7,1.3858,,89.0647,2.09,0.13,1.96,,,,,,31.97,,,,,,0.75,106.29086,0.010606820032972308,-0.010606820032972308,,-0.003970115650533401,
2011-09-16,76.89,1.3783,,89.1108,2.08,0.13,1.95,,,,,,30.98,,,,,,0.75,105.97748700000001,-0.0029526138220088427,0.0029526138220088427,,0.0005174673401073804,
2011-09-17,,,,,,,,,,,,,,,,,,,0.75,,,,,,
2011-09-18,,,,,,,,,,,,,,,,,,,0.75,,,,,,
2011-09-19,76.48,1.3636,,89.9336,1.97,0.09,1.88,,,,,,32.73,,,,,,0.75,104.288128,,,,,
2011-09-20,76.52,1.3697,,89.8777,1.95,0.04,1.91,,,,,,32.86,,,,,,0.75,104.80944399999998,0.004986352305934361,-0.004986352305934361,,-0.0006217629459426277,
2011-09-21,76.38,1.3724,,90.3453,1.88,0.02,1.86,,,2857747.0,,575.0,37.32,,,,,,0.75,104.82391199999999,0.0001380314688370632,-0.0001380314688370632,,0.005189138448046471,
2011-09-22,76.31,1.3446,,92.075,1.72,0.01,1.71,,,,,,41.35,,,,,,0.75,102.606426,-0.021381351445186603,0.021381351445186603,,0.01896446656849804,
2011-09-23,76.3,1.3518,,91.6904,1.84,0.1,1.74,,,,,,41.25,,,,,,0.75,103.14233999999999,0.005209413620186787,-0.005209413620186787,,-0.004185777752932829,
2011-09-24,,,,,,,,,,,,,,,,,,,0.75,,,,,,
2011-09-25,,,,,,,,,,,,,,,,,,,0.75,,,,,,
2011-09-26,76.35,1.3516,,91.7724,1.91,0.12,1.79,,,,,,39.02,,,,,,0.75,103.19465999999998,,,,,
2011-09-27,76.6,1.3606,,90.8985,2.0,0.12,1.88,,,,,,37.71,,,,,,0.75,104.22196,0.00990574815272982,-0.00990574815272982,,-0.009568099429206,
2011-09-28,76.51,1.3628,,91.0227,2.03,0.16,1.87,,,2850921.0,,500.0,41.08,,,,,,0.75,104.26782800000001,0.000440002373066406,-0.000440002373066406,,0.0013654265615707928,
2011-09-29,76.68,1.3639,,91.3033,1.99,0.17,1.82,,,,,,38.84,,,,,,0.75,104.58385200000001,0.003026303079701087,-0.003026303079701087,,0.003078005567351383,
2011-09-30,77.04,1.3449,,91.9998,1.92,0.17,1.75,,,,,,42.96,,,,,,0.75,103.611096,-0.009344732790899535,0.009344732790899535,,0.00759947160759733,
2011-10-01,,,,,,,,,,,9586.2,,,,1.038,2.0023809524,5.972,2.529,0.75,,,,,,
2011-10-02,,,,,,,,,,,,,,,,,,,0.75,,,,,,
2011-10-03,76.66,1.3281,,92.5128,1.8,0.07,1.73,,,,,,45.45,,,,,,0.75,101.812146,,,,,
2011-10-04,76.86,1.3294,,92.9508,1.81,0.05,1.76,,,,,,40.82,,,,,,0.75,102.177684,0.003583888385565004,-0.003583888385565004,,0.004723307584900027,
2011-10-05,76.86,1.3328,,92.3008,1.92,0.12,1.8,,,2859701.0,,500.0,37.81,,,,,,0.75,102.439008,0.0025542798050972593,-0.0025542798050972593,,-0.007017512048059338,
2011-10-06,76.64,1.3408,,91.9661,2.01,0.13,1.88,,,,,,36.27,,,,,,0.75,102.758912,0.0031180068411469364,-0.0031180068411469364,,-0.003632777976818602,
2011-10-07,76.77,1.3512,,91.2469,2.1,0.16,1.94,,,,,,36.2,,,,,,0.75,103.731624,0.009421440942974257,-0.009421440942974257,,-0.007851011600595648,
2011-10-08,,,,,,,,,,,,,,,,,,,0.75,,,,,,
2011-10-09,,,,,,,,,,,,,,,,,,,0.75,,,,,,
2011-10-10,,,,,,,,,,,,,33.02,,,,,,0.75,,,,,,
2011-10-11,76.66,1.3657,,90.9162,2.18,0.23,1.95,,,,,,32.86,,,,,,0.75,104.69456199999999,,,,,
2011-10-12,77.3,1.3805,,90.3378,2.24,0.26,1.98,,,2860822.0,,500.0,31.26,,,,,,0.75,106.71265,0.019092530326797252,-0.019092530326797252,,-0.006382225642687089,
2011-10-13,76.88,1.373,,90.6603,2.19,0.27,1.92,,,,,,30.7,,,,,,0.75,105.55623999999999,-0.010895816533577296,0.010895816533577296,,0.003563577090452519,
2011-10-14,77.36,1.3861,,90.2116,2.26,0.28,1.98,,,,,,28.24,,,,,,0.75,107.22869600000001,0.015720007934338476,-0.015720007934338476,,-0.004961532669950586,
2011-10-15,,,,,,,,,,,,,,,,,,,0.75,,,,,,
2011-10-16,,,,,,,,,,,,,,,,,,,0.75,,,,,,
2011-10-17,76.8,1.377,,90.266,2.18,0.24,1.94,,,,,,33.39,,,,,,0.75,105.75359999999999,,,,,
2011-10-18,76.75,1.3719,,90.5907,2.19,0.22,1.97,,,,,,31.56,,,,,,0.75,105.293325,-0.004361833082855426,0.004361833082855426,,0.0035906919551766947,
2011-10-19,76.79,1.3775,,90.3317,2.18,0.23,1.95,,,2852390.0,,1853.0,34.44,,,,,,0.75,105.778225,0.004594658570096222,-0.004594658570096222,,-0.002863107906228457,
2011-10-20,76.91,1.3672,,91.1026,2.2,0.22,1.98,,,,,,34.78,,,,,,0.75,105.15135199999999,-0.005943925499177993,0.005943925499177993,,0.008497893057200834,
2011-10-21,76.1,1.3873,,90.279,2.23,0.23,2.0,,,,,,31.32,,,,,,0.75,105.57352999999999,0.004006917083976269,-0.004006917083976269,,-0.009081468686946259,
2011-10-22,,,,,,,,,,,,,,,,,,,0.75,,,,,,
2011-10-23,,,,,,,,,,,,,,,,,,,0.75,,,,,,
2011-10-24,76.1,1.3932,,89.8558,2.25,0.23,2.02,,,,,,29.26,,,,,,0.75,106.02251999999999,,,,,
2011-10-25,75.88,1.3911,,89.9525,2.14,0.12,2.02,,,,,,32.22,,,,,,0.75,105.55666799999999,-0.004403578227147875,0.004403578227147875,,0.0010755900514345385,
2011-10-26,76.05,1.3838,,90.0836,2.23,0.15,2.08,,,2845685.0,,1853.0,29.86,,,,,,0.75,105.23799,-0.003023589362325829,0.003023589362325829,,0.0014563748400711063,
2011-10-27,75.8,1.4172,,88.7882,2.42,0.24,2.18,,,,,,25.46,,,,,,0.75,107.42376,0.020557029869630483,-0.020557029869630483,,-0.014484369783314577,
2011-10-28,75.72,1.4164,,88.6382,2.34,0.19,2.15,,,,,,24.53,,,,,,0.75,107.249808,-0.001620619060772377,0.001620619060772377,,-0.001690842351948163,
2011-10-29,,,,,,,,,,,,,,,,,,,0.75,,,,,,
2011-10-30,,,,,,,,,,,,,,,,,,,0.75,,,,,,
2011-10-31,77.97,1.3947,,89.2053,2.17,0.08,2.09,,,,,,29.96,,,,,,0.75,108.744759,,,,,
2011-11-01,78.28,1.3676,,90.7296,2.01,-0.04,2.05,,,,9639.5,,34.77,,1.062,1.8740909091,7.057,2.2917,0.75,107.055728,-0.01565395439313555,0.01565395439313555,,0.016943199625510275,
2011-11-02,78.04,1.3803,,90.244,2.03,-0.07,2.1,,,2822034.0,,1853.0,32.74,,,,,,0.75,107.71861200000002,0.006172861291420695,-0.006172861291420695,,-0.0053665414782049226,
2011-11-03,77.96,1.3744,,90.2961,2.09,0.0,2.09,,,,,,30.5,,,,,,0.75,107.148224,-0.005309235715091454,0.005309235715091454,,0.0005771571129766784,
2011-11-04,78.17,1.3761,,90.3154,2.06,-0.06,2.12,,,,,,30.16,,,,,,0.75,107.569737,0.003926206634123908,-0.003926206634123908,,0.00021371839637485124,
2011-11-05,,,,,,,,,,,,,,,,,,,0.75,,,,,,
2011-11-06,,,,,,,,,,,,,,,,,,,0.75,,,,,,
2011-11-07,78.06,1.3744,,90.3832,2.04,-0.1,2.14,,,,,,29.85,,,,,,0.75,107.28566400000001,,,,,
2011-11-08,77.79,1.3785,,90.172,2.1,-0.03,2.13,,,,,,27.48,,,,,,0.75,107.23351500000001,-0.0004861942999259128,0.0004861942999259128,,-0.0023394518277557452,
2011-11-09,77.77,1.3596,,90.6991,2.0,-0.04,2.04,,,2839786.0,,1960.0,36.16,,,,,,0.5,105.73609199999999,-0.014062548153721544,0.014062548153721544,,0.0058284766574816516,
2011-11-10,77.58,1.36,,90.8588,2.04,-0.04,2.08,,,,,,32.81,,,,,,0.5,105.50880000000001,-0.002151929786894158,0.002151929786894158,,0.0017592188628237082,
2011-11-11,,,,,,,,,,,,,30.04,,,,,,0.5,,,,,,
2011-11-12,,,,,,,,,,,,,,,,,,,0.5,,,,,,
2011-11-13,,,,,,,,,,,,,,,,,,,0.5,,,,,,
2011-11-14,77.02,1.3625,,90.7215,2.04,-0.01,2.05,,,,,,31.13,,,,,,0.5,104.93975,,,,,
2011-11-15,76.99,1.3524,,91.1081,2.06,0.04,2.02,,,,,,31.22,,,,,,0.5,104.121276,-0.007830040800473448,0.007830040800473448,,0.0042523393611837434,
2011-11-16,77.02,1.3505,,91.1237,2.01,0.05,1.96,,,2831576.0,,2349.0,33.51,,,,,,0.5,104.01550999999999,-0.001016312504256156,0.001016312504256156,,0.00017121051362156692,
2011-11-17,76.98,1.3522,,91.1822,1.96,0.06,1.9,,,,,,34.51,,,,,,0.5,104.09235600000001,0.0007385208927450648,-0.0007385208927450648,,0.0006417784833940843,
2011-11-18,76.93,1.3521,,91.3676,2.01,0.05,1.96,,,,,,32.0,,,,,,0.5,104.01705300000002,-0.0007236866766220373,0.0007236866766220373,,0.0020312272458795633,
2011-11-19,,,,,,,,,,,,,,,,,,,0.5,,,,,,
2011-11-20,,,,,,,,,,,,,,,,,,,0.5,,,,,,
2011-11-21,76.97,1.3525,,91.9978,1.97,0.07,1.9,,,,,,32.91,,,,,,0.5,104.101925,,,,,
2011-11-22,77.07,1.35,,92.0193,1.94,0.05,1.89,,,,,,31.97,,,,,,0.5,104.0445,-0.0005517750444852254,0.0005517750444852254,,0.00023367393680118198,
2011-11-23,77.41,1.3347,,92.7463,1.89,-0.01,1.9,,,2821980.0,,2400.0,33.98,,,,,,0.5,103.319127,-0.006996173525648963,0.006996173525648963,,0.007869470852100768,
2011-11-24,,,,,,,,,,,,,,,,,,,0.5,,,,,,
2011-11-25,77.66,1.3244,,93.1455,1.97,0.05,1.92,,,,,,34.47,,,,,,0.5,102.852904,,,,,
2011-11-26,,,,,,,,,,,,,,,,,,,0.5,,,,,,
2011-11-27,,,,,,,,,,,,,,,,,,,0.5,,,,,,
2011-11-28,78.05,1.3334,,92.4983,1.97,0.02,1.95,,,,,,32.13,,,,,,0.5,104.07186999999999,,,,,
2011-11-29,77.86,1.3343,,92.2163,2.0,0.01,1.99,,,,,,30.64,,,,,,0.5,103.888598,-0.0017625662147153776,0.0017625662147153776,,-0.003053361446153424,
2011-11-30,77.58,1.3453,,91.4728,2.08,0.03,2.05,,,2814235.0,,2401.0,27.8,,,,,,0.5,104.36837399999999,0.004607546572633403,-0.004607546572633403,,-0.008095244195868823,
2011-12-01,77.6,1.3487,,91.227,2.11,0.06,2.05,,,,9683.5,,27.41,,0.971,1.9276190476,6.812,2.1828,0.5,104.65911999999999,0.002781894208666813,-0.002781894208666813,,-0.002690754432162379,
2011-12-02,77.88,1.3386,,91.3532,2.05,0.0,2.05,,,,,,27.52,,,,,,0.5,104.25016799999999,-0.0039151205414444945,0.0039151205414444945,,0.0013824064175400608,
2011-12-03,,,,,,,,,,,,,,,,,,,0.5,,,,,,
2011-12-04,,,,,,,,,,,,,,,,,,,0.5,,,,,,
2011-12-05,77.77,1.3463,,91.1087,2.04,-0.01,2.05,,,,,,27.84,,,,,,0.5,104.701751,,,,,
2011-12-06,77.73,1.3397,,91.2817,2.08,0.01,2.07,,,,,,28.13,,,,,,0.5,104.134881,-0.0054288501669725875,0.0054288501669725875,,0.0018970302371350556,
2011-12-07,77.69,1.3386,,91.2331,2.02,-0.01,2.03,,,2820691.0,,2301.0,28.67,,,,,,0.5,103.995834,-0.001336150896197097,0.001336150896197097,,-0.0005325595639220637,
2011-12-08,77.67,1.3324,,91.668,1.99,0.01,1.98,,,,,,30.59,,,,,,0.5,103.487508,-0.004899930877790837,0.004899930877790837,,0.004755584516726863,
2011-12-09,77.58,1.3368,,91.6122,2.07,0.05,2.02,,,,,,26.38,,,,,,0.5,103.708944,0.0021374505419240464,-0.0021374505419240464,,-0.0006089037629166683,
2011-12-10,,,,,,,,,,,,,,,,,,,0.5,,,,,,
2011-12-11,,,,,,,,,,,,,,,,,,,0.5,,,,,,
2011-12-12,77.87,1.3188,,92.3375,2.03,-0.01,2.04,,,,,,25.67,,,,,,0.5,102.694956,,,,,
2011-12-13,77.86,1.3094,,92.5456,1.96,-0.05,2.01,,,,,,25.41,,,,,,0.5,101.949884,-0.007281642597170013,0.007281642597170013,,0.0022511531652407157,
2011-12-14,78.08,1.2972,,93.2176,1.92,-0.04,1.96,,,2902488.0,,54335.0,26.04,,,,,,0.25,101.28537599999999,-0.006539321651301222,0.006539321651301222,,0.007235049044910902,
2011-12-15,77.87,1.3013,,92.8858,1.92,-0.01,1.93,,,,,,25.11,,,,,,0.25,101.332231,0.00046249683360688465,-0.00046249683360688465,,-0.0035657634579546738,
2011-12-16,77.65,1.3025,,92.8252,1.86,-0.05,1.91,,,,,,24.29,,,,,,0.25,101.139125,-0.0019074901493887353,0.0019074901493887353,,-0.0006526269542561636,
2011-12-17,,,,,,,,,,,,,,,,,,,0.25,,,,,,
2011-12-18,,,,,,,,,,,,,,,,,,,0.25,,,,,,
2011-12-19,77.96,1.3017,,92.8685,1.82,-0.12,1.94,,,,,,24.92,,,,,,0.25,101.480532,,,,,
2011-12-20,77.76,1.3076,,92.432,1.94,-0.1,2.04,,,,,,23.22,,,,,,0.25,101.67897600000002,0.001953578890464769,-0.001953578890464769,,-0.004711275008791205,
2011-12-21,78.0,1.304,,92.5262,1.98,-0.07,2.05,,,2916085.0,,62599.0,21.43,,,,,,0.25,101.712,0.00032473417395095794,-0.00032473417395095794,,0.0010186086169188258,
2011-12-22,78.13,1.3045,,92.3883,1.97,-0.07,2.04,,,,,,21.16,,,,,,0.25,101.92058499999999,0.0020486414092451,-0.0020486414092451,,-0.00149150040223045,
2011-12-23,78.13,1.304,,92.3897,2.03,-0.04,2.07,,,,,,20.73,,,,,,0.25,101.88152,-0.00038336209018474676,0.00038336209018474676,,1.5153319118610398e-05,
2011-12-24,,,,,,,,,,,,,,,,,,,0.25,,,,,,
2011-12-25,,,,,,,,,,,,,,,,,,,0.25,,,,,,
2011-12-26,,,,,,,,,,,,,,,,,,,0.25,,,,,,
2011-12-27,77.83,1.3074,,92.4137,2.02,-0.02,2.04,,,,,,21.91,,,,,,0.25,101.75494199999999,,,,,
2011-12-28,77.98,1.2926,,92.8374,1.93,-0.07,2.0,,,2926095.0,,99823.0,23.52,,,,,,0.25,100.796948,-0.009459315766680021,0.009459315766680021,,0.0045743397886646164,
2011-12-29,77.71,1.2952,,92.7398,1.91,-0.05,1.96,,,,,,22.65,,,,,,0.25,100.64999199999998,-0.001459004798670449,0.001459004798670449,,-0.0010518534496553045,
2011-12-30,76.98,1.2973,,92.4262,1.89,-0.07,1.96,,,,,,23.4,,,,,,0.25,99.866154,-0.007818243152009074,0.007818243152009074,,-0.003387234155697527,
2011-12-31,,,,,,,,,,,,,,,,,,,0.25,,,,,,
2012-01-01,,,,,,,,,,,9753.3,,,,0.959,1.8209090909,6.537,2.1104,0.25,,,,,,
2012-01-02,,,,,,,,,,,,,,,,,,,0.25,,,,,,
2012-01-03,76.67,1.3061,,91.7551,1.97,-0.04,2.01,,,,,,22.97,,,,,,0.25,100.138687,,,,,
2012-01-04,76.68,1.293,,92.0345,2.0,-0.08,2.08,,,2917689.0,,99823.0,22.22,,,,,,0.25,99.14724,-0.009950077204977426,0.009950077204977426,,0.0030404355332063204,
2012-01-05,77.18,1.2783,,92.5773,2.02,-0.1,2.12,,,,,,21.48,,,,,,0.25,98.65919400000001,-0.00493459166585275,0.00493459166585275,,0.00588046445743462,
2012-01-06,77.06,1.2723,,92.7183,1.98,-0.11,2.09,,,,,,20.63,,,,,,0.25,98.043438,-0.006260800936781941,0.006260800936781941,,0.0015218928805094123,
2012-01-07,,,,,,,,,,,,,,,,,,,0.25,,,,,,
2012-01-08,,,,,,,,,,,,,,,,,,,0.25,,,,,,
2012-01-09,76.88,1.2745,,92.7418,1.98,-0.13,2.11,,,,,,21.07,,,,,,0.25,97.98356,,,,,
2012-01-10,76.84,1.2782,,92.2461,2.0,-0.08,2.08,,,,,,20.69,,,,,,0.25,98.21688800000001,0.002378466638329968,-0.002378466638329968,,-0.005359282271473198,
2012-01-11,76.9,1.2686,,92.554,1.93,-0.1,2.03,,,2899149.0,,91459.0,21.05,,,,,,0.25,97.55534,-0.006758369405142517,0.006758369405142517,,0.003332252362500121,
2012-01-12,76.76,1.2818,,92.2274,1.94,-0.1,2.04,,,,,,20.47,,,,,,0.25,98.39096800000002,0.008529204498231024,-0.008529204498231024,,-0.0035349915100093554,
2012-01-13,76.9,1.2682,,92.5385,1.89,-0.14,2.03,,,,,,20.91,,,,,,0.25,97.52458,-0.008844562432096303,0.008844562432096303,,0.003367507683963211,
2012-01-14,,,,,,,,,,,,,,,,,,,0.25,,,,,,
2012-01-15,,,,,,,,,,,,,,,,,,,0.25,,,,,,
2012-01-16,,,,,,,,,,,,,,,,,,,0.25,,,,,,
2012-01-17,76.8,1.274,,92.0142,1.87,-0.17,2.04,,,,,,22.2,,,,,,0.25,97.8432,,,,,
2012-01-18,76.81,1.2825,,91.6943,1.92,-0.15,2.07,,,2919423.0,,103266.0,20.89,,,,,,0.25,98.508825,0.006779940769780168,-0.006779940769780168,,-0.0034826948491026855,
2012-01-19,77.23,1.2937,,91.3316,2.01,0.0,2.01,,,,,,19.87,,,,,,0.25,99.912451,0.014148174449513107,-0.014148174449513107,,-0.003963378677940277,
2012-01-20,76.97,1.2948,,91.3661,2.05,0.01,2.04,,,,,,18.28,,,,,,0.25,99.66075599999999,-0.002522333906712859,0.002522333906712859,,0.00037767306769698195,
2012-01-21,,,,,,,,,,,,,,,,,,,0.25,,,,,,
2012-01-22,,,,,,,,,,,,,,,,,,,0.25,,,,,,
2012-01-23,76.92,1.3035,,90.986,2.09,0.02,2.07,,,,,,18.67,,,,,,0.25,100.26522000000001,,,,,
2012-01-24,77.78,1.3004,,91.181,2.08,-0.01,2.09,,,,,,18.91,,,,,,0.25,101.145112,0.00873736306321593,-0.00873736306321593,,0.0021408935150786235,
2012-01-25,78.13,1.2978,,91.277,2.01,-0.12,2.13,,,2919545.0,,103171.0,18.31,,,,,,0.25,101.397114,0.0024883910383692864,-0.0024883910383692864,,0.0010522970640760576,
2012-01-26,77.47,1.3152,,90.3962,1.96,-0.16,2.12,,,,,,18.57,,,,,,0.25,101.888544,0.004834880750005155,-0.004834880750005155,,-0.00969660799023675,
2012-01-27,76.68,1.3192,,90.2559,1.93,-0.18,2.11,,,,,,18.53,,,,,,0.25,101.156256,-0.007213099522893174,0.007213099522893174,,-0.0015532620789633356,
2012-01-28,,,,,,,,,,,,,,,,,,,0.25,,,,,,
2012-01-29,,,,,,,,,,,,,,,,,,,0.25,,,,,,
2012-01-30,76.28,1.3123,,90.4762,1.87,-0.24,2.11,,,,,,19.4,,,,,,0.25,100.102244,,,,,
2012-01-31,76.34,1.3053,,90.5538,1.83,-0.28,2.11,,,,,,19.44,,,,,,0.25,99.646602,-0.004562156922631289,0.004562156922631289,,0.0008573165193936916,
2012-02-01,76.11,1.3179,,90.0963,1.87,-0.28,2.15,,,2924947.0,9806.3,104454.0,18.55,,0.962,1.8519047619,5.546,2.2191,0.25,100.305369,0.006589276217315643,-0.006589276217315643,,-0.005065050925369796,
2012-02-02,76.13,1.3167,,89.8765,1.86,-0.3,2.16,,,,,,17.98,,,,,,0.25,100.240371,-0.000648211248724273,0.000648211248724273,,-0.0024425925393387615,
2012-02-03,76.54,1.3106,,89.8491,1.97,-0.21,2.18,,,,,,17.1,,,,,,0.25,100.31332400000001,0.0007275159225335059,-0.0007275159225335059,,-0.0003049092640363682,
2012-02-04,,,,,,,,,,,,,,,,,,,0.25,,,,,,
2012-02-05,,,,,,,,,,,,,,,,,,,0.25,,,,,,
2012-02-06,76.54,1.313,,89.7907,1.93,-0.26,2.19,,,,,,17.76,,,,,,0.25,100.49702,,,,,
2012-02-07,76.88,1.3244,,89.5968,2.0,-0.21,2.21,,,,,,17.65,,,,,,0.25,101.81987199999999,0.013077216034775851,-0.013077216034775851,,-0.002161801413299358,
2012-02-08,76.9,1.3253,,89.6555,2.01,-0.21,2.22,,,2928275.0,,108757.0,18.16,,,,,,0.25,101.91557,0.0009394340631034837,-0.0009394340631034837,,0.0006549428051778605,
2012-02-09,77.42,1.3297,,89.6246,2.04,-0.17,2.21,,,,,,18.63,,,,,,0.25,102.94537400000002,0.010053772613931145,-0.010053772613931145,,-0.000344711993198743,
2012-02-10,77.57,1.3187,,90.1024,1.96,-0.24,2.2,,,,,,20.79,,,,,,0.25,102.29155899999999,-0.0063713406957290886,0.0063713406957290886,,0.005316965460075096,
2012-02-11,,,,,,,,,,,,,,,,,,,0.25,,,,,,
2012-02-12,,,,,,,,,,,,,,,,,,,0.25,,,,,,
2012-02-13,77.52,1.3211,,89.8895,1.99,-0.22,2.21,,,,,,19.04,,,,,,0.25,102.411672,,,,,
2012-02-14,78.39,1.3149,,90.1919,1.92,-0.27,2.19,,,,,,19.54,,,,,,0.25,103.075011,0.006456294826684861,-0.006456294826684861,,0.0033584843769673967,
2012-02-15,78.22,1.3087,,90.1932,1.93,-0.26,2.19,,,2937893.0,,109088.0,21.14,,,,,,0.25,102.366514,-0.00689733790470104,0.00689733790470104,,1.4413607332564027e-05,
2012-02-16,78.77,1.311,,90.3109,1.99,-0.24,2.23,,,,,,19.22,,,,,,0.25,103.26746999999999,0.008762771090129462,-0.008762771090129462,,0.0013041256866905826,
2012-02-17,79.33,1.3149,,90.23,2.01,-0.23,2.24,,,,,,17.78,,,,,,0.25,104.31101699999999,0.010054565927852366,-0.010054565927852366,,-0.0008961958804309944,
2012-02-18,,,,,,,,,,,,,,,,,,,0.25,,,,,,
2012-02-19,,,,,,,,,,,,,,,,,,,0.25,,,,,,
2012-02-20,,,,,,,,,,,,,,,,,,,0.25,,,,,,
2012-02-21,79.73,1.3255,,90.0117,2.05,-0.22,2.27,,,,,,18.19,,,,,,0.25,105.682115,,,,,
2012-02-22,80.3,1.3251,,90.2472,2.01,-0.27,2.28,,,2932813.0,,107959.0,18.19,,,,,,0.25,106.40553,0.006821875979822423,-0.006821875979822423,,0.002612909919961659,
2012-02-23,80.21,1.3308,,90.1108,1.99,-0.3,2.29,,,,,,16.8,,,,,,0.25,106.743468,0.003170911299848811,-0.003170911299848811,,-0.001512547555469368,
2012-02-24,80.88,1.3463,,89.9104,1.98,-0.29,2.27,,,,,,17.31,,,,,,0.25,108.888744,0.019898203174250284,-0.019898203174250284,,-0.002226405365366446,
2012-02-25,,,,,,,,,,,,,,,,,,,0.25,,,,,,
2012-02-26,,,,,,,,,,,,,,,,,,,0.25,,,,,,
2012-02-27,80.42,1.341,,89.9635,1.92,-0.32,2.24,,,,,,18.19,,,,,,0.25,107.84322,,,,,
2012-02-28,80.44,1.3452,,89.8103,1.94,-0.31,2.25,,,,,,17.96,,,,,,0.25,108.207888,0.003375760019759255,-0.003375760019759255,,-0.001704364452277396,
2012-02-29,81.1,1.3359,,89.7487,1.98,-0.28,2.26,,,2925722.0,,107763.0,18.43,,,,,,0.25,108.34149,0.001233917346568525,-0.001233917346568525,,-0.0006861254787180471,
2012-03-01,81.16,1.332,,89.7817,2.03,-0.23,2.26,,,,9849.3,,17.26,,0.966,1.8304545455,5.049,2.323,0.25,108.10512,-0.0021840960591852365,0.0021840960591852365,,0.0003676257655707005,
2012-03-02,81.56,1.3202,,90.135,1.99,-0.24,2.23,,,,,,17.29,,,,,,0.25,107.67551200000001,-0.003981901097024121,0.003981901097024121,,0.003927378104611634,
2012-03-03,,,,,,,,,,,,,,,,,,,0.25,,,,,,
2012-03-04,,,,,,,,,,,,,,,,,,,0.25,,,,,,
2012-03-05,81.43,1.3226,,90.2748,2.0,-0.2,2.2,,,,,,18.05,,,,,,0.25,107.699318,,,,,
2012-03-06,80.86,1.3114,,90.8237,1.96,-0.21,2.17,,,,,,20.87,,,,,,0.25,106.03980399999999,-0.015528718677458642,0.015528718677458642,,0.006061913056798929,
2012-03-07,81.06,1.3149,,90.6837,1.98,-0.22,2.2,,,2884747.0,,71386.0,19.07,,,,,,0.25,106.58579399999999,0.005135705250892464,-0.005135705250892464,,-0.0015426371350537593,
2012-03-08,81.5,1.3256,,90.2598,2.03,-0.21,2.24,,,,,,17.95,,,,,,0.25,108.03639999999999,0.013517969066134228,-0.013517969066134228,,-0.004685449054591118,
2012-03-09,82.59,1.3108,,90.4341,2.04,-0.24,2.28,,,,,,17.11,,,,,,0.25,108.258972,0.002058038288114794,-0.002058038288114794,,0.0019292300853654964,
2012-03-10,,,,,,,,,,,,,,,,,,,0.25,,,,,,
2012-03-11,,,,,,,,,,,,,,,,,,,0.25,,,,,,
2012-03-12,82.21,1.3141,,90.6643,2.04,-0.24,2.28,,,,,,15.64,,,,,,0.25,108.032161,,,,,
2012-03-13,82.66,1.3109,,90.5363,2.14,-0.2,2.34,,,,,,14.8,,,,,,0.25,108.358994,0.003020763473715604,-0.003020763473715604,,-0.0014127990888628261,
2012-03-14,83.78,1.3025,,90.9325,2.29,-0.07,2.36,,,2893560.0,,64873.0,15.31,,,,,,0.25,109.12345,0.007030076859060763,-0.007030076859060763,,0.004366597779171144,
2012-03-15,83.28,1.307,,90.7866,2.29,-0.08,2.37,,,,,,15.42,,,,,,0.25,108.84696,-0.0025369512154753693,0.0025369512154753693,,-0.0016057754121661105,
2012-03-16,83.34,1.3171,,90.5245,2.31,-0.09,2.4,,,,,,14.47,,,,,,0.25,109.76711399999999,0.008418117068372588,-0.008418117068372588,,-0.00289116532380973,
2012-03-17,,,,,,,,,,,,,,,,,,,0.25,,,,,,
2012-03-18,,,,,,,,,,,,,,,,,,,0.25,,,,,,
2012-03-19,83.31,1.3242,,90.292,2.39,-0.03,2.42,,,,,,15.04,,,,,,0.25,110.319102,,,,,
2012-03-20,83.62,1.3222,,90.6065,2.38,-0.04,2.42,,,,,,15.58,,,,,,0.25,110.56236400000002,0.0022026483503339023,-0.0022026483503339023,,0.003477091483489403,
2012-03-21,83.62,1.319,,90.6761,2.31,-0.08,2.39,,,2892646.0,,65593.0,15.13,,,,,,0.25,110.29478,-0.002423142182163218,0.002423142182163218,,0.0007678619284998689,
2012-03-22,82.5,1.3194,,90.8225,2.29,-0.08,2.37,,,,,,15.57,,,,,,0.25,108.8505,-0.01318121851632803,0.01318121851632803,,0.0016132359340614855,
2012-03-23,82.35,1.3263,,90.6156,2.25,-0.11,2.36,,,,,,14.82,,,,,,0.25,109.220805,0.0033961859945508266,-0.0033961859945508266,,-0.0022806686101946028,
2012-03-24,,,,,,,,,,,,,,,,,,,0.25,,,,,,
2012-03-25,,,,,,,,,,,,,,,,,,,0.25,,,,,,
2012-03-26,82.84,1.3328,,90.3266,2.26,-0.08,2.34,,,,,,14.26,,,,,,0.25,110.409152,,,,,
2012-03-27,83.15,1.3336,,90.2796,2.2,-0.13,2.33,,,,,,15.59,,,,,,0.25,110.88884,0.004335229135559615,-0.004335229135559615,,-0.0005204694087019845,
2012-03-28,82.74,1.33,,90.603,2.21,-0.11,2.32,,,2878137.0,,65068.0,15.47,,,,,,0.25,110.0442,-0.007646154826456808,0.007646154826456808,,0.0035758038041544538,
2012-03-29,82.28,1.3265,,90.7285,2.18,-0.13,2.31,,,,,,15.48,,,,,,0.25,109.14442,-0.008210143886513421,0.008210143886513421,,0.0013842053922061837,
2012-03-30,82.41,1.3334,,90.4593,2.23,-0.09,2.32,,,,,,15.5,,,,,,0.25,109.885494,0.006766900596701042,-0.006766900596701042,,-0.0029715046827956115,
2012-03-31,,,,,,,,,,,,,,,,,,,0.25,,,,,,
2012-04-01,,,,,,,,,,,9905.0,,,,0.914,1.6242105263,5.676,2.2117,0.25,,,,,,
2012-04-02,82.16,1.3325,,90.247,2.22,-0.14,2.36,,,,,,15.64,,,,,,0.25,109.4782,,,,,
2012-04-03,82.18,1.3337,,90.1921,2.3,-0.06,2.36,,,,,,15.66,,,,,,0.25,109.60346600000001,0.0011435554233099054,-0.0011435554233099054,,-0.0006085155788753127,
2012-04-04,82.62,1.3126,,90.8284,2.25,-0.05,2.3,,,2865478.0,,46482.0,16.44,,,,,,0.25,108.447012,-0.010607313075372105,0.010607313075372105,,0.007030171949246267,
2012-04-05,82.33,1.3064,,90.8781,2.19,-0.08,2.27,,,,,,16.7,,,,,,0.25,107.55591199999999,-0.008250861041650737,0.008250861041650737,,0.0005470360305155353,
2012-04-06,81.56,1.3089,,90.9375,2.07,-0.16,2.23,,,,,,,,,,,,0.25,106.753884,-0.007484788462662095,0.007484788462662095,,0.0006534093016590248,
2012-04-07,,,,,,,,,,,,,,,,,,,0.25,,,,,,
2012-04-08,,,,,,,,,,,,,,,,,,,0.25,,,,,,
2012-04-09,81.36,1.3087,,90.9624,2.06,-0.17,2.23,,,,,,18.81,,,,,,0.25,106.475832,,,,,
2012-04-10,80.94,1.3068,,91.2728,2.01,-0.24,2.25,,,,,,20.39,,,,,,0.25,105.772392,-0.006628489627104273,0.006628489627104273,,0.0034065899472643935,
2012-04-11,80.88,1.3104,,91.1768,2.05,-0.25,2.3,,,2867200.0,,32471.0,20.02,,,,,,0.25,105.985152,0.002009468636385847,-0.002009468636385847,,-0.0010523455119599845,
2012-04-12,80.87,1.3171,,90.7694,2.08,-0.22,2.3,,,,,,17.2,,,,,,0.25,106.51387700000001,0.004976268301710718,-0.004976268301710718,,-0.004478254350559929,
2012-04-13,80.99,1.3082,,91.0558,2.02,-0.25,2.27,,,,,,19.55,,,,,,0.25,105.951118,-0.005297440324720348,0.005297440324720348,,0.0031502810046042384,
2012-04-14,,,,,,,,,,,,,,,,,,,0.25,,,,,,
2012-04-15,,,,,,,,,,,,,,,,,,,0.25,,,,,,
2012-04-16,80.46,1.3067,,91.2355,2.0,-0.26,2.26,,,,,,19.55,,,,,,0.25,105.13708199999999,,,,,
2012-04-17,80.72,1.3123,,90.7661,2.03,-0.26,2.29,,,,,,18.46,,,,,,0.25,105.928856,0.007502657430852544,-0.007502657430852544,,-0.005158207848512397,
2012-04-18,81.29,1.3122,,90.9326,2.0,-0.26,2.26,,,2875470.0,,32371.0,18.64,,,,,,0.25,106.668738,0.006960426721663637,-0.006960426721663637,,0.0018327048746460406,
2012-04-19,81.57,1.3132,,91.0833,1.98,-0.21,2.19,,,,,,18.36,,,,,,0.25,107.11772399999998,0.0042003282706684075,-0.0042003282706684075,,0.0016558996706885765,
2012-04-20,81.6,1.3212,,90.8066,1.99,-0.24,2.23,,,,,,17.44,,,,,,0.25,107.80991999999999,0.006441222546769154,-0.006441222546769154,,-0.00304250223290925,
2012-04-21,,,,,,,,,,,,,,,,,,,0.25,,,,,,
2012-04-22,,,,,,,,,,,,,,,,,,,0.25,,,,,,
2012-04-23,81.16,1.3129,,91.079,1.96,-0.26,2.22,,,,,,18.97,,,,,,0.25,106.554964,,,,,
2012-04-24,81.21,1.3207,,90.8153,2.0,-0.25,2.25,,,,,,18.1,,,,,,0.25,107.25404699999999,0.006539345446399558,-0.006539345446399558,,-0.0028994881614705648,
2012-04-25,81.33,1.321,,90.756,2.01,-0.24,2.25,,,2866561.0,,31971.0,16.82,,,,,,0.25,107.43692999999999,0.0017036863569312999,-0.0017036863569312999,,-0.0006531869530963519,
2012-04-26,80.78,1.3232,,90.6428,1.98,-0.29,2.27,,,,,,16.24,,,,,,0.25,106.88809599999999,-0.005121522296315462,0.005121522296315462,,-0.0012480789806144088,
2012-04-27,80.48,1.3248,,90.3269,1.96,-0.3,2.26,,,,,,16.32,,,,,,0.25,106.619904,-0.002512244422269383,0.002512244422269383,,-0.003491195717965745,
2012-04-28,,,,,,,,,,,,,,,,,,,0.25,,,,,,
2012-04-29,,,,,,,,,,,,,,,,,,,0.25,,,,,,
2012-04-30,79.81,1.3229,,90.3634,1.95,-0.3,2.25,,,,,,17.15,,,,,,0.25,105.580649,,,,,
2012-05-01,80.17,1.3226,,90.3227,1.98,-0.28,2.26,,,,9951.9,,16.6,,0.846,1.3368181818,5.783,1.9416,0.25,106.032842,0.004273769939170613,-0.004273769939170613,,-0.00045050505476940117,
2012-05-02,80.19,1.3154,,90.6144,1.96,-0.28,2.24,,,2864280.0,,27256.0,16.88,,,,,,0.25,105.48192599999999,-0.00520925560923402,0.00520925560923402,,0.00322432771075043,
2012-05-03,80.36,1.3147,,90.6839,1.96,-0.27,2.23,,,,,,17.56,,,,,,0.25,105.649292,0.0015854219631039612,-0.0015854219631039612,,0.0007666922790168229,
2012-05-04,79.84,1.3091,,91.0497,1.91,-0.3,2.21,,,,,,19.16,,,,,,0.25,104.518544,-0.01076053246003017,0.01076053246003017,,0.00402567817965771,
2012-05-05,,,,,,,,,,,,,,,,,,,0.25,,,,,,
2012-05-06,,,,,,,,,,,,,,,,,,,0.25,,,,,,
2012-05-07,79.88,1.3052,,91.0747,1.92,-0.27,2.19,,,,,,18.94,,,,,,0.25,104.25937599999999,,,,,
2012-05-08,79.79,1.3015,,91.4107,1.88,-0.28,2.16,,,,,,19.05,,,,,,0.25,103.84668500000002,-0.0039661655119704875,0.0039661655119704875,,0.0036824905411663167,
2012-05-09,79.64,1.2954,,91.7632,1.87,-0.27,2.14,,,2864150.0,,26656.0,20.08,,,,,,0.25,103.16565600000001,-0.0065796218099976045,0.0065796218099976045,,0.0038488063544086515,
2012-05-10,79.91,1.2959,,91.7077,1.89,-0.25,2.14,,,,,,18.83,,,,,,0.25,103.555369,0.003770428882928556,-0.003770428882928556,,-0.0006050005934765679,
2012-05-11,79.86,1.2937,,91.7306,1.84,-0.28,2.12,,,,,,19.89,,,,,,0.25,103.31488200000001,-0.0023250042688092165,0.0023250042688092165,,0.0002496752326957008,
2012-05-12,,,,,,,,,,,,,,,,,,,0.25,,,,,,
2012-05-13,,,,,,,,,,,,,,,,,,,0.25,,,,,,
2012-05-14,79.83,1.2847,,92.2491,1.78,-0.33,2.11,,,,,,21.87,,,,,,0.25,102.55760099999999,,,,,
2012-05-15,80.09,1.2769,,92.5235,1.76,-0.36,2.12,,,,,,21.97,,,,,,0.25,102.266921,-0.0028383339290449783,0.0028383339290449783,,0.0029701395306824807,
2012-05-16,80.32,1.273,,92.903,1.76,-0.33,2.09,,,2850984.0,,26450.0,22.27,,,,,,0.25,102.24735999999999,-0.00019129226540037791,0.00019129226540037791,,0.004093271780168273,
2012-05-17,79.26,1.2709,,92.9632,1.7,-0.35,2.05,,,,,,24.49,,,,,,0.25,100.731534,-0.014936076850512237,0.014936076850512237,,0.0006477778327109718,
2012-05-18,79.14,1.2721,,93.1395,1.71,-0.39,2.1,,,,,,25.1,,,,,,0.25,100.67399400000001,-0.0005713845308701337,0.0005713845308701337,,0.0018946533579446978,
2012-05-19,,,,,,,,,,,,,,,,,,,0.25,,,,,,
2012-05-20,,,,,,,,,,,,,,,,,,,0.25,,,,,,
2012-05-21,79.31,1.2769,,93.0945,1.75,-0.41,2.16,,,,,,22.01,,,,,,0.25,101.270939,,,,,
2012-05-22,79.98,1.2735,,93.1113,1.79,-0.38,2.17,,,,,,22.48,,,,,,0.25,101.85453000000001,0.005746129312321102,-0.005746129312321102,,0.00018044550755735855,
2012-05-23,79.33,1.2569,,93.8855,1.73,-0.41,2.14,,,2859495.0,,26425.0,22.33,,,,,,0.25,99.70987699999999,-0.021280879593480684,0.021280879593480684,,0.00828040291154597,
2012-05-24,79.47,1.2583,,93.8027,1.77,-0.37,2.14,,,,,,21.54,,,,,,0.25,99.997101,0.0028764563053069736,-0.0028764563053069736,,-0.0008823144488729895,
2012-05-25,79.64,1.2518,,93.9488,1.75,-0.38,2.13,,,,,,21.76,,,,,,0.25,99.693352,-0.003042200863413669,0.003042200863413669,,0.0015563127803419619,
2012-05-26,,,,,,,,,,,,,,,,,,,0.25,,,,,,
2012-05-27,,,,,,,,,,,,,,,,,,,0.25,,,,,,
2012-05-28,,,,,,,,,,,,,,,,,,,0.25,,,,,,
2012-05-29,79.44,1.2488,,93.875,1.74,-0.37,2.11,,,,,,21.03,,,,,,0.25,99.20467199999999,,,,,
2012-05-30,78.93,1.2405,,94.302,1.63,-0.45,2.08,,,2842654.0,,22168.0,24.14,,,,,,0.25,97.912665,-0.013109202085971994,0.013109202085971994,,0.004538288237948329,
2012-05-31,78.29,1.2364,,94.6856,1.59,-0.5,2.09,,,,,,24.06,,,,,,0.25,96.797756,-0.011452095674383322,0.011452095674383322,,0.004059531173514763,
2012-06-01,78.21,1.242,,94.6979,1.47,-0.59,2.06,,,,10023.7,,26.66,,0.789,1.3004761905,5.904,1.7698,0.25,97.13681999999999,0.003496687929160025,-0.003496687929160025,,0.00012989516000416756,
2012-06-02,,,,,,,,,,,,,,,,,,,0.25,,,,,,
2012-06-03,,,,,,,,,,,,,,,,,,,0.25,,,,,,
2012-06-04,78.3,1.2495,,94.5184,1.53,-0.56,2.09,,,,,,26.12,,,,,,0.25,97.83585000000001,,,,,
2012-06-05,78.57,1.2437,,94.6184,1.57,-0.56,2.13,,,,,,24.68,,,,,,0.25,97.71750899999999,-0.0012103194243389126,0.0012103194243389126,,0.0010574357747206165,
2012-06-06,79.11,1.2535,,94.0362,1.66,-0.5,2.16,,,2852018.0,,22268.0,22.16,,,,,,0.25,99.16438500000001,0.014698172784227026,-0.014698172784227026,,-0.006172145797238571,
2012-06-07,79.67,1.2568,,93.774,1.66,-0.49,2.15,,,,,,21.72,,,,,,0.25,100.129256,0.009682983702033354,-0.009682983702033354,,-0.0027921824304408815,
2012-06-08,79.47,1.2482,,94.2024,1.65,-0.5,2.15,,,,,,21.23,,,,,,0.25,99.194454,-0.009379805881655656,0.009379805881655656,,0.004558026876661181,
2012-06-09,,,,,,,,,,,,,,,,,,,0.25,,,,,,
2012-06-10,,,,,,,,,,,,,,,,,,,0.25,,,,,,
2012-06-11,79.5,1.2504,,94.0369,1.6,-0.53,2.13,,,,,,23.56,,,,,,0.25,99.40679999999999,,,,,
2012-06-12,79.44,1.2477,,94.0693,1.67,-0.48,2.15,,,,,,22.09,,,,,,0.25,99.117288,-0.0029166456136602292,0.0029166456136602292,,0.0003444862563855011,
2012-06-13,79.35,1.2596,,93.8309,1.61,-0.51,2.12,,,2869071.0,,23314.0,24.27,,,,,,0.25,99.94926,0.008358781045394892,-0.008358781045394892,,-0.002537518618090928,
2012-06-14,79.29,1.2608,,93.8152,1.64,-0.47,2.11,,,,,,21.68,,,,,,0.25,99.968832,0.00019580018863507576,-0.00019580018863507576,,-0.0001673362786291932,
2012-06-15,78.65,1.2633,,93.5203,1.6,-0.54,2.14,,,,,,21.11,,,,,,0.25,99.35854500000002,-0.006123483047643319,0.006123483047643319,,-0.0031483647636703083,
2012-06-16,,,,,,,,,,,,,,,,,,,0.25,,,,,,
2012-06-17,,,,,,,,,,,,,,,,,,,0.25,,,,,,
2012-06-18,78.95,1.2578,,93.6431,1.59,-0.54,2.13,,,,,,18.32,,,,,,0.25,99.30331000000001,,,,,
2012-06-19,78.92,1.2692,,93.0524,1.64,-0.53,2.17,,,,,,18.38,,,,,,0.25,100.16526400000001,0.008642558052400773,-0.008642558052400773,,-0.006327972244932312,
2012-06-20,79.54,1.2703,,93.1602,1.65,-0.51,2.16,,,2870846.0,,24215.0,17.24,,,,,,0.25,101.039662,0.00869167094550427,-0.00869167094550427,,0.0011578165177068556,
2012-06-21,80.18,1.2586,,93.6378,1.63,-0.47,2.1,,,,,,20.08,,,,,,0.25,100.91454800000001,-0.001239033501764908,0.001239033501764908,,0.0051135562555071346,
2012-06-22,80.52,1.2545,,93.9205,1.69,-0.42,2.11,,,,,,18.11,,,,,,0.25,101.01234,0.0009685882708732052,-0.0009685882708732052,,0.0030145316318606064,
2012-06-23,,,,,,,,,,,,,,,,,,,0.25,,,,,,
2012-06-24,,,,,,,,,,,,,,,,,,,0.25,,,,,,
2012-06-25,79.5,1.248,,94.1757,1.63,-0.47,2.1,,,,,,20.38,,,,,,0.25,99.216,,,,,
2012-06-26,79.46,1.2471,,93.9859,1.66,-0.45,2.11,,,,,,19.72,,,,,,0.25,99.094566,-0.0012246852765045446,0.0012246852765045446,,-0.0020174155021353,
2012-06-27,79.83,1.2457,,93.8728,1.65,-0.45,2.1,,,2863547.0,,27059.0,19.45,,,,,,0.25,99.444231,0.003522388236600449,-0.003522388236600449,,-0.0012040966286344101,
2012-06-28,79.35,1.2433,,94.0203,1.6,-0.48,2.08,,,,,,19.71,,,,,,0.25,98.655855,-0.007959412618444794,0.007959412618444794,,0.0015700420111155466,
2012-06-29,79.81,1.2668,,92.9096,1.67,-0.46,2.13,,,,,,17.08,,,,,,0.25,101.103308,0.02450526362109251,-0.02450526362109251,,-0.011883738999038052,
2012-06-30,,,,,,,,,,,,,,,,,,,0.25,,,,,,
2012-07-01,,,,,,,,,,,10076.0,,,,0.78,1.2422727273,5.996,1.6523,0.25,,,,,,
2012-07-02,79.42,1.2584,,92.951,1.61,-0.5,2.11,,,,,,16.8,,,,,,0.25,99.942128,,,,,
2012-07-03,79.77,1.262,,92.6508,1.65,-0.48,2.13,,,,,,16.66,,,,,,0.25,100.66973999999999,0.007253959577022684,-0.007253959577022684,,-0.0032348852412686924,
2012-07-04,,,,,,,,,,2865858.0,,27969.0,,,,,,,0.25,,,,,,
2012-07-05,79.95,1.2384,,93.2211,1.62,-0.51,2.13,,,,,,17.5,,,,,,0.25,99.01008,,,,,
2012-07-06,79.61,1.2283,,93.7087,1.57,-0.53,2.1,,,,,,17.1,,,,,,0.25,97.78496299999999,-0.01245085046989125,0.01245085046989125,,0.005216943535986118,
2012-07-07,,,,,,,,,,,,,,,,,,,0.25,,,,,,
2012-07-08,,,,,,,,,,,,,,,,,,,0.25,,,,,,
2012-07-09,79.66,1.2299,,93.6974,1.53,-0.57,2.1,,,,,,17.98,,,,,,0.25,97.973834,,,,,
2012-07-10,79.44,1.2255,,93.5552,1.53,-0.59,2.12,,,,,,18.72,,,,,,0.25,97.35372,-0.006349499296778305,0.006349499296778305,,-0.0015188043032265952,
2012-07-11,79.7,1.2244,,93.5981,1.54,-0.57,2.11,,,2866279.0,,29708.0,17.95,,,,,,0.0,97.58467999999999,0.0023695701623420717,-0.0023695701623420717,,0.00045844770839043036,
2012-07-12,79.29,1.2199,,93.9298,1.5,-0.58,2.08,,,,,,18.33,,,,,,0.0,96.72587100000001,-0.008839608428426793,0.008839608428426793,,0.0035376106267577256,
2012-07-13,79.2,1.2232,,93.5515,1.52,-0.59,2.11,,,,,,16.74,,,,,,0.0,96.87744,0.0015657689962331744,-0.0015657689962331744,,-0.004035607961116128,
2012-07-14,,,,,,,,,,,,,,,,,,,0.0,,,,,,
2012-07-15,,,,,,,,,,,,,,,,,,,0.0,,,,,,
2012-07-16,78.8,1.2267,,93.3746,1.5,-0.61,2.11,,,,,,17.11,,,,,,0.0,96.66395999999999,,,,,
2012-07-17,79.04,1.2234,,93.3479,1.53,-0.59,2.12,,,,,,16.48,,,,,,0.0,96.69753600000001,0.0003472873455372394,-0.0003472873455372394,,-0.000285985890098317,
2012-07-18,78.79,1.2261,,93.0973,1.52,-0.6,2.12,,,2855807.0,,30552.0,16.16,,,,,,0.0,96.60441900000001,-0.0009634357521388637,0.0009634357521388637,,-0.0026881909634646206,
2012-07-19,78.6,1.2257,,93.0438,1.54,-0.62,2.16,,,,,,15.45,,,,,,0.0,96.34002,-0.0027406767136577415,0.0027406767136577415,,-0.0005748327636743156,
2012-07-20,78.49,1.2176,,93.3653,1.49,-0.67,2.16,,,,,,16.27,,,,,,0.0,95.569424,-0.008030872536136435,0.008030872536136435,,0.003449405836709829,
2012-07-21,,,,,,,,,,,,,,,,,,,0.0,,,,,,
2012-07-22,,,,,,,,,,,,,,,,,,,0.0,,,,,,
2012-07-23,78.38,1.2126,,93.9297,1.47,-0.68,2.15,,,,,,18.62,,,,,,0.0,95.04358799999999,,,,,
2012-07-24,78.19,1.2062,,94.2635,1.44,-0.68,2.12,,,,,,20.47,,,,,,0.0,94.312778,-0.007718923255806587,0.007718923255806587,,0.0035474220115343513,
2012-07-25,78.21,1.2132,,94.0564,1.43,-0.67,2.1,,,2846757.0,,27232.0,19.34,,,,,,0.0,94.884372,0.006042329274636771,-0.006042329274636771,,-0.0021994498031121523,
2012-07-26,78.24,1.228,,93.3595,1.45,-0.66,2.11,,,,,,17.53,,,,,,0.0,96.07871999999999,0.01250884200570379,-0.01250884200570379,,-0.007436969990695097,
2012-07-27,78.55,1.237,,92.9333,1.58,-0.61,2.19,,,,,,16.7,,,,,,0.0,97.16635000000001,0.011256602660468573,-0.011256602660468573,,-0.0045756008131387915,
2012-07-28,,,,,,,,,,,,,,,,,,,0.0,,,,,,
2012-07-29,,,,,,,,,,,,,,,,,,,0.0,,,,,,
2012-07-30,78.2,1.225,,93.0524,1.53,-0.64,2.17,,,,,,18.03,,,,,,0.0,95.79500000000002,,,,,
2012-07-31,78.1,1.2315,,92.8422,1.51,-0.69,2.2,,,,,,18.93,,,,,,0.0,96.18015,0.004012503876140272,-0.004012503876140272,,-0.002261497532329848,
2012-08-01,78.19,1.2299,,92.8905,1.56,-0.67,2.23,,,2851118.0,10147.8,31022.0,18.96,,0.8,1.3417391304,5.822,1.6735,0.0,96.165881,-0.00014836802144557737,0.00014836802144557737,,0.0005201022877372452,
2012-08-02,78.22,1.2149,,93.4269,1.51,-0.69,2.2,,,,,,17.57,,,,,,0.0,95.02947800000001,-0.011887489196722889,0.011887489196722889,,0.005757932237926866,
2012-08-03,78.6,1.239,,92.6048,1.6,-0.66,2.26,,,,,,15.64,,,,,,0.0,97.3854,0.024489163876238784,-0.024489163876238784,,-0.008838336171768546,
2012-08-04,,,,,,,,,,,,,,,,,,,0.0,,,,,,
2012-08-05,,,,,,,,,,,,,,,,,,,0.0,,,,,,
2012-08-06,78.17,1.2422,,92.4339,1.59,-0.68,2.27,,,,,,15.95,,,,,,0.0,97.102774,,,,,
2012-08-07,78.71,1.2422,,92.5128,1.66,-0.65,2.31,,,,,,15.99,,,,,,0.0,97.77356199999998,0.006884269922119657,-0.006884269922119657,,0.0008532188439858146,
2012-08-08,78.44,1.2364,,92.5407,1.68,-0.61,2.29,,,2856181.0,,30022.0,15.32,,,,,,0.0,96.983216,-0.008116280693454492,0.008116280693454492,,0.0003015344234116313,
2012-08-09,78.64,1.2278,,92.6057,1.69,-0.58,2.27,,,,,,15.28,,,,,,0.0,96.554192,-0.004433506753799499,0.004433506753799499,,0.0007021470865273827,
2012-08-10,78.24,1.2298,,92.5129,1.65,-0.6,2.25,,,,,,14.74,,,,,,0.0,96.219552,-0.0034718455863762543,0.0034718455863762543,,-0.0010026005790191306,
2012-08-11,,,,,,,,,,,,,,,,,,,0.0,,,,,,
2012-08-12,,,,,,,,,,,,,,,,,,,0.0,,,,,,
2012-08-13,78.34,1.2339,,92.5955,1.65,-0.58,2.23,,,,,,13.7,,,,,,0.0,96.663726,,,,,
2012-08-14,78.82,1.2329,,92.6152,1.73,-0.53,2.26,,,,,,14.85,,,,,,0.0,97.177178,0.005297676499191439,-0.005297676499191439,,0.00021273069076777062,
2012-08-15,78.89,1.2288,,92.6838,1.8,-0.45,2.25,,,2833317.0,,30005.0,14.63,,,,,,0.0,96.94003199999999,-0.0024433291409593494,0.0024433291409593494,,0.0007404249686615572,
2012-08-16,79.25,1.2356,,92.5737,1.83,-0.42,2.25,,,,,,14.29,,,,,,0.0,97.9213,0.010071534301411056,-0.010071534301411056,,-0.0011886159854528344,
2012-08-17,79.5,1.2315,,92.711,1.81,-0.43,2.24,,,,,,13.45,,,,,,0.0,97.90425,-0.00017413458093784584,0.00017413458093784584,,0.0014820438506912836,
2012-08-18,,,,,,,,,,,,,,,,,,,0.0,,,,,,
2012-08-19,,,,,,,,,,,,,,,,,,,0.0,,,,,,
2012-08-20,79.41,1.2343,,92.6263,1.82,-0.43,2.25,,,,,,14.02,,,,,,0.0,98.01576299999999,,,,,
2012-08-21,79.43,1.2472,,92.3053,1.8,-0.45,2.25,,,,,,15.02,,,,,,0.0,99.06509600000001,0.010648856731604539,-0.010648856731604539,,-0.0034715572934329586,
2012-08-22,79.19,1.2472,,92.4362,1.71,-0.55,2.26,,,2825661.0,,26484.0,15.11,,,,,,0.0,98.76576800000001,-0.00302610242271939,0.00302610242271939,,0.001417115503622668,
2012-08-23,78.46,1.2583,,92.1057,1.68,-0.62,2.3,,,,,,15.96,,,,,,0.0,98.72621799999999,-0.0004005225865588713,0.0004005225865588713,,-0.0035818462186538724,
2012-08-24,78.65,1.2533,,92.2785,1.68,-0.6,2.28,,,,,,15.18,,,,,,0.0,98.57204500000002,-0.0015628422575657552,0.0015628422575657552,,0.001874347699962975,
2012-08-25,,,,,,,,,,,,,,,,,,,0.0,,,,,,
2012-08-26,,,,,,,,,,,,,,,,,,,0.0,,,,,,
2012-08-27,78.67,1.2514,,92.3135,1.65,-0.64,2.29,,,,,,16.35,,,,,,0.0,98.44763800000001,,,,,
2012-08-28,78.5,1.2564,,92.2033,1.64,-0.68,2.32,,,,,,16.49,,,,,,0.0,98.6274,0.0018243005474403162,-0.0018243005474403162,,-0.001194471322963686,
2012-08-29,78.72,1.2538,,92.3823,1.66,-0.64,2.3,,,2812806.0,,25683.0,17.06,,,,,,0.0,98.699136,0.0007270791310114433,-0.0007270791310114433,,0.001939480177330033,
2012-08-30,78.55,1.2497,,92.6239,1.63,-0.63,2.26,,,,,,17.83,,,,,,0.0,98.163935,-0.005437305390497471,0.005437305390497471,,0.0026118058458601823,
2012-08-31,78.3,1.2578,,92.1677,1.57,-0.68,2.25,,,,,,17.47,,,,,,0.0,98.48573999999999,0.0032728789127922653,-0.0032728789127922653,,-0.004937463897610961,
2012-09-01,,,,,,,,,,,10228.4,,,,0.757,1.4905,5.254,1.7222,0.0,,,,,,
2012-09-02,,,,,,,,,,,,,,,,,,,0.0,,,,,,
2012-09-03,,,,,,,,,,,,,,,,,,,0.0,,,,,,
2012-09-04,78.35,1.2566,,92.1582,1.59,-0.68,2.27,,,,,,17.98,,,,,,0.0,98.45460999999999,,,,,
2012-09-05,78.34,1.2603,,92.1262,1.6,-0.69,2.29,,,2822169.0,,23442.0,17.74,,,,,,0.0,98.731902,0.0028124863102547693,-0.0028124863102547693,,-0.0003472893019873524,
2012-09-06,78.96,1.2626,,91.8973,1.68,-0.63,2.31,,,,,,15.6,,,,,,0.0,99.69489599999999,0.009706365977620202,-0.009706365977620202,,-0.002487727035417997,
2012-09-07,78.14,1.2796,,91.3469,1.67,-0.68,2.35,,,,,,14.38,,,,,,0.0,99.98794400000001,0.0029351366435363957,-0.0029351366435363957,,-0.006007302334487541,
2012-09-08,,,,,,,,,,,,,,,,,,,0.0,,,,,,
2012-09-09,,,,,,,,,,,,,,,,,,,0.0,,,,,,
2012-09-10,78.24,1.2795,,91.3102,1.68,-0.68,2.36,,,,,,16.28,,,,,,0.0,100.10808,,,,,
2012-09-11,77.78,1.2858,,91.0575,1.7,-0.68,2.38,,,,,,16.41,,,,,,0.0,100.009524,-0.0009849808912179014,0.0009849808912179014,,-0.0027713258623442982,
2012-09-12,77.86,1.2894,,91.0477,1.77,-0.61,2.38,,,2823448.0,,19446.0,15.8,,,,,,0.0,100.392684,0.0038239146236422883,-0.0038239146236422883,,-0.00010763009523540035,
2012-09-13,77.41,1.2912,,90.9632,1.75,-0.72,2.47,,,,,,14.05,,,,,,0.0,99.95179199999998,-0.004401346326523559,0.004401346326523559,,-0.0009285158863665544,
2012-09-14,78.22,1.3142,,90.1436,1.88,-0.76,2.64,,,,,,14.51,,,,,,0.0,102.796724,0.02806549505882927,-0.02806549505882927,,-0.009051074783076984,
2012-09-15,,,,,,,,,,,,,,,,,,,0.0,,,,,,
2012-09-16,,,,,,,,,,,,,,,,,,,0.0,,,,,,
2012-09-17,78.68,1.3125,,90.2837,1.85,-0.74,2.59,,,,,,14.59,,,,,,0.0,103.26750000000001,,,,,
2012-09-18,78.59,1.3051,,90.5029,1.82,-0.73,2.55,,,,,,14.18,,,,,,0.0,102.567809,-0.006798577935072103,0.006798577935072103,,0.002424959675284555,
2012-09-19,78.4,1.3065,,90.4646,1.79,-0.75,2.54,,,2821574.0,,14742.0,13.88,,,,,,0.0,102.42960000000001,-0.0013483977345360998,0.0013483977345360998,,-0.00042328042960093626,
2012-09-20,78.3,1.2948,,90.7631,1.8,-0.7,2.5,,,,,,14.07,,,,,,0.0,101.38283999999999,-0.010271887268182844,0.010271887268182844,,0.0032942013824328598,
2012-09-21,78.17,1.299,,90.5342,1.77,-0.71,2.48,,,,,,13.98,,,,,,0.0,101.54283,0.001576833853992099,-0.001576833853992099,,-0.0025251354722666264,
2012-09-22,,,,,,,,,,,,,,,,,,,0.0,,,,,,
2012-09-23,,,,,,,,,,,,,,,,,,,0.0,,,,,,
2012-09-24,77.9,1.2909,,90.8263,1.74,-0.73,2.47,,,,,,14.15,,,,,,0.0,100.56111,,,,,
2012-09-25,77.91,1.2945,,90.6074,1.7,-0.74,2.44,,,,,,15.43,,,,,,0.0,100.854495,0.002913232144993394,-0.002913232144993394,,-0.0024130038268932452,
2012-09-26,77.78,1.2852,,91.0028,1.64,-0.77,2.41,,,2804457.0,,14693.0,16.81,,,,,,0.0,99.96285599999999,-0.00888015756505478,0.00888015756505478,,0.004354387856571051,
2012-09-27,77.62,1.2874,,90.7538,1.66,-0.78,2.44,,,,,,14.84,,,,,,0.0,99.92798800000001,-0.0003488704100282902,0.0003488704100282902,,-0.002739929727720636,
2012-09-28,77.92,1.2856,,90.8342,1.65,-0.77,2.42,,,,,,15.73,,,,,,0.0,100.17395200000001,0.0024583881983062383,-0.0024583881983062383,,0.000885521127538702,
2012-09-29,,,,,,,,,,,,,,,,,,,0.0,,,,,,
2012-09-30,,,,,,,,,,,,,,,,,,,0.0,,,,,,
2012-10-01,78.0,1.29,,90.7011,1.64,-0.78,2.42,,,,10294.4,,16.32,,0.76,1.4669565217,4.953,1.7721,0.0,100.62,,,,,
2012-10-02,78.01,1.2951,,90.644,1.64,-0.83,2.47,,,,,,15.71,,,,,,0.0,101.030751,0.0040738907844533045,-0.0040738907844533045,,-0.0006297385690263724,
2012-10-03,78.57,1.2909,,90.8726,1.64,-0.83,2.47,,,2808512.0,,12551.0,15.43,,,,,,0.0,101.42601299999998,0.003904660870630572,-0.003904660870630572,,0.0025187792285432664,
2012-10-04,78.44,1.3001,,90.4932,1.7,-0.86,2.56,,,,,,14.55,,,,,,0.0,101.979844,0.005445589195875122,-0.005445589195875122,,-0.004183815839898131,
2012-10-05,78.66,1.3059,,90.2851,1.75,-0.82,2.57,,,,,,14.33,,,,,,0.0,102.722094,0.007252039333756066,-0.007252039333756066,,-0.002302268490393722,
2012-10-06,,,,,,,,,,,,,,,,,,,0.0,,,,,,
2012-10-07,,,,,,,,,,,,,,,,,,,0.0,,,,,,
2012-10-08,,,,,,,,,,,,,15.11,,,,,,0.0,,,,,,
2012-10-09,78.23,1.2876,,90.8703,1.74,-0.81,2.55,,,,,,16.37,,,,,,0.0,100.72894800000002,,,,,
2012-10-10,78.26,1.2888,,90.883,1.72,-0.8,2.52,,,2811623.0,,12951.0,16.29,,,,,,0.0,100.86148800000001,0.0013149435233881235,-0.0013149435233881235,,0.000139749869968675,
2012-10-11,78.44,1.2928,,90.7437,1.7,-0.77,2.47,,,,,,15.59,,,,,,0.0,101.407232,0.005396240449945466,-0.005396240449945466,,-0.0015339157438107875,
2012-10-12,78.31,1.2946,,90.6833,1.69,-0.78,2.47,,,,,,16.14,,,,,,0.0,101.380126,-0.0002673342207204499,0.0002673342207204499,,-0.0006658325633059903,
2012-10-13,,,,,,,,,,,,,,,,,,,0.0,,,,,,
2012-10-14,,,,,,,,,,,,,,,,,,,0.0,,,,,,
2012-10-15,78.76,1.295,,90.6409,1.7,-0.78,2.48,,,,,,15.27,,,,,,0.0,101.9942,,,,,
2012-10-16,78.92,1.3036,,90.5583,1.75,-0.71,2.46,,,,,,15.22,,,,,,0.0,102.88011200000001,0.008648400213258078,-0.008648400213258078,,-0.0009117038675823252,
2012-10-17,78.74,1.3133,,90.2309,1.83,-0.65,2.48,,,2846920.0,,12877.0,15.07,,,,,,0.0,103.40924199999999,0.005129989988884809,-0.005129989988884809,,-0.0036219017276186705,
2012-10-18,79.24,1.3106,,90.3804,1.86,-0.66,2.52,,,,,,15.03,,,,,,0.0,103.85194399999999,0.004271930329040607,-0.004271930329040607,,0.001655489265000476,
2012-10-19,79.26,1.3022,,90.8107,1.79,-0.71,2.5,,,,,,17.06,,,,,,0.0,103.212372,-0.006177539870695803,0.006177539870695803,,0.004749690342934265,
2012-10-20,,,,,,,,,,,,,,,,,,,0.0,,,,,,
2012-10-21,,,,,,,,,,,,,,,,,,,0.0,,,,,,
2012-10-22,79.84,1.3063,,90.7911,1.83,-0.7,2.53,,,,,,16.62,,,,,,0.0,104.29499200000001,,,,,
2012-10-23,79.79,1.2971,,91.0945,1.79,-0.71,2.5,,,,,,18.83,,,,,,0.0,103.495609,-0.0076941588289090035,0.0076941588289090035,,0.0033361660450692554,
2012-10-24,79.82,1.2946,,91.1275,1.8,-0.69,2.49,,,2840964.0,,12177.0,18.33,,,,,,0.0,103.334972,-0.0015533199348194415,0.0015533199348194415,,0.0003621955676127442,
2012-10-25,80.04,1.2958,,91.02,1.86,-0.63,2.49,,,,,,18.12,,,,,,0.0,103.71583200000002,0.003678907999391967,-0.003678907999391967,,-0.0011803622062478425,
2012-10-26,79.63,1.2938,,91.1411,1.78,-0.69,2.47,,,,,,17.81,,,,,,0.0,103.025294,-0.006680243852151158,0.006680243852151158,,0.0013295925182736923,
2012-10-27,,,,,,,,,,,,,,,,,,,0.0,,,,,,
2012-10-28,,,,,,,,,,,,,,,,,,,0.0,,,,,,
2012-10-29,79.81,1.2906,,,1.74,-0.73,2.47,,,,,,,,,,,,0.0,103.002786,,,,,
2012-10-30,79.58,1.2979,,,,,,,,,,,,,,,,,0.0,103.286882,0.002754342302838886,-0.002754342302838886,,,
2012-10-31,79.94,1.2958,,91.1609,1.72,-0.78,2.5,,,2823137.0,,12903.0,18.6,,,,,,0.0,103.586252,0.0028942396065385623,-0.0028942396065385623,,,
2012-11-01,80.14,1.2937,,91.1217,1.75,-0.77,2.52,,,,10365.6,,16.69,,0.713,1.3359090909,4.851,1.7741,0.0,103.67711800000001,0.0008768168328199266,-0.0008768168328199266,,-0.0004301013986447444,
2012-11-02,80.53,1.2848,,91.281,1.75,-0.73,2.48,,,,,,17.59,,,,,,0.0,103.464944,-0.0020485851319032022,0.0020485851319032022,,0.001746685114867752,
2012-11-03,,,,,,,,,,,,,,,,,,,0.0,,,,,,
2012-11-04,,,,,,,,,,,,,,,,,,,0.0,,,,,,
2012-11-05,80.17,1.279,6756.1,91.4778,1.72,-0.75,2.47,,,,,,18.42,,,,,,0.0,102.53743,,,,,
2012-11-06,80.28,1.2818,6884.03,91.2908,1.78,-0.72,2.5,,,,,,17.58,,,,,,0.0,102.902904,0.003557961364561102,-0.003557961364561102,0.018758435777435523,-0.0020463040725049453,
2012-11-07,79.85,1.2759,6889.31,91.4514,1.68,-0.8,2.48,,,2830791.0,,12465.0,19.08,,,,,,0.0,101.88061499999999,-0.009984177409545048,0.009984177409545048,0.0007666986015948396,0.0017576678112272148,
2012-11-08,79.74,1.274,6936.63,91.5375,1.62,-0.85,2.47,,,,,,18.49,,,,,,0.0,101.58876,-0.002868787503401471,0.002868787503401471,0.006845130930404508,0.0009410407555199285,
2012-11-09,79.46,1.2715,6937.41,91.6871,1.61,-0.83,2.44,,,,,,18.61,,,,,,0.0,101.03339,-0.005481842836689843,0.005481842836689843,0.00011244021219880551,0.0016329688616423255,
2012-11-10,,,,,,,,,,,,,,,,,,,0.0,,,,,,
2012-11-11,,,,,,,,,,,,,,,,,,,0.0,,,,,,
2012-11-12,,,6898.24,,,,,,,,,,16.68,,,,,,0.0,,,,,,
2012-11-13,79.42,1.2716,6897.42,91.7356,1.59,-0.84,2.43,,,,,,16.65,,,,,,0.0,100.99047200000001,,,-0.00011887796610920986,,
2012-11-14,80.2,1.274,6899.27,91.7942,1.59,-0.81,2.4,,,2877244.0,,12121.0,17.92,,,,,,0.0,102.1748,0.011658896264824747,-0.011658896264824747,0.00026818026803354655,0.0006385884144304299,
2012-11-15,81.16,1.2783,6880.33,91.8837,1.58,-0.8,2.38,,,,,,17.99,,,,,,0.0,103.746828,0.015268513127012717,-0.015268513127012717,-0.0027489929936148627,0.0009745321248040284,
2012-11-16,81.28,1.2715,6883.21,92.0095,1.58,-0.81,2.39,,,,,,16.41,,,,,,0.0,103.34752,-0.0038562954392444837,0.0038562954392444837,0.0004184969916227743,0.0013681856601994724,
2012-11-17,,,,,,,,,,,,,,,,,,,0.0,,,,,,
2012-11-18,,,,,,,,,,,,,,,,,,,0.0,,,,,,
2012-11-19,81.18,1.2806,6937.77,91.5653,1.61,-0.78,2.39,,,,,,15.24,,,,,,0.0,103.959108,,,,,
2012-11-20,81.72,1.2814,6928.5,91.556,1.66,-0.74,2.4,,,,,,15.08,,,,,,0.0,104.716008,0.007254370658889009,-0.007254370658889009,-0.0013370576775191267,-0.00010157201819716022,
2012-11-21,82.36,1.2816,6936.74,91.6645,1.69,-0.71,2.4,,,2871161.0,,12252.0,15.31,,,,,,0.0,105.552576,0.007957179319340923,-0.007957179319340923,0.0011885839653817953,0.0011843654250798252,
2012-11-22,,,,,,,,,,,,,,,,,,,0.0,,,,,,
2012-11-23,82.34,1.2959,6981.83,91.2616,1.7,-0.72,2.42,,,,,,15.14,,,,,,0.0,106.704406,,,,,
2012-11-24,,,,,,,,,,,,,,,,,,,0.0,,,,,,
2012-11-25,,,,,,,,,,,,,,,,,,,0.0,,,,,,
2012-11-26,82.11,1.2966,6985.94,91.2789,1.66,-0.73,2.39,,,,,,15.5,,,,,,0.0,106.463826,,,,,
2012-11-27,82.23,1.294,6970.3,91.2608,1.64,-0.74,2.38,,,,,,15.92,,,,,,0.0,106.40562000000001,-0.0005468704179429906,0.0005468704179429906,-0.002241292288919894,-0.00019831302515882498,
2012-11-28,81.84,1.2923,6919.03,91.33,1.63,-0.75,2.38,,,2851362.0,,12212.0,15.51,,,,,,0.0,105.761832,-0.006068696869133028,0.006068696869133028,-0.007382679059093178,0.0007579790801415243,
2012-11-29,82.06,1.2953,6946.21,91.2104,1.62,-0.78,2.4,,,,,,15.06,,,,,,0.0,106.292318,0.005003317375733118,-0.005003317375733118,0.003920600698663179,-0.0013103950370894069,
2012-11-30,82.54,1.301,6912.03,91.1038,1.62,-0.79,2.41,,,,,,15.87,,,,,,0.0,107.38454,0.010223208286690877,-0.010223208286690877,-0.004932815322511885,-0.001169409866571769,
2012-12-01,,,,,,,,,,,10485.4,,,,0.781,1.2994117647,4.542,1.8467,0.0,,,,,,
2012-12-02,,,,,,,,,,,,,,,,,,,0.0,,,,,,
2012-12-03,82.24,1.3066,6917.39,91.0084,1.63,-0.81,2.44,,,,,,16.64,,,,,,0.0,107.45478399999999,,,,,
2012-12-04,81.86,1.3081,6858.92,90.9748,1.62,-0.83,2.45,,,,,,17.12,,,,,,0.0,107.081066,-0.0034839713550667284,0.0034839713550667284,-0.00848853591255505,-0.0003692648594135761,
2012-12-05,82.4,1.3077,6849.45,90.9423,1.6,-0.85,2.45,,,2859807.0,,12181.0,16.46,,,,,,0.0,107.75448000000002,0.006269132069444794,-0.006269132069444794,-0.0013816378616073877,-0.0003573056116845663,
2012-12-06,82.29,1.2968,6865.09,91.0629,1.59,-0.87,2.46,,,,,,16.58,,,,,,0.0,106.713672,-0.009706020788795122,0.009706020788795122,0.002280792032392398,0.0013252370553180626,
2012-12-07,82.37,1.2942,6888.97,91.0437,1.64,-0.86,2.5,,,,,,15.9,,,,,,0.0,106.603254,-0.001035248462764926,0.001035248462764926,0.00347243272095632,-0.0002108655048322916,
2012-12-08,,,,,,,,,,,,,,,,,,,0.0,,,,,,
2012-12-09,,,,,,,,,,,,,,,,,,,0.0,,,,,,
2012-12-10,82.37,1.293,6915.94,90.9631,1.63,-0.87,2.5,,,,,,16.05,,,,,,0.0,106.50441,,,,,
2012-12-11,82.42,1.2992,6910.89,90.8403,1.66,-0.84,2.5,,,,,,15.57,,,,,,0.0,107.080064,0.005390423593070182,-0.005390423593070182,-0.0007304639204441798,-0.0013509100344144542,
2012-12-12,83.1,1.3038,6919.82,90.7708,1.72,-0.79,2.51,,,2917260.0,,12368.0,15.95,,,,,,0.0,108.34578,0.01175096303375689,-0.01175096303375689,0.0012913294026013489,-0.0007653717574838126,
2012-12-13,83.54,1.3077,6870.59,90.776,1.74,-0.73,2.47,,,,,,16.56,,,,,,0.0,109.24525800000002,0.008267648629644242,-0.008267648629644242,-0.007139774543384547,5.728550435968316e-05,
2012-12-14,83.52,1.3134,,90.7156,1.72,-0.74,2.46,,,,,,17.0,,,,,,0.0,109.69516799999998,0.004109890909714586,-0.004109890909714586,,-0.0006655955672858482,
2012-12-15,,,,,,,,,,,,,,,,,,,0.0,,,,,,
2012-12-16,,,,,,,,,,,,,,,,,,,0.0,,,,,,
2012-12-17,83.7,1.3169,6769.93,90.6193,1.78,-0.7,2.48,,,,,,16.34,,,,,,0.0,110.22453,,,,,
2012-12-18,84.0,1.3224,6676.39,90.5161,1.84,-0.67,2.51,,,,,,15.57,,,,,,0.0,111.08160000000001,0.007745599138523573,-0.007745599138523573,-0.013913324828795481,-0.0011394792091037331,
2012-12-19,84.32,1.326,6663.02,90.4896,1.82,-0.66,2.48,,,2920231.0,,11549.0,17.36,,,,,,0.0,111.80832,0.006520910188732465,-0.006520910188732465,-0.0020045870810072586,-0.00029280846060952825,
2012-12-20,84.33,1.3224,6584.49,90.6002,1.81,-0.69,2.5,,,,,,17.67,,,,,,0.0,111.51799199999999,-0.0026000354454955854,0.0026000354454955854,-0.011855951778020568,0.0012214935766854396,
2012-12-21,84.1,1.3166,6610.19,90.9597,1.77,-0.71,2.48,,,,,,17.84,,,,,,0.0,110.72605999999999,-0.00712671808068599,0.00712671808068599,0.0038955143284784555,0.0039601307317918,
2012-12-22,,,,,,,,,,,,,,,,,,,0.0,,,,,,
2012-12-23,,,,,,,,,,,,,,,,,,,0.0,,,,,,
2012-12-24,84.81,1.3179,6622.93,91.0354,1.79,-0.69,2.48,,,,,,17.84,,,,,,0.0,111.771099,,,,,
2012-12-25,,,,,,,,,,,,,,,,,,,0.0,,,,,,
2012-12-26,85.62,1.3228,6630.74,91.0606,1.77,-0.71,2.48,,,2907300.0,,8889.0,19.48,,,,,,0.0,113.25813600000001,,,,,
2012-12-27,86.06,1.3228,6644.11,91.1037,1.74,-0.73,2.47,,,,,,19.47,,,,,,0.0,113.840168,0.005125826693653579,-0.005125826693653579,0.002014336059659172,0.0004731992031832277,
2012-12-28,86.12,1.322,6620.05,91.0419,1.73,-0.73,2.46,,,,,,22.72,,,,,,0.0,113.85064000000001,9.19843897024819e-05,-9.19843897024819e-05,-0.0036278251149006735,-0.0006785780427458477,
2012-12-29,,,,,,,,,,,,,,,,,,,0.0,,,,,,
2012-12-30,,,,,,,,,,,,,,,,,,,0.0,,,,,,
2012-12-31,86.64,1.3186,6680.5,91.0834,1.78,-0.67,2.45,,,,,,18.02,,,,,,0.0,114.243504,,,,,
2013-01-01,,,,,,,,,,,10502.3,,,,0.775,1.5122727273,4.208,2.0795,0.0,,,,,,
2013-01-02,87.1,1.3195,6728.61,90.6941,1.86,-0.62,2.48,,,2917189.0,,8889.0,14.68,,,,,,0.0,114.92844999999998,,,,,
2013-01-03,86.92,1.311,6650.89,90.8097,1.92,-0.54,2.46,,,,,,14.56,,,,,,0.0,113.95212,-0.00853140064990665,0.00853140064990665,-0.011617904135524881,0.0012738027041949707,
2013-01-04,88.14,1.3047,6620.88,91.1025,1.93,-0.55,2.48,,,,,,13.83,,,,,,0.0,114.996258,0.009121228533614634,-0.009121228533614634,-0.0045223886711465155,0.003219138165043489,
2013-01-05,,,,,,,,,,,,,,,,,,,0.0,,,,,,
2013-01-06,,,,,,,,,,,,,,,,,,,0.0,,,,,,
2013-01-07,87.68,1.3099,6578.32,90.9852,1.92,-0.6,2.52,,,,,,13.79,,,,,,0.0,114.85203200000001,,,,,
2013-01-08,87.31,1.3068,6623.62,91.057,1.89,-0.6,2.49,,,,,,13.62,,,,,,0.0,114.096708,-0.00659821705367758,0.00659821705367758,0.006862654698835513,0.0007888281258203733,
2013-01-09,87.9,1.3078,6620.61,91.0088,1.88,-0.64,2.52,,,2928728.0,,8991.0,13.81,,,,,,0.0,114.95562000000001,0.007499736268675505,-0.007499736268675505,-0.0004545375687108333,-0.0005294789150527279,
2013-01-10,88.16,1.322,6675.02,90.6425,1.91,-0.62,2.53,,,,,,13.49,,,,,,0.0,116.54752,0.013752945997929089,-0.013752945997929089,0.008184689817575475,-0.00403300715704713,
2013-01-11,89.22,1.3353,6642.66,90.5352,1.89,-0.63,2.52,,,,,,13.36,,,,,,0.0,119.135466,0.021962128573800754,-0.021962128573800754,-0.0048597148582469885,-0.0011844726204710554,
2013-01-12,,,,,,,,,,,,,,,,,,,0.0,,,,,,
2013-01-13,,,,,,,,,,,,,,,,,,,0.0,,,,,,
2013-01-14,89.34,1.3369,6636.45,90.4935,1.89,-0.66,2.55,,,,,,13.52,,,,,,0.0,119.438646,,,,,
2013-01-15,88.65,1.3342,6663.37,90.5191,1.86,-0.66,2.52,,,,,,13.55,,,,,,0.0,118.27683000000002,-0.009774923117417345,0.009774923117417345,0.004048180616461394,0.0002828532397263217,
2013-01-16,88.64,1.3305,6665.22,90.596,1.84,-0.65,2.49,,,2963812.0,,8070.0,13.42,,,,,,0.0,117.93552,-0.0028898593789143945,0.0028898593789143945,0.00027759875754007624,0.0008491838021367215,
2013-01-17,89.41,1.3356,6682.69,90.5401,1.89,-0.64,2.53,,,,,,13.57,,,,,,0.0,119.41599599999999,0.012475127400008112,-0.012475127400008112,0.002617639761643531,-0.0006172154725057055,
2013-01-18,89.9,1.3303,6683.92,90.8697,1.87,-0.66,2.53,,,,,,12.46,,,,,,0.0,119.59397000000001,0.001489260350708399,-0.001489260350708399,0.00018404068099187043,0.0036337657907870025,
2013-01-19,,,,,,,,,,,,,,,,,,,0.0,,,,,,
2013-01-20,,,,,,,,,,,,,,,,,,,0.0,,,,,,
2013-01-21,,,,,,,,,,,,,,,,,,,0.0,,,,,,
2013-01-22,88.62,1.3304,6712.08,90.7892,1.86,-0.68,2.54,,,,,,12.43,,,,,,0.0,117.90004800000001,,,,,
2013-01-23,88.44,1.3308,6702.83,90.8376,1.86,-0.66,2.52,,,3011697.0,,8071.0,12.46,,,,,,0.0,117.69595199999999,-0.0017325935164942408,0.0017325935164942408,-0.001379062769110817,0.0005329610073587787,
2013-01-24,90.04,1.3378,6650.63,90.9112,1.88,-0.62,2.5,,,,,,12.69,,,,,,0.0,120.45551200000001,0.023175868589272675,-0.023175868589272675,-0.00781823825328054,0.0008099091055697727,
2013-01-25,91.04,1.3456,6622.48,91.0868,1.98,-0.56,2.54,,,,,,12.89,,,,,,0.0,122.503424,0.016858490873864262,-0.016858490873864262,-0.004241664870638928,0.001929692133872507,
2013-01-26,,,,,,,,,,,,,,,,,,,0.0,,,,,,
2013-01-27,,,,,,,,,,,,,,,,,,,0.0,,,,,,
2013-01-28,90.73,1.3459,6611.18,91.2354,2.0,-0.55,2.55,,,,,,13.57,,,,,,0.0,122.11350700000001,,,,,
2013-01-29,90.65,1.3484,6639.33,90.9406,2.03,-0.53,2.56,,,,,,13.31,,,,,,0.0,122.23246000000002,0.0009736441395578055,-0.0009736441395578055,0.004248899453630273,-0.00323643352937264,
2013-01-30,91.05,1.3564,6681.05,90.8836,2.03,-0.54,2.57,,,3008704.0,,8030.0,14.32,,,,,,0.0,123.50022,0.010318295864334637,-0.010318295864334637,0.006264106042157991,-0.0006269792675261954,
2013-01-31,91.28,1.3584,6649.81,90.798,2.02,-0.57,2.59,,,,,,14.28,,,,,,0.0,123.994752,0.0039963046858026985,-0.0039963046858026985,-0.004686877993909988,-0.0009423079313926053,
2013-02-01,92.54,1.3692,6661.11,90.6923,2.04,-0.55,2.59,,,,10523.0,,12.9,,0.669,1.5435,4.493,2.1781,0.0,126.705768,0.02162836902398091,-0.02162836902398091,0.0016978545005965628,-0.0011648006747551065,
2013-02-02,,,,,,,,,,,,,,,,,,,0.0,,,,,,
2013-02-03,,,,,,,,,,,,,,,,,,,0.0,,,,,,
2013-02-04,92.57,1.3527,6681.25,90.9774,2.0,-0.59,2.59,,,,,,14.67,,,,,,0.0,125.219439,,,,,
2013-02-05,93.34,1.3569,6682.34,90.881,2.04,-0.55,2.59,,,,,,13.72,,,,,,0.0,126.653046,0.011383716499309138,-0.011383716499309138,0.0001631298180235774,-0.00106016559069122,
2013-02-06,93.56,1.3528,6696.62,91.0176,2.0,-0.58,2.58,,,3014975.0,,5192.0,13.41,,,,,,0.0,126.56796800000001,-0.0006719663732281944,0.0006719663732281944,0.0021346958840950947,0.0015019359761829776,
2013-02-07,93.24,1.3382,6680.18,91.2912,1.99,-0.58,2.57,,,,,,13.5,,,,,,0.0,124.773768,-0.014277218784075174,0.014277218784075174,-0.002457988200038841,0.003001503003757122,
2013-02-08,92.72,1.3366,6671.7,91.3056,1.99,-0.57,2.56,,,,,,13.02,,,,,,0.0,123.929552,-0.006788966407807351,0.006788966407807351,-0.0012702332765410773,0.00015772456066986962,
2013-02-09,,,,,,,,,,,,,,,,,,,0.0,,,,,,
2013-02-10,,,,,,,,,,,,,,,,,,,0.0,,,,,,
2013-02-11,93.44,1.3414,6566.09,91.4451,1.99,-0.58,2.57,,,,,,12.94,,,,,,0.0,125.34041599999999,,,,,
2013-02-12,93.14,1.345,6572.65,91.2779,2.02,-0.57,2.59,,,,,,12.64,,,,,,0.0,125.27329999999999,-0.0005356131553826415,0.0005356131553826415,0.0009985737666031724,-0.0018300930552372918,
2013-02-13,93.39,1.3448,6541.05,91.2709,2.05,-0.54,2.59,,,3074225.0,,5193.0,12.98,,,,,,0.0,125.590872,0.0025318256258612948,-0.0025318256258612948,-0.004819396686414734,-7.669182162128863e-05,
2013-02-14,93.1,1.3334,6514.78,91.366,2.0,-0.56,2.56,,,,,,12.66,,,,,,0.0,124.13953999999998,-0.01162332074905148,0.01162332074905148,-0.004024261261495354,0.0010414106743485974,
2013-02-15,93.64,1.3362,6411.56,91.4551,2.01,-0.53,2.54,,,,,,12.46,,,,,,0.0,125.121768,0.007881151647106677,-0.007881151647106677,-0.015970830721723672,0.0009747234542878402,
2013-02-16,,,,,,,,,,,,,,,,,,,0.0,,,,,,
2013-02-17,,,,,,,,,,,,,,,,,,,0.0,,,,,,
2013-02-18,,,6411.56,,,,,,,,,,,,,,,,0.0,,,,,,
2013-02-19,93.54,1.3387,6396.79,91.5073,2.03,-0.52,2.55,,,,,,12.31,,,,,,0.0,125.22199800000001,,,-0.002306309016676167,,
2013-02-20,93.53,1.335,6236.31,91.6689,2.02,-0.52,2.54,,,3095150.0,,5192.0,14.68,,,,,,0.0,124.86255,-0.0028746138087827333,0.0028746138087827333,-0.02540764072768731,0.0017644218181640525,
2013-02-21,92.96,1.3204,6285.97,92.0394,1.99,-0.54,2.53,,,,,,15.22,,,,,,0.0,122.744384,-0.017109518198170193,0.017109518198170193,0.007931504540252377,0.004033573903056364,
2013-02-22,93.35,1.3166,6300.54,92.1197,1.97,-0.57,2.54,,,,,,14.17,,,,,,0.0,122.90460999999999,0.0013045119388683801,-0.0013045119388683801,0.0023151781562944507,0.0008720720842907426,
2013-02-23,,,,,,,,,,,,,,,,,,,0.0,,,,,,
2013-02-24,,,,,,,,,,,,,,,,,,,0.0,,,,,,
2013-02-25,93.35,1.3172,6354.92,92.1975,1.88,-0.62,2.5,,,,,,18.99,,,,,,0.0,122.96061999999999,,,,,
2013-02-26,91.38,1.3054,6432.49,92.4247,1.88,-0.62,2.5,,,,,,16.87,,,,,,0.0,119.28745199999999,-0.030327998153698132,0.030327998153698132,0.012132394517834655,0.0024612437149249544,
2013-02-27,91.88,1.3104,6366.21,92.234,1.91,-0.61,2.52,,,3090600.0,,4194.0,14.73,,,,,,0.0,120.399552,0.009279668583459966,-0.009279668583459966,-0.010357394503810013,-0.0020654327989317878,
2013-02-28,92.36,1.3079,6300.75,92.295,1.89,-0.64,2.53,,,,,,15.51,,,,,,0.0,120.797644,0.003300970061698827,-0.003300970061698827,-0.01033564213229532,0.0006611427171012707,
2013-03-01,93.38,1.2988,6279.82,92.6177,1.86,-0.67,2.53,,,,10578.7,,15.36,,0.492,1.3545,4.64,1.9768,0.0,121.281944,0.004001168790080278,-0.004001168790080278,-0.003327356281978666,0.0034902992341718786,
2013-03-02,,,,,,,,,,,,,,,,,,,0.0,,,,,,
2013-03-03,,,,,,,,,,,,,,,,,,,0.0,,,,,,
2013-03-04,93.32,1.2996,6274.07,92.6316,1.88,-0.65,2.53,,,,,,14.01,,,,,,0.0,121.278672,,,,,
2013-03-05,93.39,1.3019,6276.85,92.4965,1.9,-0.65,2.55,,,,,,13.48,,,,,,0.0,121.58444100000001,0.0025180370768032034,-0.0025180370768032034,0.0004429954211264686,-0.0014595301737854172,
2013-03-06,93.64,1.299,6309.42,,1.95,-0.61,2.56,,,3108805.0,,8343.0,13.53,,,,,,0.0,121.63835999999999,0.00044337126833138285,-0.00044337126833138285,0.005175492453425079,,
2013-03-07,95.0,1.3098,6289.46,92.5462,2.0,-0.56,2.56,,,,,,13.06,,,,,,0.0,124.43100000000001,0.022698965091184853,-0.022698965091184853,-0.0031685382667756556,,
2013-03-08,96.0,1.2992,6294.86,92.6252,2.06,-0.5,2.56,,,,,,12.59,,,,,,0.0,124.72319999999999,0.002345536490755862,-0.002345536490755862,0.0008582109055446097,0.000853263568704854,
2013-03-09,,,,,,,,,,,,,,,,,,,0.0,,,,,,
2013-03-10,,,,,,,,,,,,,,,,,,,0.0,,,,,,
2013-03-11,96.12,1.3014,6282.8,92.5351,2.07,-0.5,2.57,,,,,,11.56,,,,,,0.0,125.09056799999999,,,,,
2013-03-12,95.96,1.3023,6324.24,92.3853,2.03,-0.52,2.55,,,,,,12.27,,,,,,0.0,124.96870799999999,-0.000974648984000126,0.000974648984000126,0.006574128304512428,-0.001620156919059923,
2013-03-13,96.0,1.2949,6309.88,92.4709,2.04,-0.52,2.56,,,3165396.0,,7988.0,11.83,,,,,,0.0,124.31039999999999,-0.0052817064025205696,0.0052817064025205696,-0.0022732103516123203,0.0009261253462780061,
2013-03-14,96.16,1.2974,6309.88,92.4695,2.04,-0.53,2.57,,,,,,11.3,,,,,,0.0,124.75798400000001,0.003594069023221458,-0.003594069023221458,0.0,-1.5140012674663694e-05,
2013-03-15,95.26,1.3076,6319.93,92.128,2.01,-0.55,2.56,,,,,,11.3,,,,,,0.0,124.56197600000002,-0.001572341343082151,0.001572341343082151,0.0015914732084194583,-0.003699945986084252,
2013-03-16,,,,,,,,,,,,,,,,,,,0.0,,,,,,
2013-03-17,,,,,,,,,,,,,,,,,,,0.0,,,,,,
2013-03-18,94.92,1.2956,6356.24,92.3377,1.96,-0.6,2.56,,,,,,13.36,,,,,,0.0,122.97835200000002,,,,,
2013-03-19,94.85,1.2888,6365.68,92.526,1.92,-0.61,2.53,,,,,,14.39,,,,,,0.0,122.24268,-0.006000090620949194,0.006000090620949194,0.0014840529939768032,0.002037177283823688,
2013-03-20,95.51,1.295,6359.32,92.4141,1.96,-0.57,2.53,,,3206888.0,,7965.0,12.67,,,,,,0.0,123.68545,0.011733399936496802,-0.011733399936496802,-0.0009996071559257302,-0.001210121695137012,
2013-03-21,95.06,1.2928,6379.42,92.3322,1.95,-0.57,2.52,,,,,,13.99,,,,,,0.0,122.893568,-0.006422969227590336,0.006422969227590336,0.003155730736432716,-0.0008866213327696215,
2013-03-22,94.48,1.2996,6370.39,92.2051,1.93,-0.6,2.53,,,,,,13.57,,,,,,0.0,122.78620800000002,-0.0008739832686419646,0.0008739832686419646,-0.0014164919335826198,-0.001377499509288782,
2013-03-23,,,,,,,,,,,,,,,,,,,0.0,,,,,,
2013-03-24,,,,,,,,,,,,,,,,,,,0.0,,,,,,
2013-03-25,94.34,1.2881,6367.32,92.3081,1.93,-0.6,2.53,,,,,,13.74,,,,,,0.0,121.519354,,,,,
2013-03-26,94.22,1.2858,6356.85,92.232,1.92,-0.61,2.53,,,,,,12.77,,,,,,0.0,121.148076,-0.0030599762786760465,0.0030599762786760465,-0.0016456872806607237,-0.0008247530408160841,
2013-03-27,94.38,1.2782,6378.19,92.446,1.87,-0.64,2.51,,,3202256.0,,8265.0,13.15,,,,,,0.0,120.636516,-0.00423154146505933,0.00423154146505933,0.003351386406931667,0.00231754833584219,
2013-03-28,94.02,1.2842,6353.37,92.2544,1.87,-0.64,2.51,,,,,,12.7,,,,,,0.0,120.740484,0.0008614574415100051,-0.0008614574415100051,-0.003898977256964642,-0.002074712006334245,
2013-03-29,94.16,1.2816,,92.302,,,,,,,,,,,,,,,0.0,120.675456,-0.0005387216898160574,0.0005387216898160574,,0.0005158314862612201,
2013-03-30,,,,,,,,,,,,,,,,,,,0.0,,,,,,
2013-03-31,,,,,,,,,,,,,,,,,,,0.0,,,,,,
2013-04-01,93.3,1.2857,6361.78,92.1687,1.86,-0.65,2.51,,,,10608.9,,13.58,,0.589,1.1961904762,4.278,1.7824,0.0,119.95581,,,,,
2013-04-02,93.43,1.2836,6287.72,92.1432,1.88,-0.63,2.51,,,,,,12.78,,,,,,0.0,119.92674800000002,-0.0002423019029347273,0.0002423019029347273,-0.011709687535024216,-0.00027670486998054855,
2013-04-03,92.96,1.2847,6221.88,92.104,1.83,-0.65,2.48,,,3215432.0,,8056.0,14.21,,,,,,0.0,119.42571199999999,-0.004186601899401232,0.004186601899401232,-0.01052641298698731,-0.00042551529240597574,
2013-04-04,96.12,1.2854,6204.03,92.3896,1.78,-0.7,2.48,,,,,,13.89,,,,,,0.0,123.55264800000002,0.03397284366428899,-0.03397284366428899,-0.0028730309938307386,0.0030960448290322518,
2013-04-05,96.86,1.3027,6303.72,92.1043,1.72,-0.74,2.46,,,,,,13.92,,,,,,0.0,126.17952199999999,0.021038305873147145,-0.021038305873147145,0.01594085443294979,-0.003092787646809647,
2013-04-06,,,,,,,,,,,,,,,,,,,0.0,,,,,,
2013-04-07,,,,,,,,,,,,,,,,,,,0.0,,,,,,
2013-04-08,98.9,1.3008,6281.57,92.2317,1.76,-0.69,2.45,,,,,,13.19,,,,,,0.0,128.64912,,,,,
2013-04-09,99.02,1.3092,6326.4,91.9669,1.78,-0.67,2.45,,,,,,12.84,,,,,,0.0,129.63698399999998,0.007649415138089921,-0.007649415138089921,0.007111404758846973,-0.0028751595551215203,
2013-04-10,99.61,1.306,6226.73,91.9598,1.84,-0.6,2.44,,,3227762.0,,8751.0,12.36,,,,,,0.0,130.09066,0.0034934784331479563,-0.0034934784331479563,-0.015880038607091862,-7.72046690720174e-05,
2013-04-11,99.42,1.3124,6237.34,91.6972,1.82,-0.65,2.47,,,,,,12.24,,,,,,0.0,130.47880800000001,0.0029792307600224888,-0.0029792307600224888,0.0017024940589625004,-0.002859680588890079,
2013-04-12,98.98,1.3094,5955.15,91.7967,1.75,-0.68,2.43,,,,,,12.06,,,,,,0.0,129.604412,-0.006723996222741668,0.006723996222741668,-0.04629741803912779,0.001084504822800092,
2013-04-13,,,,,,,,,,,,,,,,,,,0.0,,,,,,
2013-04-14,,,,,,,,,,,,,,,,,,,0.0,,,,,,
2013-04-15,98.0,1.3082,5395.43,91.9457,1.72,-0.69,2.41,,,,,,17.27,,,,,,0.0,128.2036,,,,,
2013-04-16,97.86,1.3141,5459.58,91.8451,1.75,-0.65,2.4,,,,,,13.96,,,,,,0.0,128.597826,0.003070281312886003,-0.003070281312886003,0.011819564758109635,-0.0010947230225530902,
2013-04-17,97.74,1.3049,5463.48,92.1372,1.73,-0.64,2.37,,,3295109.0,,7552.0,16.51,,,,,,0.0,127.54092599999998,-0.008252605200360641,0.008252605200360641,0.0007140856437164445,0.003175308118517961,
2013-04-18,98.22,1.3072,5522.3,92.176,1.72,-0.55,2.27,,,,,,17.56,,,,,,0.0,128.393184,0.0066600044066271735,-0.0066600044066271735,0.01070849080934444,0.0004210224831764364,
2013-04-19,99.28,1.3066,5570.67,92.2166,1.73,-0.59,2.32,,,,,,14.97,,,,,,0.0,129.719248,0.010275178586165445,-0.010275178586165445,0.008720893784182948,0.0004403647506041608,
2013-04-20,,,,,,,,,,,,,,,,,,,0.0,,,,,,
2013-04-21,,,,,,,,,,,,,,,,,,,0.0,,,,,,
2013-04-22,99.29,1.305,5669.26,92.3591,1.72,-0.63,2.35,,,,,,14.39,,,,,,0.0,129.57345,,,,,
2013-04-23,99.43,1.3012,5628.68,92.3836,1.74,-0.64,2.38,,,,,,13.48,,,,,,0.0,129.378316,-0.0015071072111183526,0.0015071072111183526,-0.007183641355814174,0.00026523375639353475,
2013-04-24,99.39,1.2997,5689.96,92.4581,1.73,-0.65,2.38,,,3318649.0,,7552.0,13.61,,,,,,0.0,129.177183,-0.0015558210237216485,0.0015558210237216485,0.010828261833912833,0.0008060952050765735,
2013-04-25,99.42,1.3004,5820.93,92.0394,1.74,-0.66,2.4,,,,,,13.62,,,,,,0.0,129.285768,0.0008402365288198155,-0.0008402365288198155,0.022756824555553834,-0.004538822681064758,
2013-04-26,97.84,1.3024,5791.0,91.9012,1.7,-0.68,2.38,,,,,,13.61,,,,,,0.0,127.426816,-0.01448300246908385,0.01448300246908385,-0.005155054548454885,-0.0015026592933207183,
2013-04-27,,,,,,,,,,,,,,,,,,,0.0,,,,,,
2013-04-28,,,,,,,,,,,,,,,,,,,0.0,,,,,,
2013-04-29,98.09,1.309,5849.01,91.6539,1.7,-0.67,2.37,,,,,,13.71,,,,,,0.0,128.39981,,,,,
2013-04-30,97.52,1.3168,5868.48,91.3741,1.7,-0.64,2.34,,,,,,13.52,,,,,,0.0,128.414336,0.00011312460969747917,-0.00011312460969747917,0.003323240372941072,-0.003057458071610064,
2013-05-01,97.28,1.3192,,91.4331,1.66,-0.64,2.3,,,3317194.0,10646.5,8576.0,14.49,,0.879,1.2940909091,3.964,1.9462,0.0,128.331776,-0.0006431256325756252,0.0006431256325756252,,0.0006454888215401411,
2013-05-02,97.96,1.3066,5834.66,91.6174,1.66,-0.62,2.28,,,,,,13.59,,,,,,0.0,127.994536,-0.002631334972628352,0.002631334972628352,,0.002013652650770581,
2013-05-03,99.1,1.3112,5842.24,91.5087,1.78,-0.53,2.31,,,,,,12.85,,,,,,0.0,129.93991999999997,0.015084614274944563,-0.015084614274944563,0.0012982899681777127,-0.0011871602438571216,
2013-05-04,,,,,,,,,,,,,,,,,,,0.0,,,,,,
2013-05-05,,,,,,,,,,,,,,,,,,,0.0,,,,,,
2013-05-06,99.35,1.3067,5845.52,91.6387,1.8,-0.51,2.31,,,,,,12.66,,,,,,0.0,129.82064499999998,,,,,
2013-05-07,99.0,1.3085,5771.91,91.5201,1.82,-0.5,2.32,,,,,,12.83,,,,,,0.0,129.5415,-0.002152550888135707,0.002152550888135707,-0.012672507619708284,-0.0012950512514384727,
2013-05-08,98.9,1.3177,5852.12,91.1848,1.81,-0.48,2.29,,,3324615.0,,7276.0,12.66,,,,,,0.0,130.32053000000002,0.0059957380750823575,-0.0059957380750823575,0.013800940483148949,-0.0036704037650467924,
2013-05-09,99.29,1.3105,5789.83,91.3036,1.81,-0.5,2.31,,,,,,13.13,,,,,,0.0,130.11954500000002,-0.0015434263709090956,0.0015434263709090956,-0.010701058570937505,0.001302000749445753,
2013-05-10,101.74,1.2955,5742.67,92.2527,1.9,-0.45,2.35,,,,,,12.59,,,,,,0.0,131.80417,0.012863655587819878,-0.012863655587819878,-0.008178671212663247,0.01034133351237898,
2013-05-11,,,,,,,,,,,,,,,,,,,0.0,,,,,,
2013-05-12,,,,,,,,,,,,,,,,,,,0.0,,,,,,
2013-05-13,101.84,1.2981,5683.88,92.2711,1.92,-0.41,2.33,,,,,,12.55,,,,,,0.0,132.198504,,,,,
2013-05-14,102.18,1.2969,5662.38,92.3697,1.96,-0.37,2.33,,,,,,12.77,,,,,,0.0,132.517242,0.0024081540962477277,-0.0024081540962477277,-0.0037897995873432677,0.0010680197374846045,
2013-05-15,102.44,1.2857,5541.93,92.7691,1.94,-0.36,2.3,,,3354269.0,,7276.0,12.81,,,,,,0.0,131.707108,-0.006132186822820351,0.006132186822820351,-0.021501482989799925,0.0043146074145115065,
2013-05-16,102.22,1.2898,5521.45,92.6602,1.87,-0.4,2.27,,,,,,13.07,,,,,,0.0,131.843356,0.0010339424948826448,-0.0010339424948826448,-0.003702308588049874,-0.0011745717911892939,
2013-05-17,102.98,1.2818,5404.49,93.1617,1.95,-0.31,2.26,,,,,,12.45,,,,,,0.0,131.999764,0.0011856137717112247,-0.0011856137717112247,-0.02141041739128724,0.005397654609989644,
2013-05-18,,,,,,,,,,,,,,,,,,,0.0,,,,,,
2013-05-19,,,,,,,,,,,,,,,,,,,0.0,,,,,,
2013-05-20,102.54,1.2865,5562.21,93.0359,1.97,-0.31,2.28,,,,,,13.02,,,,,,0.0,131.91771,,,,,
2013-05-21,102.36,1.291,5478.03,92.9662,1.94,-0.34,2.28,,,,,,13.37,,,,,,0.0,132.14676,0.0017348040608773374,-0.0017348040608773374,-0.015249964024679485,-0.0007494539390942023,
2013-05-22,103.52,1.2864,5440.34,93.3104,2.03,-0.24,2.27,,,3398713.0,,7277.0,13.82,,,,,,0.0,133.168128,0.007699327039061288,-0.007699327039061288,-0.006903988362342517,0.0036955837903196453,
2013-05-23,101.66,1.2944,5545.62,93.2113,2.02,-0.24,2.26,,,,,,14.07,,,,,,0.0,131.588704,-0.011931270854308451,0.011931270854308451,0.01916686808061918,-0.0010626110455227433,
2013-05-24,100.98,1.292,5514.9,93.2768,2.01,-0.26,2.27,,,,,,13.99,,,,,,0.0,130.46616,-0.008567296549666814,0.008567296549666814,-0.005554906820629313,0.000702457719214955,
2013-05-25,,,,,,,,,,,,,,,,,,,0.0,,,,,,
2013-05-26,,,,,,,,,,,,,,,,,,,0.0,,,,,,
2013-05-27,,,5514.9,,,,,,,,,,,,,,,,0.0,,,,,,
2013-05-28,102.07,1.287,5506.09,93.5853,2.15,-0.14,2.29,,,,,,14.48,,,,,,0.0,131.36408999999998,,,-0.0015987677833972924,,
2013-05-29,100.91,1.2944,5561.6,93.531,2.13,-0.1,2.23,,,3385128.0,,1771.0,14.83,,,,,,0.0,130.61790399999998,-0.0056964832308690205,0.0056964832308690205,0.010031084257480671,-0.0005803877216923325,
2013-05-30,101.06,1.3042,5637.39,93.4219,2.13,-0.05,2.18,,,,,,14.53,,,,,,0.0,131.80245200000002,0.009027928042200095,-0.009027928042200095,0.013535355794427772,-0.0011671390214837984,
2013-05-31,100.83,1.2988,5527.6,93.6076,2.16,-0.05,2.21,,,,,,16.3,,,,,,0.0,130.958004,-0.006427534189049844,0.006427534189049844,-0.019667467496116586,0.0019857836440042576,
2013-06-01,,,,,,,,,,,10705.6,,,,0.822,1.5305,4.379,2.3063,0.0,,,,,,
2013-06-02,,,,,,,,,,,,,,,,,,,0.0,,,,,,
2013-06-03,99.18,1.3098,5631.65,93.163,2.13,-0.07,2.2,,,,,,16.28,,,,,,0.0,129.905964,,,,,
2013-06-04,100.15,1.3075,5581.26,93.3067,2.14,-0.05,2.19,,,,,,16.27,,,,,,0.0,130.94612500000002,0.007975144205964568,-0.007975144205964568,-0.008987914683912024,0.0015412694764531665,
2013-06-05,99.16,1.3088,5593.14,93.275,2.1,-0.06,2.16,,,3400183.0,,1771.0,17.5,,,,,,0.0,129.780608,-0.00894058503543338,0.00894058503543338,0.002126289460893105,-0.0003397975289640698,
2013-06-06,97.76,1.3248,5633.7,92.809,2.08,-0.05,2.13,,,,,,16.63,,,,,,0.0,129.512448,-0.002068393961191184,0.002068393961191184,0.00722557308484717,-0.005008501258970455,
2013-06-07,97.2,1.3242,5503.02,92.6056,2.17,0.03,2.14,,,,,,15.14,,,,,,0.0,128.71224,-0.006197785097141306,0.006197785097141306,-0.023469387447867973,-0.002194002862679234,
2013-06-08,,,,,,,,,,,,,,,,,,,0.0,,,,,,
2013-06-09,,,,,,,,,,,,,,,,,,,0.0,,,,,,
2013-06-10,98.88,1.3234,5531.49,92.973,2.22,0.11,2.11,,,,,,15.44,,,,,,0.0,130.857792,,,,,
2013-06-11,96.82,1.3278,5501.58,92.7996,2.2,0.13,2.07,,,,,,17.07,,,,,,0.0,128.557596,-0.017734154490732124,0.017734154490732124,-0.005421894952510442,-0.0018667989828138332,
2013-06-12,95.36,1.3354,5540.62,92.4775,2.25,0.21,2.04,,,3410842.0,,1771.0,18.59,,,,,,0.0,127.34374399999999,-0.009486946055799805,0.009486946055799805,0.007071084143971618,-0.00347695775133694,
2013-06-13,94.29,1.3314,5521.48,92.3449,2.19,0.15,2.04,,,,,,16.41,,,,,,0.0,125.537706,-0.014283916096618832,0.014283916096618832,-0.003460467560383762,-0.0014348912550756765,
2013-06-14,94.34,1.333,5548.14,92.1886,2.14,0.09,2.05,,,,,,17.15,,,,,,0.0,125.75522,0.001731159390635284,-0.001731159390635284,0.004816796158502612,-0.0016940017652844475,
2013-06-15,,,,,,,,,,,,,,,,,,,0.0,,,,,,
2013-06-16,,,,,,,,,,,,,,,,,,,0.0,,,,,,
2013-06-17,94.87,1.3341,5484.28,92.3332,2.19,0.15,2.04,,,,,,16.8,,,,,,0.0,126.56606700000002,,,,,
2013-06-18,95.2,1.3407,5431.87,92.5432,2.2,0.14,2.06,,,,,,16.61,,,,,,0.0,127.63464,0.00840736681528842,-0.00840736681528842,-0.009602360302146451,0.0022717890473620272,
2013-06-19,95.22,1.3404,5383.55,92.4755,2.33,0.29,2.04,,,3470530.0,,1772.0,16.64,,,,,,0.0,127.63288800000001,-1.3726775306643901e-05,1.3726775306643901e-05,-0.008935449848040733,-0.0007318179516060397,
2013-06-20,98.18,1.3214,5110.83,94.125,2.41,0.46,1.95,,,,,,20.49,,,,,,0.0,129.735052,0.016336228596163238,-0.016336228596163238,-0.05198619022833917,0.017679941549435974,
2013-06-21,97.48,1.3113,5170.0,94.4243,2.52,0.59,1.93,,,,,,18.9,,,,,,0.0,127.825524,-0.014828068931307392,0.014828068931307392,0.011510870880018231,0.0031747691600134686,
2013-06-22,,,,,,,,,,,,,,,,,,,0.0,,,,,,
2013-06-23,,,,,,,,,,,,,,,,,,,0.0,,,,,,
2013-06-24,97.7,1.3091,5127.41,94.5714,2.57,0.64,1.93,,,,,,20.11,,,,,,0.0,127.89907,,,,,
2013-06-25,97.87,1.308,5109.81,94.3285,2.6,0.64,1.96,,,,,,18.47,,,,,,0.0,128.01396,0.0008978832200812192,-0.0008978832200812192,-0.0034384368686364297,-0.002571733853480751,
2013-06-26,97.43,1.3006,4898.1,94.3807,2.55,0.6,1.95,,,3478672.0,,1480.0,17.21,,,,,,0.0,126.71745800000001,-0.01017945258257047,0.01017945258257047,-0.04231484671016794,0.0005532321829715414,
2013-06-27,98.4,1.3016,4801.87,94.2429,2.49,0.5,1.99,,,,,,16.86,,,,,,0.0,128.07744000000002,0.010675213090734381,-0.010675213090734381,-0.019841949438797357,-0.0014611111707676372,
2013-06-28,99.21,1.301,4932.91,94.3047,2.52,0.53,1.99,,,,,,16.86,,,,,,0.0,129.07220999999998,0.0077369342112803,-0.0077369342112803,0.026923652229895012,0.0006555374050174478,
2013-06-29,,,,,,,,,,,,,,,,,,,0.0,,,,,,
2013-06-30,,,,,,,,,,,,,,,,,,,0.0,,,,,,
2013-07-01,99.62,1.306,5015.01,94.0998,2.5,0.48,2.02,,,,10743.0,,16.37,,0.79,1.5656521739,4.418,2.471,0.0,130.10372,,,,,
2013-07-02,100.43,1.3017,4972.42,94.4051,2.48,0.44,2.04,,,,,,16.44,,,,,,0.0,130.72973100000002,0.004800091396148787,-0.004800091396148787,-0.008528772299964515,0.0032391759252998753,
2013-07-03,99.82,1.3005,4999.65,94.4767,2.52,0.48,2.04,,,3492742.0,,1679.0,16.2,,,,,,0.0,129.81591,-0.007014699947493597,0.007014699947493597,0.005461266854092983,0.0007581461361505504,
2013-07-04,,,4999.65,,,,,,,,,,,,,,,,0.0,,,,0.0,,
2013-07-05,100.94,1.2831,4891.96,95.0639,2.73,0.66,2.07,,,,,,14.89,,,,,,0.0,129.516114,,,-0.021774868807369785,,
2013-07-06,,,,,,,,,,,,,,,,,,,0.0,,,,,,
2013-07-07,,,,,,,,,,,,,,,,,,,0.0,,,,,,
2013-07-08,101.07,1.2863,4950.1,94.9954,2.65,0.58,2.07,,,,,,14.78,,,,,,0.0,130.006341,,,,,
2013-07-09,101.08,1.2774,4995.21,94.9467,2.65,0.59,2.06,,,,,,14.35,,,,,,0.0,129.119592,-0.006844181523758763,0.006844181523758763,0.009071674862074275,-0.0005127878555324372,
2013-07-10,100.1,1.2846,5006.7,94.7595,2.7,0.64,2.06,,,3504095.0,,1479.0,14.21,,,,,,0.0,128.58846,-0.004121972502614923,0.004121972502614923,0.0022975621765120025,-0.0019735787313459596,
2013-07-11,98.8,1.3046,5120.77,93.949,2.6,0.56,2.04,,,,,,14.01,,,,,,0.0,128.89448,0.0023770129709506094,-0.0023770129709506094,0.022527802933550944,-0.008590020945420385,
2013-07-12,99.39,1.3048,5116.6,94.0029,2.61,0.55,2.06,,,,,,13.84,,,,,,0.0,129.684072,0.0061071921709006105,-0.0061071921709006105,-0.0008146624046272422,0.0005735510146758216,
2013-07-13,,,,,,,,,,,,,,,,,,,0.0,,,,,,
2013-07-14,,,,,,,,,,,,,,,,,,,0.0,,,,,,
2013-07-15,100.04,1.3039,5067.18,93.9729,2.57,0.47,2.1,,,,,,13.79,,,,,,0.0,130.442156,,,,,
2013-07-16,99.37,1.3144,5084.37,93.5232,2.55,0.41,2.14,,,,,,14.42,,,,,,0.0,130.611928,0.0013006655274852008,-0.0013006655274852008,0.003386678178245006,-0.004796908973700553,
2013-07-17,99.7,1.3094,5056.95,93.5498,2.52,0.38,2.14,,,3537861.0,,1479.0,13.78,,,,,,0.0,130.54718,-0.0004958509915464759,0.0004958509915464759,-0.00540759325572715,0.0002843809654970997,
2013-07-18,100.6,1.3078,5079.05,93.681,2.56,0.38,2.18,,,,,,13.77,,,,,,0.0,131.56468,0.007763899818031383,-0.007763899818031383,0.00436070146420775,0.0014014790459118132,
2013-07-19,100.3,1.3142,5104.22,93.4759,2.5,0.29,2.21,,,,,,12.54,,,,,,0.0,131.81426,0.0018952166388421787,-0.0018952166388421787,0.004943412333615171,-0.0021917448098793813,
2013-07-20,,,,,,,,,,,,,,,,,,,0.0,,,,,,
2013-07-21,,,,,,,,,,,,,,,,,,,0.0,,,,,,
2013-07-22,99.6,1.3193,5149.45,93.2253,2.5,0.28,2.22,,,,,,12.29,,,,,,0.0,131.40228,,,,,
2013-07-23,99.76,1.3212,5153.34,93.1631,2.53,0.33,2.2,,,,,,12.66,,,,,,0.0,131.802912,0.003044258408132272,-0.003044258408132272,0.0007551352953605317,-0.0006674235339643175,
2013-07-24,100.21,1.3228,5135.53,93.3124,2.61,0.44,2.17,,,3574574.0,,1480.0,13.18,,,,,,0.0,132.557788,0.005710970289459105,-0.005710970289459105,-0.0034619968545346325,0.0016012830843923354,
2013-07-25,99.56,1.3234,5152.72,93.2862,2.61,0.44,2.17,,,,,,12.97,,,,,,0.0,131.757704,-0.006054026100525078,0.006054026100525078,0.0033416792936531436,-0.00028081668535762105,
2013-07-26,98.24,1.3269,5153.95,93.1695,2.58,0.43,2.15,,,,,,12.72,,,,,,0.0,130.35465599999998,-0.010705801136126958,0.010705801136126958,0.00023868038965879634,-0.0012517720320532888,
2013-07-27,,,,,,,,,,,,,,,,,,,0.0,,,,,,
2013-07-28,,,,,,,,,,,,,,,,,,,0.0,,,,,,
2013-07-29,97.8,1.3262,5152.72,93.1663,2.61,0.45,2.16,,,,,,13.39,,,,,,0.0,129.70236,,,,,
2013-07-30,98.02,1.3266,5147.61,93.3976,2.63,0.46,2.17,,,,,,13.39,,,,,,0.0,130.033332,0.002548530597318077,-0.002548530597318077,-0.0009922013021359533,0.002479580653158564,
2013-07-31,98.35,1.3282,5146.18,93.5703,2.6,0.38,2.22,,,3571797.0,,1479.0,13.45,,,,,,0.0,130.62847,0.004566369368824041,-0.004566369368824041,-0.0002778374163838748,0.0018473764653279545,
2013-08-01,99.3,1.3217,5136.35,93.7972,2.74,0.48,2.26,,,,10803.6,,12.94,,0.708,1.735,4.419,2.7088,0.0,131.24481,0.004707170873206934,-0.004707170873206934,-0.001911981388744266,0.0024219793818662794,
2013-08-02,99.04,1.3268,5137.99,93.5789,2.63,0.42,2.21,,,,,,11.98,,,,,,0.0,131.406272,0.0012294791942952799,-0.0012294791942952799,0.0003192419199535834,-0.0023300740998131175,
2013-08-03,,,,,,,,,,,,,,,,,,,0.0,,,,,,
2013-08-04,,,,,,,,,,,,,,,,,,,0.0,,,,,,
2013-08-05,98.54,1.3257,5141.06,93.507,2.67,0.42,2.25,,,,,,11.84,,,,,,0.0,130.63447800000003,,,,,
2013-08-06,97.85,1.3296,5117.33,93.3199,2.67,0.39,2.28,,,,,,12.72,,,,,,0.0,130.10135999999997,-0.004089339977352502,0.004089339977352502,-0.004626465230264998,-0.002002924231458536,
2013-08-07,96.72,1.3329,5127.01,93.2652,2.61,0.35,2.26,,,3585359.0,,1479.0,12.98,,,,,,0.0,128.91808799999998,-0.009136613026758944,0.009136613026758944,0.0018898246018697051,-0.0005863276496045344,
2013-08-08,96.03,1.3392,5182.83,92.8483,2.58,0.34,2.24,,,,,,12.73,,,,,,0.0,128.603376,-0.0024441625314173265,0.0024441625314173265,0.010828595874686542,-0.004480069390995212,
2013-08-09,96.24,1.3338,5184.52,92.8394,2.57,0.33,2.24,,,,,,13.41,,,,,,0.0,128.364912,-0.0018559805204629853,0.0018559805204629853,0.0003260235286681734,-9.585987662941164e-05,
2013-08-10,,,,,,,,,,,,,,,,,,,0.0,,,,,,
2013-08-11,,,,,,,,,,,,,,,,,,,0.0,,,,,,
2013-08-12,96.44,1.3312,5112.52,92.9178,2.61,0.37,2.24,,,,,,12.81,,,,,,0.0,128.38092799999998,,,,,
2013-08-13,98.06,1.3247,5085.57,93.476,2.71,0.48,2.23,,,,,,12.31,,,,,,0.0,129.900082,0.01176371053338876,-0.01176371053338876,-0.005285315728011497,0.005989487512310987,
2013-08-14,98.15,1.3256,5115.31,93.382,2.71,0.5,2.21,,,3646323.0,,1479.0,13.04,,,,,,0.0,130.10764,0.0015965529215202778,-0.0015965529215202778,0.005830886014026149,-0.001006111677630983,
2013-08-15,97.81,1.3263,5155.63,93.5059,2.77,0.6,2.17,,,,,,14.73,,,,,,0.0,129.725403,-0.0029421760321142187,0.0029421760321142187,0.007851317819188353,0.001325928732167192,
2013-08-16,97.6,1.3321,5168.0,93.4255,2.84,0.68,2.16,,,,,,14.37,,,,,,0.0,130.01296,0.002214205973754879,-0.002214205973754879,0.002396445033388872,-0.000860208664330564,
2013-08-17,,,,,,,,,,,,,,,,,,,0.0,,,,,,
2013-08-18,,,,,,,,,,,,,,,,,,,0.0,,,,,,
2013-08-19,97.94,1.3348,5160.22,93.6623,2.88,0.75,2.13,,,,,,15.1,,,,,,0.0,130.730312,,,,,
2013-08-20,97.12,1.3426,5168.8,93.5536,2.82,0.67,2.15,,,,,,14.91,,,,,,0.0,130.393312,-0.0025811543355516164,0.0025811543355516164,0.0016613390183053411,-0.0011612262870261958,
2013-08-21,97.66,1.3368,5167.6,94.0362,2.87,0.73,2.14,,,3645668.0,,317.0,15.94,,,,,,0.0,130.551888,0.0012153970988588725,-0.0012153970988588725,-0.00023218915780987004,0.005145280443733746,
2013-08-22,98.53,1.3362,5183.17,94.2804,2.9,0.79,2.11,,,,,,14.76,,,,,,0.0,131.655786,0.008420077911062585,-0.008420077911062585,0.0030084741026161765,0.002593506221752584,
2013-08-23,98.57,1.3392,5208.72,93.9466,2.82,0.69,2.13,,,,,,13.98,,,,,,0.0,132.004944,0.002648541586798281,-0.002648541586798281,0.004917305992078624,-0.0035467849981651867,
2013-08-24,,,,,,,,,,,,,,,,,,,0.0,,,,,,
2013-08-25,,,,,,,,,,,,,,,,,,,0.0,,,,,,
2013-08-26,98.64,1.3369,5210.71,94.1853,2.79,0.64,2.15,,,,,,14.99,,,,,,0.0,131.871816,,,,,
2013-08-27,97.3,1.3387,5222.49,94.3934,2.72,0.57,2.15,,,,,,16.77,,,,,,0.0,130.25551,-0.012332376861354355,0.012332376861354355,0.0022581767829379373,0.002207037003346457,
2013-08-28,97.65,1.3326,5215.3,94.4127,2.78,0.63,2.15,,,3644456.0,,321.0,16.49,,,,,,0.0,130.12839,-0.0009764045326869919,0.0009764045326869919,-0.001377686490574348,0.00020444254785445537,
2013-08-29,98.46,1.3228,5216.1,94.6398,2.75,0.65,2.1,,,,,,16.81,,,,,,0.0,130.242888,0.0008794979865678343,-0.0008794979865678343,0.00015338305530754326,0.0024025083956669135,
2013-08-30,98.22,1.3196,5209.52,94.7541,2.78,0.68,2.1,,,,,,17.01,,,,,,0.0,129.61111200000002,-0.004862555472167962,0.004862555472167962,-0.0012622752169519913,0.001207008397595466,
2013-08-31,,,,,,,,,,,,,,,,,,,0.0,,,,,,
2013-09-01,,,,,,,,,,,10865.8,,,,0.669,1.8880952381,4.541,2.8443,0.0,,,,,,
2013-09-02,,,5209.52,,,,,,,,,,,,,,,,0.0,,,,,,
2013-09-03,99.43,1.3164,5230.47,94.9574,2.86,0.76,2.1,,,,,,16.61,,,,,,0.0,130.889652,,,0.004013419193134027,,
2013-09-04,99.61,1.3212,5218.5,94.5739,2.9,0.83,2.07,,,3654182.0,,317.0,15.88,,,,,,0.0,131.60473199999998,0.0054483586125417816,-0.0054483586125417816,-0.0022911359179289548,-0.0040468305063736665,
2013-09-05,100.08,1.312,5190.75,94.8891,2.98,0.92,2.06,,,,,,15.77,,,,,,0.0,131.30496,-0.0022804190110186084,0.0022804190110186084,-0.0053318088700251565,0.0033273018034822854,
2013-09-06,99.04,1.3166,5223.69,94.2487,2.94,0.87,2.07,,,,,,15.85,,,,,,0.0,130.396064,-0.0069460916926278315,0.0069460916926278315,0.006325853304643303,-0.006771808144685032,
2013-09-07,,,,,,,,,,,,,,,,,,,0.0,,,,,,
2013-09-08,,,,,,,,,,,,,,,,,,,0.0,,,,,,
2013-09-09,99.55,1.326,5233.07,94.0009,2.9,0.84,2.06,,,,,,15.63,,,,,,0.0,132.0033,,,,,
2013-09-10,100.22,1.326,5208.69,93.938,2.96,0.86,2.1,,,,,,14.53,,,,,,0.0,132.89172,0.006707739021373449,-0.006707739021373449,-0.004669719339091216,-0.0006693665052690534,
2013-09-11,100.08,1.3301,5211.66,93.7112,2.93,0.8,2.13,,,3662035.0,,320.0,13.82,,,,,,0.0,133.116408,0.0016893322405202582,-0.0016893322405202582,0.0005700384498457112,-0.0024172776695774445,
2013-09-12,99.24,1.3315,5105.31,93.5903,2.92,0.81,2.11,,,,,,14.29,,,,,,0.0,132.13806,-0.007376708440319568,0.007376708440319568,-0.02061724850697111,-0.0012909668827107978,
2013-09-13,99.38,1.3276,5112.3,93.6666,2.9,0.8,2.1,,,,,,14.16,,,,,,0.0,131.93688799999998,-0.0015235980575925012,0.0015235980575925012,0.0013682262467380468,0.0008149232869136824,
2013-09-14,,,,,,,,,,,,,,,,,,,0.0,,,,,,
2013-09-15,,,,,,,,,,,,,,,,,,,0.0,,,,,,
2013-09-16,98.98,1.335,4997.41,93.2875,2.88,0.76,2.12,,,,,,14.38,,,,,,0.0,132.13830000000002,,,,,
2013-09-17,99.16,1.3357,4998.79,93.2231,2.86,0.7,2.16,,,,,,14.53,,,,,,0.0,132.448012,0.0023411047919594807,-0.0023411047919594807,0.00027610492162288836,-0.0006905773994541065,
2013-09-18,99.04,1.3351,5193.31,93.2569,2.69,0.49,2.2,,,3722192.0,,262.0,13.59,,,,,,0.0,132.228304,-0.0016602018177138689,0.0016602018177138689,0.0381753756773584,0.0003625053664748634,
2013-09-19,99.33,1.3527,5187.98,92.4082,2.76,0.55,2.21,,,,,,13.16,,,,,,0.0,134.363691,0.01602023099007699,-0.01602023099007699,-0.0010268474280827888,-0.0091423311257115,
2013-09-20,99.38,1.3522,5056.14,92.6049,2.75,0.52,2.23,,,,,,13.12,,,,,,0.0,134.38163600000001,0.0001335465083398546,-0.0001335465083398546,-0.025741065062033996,0.0021263367200674566,
2013-09-21,,,,,,,,,,,,,,,,,,,0.0,,,,,,
2013-09-22,,,,,,,,,,,,,,,,,,,0.0,,,,,,
2013-09-23,98.76,1.352,5044.32,92.613,2.72,0.46,2.26,,,,,,14.31,,,,,,0.0,133.52352000000002,,,,,
2013-09-24,98.76,1.349,5050.03,92.7691,2.67,0.48,2.19,,,,,,14.08,,,,,,0.0,133.22724,-0.0022214003951539496,0.0022214003951539496,0.0011313260604239872,0.0016840896385748039,
2013-09-25,98.62,1.3536,5092.99,92.7675,2.63,0.45,2.18,,,3734018.0,,263.0,14.01,,,,,,0.0,133.492032,0.001985548963204131,-0.001985548963204131,0.008470900557572492,-1.7247270888809396e-05,
2013-09-26,98.95,1.3484,5057.32,93.0096,2.66,0.47,2.19,,,,,,14.06,,,,,,0.0,133.42418,-0.0005084142394586877,0.0005084142394586877,-0.007028385701726592,0.0026063506971532036,
2013-09-27,98.3,1.3537,5100.88,92.9747,2.64,0.46,2.18,,,,,,15.46,,,,,,0.0,133.06870999999998,-0.0026677650636193206,0.0026677650636193206,0.008576375145489479,-0.00037530050019984884,
2013-09-28,,,,,,,,,,,,,,,,,,,0.0,,,,,,
2013-09-29,,,,,,,,,,,,,,,,,,,0.0,,,,,,
2013-09-30,98.29,1.3535,5071.32,92.9207,2.64,0.45,2.19,,,,,,16.6,,,,,,0.0,133.035515,,,,,
2013-10-01,98.05,1.3534,4934.54,92.9515,2.66,0.46,2.2,,,,10989.2,,15.54,,0.59,1.762173913,4.248,2.6784,0.0,132.70086999999998,-0.002518625192413637,0.002518625192413637,-0.02734168195801523,0.00033141050982177234,
2013-10-02,97.36,1.3592,5031.9,92.772,2.63,0.43,2.2,,,3747387.0,,511.0,16.6,,,,,,0.0,132.33171199999998,-0.0027857574034859667,0.0027857574034859667,0.019538189598508282,-0.0019329816193485172,
2013-10-03,97.08,1.3642,5036.24,92.7461,2.62,0.43,2.19,,,,,,17.67,,,,,,0.0,132.43653600000002,0.0007918170420255777,-0.0007918170420255777,0.0008621255303982167,-0.00027921804037767117,
2013-10-04,97.2,1.3582,5011.8,92.6469,2.66,0.46,2.2,,,,,,16.74,,,,,,0.0,132.01704,-0.003172551932935086,0.003172551932935086,-0.004864639909300195,-0.0010701591696262724,
2013-10-05,,,,,,,,,,,,,,,,,,,0.0,,,,,,
2013-10-06,,,,,,,,,,,,,,,,,,,0.0,,,,,,
2013-10-07,97.02,1.3569,5054.76,92.6725,2.65,0.45,2.2,,,,,,19.41,,,,,,0.0,131.646438,,,,,
2013-10-08,96.94,1.3582,5045.37,92.7558,2.66,0.48,2.18,,,,,,20.34,,,,,,0.0,131.663908,0.00013269512794344962,-0.00013269512794344962,-0.0018593825436585831,0.0008984605435475856,
2013-10-09,97.23,1.3513,4997.6,93.0829,2.68,0.47,2.21,,,3758663.0,,186.0,19.6,,,,,,0.0,131.386899,-0.0021061262313146756,0.0021061262313146756,-0.009513193859641333,0.0035202607184787738,
2013-10-10,98.09,1.3535,4933.33,92.8579,2.71,0.5,2.21,,,,,,16.48,,,,,,0.0,132.764815,0.010432856764973408,-0.010432856764973408,-0.012943580771167973,-0.0024201262963146064,
2013-10-11,98.42,1.3559,4874.44,92.854,2.7,0.5,2.2,,,,,,15.72,,,,,,0.0,133.44767800000002,0.005130221275516433,-0.005130221275516433,-0.012008990369386296,-4.200053955205618e-05,
2013-10-12,,,,,,,,,,,,,,,,,,,0.0,,,,,,
2013-10-13,,,,,,,,,,,,,,,,,,,0.0,,,,,,
2013-10-14,,,4857.2,,,,,,,,,,16.07,,,,,,0.0,,,,,,
2013-10-15,98.58,1.3494,4887.14,92.7642,2.75,0.54,2.21,,,,,,18.66,,,,,,0.0,133.023852,,,0.006145125112123395,,
2013-10-16,98.9,1.349,4884.77,92.6819,2.69,0.5,2.19,,,3813599.0,,272.0,14.71,,,,,,0.0,133.4161,0.002944365365865842,-0.002944365365865842,-0.0004850638301974186,-0.0008875894980064913,
2013-10-17,97.85,1.3664,5016.14,92.0246,2.61,0.45,2.16,,,,,,13.48,,,,,,0.0,133.70224,0.0021424220399683946,-0.0021424220399683946,0.026538512147476823,-0.007117267390723825,
2013-10-18,97.77,1.3693,5004.72,91.9989,2.6,0.42,2.18,,,,,,13.04,,,,,,0.0,133.87646099999998,0.001302203979376415,-0.001302203979376415,-0.0022792464806169477,-0.0002793121548831934,
2013-10-19,,,,,,,,,,,,,,,,,,,0.0,,,,,,
2013-10-20,,,,,,,,,,,,,,,,,,,0.0,,,,,,
2013-10-21,98.14,1.3672,5013.19,92.2498,2.63,0.44,2.19,,,,,,13.16,,,,,,0.0,134.177008,,,,,
2013-10-22,98.18,1.3778,5083.11,91.9563,2.54,0.37,2.17,,,,,,13.33,,,,,,0.0,135.272404,0.008130669325863593,-0.008130669325863593,0.013850839974598017,-0.0031866506958024843,
2013-10-23,97.28,1.3786,5069.91,92.0947,2.51,0.36,2.15,,,3839033.0,,272.0,13.42,,,,,,0.0,134.110208,-0.008628643119593882,0.008628643119593882,-0.002600213027692533,0.0015039312591209608,
2013-10-24,97.36,1.381,5102.02,92.1867,2.53,0.36,2.17,,,,,,13.2,,,,,,0.0,134.45416,0.0025614134191558335,-0.0025614134191558335,0.006313473777053602,0.0009984730704593048,
2013-10-25,97.46,1.3794,5120.93,92.1623,2.53,0.34,2.19,,,,,,13.09,,,,,,0.0,134.43632399999998,-0.00013266367601261209,0.00013266367601261209,0.0036995234384598064,-0.0002647152969910138,
2013-10-26,,,,,,,,,,,,,,,,,,,0.0,,,,,,
2013-10-27,,,,,,,,,,,,,,,,,,,0.0,,,,,,
2013-10-28,97.7,1.3786,5127.62,92.1872,2.54,0.35,2.19,,,,,,13.31,,,,,,0.0,134.68922,,,,,
2013-10-29,98.09,1.377,5109.7,92.301,2.53,0.35,2.18,,,,,,13.41,,,,,,0.0,135.06993,0.0028225938045904897,-0.0028225938045904897,-0.0035009198311559686,0.0012336833947470538,
2013-10-30,98.14,1.3771,5107.14,92.3057,2.55,0.37,2.18,,,3843396.0,,272.0,13.65,,,,,,0.0,135.148594,0.0005822250899587544,-0.0005822250899587544,-0.0005011334333460127,5.09190619952804e-05,
2013-10-31,98.1,1.3594,5056.32,92.731,2.57,0.4,2.17,,,,,,13.75,,,,,,0.0,133.35714,-0.013344076910982494,0.013344076910982494,-0.010000614662990515,0.004596934002238484,
2013-11-01,98.78,1.3488,5031.51,93.155,2.65,0.5,2.15,,,,10999.8,,13.28,,0.605,1.6771428571,4.095,2.7598,0.0,133.234464,-0.0009203291237849243,0.0009203291237849243,-0.004918808112838846,0.004561943721780537,
2013-11-02,,,,,,,,,,,,,,,,,,,0.0,,,,,,
2013-11-03,,,,,,,,,,,,,,,,,,,0.0,,,,,,
2013-11-04,98.62,1.3516,5029.93,92.9359,2.63,0.5,2.13,,,,,,12.93,,,,,,0.0,133.294792,,,,,
2013-11-05,98.6,1.347,5021.26,93.2112,2.69,0.55,2.14,,,,,,13.27,,,,,,0.0,132.8142,-0.0036119976171606893,0.0036119976171606893,-0.0017251692884752146,0.0029578779440297964,
2013-11-06,98.6,1.353,5045.35,93.0943,2.67,0.48,2.19,,,3851623.0,,272.0,12.67,,,,,,0.0,133.4058,0.004444451760423185,-0.004444451760423185,0.004786128793277555,-0.0012549282263982775,
2013-11-07,98.56,1.339,5008.73,93.4003,2.63,0.46,2.17,,,,,,13.91,,,,,,0.0,131.97184,-0.010807044302995727,0.010807044302995727,-0.0072846370706045604,0.0032815993021433343,
2013-11-08,99.03,1.3357,4946.1,93.6619,2.77,0.59,2.18,,,,,,12.9,,,,,,0.0,132.274371,0.0022897670398895897,-0.0022897670398895897,-0.012583002694910306,0.002796932469924407,
2013-11-09,,,,,,,,,,,,,,,,,,,0.0,,,,,,
2013-11-10,,,,,,,,,,,,,,,,,,,0.0,,,,,,
2013-11-11,,,4892.01,,,,,,,,,,12.53,,,,,,0.0,,,,,,
2013-11-12,99.65,1.3428,4840.07,93.7651,2.8,0.62,2.18,,,,,,12.82,,,,,,0.0,133.81002,,,-0.010674078542685095,,
2013-11-13,99.31,1.3456,4855.22,93.4848,2.75,0.58,2.17,,,3907424.0,,272.0,12.52,,,,,,0.0,133.63153599999998,-0.0013347516307327112,0.0013347516307327112,0.0031252313919285513,-0.0029938623130441044,
2013-11-14,99.93,1.3468,4906.18,93.4328,2.69,0.51,2.18,,,,,,12.37,,,,,,0.0,134.585724,0.0071150680266667266,-0.0071150680266667266,0.010441220105075644,-0.0005563949177771477,
2013-11-15,100.17,1.348,4912.67,93.2854,2.71,0.53,2.18,,,,,,12.19,,,,,,0.0,135.02916000000002,0.0032894059353072436,-0.0032894059353072436,0.0013219472637082674,-0.0015788501669300459,
2013-11-16,,,,,,,,,,,,,,,,,,,0.0,,,,,,
2013-11-17,,,,,,,,,,,,,,,,,,,0.0,,,,,,
2013-11-18,100.04,1.352,4863.28,92.9824,2.67,0.48,2.19,,,,,,13.1,,,,,,0.0,135.25408000000002,,,,,
2013-11-19,100.14,1.3529,4866.63,93.0649,2.71,0.53,2.18,,,,,,13.39,,,,,,0.0,135.479406,0.0016645598987850008,-0.0016645598987850008,0.0006885983801225848,0.0008868713000129702,
2013-11-20,100.02,1.3451,4756.64,93.2501,2.8,0.64,2.16,,,3906620.0,,273.0,13.4,,,,,,0.0,134.536902,-0.006981117805819892,0.006981117805819892,-0.02286016913308586,0.001988031677499613,
2013-11-21,100.95,1.347,4753.1,93.5638,2.79,0.6,2.19,,,,,,12.66,,,,,,0.0,135.97965,0.010666716463917147,-0.010666716463917147,-0.0007444998840160366,0.0033584256294894033,
2013-11-22,101.29,1.3547,4753.49,93.4198,2.75,0.56,2.19,,,,,,12.26,,,,,,0.0,137.217563,0.009062475116186519,-0.009062475116186519,8.204834755964896e-05,-0.001540242336420583,
2013-11-23,,,,,,,,,,,,,,,,,,,0.0,,,,,,
2013-11-24,,,,,,,,,,,,,,,,,,,0.0,,,,,,
2013-11-25,101.7,1.3502,4774.94,93.5539,2.74,0.56,2.18,,,,,,12.79,,,,,,0.0,137.31534000000002,,,,,
2013-11-26,101.38,1.3555,4751.13,93.5226,2.71,0.54,2.17,,,,,,12.81,,,,,,0.0,137.42058999999998,0.0007661903206388487,-0.0007661903206388487,-0.004998923917796105,-0.00033462247040194626,
2013-11-27,102.18,1.3563,4736.96,93.6864,2.74,0.58,2.16,,,3925876.0,,272.0,12.98,,,,,,0.0,138.586734,0.008450144888398015,-0.008450144888398015,-0.0029869047479351707,0.0017499163159797604,
2013-11-28,,,4736.96,,,,,,,,,,,,,,,,0.0,,,,0.0,,
2013-11-29,102.45,1.3606,4785.76,93.6291,2.75,0.6,2.15,,,,,,13.7,,,,,,0.0,139.39347,,,0.01024926222590139,,
2013-11-30,,,,,,,,,,,,,,,,,,,0.0,,,,,,
2013-12-01,,,,,,,,,,,11062.4,,,,0.688,1.7977777778,4.114,2.9458,0.0,,,,,,
2013-12-02,103.04,1.3552,4664.75,93.8856,2.81,0.66,2.15,,,,,,14.23,,,,,,0.0,139.63980800000002,,,,,
2013-12-03,102.36,1.3604,4680.1,93.8251,2.79,0.64,2.15,,,,,,14.55,,,,,,0.0,139.250544,-0.002791521829204946,0.002791521829204946,0.0032852349274197223,-0.000644608987073525,
2013-12-04,102.48,1.3555,4757.23,93.8997,2.84,0.73,2.11,,,3932626.0,,272.0,14.7,,,,,,0.0,138.91164,-0.0024367378974297083,0.0024367378974297083,0.016346088858984587,0.0007947804864025798,
2013-12-05,101.82,1.3664,4692.69,93.4954,2.88,0.76,2.12,,,,,,15.08,,,,,,0.0,139.126848,0.0015480449812965702,-0.0015480449812965702,-0.013659587278954888,-0.00431495409751026,
2013-12-06,102.88,1.369,4702.72,93.4045,2.88,0.77,2.11,,,,,,13.79,,,,,,0.0,140.84271999999999,0.012257714269262365,-0.012257714269262365,0.002135085921789681,-0.000972713277719528,
2013-12-07,,,,,,,,,,,,,,,,,,,0.0,,,,,,
2013-12-08,,,,,,,,,,,,,,,,,,,0.0,,,,,,
2013-12-09,103.22,1.3726,4748.96,93.1444,2.86,0.74,2.12,,,,,,13.49,,,,,,0.0,141.679772,,,,,
2013-12-10,102.8,1.3765,4830.52,,2.81,0.69,2.12,,,,,,13.91,,,,,,0.0,141.5042,-0.0012399855913889368,0.0012399855913889368,0.017028475619342842,,
2013-12-11,102.38,1.3798,4795.12,93.0842,2.86,0.71,2.15,,,3993955.0,,272.0,15.42,,,,,,0.0,141.26392399999997,-0.0016994564622816455,0.0016994564622816455,-0.0073553882339219,,
2013-12-12,103.11,1.3752,4701.79,93.4292,2.89,0.75,2.14,,,,,,15.54,,,,,,0.0,141.796872,0.00376561245704643,-0.00376561245704643,-0.019655446816591038,0.0036994703166062237,
2013-12-13,103.28,1.3724,4738.96,93.3568,2.88,0.72,2.16,,,,,,15.76,,,,,,0.0,141.74147200000002,-0.00039077607581017304,0.00039077607581017304,0.00787441507606168,-0.000775218738296779,
2013-12-14,,,,,,,,,,,,,,,,,,,0.0,,,,,,
2013-12-15,,,,,,,,,,,,,,,,,,,0.0,,,,,,
2013-12-16,102.91,1.3757,4711.85,93.2175,2.89,0.71,2.18,,,,,,16.03,,,,,,0.0,141.573287,,,,,
2013-12-17,102.63,1.3748,4682.36,93.302,2.85,0.67,2.18,,,,,,16.21,,,,,,0.0,141.095724,-0.003378958681648392,0.003378958681648392,-0.00627835589561343,0.000906071545130338,
2013-12-18,103.18,1.3766,4652.27,93.4207,2.89,0.72,2.17,,,4008062.0,,273.0,13.8,,,,,,0.0,142.03758800000003,0.006653173147466163,-0.006653173147466163,-0.006446983805604489,0.001271404237295215,
2013-12-19,104.16,1.3666,4551.38,93.7368,2.94,0.79,2.15,,,,,,14.15,,,,,,0.0,142.345056,0.002162355026168683,-0.002162355026168683,-0.021924788844060572,0.0033779068492050257,
2013-12-20,104.07,1.3673,4594.26,93.7211,2.89,0.73,2.16,,,,,,13.79,,,,,,0.0,142.29491099999998,-0.0003523398421325652,0.0003523398421325652,0.009377214543855317,-0.00016750427735168216,
2013-12-21,,,,,,,,,,,,,,,,,,,0.0,,,,,,
2013-12-22,,,,,,,,,,,,,,,,,,,0.0,,,,,,
2013-12-23,104.06,1.3701,4582.85,93.572,2.94,0.76,2.18,,,,,,13.04,,,,,,0.0,142.572606,,,,,
2013-12-24,104.26,1.3676,4603.89,93.6734,2.99,0.8,2.19,,,,,,12.48,,,,,,0.0,142.585976,9.377238388541542e-05,-9.377238388541542e-05,0.004580522968323564,0.0010830707714282184,
2013-12-25,,,,,,,,,,4032575.0,,273.0,,,,,,,0.0,,,,,,
2013-12-26,104.72,1.369,4629.06,93.766,3.0,0.8,2.2,,,,,,12.33,,,,,,0.0,143.36168,,,,,
2013-12-27,105.05,1.3766,4644.21,93.7018,3.02,0.8,2.22,,,,,,12.46,,,,,,0.0,144.61183,0.008682450365179228,-0.008682450365179228,0.0032674587235810293,-0.0006849176499619247,
2013-12-28,,,,,,,,,,,,,,,,,,,0.0,,,,,,
2013-12-29,,,,,,,,,,,,,,,,,,,0.0,,,,,,
2013-12-30,105.0,1.3816,4579.11,93.4866,2.99,0.76,2.23,,,,,,13.56,,,,,,0.0,145.06799999999998,,,,,
2013-12-31,105.25,1.3779,4608.02,93.5576,3.04,0.8,2.24,,,,,,13.72,,,,,,0.0,145.02397499999998,-0.0003035244276441418,0.0003035244276441418,0.00629360756314945,0.0007591788829603985,
2014-01-01,,,,,,,,,,4023640.0,11127.5,272.0,,,0.614,1.7559090909,3.866,2.91,0.0,,,,,,
2014-01-02,104.84,1.367,4677.64,93.8192,3.0,0.74,2.26,,,,,,14.23,,,,,,0.0,143.31628,,,,,
2014-01-03,104.46,1.3606,4726.8,93.853,3.01,0.75,2.26,,,,,,13.76,,,,,,0.0,142.128276,-0.008323934260041632,0.008323934260041632,0.010454731546085227,0.0003602025272302356,
2014-01-04,,,,,,,,,,,,,,,,,,,0.0,,,,,,
2014-01-05,,,,,,,,,,,,,,,,,,,0.0,,,,,,
2014-01-06,104.38,1.3636,4736.63,93.9109,2.98,0.72,2.26,,,,,,13.55,,,,,,0.0,142.33256799999998,,,,,
2014-01-07,104.54,1.3618,4713.54,94.0398,2.96,0.7,2.26,,,,,,12.92,,,,,,0.0,142.362572,0.0002107798546271411,-0.0002107798546271411,-0.004886694302571826,0.0013716365005205233,
2014-01-08,104.87,1.3586,4687.77,94.2181,3.01,0.72,2.29,,,4028185.0,,259.0,12.87,,,,,,0.0,142.476382,0.0007991182698736665,-0.0007991182698736665,-0.005482228443208115,0.0018942105835906276,
2014-01-09,104.74,1.3591,4701.33,94.3299,2.97,0.66,2.31,,,,,,12.89,,,,,,0.0,142.35213399999998,-0.000872440790872453,0.000872440790872453,0.002888457770776398,0.0011859050544442695,
2014-01-10,104.06,1.3664,4764.01,94.0045,2.88,0.59,2.29,,,,,,12.14,,,,,,0.0,142.18758400000002,-0.0011566049161801928,0.0011566049161801928,0.013244303158767678,-0.0034555590884837173,
2014-01-11,,,,,,,,,,,,,,,,,,,0.0,,,,,,
2014-01-12,,,,,,,,,,,,,,,,,,,0.0,,,,,,
2014-01-13,103.31,1.3647,4743.36,93.899,2.84,0.57,2.27,,,,,,13.28,,,,,,0.0,140.987157,,,,,
2014-01-14,103.8,1.3682,4714.68,94.0303,2.88,0.62,2.26,,,,,,12.28,,,,,,0.0,142.01916,0.007293176953264258,-0.007293176953264258,-0.006064700065879336,0.0013973342247757259,
2014-01-15,104.42,1.3604,4708.98,94.341,2.9,0.62,2.28,,,4071528.0,,259.0,12.28,,,,,,0.0,142.05296800000002,0.00023802405676054406,-0.00023802405676054406,-0.0012097212113193478,0.003298807002513726,
2014-01-16,104.32,1.36,4717.63,94.5507,2.86,0.61,2.25,,,,,,12.53,,,,,,0.0,141.8752,-0.0012522042070060024,0.0012522042070060024,0.0018352307834561543,0.0022203208097417715,
2014-01-17,104.32,1.3554,4756.33,94.5846,2.84,0.58,2.26,,,,,,12.44,,,,,,0.0,141.39532799999998,-0.0033880860280852687,0.0033880860280852687,0.008169807610508784,0.0003584735410360196,
2014-01-18,,,,,,,,,,,,,,,,,,,0.0,,,,,,
2014-01-19,,,,,,,,,,,,,,,,,,,0.0,,,,,,
2014-01-20,,,4756.33,,,,,,,,,,,,,,,,0.0,,,,,,
2014-01-21,104.14,1.356,4718.41,94.679,2.85,0.59,2.26,,,,,,12.87,,,,,,0.0,141.21384,,,-0.008004484020998959,,
2014-01-22,104.36,1.3546,4704.27,94.8479,2.87,0.62,2.25,,,4097914.0,,260.0,12.84,,,,,,0.0,141.36605600000001,0.0010773308142377758,-0.0010773308142377758,-0.003001271530814975,0.0017823332172079986,
2014-01-23,103.65,1.368,4781.47,94.8415,2.79,0.66,2.13,,,,,,13.77,,,,,,0.0,141.7932,0.003016990014953258,-0.003016990014953258,0.016277423697724558,-6.747873104639979e-05,
2014-01-24,102.41,1.368,4788.15,94.8555,2.75,0.61,2.14,,,,,,18.14,,,,,,0.0,140.09688,-0.01203547479444289,0.01203547479444289,0.001396084919772278,0.00014760381055545224,
2014-01-25,,,,,,,,,,,,,,,,,,,0.0,,,,,,
2014-01-26,,,,,,,,,,,,,,,,,,,0.0,,,,,,
2014-01-27,102.26,1.3679,4755.34,94.9059,2.78,0.64,2.14,,,,,,17.42,,,,,,0.0,139.881454,,,,,
2014-01-28,102.8,1.3662,4754.75,94.88,2.77,0.62,2.15,,,,,,15.8,,,,,,0.0,140.44536,0.004023209571561104,-0.004023209571561104,-0.0001240787417913225,-0.0002729391399549641,
2014-01-29,102.2,1.3663,4799.94,94.8621,2.69,0.55,2.14,,,4102138.0,,261.0,17.35,,,,,,0.0,139.63586,-0.005780482204767345,0.005780482204767345,0.009459299456086256,-0.0001886771576060653,
2014-01-30,102.83,1.3549,4722.73,95.1294,2.72,0.57,2.15,,,,,,17.29,,,,,,0.0,139.324367,-0.0022332440205614645,0.0022332440205614645,-0.016216395610674894,0.0028138119480409785,
2014-01-31,102.28,1.35,4733.34,95.1774,2.67,0.53,2.14,,,,,,18.41,,,,,,0.0,138.078,-0.008986047238023431,0.008986047238023431,0.002244062163773819,0.0005044486168426232,
2014-02-01,,,,,,,,,,,11191.9,,,,0.586,1.5585,3.651,2.8147,0.0,,,,,,
2014-02-02,,,,,,,,,,,,,,,,,,,0.0,,,,,,
2014-02-03,101.11,1.3523,4770.47,95.2469,2.61,0.47,2.14,,,,,,21.44,,,,,,0.0,136.731053,,,,,
2014-02-04,101.62,1.3507,4764.97,95.0438,2.64,0.51,2.13,,,,,,19.11,,,,,,0.0,137.258134,0.0038474631496825396,-0.0038474631496825396,-0.001153591362314188,-0.0021346295654085523,
2014-02-05,101.38,1.3519,4775.38,95.0285,2.7,0.56,2.14,,,4109285.0,,359.0,19.95,,,,,,0.0,137.055622,-0.0014764993177411867,0.0014764993177411867,0.002182310739428317,-0.00016099137047387302,
2014-02-06,101.84,1.3604,4776.56,94.7177,2.73,0.57,2.16,,,,,,17.23,,,,,,0.0,138.543136,0.010794884967628704,-0.010794884967628704,0.0002470702299213201,-0.003275957863253076,
2014-02-07,102.32,1.3614,4810.74,94.7457,2.71,0.53,2.18,,,,,,15.29,,,,,,0.0,139.29844799999998,0.005437010902246797,-0.005437010902246797,0.00713029629037365,0.0002955716006773912,
2014-02-08,,,,,,,,,,,,,,,,,,,0.0,,,,,,
2014-02-09,,,,,,,,,,,,,,,,,,,0.0,,,,,,
2014-02-10,102.14,1.3644,4832.75,94.7189,2.7,0.51,2.19,,,,,,15.26,,,,,,0.0,139.359816,,,,,
2014-02-11,102.63,1.3654,4864.85,94.6377,2.75,0.56,2.19,,,,,,14.51,,,,,,0.0,140.131002,0.005518520877814126,-0.005518520877814126,0.006620218866098426,-0.0008576411382250626,
2014-02-12,102.48,1.3592,4869.91,94.6209,2.8,0.59,2.21,,,4119474.0,,360.0,14.3,,,,,,0.0,139.290816,-0.006013764695601331,0.006013764695601331,0.00103957374515673,-0.0001775348654611264,
2014-02-13,102.2,1.3669,4889.56,,2.73,0.56,2.17,,,,,,14.14,,,,,,0.0,139.69718,0.0029131309820105145,-0.0029131309820105145,0.004026863457356811,,
2014-02-14,101.82,1.369,4915.98,94.2711,2.75,0.59,2.16,,,,,,13.57,,,,,,0.0,139.39157999999998,-0.0021899851655735603,0.0021899851655735603,0.005388803458986402,,
2014-02-15,,,,,,,,,,,,,,,,,,,0.0,,,,,,
2014-02-16,,,,,,,,,,,,,,,,,,,0.0,,,,,,
2014-02-17,,,4915.98,,,,,,,,,,,,,,,,0.0,,,,,,
2014-02-18,102.31,1.3758,4886.77,94.1934,2.71,0.57,2.14,,,,,,13.87,,,,,,0.0,140.758098,,,-0.005959569804995013,,
2014-02-19,102.3,1.3762,4866.14,94.38,2.73,0.6,2.13,,,4149224.0,,360.0,15.5,,,,,,0.0,140.78526,0.0001929507431981392,-0.0001929507431981392,-0.0042305385302849885,0.0019790708647668964,
2014-02-20,102.32,1.369,4892.74,94.6571,2.76,0.63,2.13,,,,,,14.79,,,,,,0.0,140.07608,-0.005050047166924365,0.005050047166924365,0.005451458748494176,0.0029317017502910048,
2014-02-21,102.71,1.3722,4896.6,,2.73,0.61,2.12,,,,,,14.68,,,,,,0.0,140.938662,0.0061390708754673895,-0.0061390708754673895,0.0007886129606387016,,
2014-02-22,,,,,,,,,,,,,,,,,,,0.0,,,,,,
2014-02-23,,,,,,,,,,,,,,,,,,,0.0,,,,,,
2014-02-24,102.44,1.3744,4918.96,94.4042,2.75,0.59,2.16,,,,,,14.23,,,,,,0.0,140.79353600000002,,,,,
2014-02-25,102.2,1.3749,4922.62,94.4735,2.7,0.55,2.15,,,,,,13.67,,,,,,0.0,140.51478,-0.0019818546085232924,0.0019818546085232924,0.0007437830447400984,0.0007338082061538742,
2014-02-26,102.36,1.3668,4909.32,94.7754,2.67,0.51,2.16,,,4159972.0,,360.0,14.35,,,,,,0.0,139.905648,-0.004344426420066938,0.004344426420066938,-0.0027054697470720868,0.0031905100224678407,
2014-02-27,102.12,1.3724,4913.95,94.6722,2.65,0.49,2.16,,,,,,14.04,,,,,,0.0,140.14948800000002,0.0017413718248526777,-0.0017413718248526777,0.0009426596933295173,-0.001089483426635951,
2014-02-28,102.08,1.3806,4907.39,94.3879,2.66,0.49,2.17,,,,,,14.0,,,,,,0.0,140.931648,0.005565382508277317,-0.005565382508277317,-0.0013358667911997912,-0.003007511519289352,
2014-03-01,,,,,,,,,,,11228.8,,,,0.605,1.5085714286,3.399,2.7837,0.0,,,,,,
2014-03-02,,,,,,,,,,,,,,,,,,,0.0,,,,,,
2014-03-03,101.36,1.3763,4936.31,,2.6,0.44,2.16,,,,,,16.0,,,,,,0.0,139.501768,,,,,
2014-03-04,102.18,1.3731,4923.78,94.6568,2.7,0.52,2.18,,,,,,14.1,,,,,,0.0,140.303358,0.005729646231987573,-0.005729646231987573,-0.0025415603193952307,,
2014-03-05,102.32,1.3734,4928.02,94.4679,2.7,0.52,2.18,,,4171762.0,,458.0,13.89,,,,,,0.0,140.526288,0.0015876532268048749,-0.0015876532268048749,0.0008607564631422093,-0.0019976244543116195,
2014-03-06,103.03,1.3848,4942.28,93.9858,2.74,0.53,2.21,,,,,,14.21,,,,,,0.0,142.67594400000002,0.015181358361813224,-0.015181358361813224,0.0028894785207125295,-0.005116387225905683,
2014-03-07,103.38,1.3868,4937.46,94.2532,2.8,0.57,2.23,,,,,,14.11,,,,,,0.0,143.367384,0.004834521759785382,-0.004834521759785382,-0.0009757342566523164,0.002841070977471105,
2014-03-08,,,,,,,,,,,,,,,,,,,0.0,,,,,,
2014-03-09,,,,,,,,,,,,,,,,,,,0.0,,,,,,
2014-03-10,103.23,1.388,4942.09,94.3731,2.79,0.57,2.22,,,,,,14.2,,,,,,0.0,143.28324,,,,,
2014-03-11,103.18,1.3867,4947.78,94.387,2.77,0.57,2.2,,,,,,14.8,,,,,,0.0,143.07970600000002,-0.0014215109679263094,0.0014215109679263094,0.0011506724816037206,0.00014727688770221903,
2014-03-12,102.74,1.3904,4963.2,94.462,2.73,0.54,2.19,,,4181361.0,,457.0,14.47,,,,,,0.0,142.849696,-0.0016088590260734392,0.0016088590260734392,0.003111702867377275,0.0007942854232005914,
2014-03-13,102.12,1.3927,4964.96,94.1872,2.66,0.49,2.17,,,,,,16.22,,,,,,0.0,142.22252400000002,-0.004400099117919609,0.004400099117919609,0.0003545470698380626,-0.0029133459814900675,
2014-03-14,101.46,1.3924,4971.1,94.243,2.65,0.48,2.17,,,,,,17.82,,,,,,0.0,141.272904,-0.006699392356501299,0.006699392356501299,0.0012359025170027849,0.0005922617672871056,
2014-03-15,,,,,,,,,,,,,,,,,,,0.0,,,,,,
2014-03-16,,,,,,,,,,,,,,,,,,,0.0,,,,,,
2014-03-17,101.62,1.3927,4882.72,,2.7,0.52,2.18,,,,,,15.64,,,,,,0.0,141.526174,,,,,
2014-03-18,101.37,1.3913,4859.54,94.2631,2.68,0.5,2.18,,,,,,14.52,,,,,,0.0,141.036081,-0.0034689239824929885,0.0034689239824929885,-0.004758658410317196,,
2014-03-19,101.54,1.391,4786.49,94.3752,2.78,0.62,2.16,,,4222081.0,,458.0,15.12,,,,,,0.0,141.24214,0.0014599712005525234,-0.0014599712005525234,-0.015146417034173965,0.001188518060180499,
2014-03-20,102.39,1.3784,4783.34,94.9986,2.79,0.66,2.13,,,,,,14.52,,,,,,0.0,141.134376,-0.0007632646422459644,0.0007632646422459644,-0.0006583189280817692,0.006583827877605586,
2014-03-21,102.38,1.3783,4803.92,94.8547,2.75,0.61,2.14,,,,,,15.0,,,,,,0.0,141.110354,-0.00017022107061492875,0.00017022107061492875,0.004293204024964581,-0.0015159075723891746,
2014-03-22,,,,,,,,,,,,,,,,,,,0.0,,,,,,
2014-03-23,,,,,,,,,,,,,,,,,,,0.0,,,,,,
2014-03-24,102.21,1.3784,4729.2,94.759,2.74,0.59,2.15,,,,,,15.09,,,,,,0.0,140.886264,,,,,
2014-03-25,102.32,1.3777,4739.02,94.6379,2.75,0.61,2.14,,,,,,14.02,,,,,,0.0,140.966264,0.0005676727664356562,-0.0005676727664356562,0.002074308269365943,-0.0012787961841311812,
2014-03-26,102.3,1.3786,4703.79,94.5281,2.71,0.57,2.14,,,4226971.0,,459.0,14.93,,,,,,0.0,141.03078,0.0004575650879914406,-0.0004575650879914406,-0.00746179653352641,-0.001160885278866708,
2014-03-27,102.1,1.3752,4674.31,94.3315,2.69,0.56,2.13,,,,,,14.62,,,,,,0.0,140.40792,-0.004426264169873129,0.004426264169873129,-0.0062870084779032,-0.0020819706386667747,
2014-03-28,102.92,1.3753,4674.31,94.3683,2.73,0.6,2.13,,,,,,14.41,,,,,,0.0,141.545876,0.008071976294946381,-0.008071976294946381,0.0,0.0003900375142587009,
2014-03-29,,,,,,,,,,,,,,,,,,,0.0,,,,,,
2014-03-30,,,,,,,,,,,,,,,,,,,0.0,,,,,,
2014-03-31,102.98,1.3777,4640.38,94.2432,2.73,0.6,2.13,,,,,,13.88,,,,,,0.0,141.87554599999999,,,,,
2014-04-01,103.52,1.3804,4633.15,94.1244,2.77,0.63,2.14,,,,11276.0,,13.1,,0.61,1.4565,3.228,2.7417,0.0,142.899008,0.007187906307891012,-0.007187906307891012,-0.001559277096182754,-0.0012613635864271444,
2014-04-02,103.82,1.3761,4667.64,94.3103,2.82,0.68,2.14,,,4236441.0,,407.0,13.09,,,,,,0.0,142.866702,-0.00022610130612044088,0.00022610130612044088,0.007416608287357462,0.001973097951819547,
2014-04-03,103.94,1.3708,4653.18,94.512,2.8,0.66,2.14,,,,,,13.37,,,,,,0.0,142.480952,-0.0027037210895688446,0.0027037210895688446,-0.0031027337939111277,0.002136401015311762,
2014-04-04,103.39,1.3704,4713.62,94.2191,2.74,0.61,2.13,,,,,,13.96,,,,,,0.0,141.685656,-0.005597406972237984,0.005597406972237984,0.012905333484772186,-0.003103889450684072,
2014-04-05,,,,,,,,,,,,,,,,,,,0.0,,,,,,
2014-04-06,,,,,,,,,,,,,,,,,,,0.0,,,,,,
2014-04-07,103.04,1.3745,4689.33,94.0881,2.71,0.59,2.12,,,,,,15.57,,,,,,0.0,141.62848000000002,,,,,
2014-04-08,102.12,1.3802,4730.23,93.6579,2.69,0.58,2.11,,,,,,14.89,,,,,,0.0,140.94602400000002,-0.004830282401559138,0.004830282401559138,0.008684112004180733,-0.004582795403597295,
2014-04-09,101.85,1.3816,4740.01,93.6716,2.71,0.57,2.14,,,4244188.0,,407.0,13.82,,,,,,0.0,140.71596,-0.0016336180545009071,0.0016336180545009071,0.002065418294943555,0.00014626633845082893,
2014-04-10,101.43,1.3892,4760.17,93.5123,2.65,0.51,2.14,,,,,,15.89,,,,,,0.0,140.906556,0.0013535567525391201,-0.0013535567525391201,0.004244136481901251,-0.001702069873084966,
2014-04-11,101.56,1.3898,4699.08,93.6395,2.63,0.5,2.13,,,,,,17.03,,,,,,0.0,141.148088,0.0017126614588818256,-0.0017126614588818256,-0.012916637016630261,0.0013593245652598895,
2014-04-12,,,,,,,,,,,,,,,,,,,0.0,,,,,,
2014-04-13,,,,,,,,,,,,,,,,,,,0.0,,,,,,
2014-04-14,101.81,1.3824,4725.03,93.8046,2.65,0.52,2.13,,,,,,16.11,,,,,,0.0,140.74214400000002,,,,,
2014-04-15,101.6,1.3806,4659.42,93.9486,2.64,0.5,2.14,,,,,,15.61,,,,,,0.0,140.26896,-0.0033677277551396045,0.0033677277551396045,-0.013982933259883978,0.0015339288836111464,
2014-04-16,102.3,1.382,4663.5,93.9461,2.65,0.48,2.17,,,4283967.0,,407.0,14.18,,,,,,0.0,141.37859999999998,0.007879675871439673,-0.007879675871439673,0.000875262312765912,-2.6610649476843662e-05,
2014-04-17,102.22,1.3832,4639.41,93.8936,2.73,0.52,2.21,,,,,,13.36,,,,,,0.0,141.390704,8.561042401833419e-05,-8.561042401833419e-05,-0.0051790362039341176,-0.000558987278695966,
2014-04-18,102.43,1.3816,,93.9629,,,,,,,,,,,,,,,0.0,141.517288,0.0008948775716977053,-0.0008948775716977053,,0.0007377972350557371,
2014-04-19,,,,,,,,,,,,,,,,,,,0.0,,,,,,
2014-04-20,,,,,,,,,,,,,,,,,,,0.0,,,,,,
2014-04-21,102.56,1.379,4625.14,94.0337,2.73,0.53,2.2,,,,,,13.25,,,,,,0.0,141.43024,,,,,
2014-04-22,102.6,1.3804,4610.31,94.0802,2.73,0.52,2.21,,,,,,13.19,,,,,,0.0,141.62904,0.001404652994855482,-0.001404652994855482,-0.003211540909511257,0.0004943813396787178,
2014-04-23,102.26,1.3814,4610.87,94.149,2.7,0.49,2.21,,,4296339.0,,407.0,13.27,,,,,,0.0,141.261964,-0.0025951776537915805,0.0025951776537915805,0.00012145950966946373,0.0007310236994459984,
2014-04-24,102.34,1.3828,4637.93,94.1294,2.7,0.49,2.21,,,,,,13.32,,,,,,0.0,141.51575200000002,0.0017949651176891734,-0.0017949651176891734,0.0058515866303867625,-0.00020820232242080294,
2014-04-25,102.12,1.3838,4665.91,94.1623,2.68,0.48,2.2,,,,,,14.06,,,,,,0.0,141.313656,-0.0014291019864209886,0.0014291019864209886,0.006014738936363173,0.00034945778634831726,
2014-04-26,,,,,,,,,,,,,,,,,,,0.0,,,,,,
2014-04-27,,,,,,,,,,,,,,,,,,,0.0,,,,,,
2014-04-28,102.46,1.3844,4652.01,94.1374,2.7,0.52,2.18,,,,,,13.97,,,,,,0.0,141.845624,,,,,
2014-04-29,102.57,1.3808,4651.83,94.0295,2.71,0.53,2.18,,,,,,13.71,,,,,,0.0,141.628656,-0.0015307776237625248,0.0015307776237625248,-3.86937006702226e-05,-0.0011468543280086507,
2014-04-30,102.14,1.387,4629.4,93.8896,2.67,0.49,2.18,,,4296049.0,,300.0,13.41,,,,,,0.0,141.66818,0.00027902888584652175,-0.00027902888584652175,-0.0048334204986559826,-0.0014889388662018277,
2014-05-01,102.3,1.3867,4615.87,93.8707,2.63,0.43,2.2,,,,11343.1,,13.25,,0.566,1.3271428571,3.123,2.6989,0.0,141.85941,0.0013489341830696944,-0.0013489341830696944,-0.002926904170246658,-0.00020132051412247165,
2014-05-02,102.34,1.3864,4661.09,93.8182,2.6,0.41,2.19,,,,,,12.91,,,,,,0.0,141.88417600000002,0.0001745660609433486,-0.0001745660609433486,0.009748960467705459,-0.0005594364010788055,
2014-05-03,,,,,,,,,,,,,,,,,,,0.0,,,,,,
2014-05-04,,,,,,,,,,,,,,,,,,,0.0,,,,,,
2014-05-05,102.06,1.3884,4701.12,93.7334,2.63,0.45,2.18,,,,,,13.29,,,,,,0.0,141.700104,,,,,
2014-05-06,101.57,1.3924,4694.56,93.4324,2.61,0.45,2.16,,,,,,13.8,,,,,,0.0,141.426068,-0.0019357877347632169,0.0019357877347632169,-0.001396386651299153,-0.003216402350142644,
2014-05-07,101.72,1.3917,4631.01,93.4337,2.62,0.42,2.2,,,4303143.0,,300.0,13.4,,,,,,0.0,141.56372399999998,0.0009728690910328908,-0.0009728690910328908,-0.013629404691512192,1.3913706124135672e-05,
2014-05-08,101.66,1.3864,4631.61,93.3686,2.61,0.42,2.19,,,,,,13.43,,,,,,0.0,140.941424,-0.004405590559573014,0.004405590559573014,0.0001295529776328408,-0.0006969935877174649,
2014-05-09,101.74,1.3763,4628.83,93.6614,2.62,0.44,2.18,,,,,,12.92,,,,,,0.0,140.024762,-0.006525093040047558,0.006525093040047558,-0.0006004034545910031,0.0031310510528239632,
2014-05-10,,,,,,,,,,,,,,,,,,,0.0,,,,,,
2014-05-11,,,,,,,,,,,,,,,,,,,0.0,,,,,,
2014-05-12,102.1,1.376,4627.62,93.6537,2.66,0.48,2.18,,,,,,12.23,,,,,,0.0,140.48959999999997,,,,,
2014-05-13,102.2,1.3711,4618.55,93.6755,2.61,0.45,2.16,,,,,,12.13,,,,,,0.0,140.12642,-0.002588449531694792,0.002588449531694792,-0.0019618940402832408,0.0002327453498809362,
2014-05-14,101.75,1.3718,4657.61,93.5968,2.54,0.37,2.17,,,4336649.0,,300.0,12.17,,,,,,0.0,139.58065,-0.00390244474428858,0.00390244474428858,0.008421638017736655,-0.0008404874039884547,
2014-05-15,101.44,1.3712,4622.62,93.7065,2.5,0.31,2.19,,,,,,13.17,,,,,,0.0,139.094528,-0.0034888108554937958,0.0034888108554937958,-0.007540797114874209,0.0011713623042757249,
2014-05-16,101.5,1.3708,4615.59,93.6073,2.52,0.34,2.18,,,,,,12.44,,,,,,0.0,139.1362,0.0002995499498643639,-0.0002995499498643639,-0.0015219401500861096,-0.0010591852738475183,
2014-05-17,,,,,,,,,,,,,,,,,,,0.0,,,,,,
2014-05-18,,,,,,,,,,,,,,,,,,,0.0,,,,,,
2014-05-19,101.26,1.3716,4619.84,93.502,2.54,0.37,2.17,,,,,,12.42,,,,,,0.0,138.888216,,,,,
2014-05-20,101.26,1.3702,4624.47,93.6699,2.52,0.35,2.17,,,,,,12.96,,,,,,0.0,138.746452,-0.001021227019966986,0.001021227019966986,0.0010016973440194477,0.0017940732026007211,
2014-05-21,101.44,1.3657,4614.66,93.7629,2.54,0.36,2.18,,,4327560.0,,300.0,11.91,,,,,,0.0,138.536608,-0.0015135727372665997,0.0015135727372665997,-0.002123577368559282,0.0009923557417055306,
2014-05-22,101.76,1.3652,4625.58,93.6944,2.56,0.35,2.21,,,,,,12.03,,,,,,0.0,138.922752,0.002783429251069336,-0.002783429251069336,0.00236357607242077,-0.0007308331342539276,
2014-05-23,101.88,1.3628,4619.47,93.7042,2.54,0.32,2.22,,,,,,11.36,,,,,,0.0,138.842064,-0.0005809807262968647,0.0005809807262968647,-0.001321788608947827,0.00010458989564376964,
2014-05-24,,,,,,,,,,,,,,,,,,,0.0,,,,,,
2014-05-25,,,,,,,,,,,,,,,,,,,0.0,,,,,,
2014-05-26,,,,,,,,,,,,,,,,,,,0.0,,,,,,
2014-05-27,102.14,1.3618,4524.68,93.8418,2.52,0.31,2.21,,,,,,11.51,,,,,,0.0,139.09425199999998,,,,,
2014-05-28,101.78,1.3596,4502.09,93.8793,2.44,0.22,2.22,,,4322654.0,,174.0,11.68,,,,,,0.0,138.380088,-0.005147615285715723,0.005147615285715723,-0.005005123019412139,0.00039952888086425276,
2014-05-29,101.58,1.3608,4493.01,93.6973,2.45,0.22,2.23,,,,,,11.57,,,,,,0.0,138.230064,-0.001084732527896648,0.001084732527896648,-0.0020188776298368794,-0.0019405411667881012,
2014-05-30,101.77,1.364,4474.31,93.7606,2.48,0.26,2.22,,,,,,11.4,,,,,,0.0,138.81428,0.004217497152496641,-0.004217497152496641,-0.0041707058757509685,0.0006753516646238467,
2014-05-31,,,,,,,,,,,,,,,,,,,0.0,,,,,,
2014-06-01,,,,,,,,,,,11398.4,,,,0.536,1.2642857143,2.92,2.7842,0.0,,,,,,
2014-06-02,102.3,1.3606,4447.65,94.0006,2.54,0.32,2.22,,,,,,11.58,,,,,,0.0,139.18938,,,,,
2014-06-03,102.42,1.3624,4459.13,94.0536,2.6,0.41,2.19,,,,,,11.87,,,,,,0.0,139.53700800000001,0.002494404514341575,-0.002494404514341575,0.002577812937373025,0.000563667298079551,
2014-06-04,102.69,1.3619,4450.24,94.1239,2.61,0.44,2.17,,,4330917.0,,174.0,12.08,,,,,,0.0,139.853511,0.0022656684022326345,-0.0022656684022326345,-0.0019956524311961488,0.0007471669383480872,
2014-06-05,102.44,1.3618,4483.2,93.9732,2.59,0.41,2.18,,,,,,11.68,,,,,,0.0,139.502792,-0.0025109094049247105,0.0025109094049247105,0.007379049852442421,-0.0016023642283098383,
2014-06-06,102.5,1.3639,4481.9,93.9069,2.6,0.4,2.2,,,,,,10.73,,,,,,0.0,139.79975,0.0021264261311015886,-0.0021264261311015886,-0.0002900134988159664,-0.0007057692938428062,
2014-06-07,,,,,,,,,,,,,,,,,,,0.0,,,,,,
2014-06-08,,,,,,,,,,,,,,,,,,,0.0,,,,,,
2014-06-09,102.52,1.3589,4483.39,93.9628,2.62,0.41,2.21,,,,,,11.15,,,,,,0.0,139.314428,,,,,
2014-06-10,102.37,1.3543,4510.32,94.0638,2.64,0.43,2.21,,,,,,10.99,,,,,,0.0,138.639691,-0.004855033829317179,0.004855033829317179,0.005988647729250118,0.00107431618413667,
2014-06-11,101.94,1.3532,4510.64,93.9744,2.65,0.43,2.22,,,4340904.0,,174.0,11.6,,,,,,-0.1,137.94520799999998,-0.0050218537745561065,0.0050218537745561065,7.09458860566059e-05,-0.0009508706926135702,
2014-06-12,101.83,1.3556,4549.89,93.8155,2.58,0.39,2.19,,,,,,12.56,,,,,,-0.1,138.04074799999998,0.0006923540980210419,-0.0006923540980210419,0.008664006526069912,-0.001692317189831094,
2014-06-13,102.06,1.3522,4560.53,93.9168,2.6,0.41,2.19,,,,,,12.18,,,,,,-0.1,138.00553200000002,-0.0002551456240666994,0.0002551456240666994,0.0023357879960670402,0.0010791963858292064,
2014-06-14,,,,,,,,,,,,,,,,,,,-0.1,,,,,,
2014-06-15,,,,,,,,,,,,,,,,,,,-0.1,,,,,,
2014-06-16,101.82,1.3578,4529.6,93.8639,2.61,0.41,2.2,,,,,,12.65,,,,,,-0.1,138.251196,,,,,
2014-06-17,102.18,1.3543,4525.9,94.0829,2.66,0.43,2.23,,,,,,12.06,,,,,,-0.1,138.38237400000003,0.0009483882222411921,-0.0009483882222411921,-0.000817182972978614,0.0023304477555941006,
2014-06-18,102.16,1.3567,4539.6,94.0525,2.61,0.38,2.23,,,4368168.0,,176.0,10.61,,,,,,-0.1,138.600472,0.001574812651568891,-0.001574812651568891,0.0030224500423265965,-0.0003231715058902296,
2014-06-19,101.84,1.362,4611.21,93.752,2.64,0.39,2.25,,,,,,10.62,,,,,,-0.1,138.70608000000001,0.0007616697430625763,-0.0007616697430625763,0.015651393008761616,-0.0032001390429821086,
2014-06-20,102.14,1.3586,4613.99,93.7591,2.63,0.35,2.28,,,,,,10.85,,,,,,-0.1,138.767404,0.00044201701809054583,-0.00044201701809054583,0.0006026969787438219,7.5728850221779e-05,
2014-06-21,,,,,,,,,,,,,,,,,,,-0.1,,,,,,
2014-06-22,,,,,,,,,,,,,,,,,,,-0.1,,,,,,
2014-06-23,101.9,1.3593,4621.39,93.628,2.63,0.35,2.28,,,,,,10.98,,,,,,-0.1,138.51267,,,,,
2014-06-24,102.13,1.3588,4623.98,93.7093,2.59,0.31,2.28,,,,,,12.13,,,,,,-0.1,138.77424399999998,0.0018866673065547346,-0.0018866673065547346,0.000560280457731821,0.0008679532063702311,
2014-06-25,101.75,1.3638,4624.54,93.5851,2.57,0.29,2.28,,,4368348.0,,124.0,11.59,,,,,,-0.1,138.76665,-5.4723467179051966e-05,5.4723467179051966e-05,0.00012110045730295838,-0.0013262544764298667,
2014-06-26,101.66,1.361,4624.54,93.5471,2.53,0.26,2.27,,,,,,11.63,,,,,,-0.1,138.35926,-0.002940109739034469,0.002940109739034469,0.0,-0.0004061300035198556,
2014-06-27,101.39,1.3631,4623.98,93.3983,2.54,0.27,2.27,,,,,,11.26,,,,,,-0.1,138.204709,-0.001117651128937247,0.001117651128937247,-0.00012110045730295838,-0.0015919089897238337,
2014-06-28,,,,,,,,,,,,,,,,,,,-0.1,,,,,,
2014-06-29,,,,,,,,,,,,,,,,,,,-0.1,,,,,,
2014-06-30,101.28,1.369,4636.38,93.2058,2.53,0.27,2.26,,,,,,11.57,,,,,,-0.1,138.65232,,,,,
2014-07-01,101.51,1.3681,4633.98,93.1365,2.58,0.32,2.26,,,,11452.5,,11.15,,0.527,1.1143478261,2.794,2.7343,-0.1,138.875831,0.0016107270380931737,-0.0016107270380931737,-0.000517779256385964,-0.0007437925065314488,
2014-07-02,101.76,1.3656,4633.98,93.2478,2.64,0.38,2.26,,,4377031.0,,124.0,10.82,,,,,,-0.1,138.963456,0.0006307603496340519,-0.0006307603496340519,0.0,0.0011943067439652566,
2014-07-03,102.19,1.361,4632.68,93.3149,2.65,0.37,2.28,,,,,,10.32,,,,,,-0.1,139.08059,0.0008425572035415385,-0.0008425572035415385,-0.0002805757432629008,0.0007193292431262321,
2014-07-04,,,,,,,,,,,,,,,,,,,-0.1,,,,,,
2014-07-05,,,,,,,,,,,,,,,,,,,-0.1,,,,,,
2014-07-06,,,,,,,,,,,,,,,,,,,-0.1,,,,,,
2014-07-07,101.84,1.3604,4638.05,93.3803,2.63,0.36,2.27,,,,,,11.33,,,,,,-0.1,138.543136,,,,,
2014-07-08,101.53,1.3614,4638.64,93.323,2.58,0.31,2.27,,,,,,11.98,,,,,,-0.1,138.222942,-0.002313825055209051,0.002313825055209051,0.00012720054260739744,-0.0006138081308586507,
2014-07-09,101.7,1.363,4645.76,93.228,2.57,0.28,2.29,,,4383401.0,,124.0,11.65,,,,,,-0.1,138.6171,0.0028475524240638705,-0.0028475524240638705,0.0015337558476069546,-0.0010184883298620662,
2014-07-10,101.26,1.36,4653.21,93.3152,2.55,0.27,2.28,,,,,,12.59,,,,,,-0.1,137.7136,-0.006539289479185584,0.006539289479185584,0.0016023283425923296,0.0009349041546551362,
2014-07-11,101.33,1.3598,4656.81,93.4171,2.53,0.25,2.28,,,,,,12.08,,,,,,-0.1,137.788534,0.0005439812807246369,-0.0005439812807246369,0.0007733603535609035,0.0010914020778942657,
2014-07-12,,,,,,,,,,,,,,,,,,,-0.1,,,,,,
2014-07-13,,,,,,,,,,,,,,,,,,,-0.1,,,,,,
2014-07-14,101.58,1.362,4558.25,93.4101,2.55,0.28,2.27,,,,,,11.82,,,,,,-0.1,138.35196000000002,,,,,
2014-07-15,101.62,1.3573,4520.09,93.5796,2.56,0.31,2.25,,,,,,11.96,,,,,,-0.1,137.92882600000002,-0.003063074613051775,0.003063074613051775,-0.008406872786844488,0.0018129345779485107,
2014-07-16,101.69,1.353,4534.56,93.5991,2.55,0.32,2.23,,,4398201.0,,124.0,11.0,,,,,,-0.1,137.58657,-0.002484479495670655,0.002484479495670655,0.0031961505564641612,0.00020835704137844857,
2014-07-17,101.3,1.353,4595.68,93.6586,2.47,0.24,2.23,,,,,,14.54,,,,,,-0.1,137.0589,-0.003842558548408981,0.003842558548408981,0.013388676094194807,0.0006354879078660503,
2014-07-18,101.37,1.3515,4572.71,93.6608,2.5,0.26,2.24,,,,,,12.06,,,,,,-0.1,137.001555,-0.00041848431461488644,0.00041848431461488644,-0.0050107048367866724,2.3489291552714064e-05,
2014-07-19,,,,,,,,,,,,,,,,,,,-0.1,,,,,,
2014-07-20,,,,,,,,,,,,,,,,,,,-0.1,,,,,,
2014-07-21,101.34,1.3524,4580.49,93.6069,2.49,0.25,2.24,,,,,,12.81,,,,,,-0.1,137.05221600000002,,,,,
2014-07-22,101.54,1.347,4562.77,93.6306,2.48,0.25,2.23,,,,,,12.24,,,,,,-0.1,136.77438,-0.002029284951882815,0.002029284951882815,-0.0038760840631173465,0.00025315441753459567,
2014-07-23,101.5,1.3462,4560.24,93.5951,2.48,0.25,2.23,,,4410746.0,,77.0,11.52,,,,,,-0.1,136.63930000000002,-0.000988099871157111,0.000988099871157111,-0.0005546415195993859,-0.00037922144689961357,
2014-07-24,101.82,1.3468,4517.92,93.6836,2.52,0.25,2.27,,,,,,11.84,,,,,,-0.1,137.13117599999998,0.003593349702653903,-0.003593349702653903,-0.009323542781185523,0.0009451155586583937,
2014-07-25,101.81,1.3431,4564.94,93.8294,2.48,0.2,2.28,,,,,,12.69,,,,,,-0.1,136.741011,-0.002849250726975505,0.002849250726975505,0.010353659538468563,0.0015550924936666988,
2014-07-26,,,,,,,,,,,,,,,,,,,-0.1,,,,,,
2014-07-27,,,,,,,,,,,,,,,,,,,-0.1,,,,,,
2014-07-28,101.82,1.344,4559.87,93.83,2.5,0.22,2.28,,,,,,12.56,,,,,,-0.1,136.84608,,,,,
2014-07-29,102.12,1.341,4547.22,94.0443,2.47,0.2,2.27,,,,,,13.28,,,,,,-0.1,136.94292000000002,0.0007074060976774987,-0.0007074060976774987,-0.002778057125961908,0.0022813135478534363,
2014-07-30,102.9,1.3378,4535.64,94.3473,2.57,0.29,2.28,,,4406637.0,,75.0,13.33,,,,,,-0.1,137.65962000000002,0.005219919869349887,-0.005219919869349887,-0.0025498590255104148,0.0032167067031316776,
2014-07-31,102.75,1.339,4485.0,94.4467,2.58,0.29,2.29,,,,,,16.95,,,,,,-0.1,137.58225,-0.0005621964567952276,0.0005621964567952276,-0.01122770268575124,0.0010529996629617955,
2014-08-01,102.45,1.3436,4521.9,94.4754,2.52,0.25,2.27,,,,11477.8,,17.03,,0.488,0.9561904762,2.633,2.5347,-0.1,137.65182,0.0005055333555299413,-0.0005055333555299413,0.008193763991696912,0.00030382893500302544,
2014-08-02,,,,,,,,,,,,,,,,,,,-0.1,,,,,,
2014-08-03,,,,,,,,,,,,,,,,,,,-0.1,,,,,,
2014-08-04,102.47,1.3414,4508.88,94.448,2.51,0.26,2.25,,,,,,15.12,,,,,,-0.1,137.45325799999998,,,,,
2014-08-05,102.77,1.3366,4503.81,94.6754,2.49,0.25,2.24,,,,,,16.87,,,,,,-0.1,137.362382,-0.0006613597633124968,0.0006613597633124968,-0.0011250804221152322,0.0024047802607949365,
2014-08-06,102.34,1.3355,4563.34,94.6092,2.49,0.24,2.25,,,4410111.0,,75.0,16.37,,,,,,-0.1,136.67507,-0.005016200786990055,0.005016200786990055,0.01313110632866099,-0.0006994758443008564,
2014-08-07,102.06,1.3362,4577.76,94.6364,2.43,0.19,2.24,,,,,,16.66,,,,,,-0.1,136.37257200000002,-0.002215716799758738,0.002215716799758738,0.0031549839650146794,0.0002874571476141341,
2014-08-08,101.91,1.3412,4578.44,94.6027,2.44,0.19,2.25,,,,,,15.77,,,,,,-0.1,136.681692,0.0022641663054736583,-0.0022641663054736583,0.0001485332345829704,-0.0003561631856863201,
2014-08-09,,,,,,,,,,,,,,,,,,,-0.1,,,,,,
2014-08-10,,,,,,,,,,,,,,,,,,,-0.1,,,,,,
2014-08-11,102.14,1.3385,4548.64,94.4767,2.44,0.19,2.25,,,,,,14.23,,,,,,-0.1,136.71439,,,,,
2014-08-12,102.22,1.3357,4550.63,94.5211,2.46,0.22,2.24,,,,,,14.13,,,,,,-0.1,136.535254,-0.0013111528567115727,0.0013111528567115727,0.00043739773228601564,0.0004698467475998669,
2014-08-13,102.48,1.3367,4560.2,94.4681,2.43,0.2,2.23,,,4431923.0,,75.0,12.9,,,,,,-0.1,136.985016,0.0032886952427126914,-0.0032886952427126914,0.002100797297204693,-0.000560878625756267,
2014-08-14,102.44,1.3376,4568.15,94.3508,2.4,0.19,2.21,,,,,,12.42,,,,,,-0.1,137.023744,0.0002826770958552771,-0.0002826770958552771,0.001741826728816065,-0.0012424605279424128,
2014-08-15,102.19,1.3392,4545.57,94.2941,2.34,0.16,2.18,,,,,,13.15,,,,,,-0.1,136.852848,-0.0012479783024330615,0.0012479783024330615,-0.004955176635226266,-0.0006011294416907731,
2014-08-16,,,,,,,,,,,,,,,,,,,-0.1,,,,,,
2014-08-17,,,,,,,,,,,,,,,,,,,-0.1,,,,,,
2014-08-18,102.54,1.3358,4534.37,94.2519,2.39,0.21,2.18,,,,,,12.32,,,,,,-0.1,136.97293200000001,,,,,
2014-08-19,102.86,1.332,4527.86,94.4356,2.4,0.23,2.17,,,,,,12.21,,,,,,-0.1,137.00952,0.00026708280001486173,-0.00026708280001486173,-0.0014367327070345937,0.0019471354280389264,
2014-08-20,103.36,1.3284,4515.04,94.5937,2.43,0.26,2.17,,,4412924.0,,75.0,11.78,,,,,,-0.1,137.303424,0.0021428380897781096,-0.0021428380897781096,-0.0028353755075709586,0.0016727569415451171,
2014-08-21,103.78,1.3284,4474.57,94.673,2.41,0.24,2.17,,,,,,11.76,,,,,,-0.1,137.861352,0.00405523390530238,-0.00405523390530238,-0.009003788462937479,0.0008379710180426159,
2014-08-22,103.97,1.3237,4485.77,94.8012,2.4,0.26,2.14,,,,,,11.47,,,,,,-0.1,137.625089,-0.0017152427325815012,0.0017152427325815012,0.0024999064394641834,0.0013532187449616373,
2014-08-23,,,,,,,,,,,,,,,,,,,-0.1,,,,,,
2014-08-24,,,,,,,,,,,,,,,,,,,-0.1,,,,,,
2014-08-25,103.96,1.3206,4472.58,94.9159,2.39,0.24,2.15,,,,,,11.7,,,,,,-0.1,137.28957599999998,,,,,
2014-08-26,104.12,1.3189,4493.36,94.8617,2.39,0.25,2.14,,,,,,11.63,,,,,,-0.1,137.323868,0.0002497474244433917,-0.0002497474244433917,0.004635328188019372,-0.0005711949299982422,
2014-08-27,103.98,1.3192,4494.62,94.6863,2.37,0.23,2.14,,,4413736.0,,77.0,11.78,,,,,,-0.1,137.170416,-0.0011180707572444604,0.0011180707572444604,0.0002803744574979561,-0.0018507190797523165,
2014-08-28,103.78,1.3178,4515.58,94.6947,2.34,0.21,2.13,,,,,,12.05,,,,,,-0.1,136.76128400000002,-0.0029871117816453463,0.0029871117816453463,0.00465251333114125,8.87100607291913e-05,
2014-08-29,104.0,1.315,4512.14,94.7251,2.35,0.23,2.12,,,,,,11.98,,,,,,-0.1,136.76,-9.388666075693664e-06,9.388666075693664e-06,-0.0007620972219992694,0.00032098017483939145,
2014-08-30,,,,,,,,,,,,,,,,,,,-0.1,,,,,,
2014-08-31,,,,,,,,,,,,,,,,,,,-0.1,,,,,,
2014-09-01,,,,,,,,,,,11520.7,,,,0.497,0.9213636364,2.4,2.4919,-0.1,,,,,,
2014-09-02,105.1,1.3124,4438.07,95.063,2.42,0.27,2.15,,,,,,12.25,,,,,,-0.1,137.93323999999998,,,,,
2014-09-03,104.88,1.3136,4456.14,94.8709,2.41,0.24,2.17,,,4415587.0,,76.0,12.36,,,,,,-0.1,137.770368,-0.0011815008162434637,0.0011815008162434637,0.004063323187152079,-0.002022809677495019,
2014-09-04,105.22,1.2926,4432.65,95.2641,2.45,0.28,2.17,,,,,,12.64,,,,,,-0.1,136.007372,-0.01287920902215145,0.01287920902215145,-0.005285321102645568,0.00413601452154122,
2014-09-05,104.94,1.2956,4454.15,95.2203,2.46,0.31,2.15,,,,,,12.09,,,,,,-0.1,135.960264,-0.00034642357571712523,0.00034642357571712523,0.004838646520092027,-0.0004598801872699454,
2014-09-06,,,,,,,,,,,,,,,,,,,-0.1,,,,,,
2014-09-07,,,,,,,,,,,,,,,,,,,-0.1,,,,,,
2014-09-08,105.65,1.2948,4407.0,95.4167,2.48,0.35,2.13,,,,,,12.66,,,,,,-0.1,136.79562,,,,,
2014-09-09,106.32,1.2909,4411.24,95.8811,2.5,0.39,2.11,,,,,,13.5,,,,,,-0.1,137.24848799999998,0.0033050768034987854,-0.0033050768034987854,0.0009616432137828923,0.004855266629292032,
2014-09-10,106.76,1.2908,4389.66,95.8641,2.54,0.44,2.1,,,4421408.0,,77.0,12.88,,,,,,-0.2,137.805808,0.004052441796476458,-0.004052441796476458,-0.00490405373301428,-0.00017731865042325268,
2014-09-11,106.87,1.2936,4362.7,95.9184,2.54,0.42,2.12,,,,,,12.8,,,,,,-0.2,138.24703200000002,0.0031966660855724527,-0.0031966660855724527,-0.006160643590728654,0.0005662664888719249,
2014-09-12,107.24,1.2955,4325.27,96.0748,2.62,0.49,2.13,,,,,,13.31,,,,,,-0.2,138.92942,0.004923862570220372,-0.004923862570220372,-0.008616565568912549,0.0016292247287434947,
2014-09-13,,,,,,,,,,,,,,,,,,,-0.2,,,,,,
2014-09-14,,,,,,,,,,,,,,,,,,,-0.2,,,,,,
2014-09-15,107.18,1.2951,4290.23,96.1195,2.6,0.47,2.13,,,,,,14.12,,,,,,-0.2,138.808818,,,,,
2014-09-16,106.91,1.2976,4295.83,95.8483,2.6,0.48,2.12,,,,,,12.73,,,,,,-0.2,138.726416,-0.000593812909688296,0.000593812909688296,0.0013044401725732513,-0.0028254757352312865,
2014-09-17,107.58,1.2958,4253.4,95.9106,2.62,0.56,2.06,,,4449588.0,,75.0,12.65,,,,,,-0.2,139.402164,0.0048592584743962774,-0.0048592584743962774,-0.00992612162209383,0.0006497742967024323,
2014-09-18,108.69,1.2913,4263.69,96.1284,2.63,0.61,2.02,,,,,,12.03,,,,,,-0.2,140.351397,0.006786234566748206,-0.006786234566748206,0.002416319425201152,0.0022682902263007065,
2014-09-19,108.96,1.2835,4239.85,96.3417,2.59,0.56,2.03,,,,,,12.11,,,,,,-0.2,139.85016,-0.0035776927153046145,0.0035776927153046145,-0.005607091272509024,0.002216449072581561,
2014-09-20,,,,,,,,,,,,,,,,,,,-0.2,,,,,,
2014-09-21,,,,,,,,,,,,,,,,,,,-0.2,,,,,,
2014-09-22,108.88,1.2829,4232.09,96.4625,2.57,0.58,1.99,,,,,,13.69,,,,,,-0.2,139.68215199999997,,,,,
2014-09-23,108.82,1.2858,4258.45,96.5112,2.54,0.52,2.02,,,,,,14.93,,,,,,-0.2,139.92075599999998,0.0017067351668602626,-0.0017067351668602626,0.00620928343612448,0.0005047320026916324,
2014-09-24,108.92,1.2788,4239.31,96.6574,2.57,0.54,2.03,,,4459050.0,,23.0,13.27,,,,,,-0.2,139.28689599999998,-0.004540427774119671,0.004540427774119671,-0.004504724154740458,0.0015137038619696952,
2014-09-25,108.7,1.2748,4250.33,96.8988,2.52,0.5,2.02,,,,,,15.64,,,,,,-0.2,138.57076,-0.005154708320900703,0.005154708320900703,0.0025961068288768985,0.0024943672707280484,
2014-09-26,109.32,1.2686,4239.49,97.208,2.54,0.57,1.97,,,,,,14.85,,,,,,-0.2,138.68335199999999,0.0008121935893194987,-0.0008121935893194987,-0.002553647990355401,0.0031858776871995786,
2014-09-27,,,,,,,,,,,,,,,,,,,-0.2,,,,,,
2014-09-28,,,,,,,,,,,,,,,,,,,-0.2,,,,,,
2014-09-29,109.34,1.2703,4239.67,97.3523,2.5,0.55,1.95,,,,,,15.98,,,,,,-0.2,138.894602,,,,,
2014-09-30,109.66,1.2628,4210.06,97.5261,2.52,0.55,1.97,,,,,,16.31,,,,,,-0.2,138.478648,-0.0029992388365291944,0.0029992388365291944,-0.007008536652053365,0.0017836768577614848,
2014-10-01,109.3,1.2618,4229.74,97.5387,2.42,0.46,1.96,,,4450260.0,11596.5,240.0,16.71,,0.465,0.7909090909,2.424,2.2469,-0.2,137.91474,-0.004080479540537141,0.004080479540537141,0.004663626073844185,0.0001291878392972734,
2014-10-02,108.1,1.267,4229.2,97.3062,2.44,0.49,1.95,,,,,,16.16,,,,,,-0.2,136.96269999999998,-0.006927042152899965,0.006927042152899965,-0.00012767557181625477,-0.0023865147134909392,
2014-10-03,109.7,1.2517,4153.36,97.9846,2.45,0.52,1.93,,,,,,14.55,,,,,,-0.2,137.31149000000002,0.0025433686488609553,-0.0025433686488609553,-0.01809520465990211,0.006947615851089495,
2014-10-04,,,,,,,,,,,,,,,,,,,-0.2,,,,,,
2014-10-05,,,,,,,,,,,,,,,,,,,-0.2,,,,,,
2014-10-06,109.08,1.2592,4204.64,97.5513,2.43,0.5,1.93,,,,,,15.46,,,,,,-0.2,137.35353600000002,,,,,
2014-10-07,108.3,1.2626,4216.17,97.4459,2.36,0.44,1.92,,,,,,17.2,,,,,,-0.2,136.73958,-0.004479915700057013,0.004479915700057013,0.0027384556130396476,-0.0010810412689474802,
2014-10-08,108.41,1.2683,4254.0,97.4945,2.35,0.39,1.96,,,4455403.0,,0.0,15.11,,,,,,-0.2,137.496403,0.005519515806114761,-0.005519515806114761,0.008932583771272817,0.0004986139456661931,
2014-10-09,108.0,1.2683,4257.72,97.1711,2.34,0.37,1.97,,,,,,18.76,,,,,,-0.2,136.9764,-0.0037891085489807352,0.0037891085489807352,0.0008740889589535783,-0.0033226240026325016,
2014-10-10,107.83,1.2636,4254.79,97.4144,2.31,0.35,1.96,,,,,,21.24,,,,,,-0.2,136.253988,-0.005287945375692438,0.005287945375692438,-0.0006883986311230217,0.002500701509515757,
2014-10-11,,,,,,,,,,,,,,,,,,,-0.2,,,,,,
2014-10-12,,,,,,,,,,,,,,,,,,,-0.2,,,,,,
2014-10-13,,,4265.02,,,,,,,,,,24.64,,,,,,-0.2,,,,,,
2014-10-14,107.15,1.266,4266.29,97.3943,2.21,0.29,1.92,,,,,,22.79,,,,,,-0.2,135.6519,,,0.00029772684602491495,,
2014-10-15,106.06,1.2778,4265.75,97.3532,2.15,0.29,1.86,,,4474360.0,,0.0,26.25,,,,,,-0.2,135.523468,-0.0009472247464801242,0.0009472247464801242,-0.00012658168520651714,-0.0004220850137768295,
2014-10-16,105.98,1.2812,4273.14,97.2869,2.17,0.28,1.89,,,,,,25.2,,,,,,-0.2,135.781576,0.0019027149223918016,-0.0019027149223918016,0.0017309045660649502,-0.0006812573828742785,
2014-10-17,106.72,1.2755,4275.67,97.3067,2.22,0.3,1.92,,,,,,21.99,,,,,,-0.2,136.12136,0.0024993049495609654,-0.0024993049495609654,0.0005918952635184382,0.00020350104081856557,
2014-10-18,,,,,,,,,,,,,,,,,,,-0.2,,,,,,
2014-10-19,,,,,,,,,,,,,,,,,,,-0.2,,,,,,
2014-10-20,106.87,1.2783,4297.87,97.2874,2.2,0.29,1.91,,,,,,18.57,,,,,,-0.2,136.611921,,,,,
2014-10-21,106.7,1.2724,4305.09,97.2488,2.23,0.33,1.9,,,,,,16.08,,,,,,-0.2,135.76508,-0.006218173528083959,0.006218173528083959,0.00167849244797047,-0.00039684131289252633,
2014-10-22,107.32,1.2658,4295.16,97.459,2.25,0.34,1.91,,,4481616.0,,0.0,17.87,,,,,,-0.2,135.845656,0.0005933197159313508,-0.0005933197159313508,-0.00230923622283008,0.0021591336521717963,
2014-10-23,108.16,1.2658,4278.74,97.6047,2.29,0.38,1.91,,,,,,16.53,,,,,,-0.2,136.908928,0.007796586737230271,-0.007796586737230271,-0.003830233633326685,0.0014938712543237642,
2014-10-24,108.06,1.2675,4277.84,97.4772,2.29,0.39,1.9,,,,,,16.11,,,,,,-0.2,136.96605000000002,0.0004171392453997669,-0.0004171392453997669,-0.00021036442207567063,-0.0013071434936211546,
2014-10-25,,,,,,,,,,,,,,,,,,,-0.2,,,,,,
2014-10-26,,,,,,,,,,,,,,,,,,,-0.2,,,,,,
2014-10-27,107.71,1.2712,4273.32,97.5423,2.27,0.38,1.89,,,,,,16.04,,,,,,-0.2,136.920952,,,,,
2014-10-28,108.0,1.2747,4277.11,97.2173,2.3,0.39,1.91,,,,,,14.39,,,,,,-0.2,137.6676,0.005438317327910447,-0.005438317327910447,0.0008865051811923763,-0.003337450905318562,
2014-10-29,108.1,1.2762,4232.36,97.0145,2.34,0.42,1.92,,,4486754.0,,0.0,15.15,,,,,,-0.2,137.95722,0.0021015531663142184,-0.0021015531663142184,-0.010517790775287139,-0.0020882273005318197,
2014-10-30,108.94,1.2622,4194.64,97.456,2.32,0.42,1.9,,,,,,14.52,,,,,,-0.2,137.504068,-0.003290134973742198,0.003290134973742198,-0.008952237312072953,0.004540542226362909,
2014-10-31,112.09,1.253,4106.76,98.1163,2.35,0.43,1.92,,,,,,14.03,,,,,,-0.2,140.44877,0.021189293823405286,-0.021189293823405286,-0.021173123336843958,0.006752515657317382,
2014-11-01,,,,,,,,,,,11638.9,,,,0.42,0.719,2.29,2.1593,-0.2,,,,,,
2014-11-02,,,,,,,,,,,,,,,,,,,-0.2,,,,,,
2014-11-03,113.92,1.2487,4091.6,98.5336,2.36,0.43,1.93,,,,,,14.73,,,,,,-0.2,142.251904,,,,,
2014-11-04,113.44,1.2554,4095.57,98.5576,2.35,0.43,1.92,,,,,,14.89,,,,,,-0.2,142.412576,0.0011288518824841276,-0.0011288518824841276,0.0009698101569064477,0.00024354207715582277,
2014-11-05,114.62,1.2488,4009.31,98.8086,2.36,0.43,1.93,,,4486585.0,,1.0,14.17,,,,,,-0.2,143.137456,0.005077089657564926,-0.005077089657564926,-0.0212867450702916,0.0025434966607020826,
2014-11-06,114.87,1.2414,4012.92,99.1325,2.39,0.45,1.94,,,,,,13.67,,,,,,-0.2,142.59961800000002,-0.0037645701879487348,0.0037645701879487348,0.0008999991881744052,0.0032726936355800262,
2014-11-07,114.73,1.2422,4122.82,99.0236,2.32,0.38,1.94,,,,,,13.12,,,,,,-0.2,142.517606,-0.0005752862006112025,0.0005752862006112025,0.027018239365316887,-0.0010991335715981876,
2014-11-08,,,,,,,,,,,,,,,,,,,-0.2,,,,,,
2014-11-09,,,,,,,,,,,,,,,,,,,-0.2,,,,,,
2014-11-10,114.78,1.2425,4034.04,98.9305,2.38,0.44,1.94,,,,,,12.67,,,,,,-0.2,142.61415,,,,,
2014-11-11,,,4090.58,,,,,,,,,,12.92,,,,,,-0.2,,,,0.013918414092406906,,
2014-11-12,115.42,1.2456,4072.48,98.8897,2.37,0.46,1.91,,,4488895.0,,0.0,13.02,,,,,,-0.2,143.767152,,,-0.004434618798008216,,
2014-11-13,115.63,1.2476,4078.49,99.1045,2.35,0.47,1.88,,,,,,13.79,,,,,,-0.2,144.259988,0.003422153071909406,-0.003422153071909406,0.0014746713800040112,0.002169761379582802,
2014-11-14,116.52,1.2494,4141.68,99.0917,2.32,0.43,1.89,,,,,,13.31,,,,,,-0.2,145.580088,0.009109224276184769,-0.009109224276184769,0.015374680751623515,-0.00012916493875980706,
2014-11-15,,,,,,,,,,,,,,,,,,,-0.2,,,,,,
2014-11-16,,,,,,,,,,,,,,,,,,,-0.2,,,,,,
2014-11-17,116.44,1.2447,4088.47,99.2188,2.34,0.48,1.86,,,,,,13.99,,,,,,-0.2,144.93286799999998,,,,,
2014-11-18,116.76,1.2534,4101.81,99.0185,2.32,0.48,1.84,,,,,,13.86,,,,,,-0.2,146.34698400000002,0.00970974889213494,-0.00970974889213494,0.003257522770015342,-0.0020208111002659734,
2014-11-19,117.7,1.2548,4080.54,99.2424,2.36,0.53,1.83,,,4492759.0,,0.0,13.96,,,,,,-0.2,147.68995999999999,0.009134806806264884,-0.009134806806264884,-0.00519900710922272,0.002258640964352132,
2014-11-20,118.14,1.2526,4111.91,99.2554,2.34,0.49,1.85,,,,,,13.58,,,,,,-0.2,147.98216399999998,0.001976541387647579,-0.001976541387647579,0.007658308154434579,0.00013098381965548356,
2014-11-21,117.74,1.2394,4121.28,99.2894,2.31,0.45,1.86,,,,,,12.9,,,,,,-0.2,145.926956,-0.013985557842279839,0.013985557842279839,0.002276153968363559,0.0003424919749335231,
2014-11-22,,,,,,,,,,,,,,,,,,,-0.2,,,,,,
2014-11-23,,,,,,,,,,,,,,,,,,,-0.2,,,,,,
2014-11-24,118.39,1.2427,4123.63,99.4227,2.3,0.44,1.86,,,,,,12.62,,,,,,-0.2,147.12325299999998,,,,,
2014-11-25,117.99,1.2472,4129.22,99.2837,2.27,0.42,1.85,,,,,,12.25,,,,,,-0.2,147.157128,0.00023022261990046644,-0.00023022261990046644,0.0013546837407396595,-0.001399049277452491,
2014-11-26,117.6,1.2503,4124.53,99.1893,2.24,0.42,1.82,,,4485931.0,,1.0,12.07,,,,,,-0.2,147.03528,-0.0008283558899142562,0.0008283558899142562,-0.0011364532496784818,-0.0009512629639143455,
2014-11-27,,,,,,,,,,,,,,,,,,,-0.2,,,,,,
2014-11-28,118.7,1.2438,4057.1,100.0719,2.18,0.39,1.79,,,,,,13.33,,,,,,-0.2,147.63906,,,,,
2014-11-29,,,,,,,,,,,,,,,,,,,-0.2,,,,,,
2014-11-30,,,,,,,,,,,,,,,,,,,-0.2,,,,,,
2014-12-01,118.14,1.249,4143.1,99.8964,2.22,0.43,1.79,,,,11721.2,,14.29,,0.33,0.5889473684,1.99,1.9287,-0.2,147.55686,,,,,
2014-12-02,119.1,1.239,4130.66,100.4478,2.28,0.51,1.77,,,,,,12.85,,,,,,-0.2,147.5649,5.4485985729435527e-05,-5.4485985729435527e-05,-0.0030070994020157116,0.0055045406084408555,
2014-12-03,119.82,1.2304,4147.97,100.5696,2.29,0.5,1.79,,,4486190.0,,1.0,12.47,,,,,,-0.2,147.426528,-0.0009381425832382106,0.0009381425832382106,0.004181857439295555,0.001211835541656825,
2014-12-04,119.67,1.2432,4147.43,100.3931,2.25,0.48,1.77,,,,,,12.38,,,,,,-0.2,148.77374400000002,0.00909671879164975,-0.00909671879164975,-0.00013019263706759432,-0.0017565453229071437,
2014-12-05,121.38,1.2304,4132.64,101.0989,2.31,0.56,1.75,,,,,,11.82,,,,,,-0.2,149.34595199999998,0.0038387849602807833,-0.0038387849602807833,-0.003572437365756187,0.007005765854366963,
2014-12-06,,,,,,,,,,,,,,,,,,,-0.2,,,,,,
2014-12-07,,,,,,,,,,,,,,,,,,,-0.2,,,,,,
2014-12-08,120.89,1.2292,4155.72,101.31,2.26,0.55,1.71,,,,,,14.21,,,,,,-0.2,148.59798800000002,,,,,
2014-12-09,118.87,1.2415,4172.17,100.8095,2.22,0.49,1.73,,,,,,14.89,,,,,,-0.2,147.57710500000002,-0.006893807529475993,0.006893807529475993,0.003950585657294781,-0.0049525258374494285,
2014-12-10,118.5,1.2425,4170.24,101.0212,2.18,0.47,1.71,,,4488865.0,,2.0,18.53,,,,,,-0.2,147.23624999999998,-0.002312345394784643,0.002312345394784643,-0.0004626960397366986,0.002097798577091581,
2014-12-11,119.4,1.2397,4169.41,101.4448,2.19,0.49,1.7,,,,,,20.08,,,,,,-0.2,148.02018,0.005310176256633881,-0.005310176256633881,-0.0001990491214236556,0.004184412376185165,
2014-12-12,118.22,1.2484,4163.4,101.3735,2.1,0.46,1.64,,,,,,21.08,,,,,,-0.2,147.585848,-0.0029385890097559653,0.0029385890097559653,-0.0014424908385350932,-0.000703092402778438,
2014-12-13,,,,,,,,,,,,,,,,,,,-0.2,,,,,,
2014-12-14,,,,,,,,,,,,,,,,,,,-0.2,,,,,,
2014-12-15,117.75,1.247,4018.05,101.674,2.12,0.5,1.62,,,,,,20.42,,,,,,-0.2,146.83425000000003,,,,,
2014-12-16,117.28,1.2504,4030.79,101.526,2.07,0.42,1.65,,,,,,23.57,,,,,,-0.2,146.646912,-0.0012766613309551644,0.0012766613309551644,0.0031656762066312183,-0.0014566931709723008,
2014-12-17,117.64,1.2406,4016.83,101.5527,2.14,0.49,1.65,,,4502247.0,,2.0,19.44,,,,,,-0.2,145.94418399999998,-0.004803491020797246,0.004803491020797246,-0.0034693521817246165,0.0002629522461381484,
2014-12-18,118.84,1.2291,4046.85,101.7531,2.22,0.57,1.65,,,,,,16.81,,,,,,-0.2,146.066244,0.0008359975905305461,-0.0008359975905305461,0.007445766372391915,0.0019714151283842796,
2014-12-19,119.56,1.2235,4037.25,102.0483,2.17,0.49,1.68,,,,,,16.49,,,,,,-0.2,146.28166000000002,0.0014736964831216781,-0.0014736964831216781,-0.002375033587567188,0.0028969399272975593,
2014-12-20,,,,,,,,,,,,,,,,,,,-0.2,,,,,,
2014-12-21,,,,,,,,,,,,,,,,,,,-0.2,,,,,,
2014-12-22,119.84,1.2252,3968.48,101.9942,2.17,0.47,1.7,,,,,,15.25,,,,,,-0.2,146.827968,,,,,
2014-12-23,120.68,1.218,3975.81,102.348,2.26,0.56,1.7,,,,,,14.8,,,,,,-0.2,146.98824000000002,0.0010909678331731953,-0.0010909678331731953,0.0018453510836291542,0.003462822202546789,
2014-12-24,120.45,1.2188,3977.91,102.3028,2.27,0.59,1.68,,,4509462.0,,30.0,14.37,,,,,,-0.2,146.80446,-0.0012510863882679857,0.0012510863882679857,0.0005280548092709836,-0.00044172806297293477,
2014-12-25,,,,,,,,,,,,,,,,,,,-0.2,,,,,,
2014-12-26,,,4045.1,,2.25,0.58,1.67,,,,,,14.5,,,,,,-0.2,,,,,,
2014-12-27,,,,,,,,,,,,,,,,,,,-0.2,,,,,,
2014-12-28,,,,,,,,,,,,,,,,,,,-0.2,,,,,,
2014-12-29,120.57,1.2179,4008.28,102.3767,2.22,0.57,1.65,,,,,,15.06,,,,,,-0.2,146.84220299999998,,,,,
2014-12-30,119.34,1.2174,4057.84,102.1019,2.2,0.56,1.64,,,,,,15.92,,,,,,-0.2,145.284516,-0.010664562068524397,0.010664562068524397,0.012288590714620184,-0.002687813447836085,
2014-12-31,119.85,1.2101,4006.88,102.2843,2.17,0.49,1.68,,,4497660.0,,1528.0,19.2,,,,,,-0.2,145.030485,-0.0017500374693595333,0.0017500374693595333,-0.012637928722654124,0.0017848567899676482,
2015-01-01,,,,,,,,,,,11806.2,,,,0.275,0.39,1.702,1.589,-0.2,,,,,,
2015-01-02,120.2,1.2015,4024.33,102.9027,2.12,0.41,1.71,,,,,,17.79,,,,,,-0.2,144.4203,,,,,
2015-01-03,,,,,,,,,,,,,,,,,,,-0.2,,,,,,
2015-01-04,,,,,,,,,,,,,,,,,,,-0.2,,,,,,
2015-01-05,119.64,1.1918,4077.39,103.4976,2.04,0.4,1.64,,,,,,19.92,,,,,,-0.2,142.586952,,,,,
2015-01-06,118.26,1.1936,4117.21,103.2938,1.97,0.41,1.56,,,,,,21.12,,,,,,-0.2,141.155136,-0.01009246223244542,0.01009246223244542,0.009718671667842571,-0.001971069067496778,
2015-01-07,119.52,1.182,4100.16,103.6316,1.96,0.39,1.57,,,4499524.0,,1528.0,19.31,,,,,,-0.2,141.27264,0.0008320995083703764,-0.0008320995083703764,-0.004149752163375098,0.0032649476581960712,
2015-01-08,119.51,1.1811,4088.87,103.2799,2.03,0.41,1.62,,,,,,17.01,,,,,,-0.2,141.15326100000001,-0.0008453828539591868,0.0008453828539591868,-0.0027573490762957675,-0.0033995243252258334,
2015-01-09,118.66,1.183,4126.7,103.1213,1.98,0.36,1.62,,,,,,17.55,,,,,,-0.2,140.37478000000002,-0.005530411687707293,0.005530411687707293,0.009209407837365902,-0.0015368130729385143,
2015-01-10,,,,,,,,,,,,,,,,,,,-0.2,,,,,,
2015-01-11,,,,,,,,,,,,,,,,,,,-0.2,,,,,,
2015-01-12,118.32,1.1832,4112.64,103.2372,1.92,0.35,1.57,,,,,,19.6,,,,,,-0.2,139.99622399999998,,,,,
2015-01-13,118.16,1.1779,4104.81,103.27,1.91,0.37,1.54,,,,,,20.56,,,,,,-0.2,139.18066399999998,-0.0058426206112720536,0.0058426206112720536,-0.0019057012503100879,0.00031766447151326815,
2015-01-14,116.78,1.1806,4100.12,103.0903,1.86,0.29,1.57,,,4516077.0,,0.0,21.48,,,,,,-0.2,137.87046800000002,-0.00945822352588177,0.00945822352588177,-0.0011432152402992557,-0.0017416145006814432,
2015-01-15,116.95,1.1598,4139.25,103.0829,1.77,0.19,1.58,,,,,,22.39,,,,,,-0.2,135.63861,-0.016320537189452367,0.016320537189452367,0.009498370430945258,-7.178430565346616e-05,
2015-01-16,117.45,1.1517,4159.43,103.2189,1.83,0.23,1.6,,,,,,20.95,,,,,,-0.2,135.267165,-0.0027422466927449207,0.0027422466927449207,0.004863433648827353,0.001318456937370982,
2015-01-17,,,,,,,,,,,,,,,,,,,-0.2,,,,,,
2015-01-18,,,,,,,,,,,,,,,,,,,-0.2,,,,,,
2015-01-19,,,,,,,,,,,,,,,,,,,-0.2,,,,,,
2015-01-20,118.48,1.1559,4177.0,103.5233,1.82,0.23,1.59,,,,,,19.89,,,,,,-0.2,136.951032,,,,,
2015-01-21,117.86,1.1584,4183.26,103.7858,1.87,0.26,1.61,,,4512936.0,,10.0,18.85,,,,,,-0.2,136.52902400000002,-0.0030862092185452994,0.0030862092185452994,0.0014975613605177074,0.002532451689686077,
2015-01-22,117.92,1.1414,4197.18,103.9271,1.9,0.29,1.61,,,,,,16.4,,,,,,-0.2,134.593888,-0.014275214497585509,0.014275214497585509,0.003322024333227702,0.001360531982328439,
2015-01-23,117.8,1.1279,4191.96,104.3676,1.81,0.21,1.6,,,,,,16.66,,,,,,-0.2,132.86661999999998,-0.01291623968027622,0.01291623968027622,-0.0012444662202995005,0.0042295906395235505,
2015-01-24,,,,,,,,,,,,,,,,,,,-0.2,,,,,,
2015-01-25,,,,,,,,,,,,,,,,,,,-0.2,,,,,,
2015-01-26,118.38,1.129,4186.74,104.4818,1.83,0.22,1.61,,,,,,15.52,,,,,,-0.2,133.65102,,,,,
2015-01-27,117.62,1.137,4198.74,104.1646,1.83,0.17,1.66,,,,,,17.22,,,,,,-0.2,133.73394000000002,0.0006202293701047523,-0.0006202293701047523,0.002862092138212091,-0.0030405532458281925,
2015-01-28,117.74,1.1342,4194.22,104.4737,1.73,0.12,1.61,,,4500064.0,,1.0,20.44,,,,,,-0.2,133.540708,-0.0014459436023024352,0.0014459436023024352,-0.0010770932869892391,0.0029630247768084317,
2015-01-29,118.31,1.1308,4162.04,105.2763,1.77,0.15,1.62,,,,,,18.76,,,,,,-0.2,133.784948,0.0018272849049632,-0.0018272849049632,-0.007702048304016884,0.007652957494189927,
2015-01-30,117.44,1.129,4197.0,105.5884,1.68,0.03,1.65,,,,,,20.97,,,,,,-0.2,132.58975999999998,-0.008973795069139534,0.008973795069139534,0.008364645662139125,0.0029601941709964663,
2015-01-31,,,,,,,,,,,,,,,,,,,-0.2,,,,,,
2015-02-01,,,,,,,,,,,11920.7,,,,0.33,0.302,1.557,1.7365,-0.2,,,,,,
2015-02-02,117.33,1.1337,4189.0,105.2058,1.68,0.03,1.65,,,,,,19.43,,,,,,-0.2,133.017021,,,,,
2015-02-03,117.48,1.1462,4175.09,104.6063,1.79,0.09,1.7,,,,,,17.33,,,,,,-0.2,134.65557600000002,0.012243131988971534,-0.012243131988971534,-0.0033261270081972327,-0.0057146526010756205,
2015-02-04,117.58,1.1418,4183.61,104.785,1.81,0.1,1.71,,,4500348.0,,0.0,18.33,,,,,,-0.2,134.25284399999998,-0.002995311943789325,0.002995311943789325,0.0020385952242971683,0.001706852609296483,
2015-02-05,117.4,1.1432,4191.09,104.4915,1.83,0.13,1.7,,,,,,16.85,,,,,,-0.2,134.21168,-0.000306662494613974,0.000306662494613974,0.0017863331197638388,-0.0028049034882124957,
2015-02-06,119.16,1.133,4139.43,105.1283,1.95,0.24,1.71,,,,,,17.29,,,,,,-0.2,135.00827999999998,0.005917854863434435,-0.005917854863434435,-0.012402746101880524,0.00607578061767633,
2015-02-07,,,,,,,,,,,,,,,,,,,-0.2,,,,,,
2015-02-08,,,,,,,,,,,,,,,,,,,-0.2,,,,,,
2015-02-09,118.7,1.1316,4156.82,104.9889,1.96,0.25,1.71,,,,,,18.55,,,,,,-0.2,134.32092,,,,,
2015-02-10,119.32,1.1316,4145.68,105.2897,2.01,0.31,1.7,,,,,,17.23,,,,,,-0.2,135.02251199999998,0.005209658030925546,-0.005209658030925546,-0.002683530667930256,0.0028609683075133674,
2015-02-11,120.38,1.13,4110.39,105.7901,2.0,0.32,1.68,,,4501685.0,,0.0,16.96,,,,,,-0.2,136.02939999999998,0.007429518752051223,-0.007429518752051223,-0.008548913690745508,0.0047413436759917715,
2015-02-12,118.72,1.141,4120.98,104.9385,1.99,0.33,1.66,,,,,,15.34,,,,,,-0.2,135.45952,-0.004198188544864756,0.004198188544864756,0.0025730846366567306,-0.00808247799297579,
2015-02-13,118.7,1.1408,4141.93,104.8452,2.02,0.34,1.68,,,,,,14.69,,,,,,-0.2,135.41296,-0.00034377800549201254,0.00034377800549201254,0.005070863628368727,-0.0008894876594469636,
2015-02-14,,,,,,,,,,,,,,,,,,,-0.2,,,,,,
2015-02-15,,,,,,,,,,,,,,,,,,,-0.2,,,,,,
2015-02-16,,,,,,,,,,,,,,,,,,,-0.2,,,,,,
2015-02-17,118.99,1.1395,4032.02,,2.14,0.43,1.71,,,,,,15.8,,,,,,-0.2,135.589105,,,,,
2015-02-18,119.19,1.1342,4043.29,105.2514,2.07,0.36,1.71,,,4496851.0,,0.0,15.45,,,,,,-0.2,135.18529800000002,-0.0029826105782557732,0.0029826105782557732,0.0027912259261846373,,
2015-02-19,118.84,1.1392,4033.41,105.1407,2.11,0.37,1.74,,,,,,15.29,,,,,,-0.2,135.382528,0.0014578971775733862,-0.0014578971775733862,-0.002446544982015908,-0.0010523209779798037,
2015-02-20,118.68,1.1372,4012.6,105.3387,2.13,0.38,1.75,,,,,,14.3,,,,,,-0.2,134.962896,-0.0031044160526523257,0.0031044160526523257,-0.005172761754430155,0.0018814198292638196,
2015-02-21,,,,,,,,,,,,,,,,,,,-0.2,,,,,,
2015-02-22,,,,,,,,,,,,,,,,,,,-0.2,,,,,,
2015-02-23,118.88,1.1346,4018.15,105.5359,2.06,0.34,1.72,,,,,,14.56,,,,,,-0.2,134.881248,,,,,
2015-02-24,119.13,1.1307,4014.86,105.5472,1.99,0.27,1.72,,,,,,13.69,,,,,,-0.2,134.700291,-0.0013425031094458362,0.0013425031094458362,-0.0008191201514637925,0.00010706683776096071,
2015-02-25,118.88,1.1363,4031.15,105.0503,1.96,0.24,1.72,,,4486725.0,,3.0,13.84,,,,,,-0.2,135.083344,0.0028397071409429486,-0.0028397071409429486,0.004049217502286595,-0.004718963160587286,
2015-02-26,119.36,1.1212,4044.33,105.5021,2.03,0.24,1.79,,,,,,13.91,,,,,,-0.2,133.82643199999998,-0.009348274147328972,0.009348274147328972,0.003264205150102839,0.004291574861393421,
2015-02-27,119.72,1.1197,4048.66,105.5981,2.0,0.17,1.83,,,,,,13.34,,,,,,-0.2,134.05048399999998,0.001672798504565698,-0.001672798504565698,0.0010700619704628878,0.0009095207547673567,
2015-02-28,,,,,,,,,,,,,,,,,,,-0.2,,,,,,
2015-03-01,,,,,,,,,,,11919.1,,,,0.4,0.2272727273,1.294,1.7941,-0.2,,,,,,
2015-03-02,120.06,1.119,4033.58,105.8151,2.08,0.25,1.83,,,,,,13.04,,,,,,-0.2,134.34714,,,,,
2015-03-03,119.47,1.1212,4026.65,105.5562,2.12,0.26,1.86,,,,,,13.86,,,,,,-0.2,133.949764,-0.0029622130158566407,0.0029622130158566407,-0.00171955433221882,-0.0024497188546810378,
2015-03-04,119.76,1.107,4015.03,106.1333,2.12,0.25,1.87,,,4487583.0,,0.0,14.23,,,,,,-0.2,132.57432,-0.010321440299756013,0.010321440299756013,-0.002889945406259642,0.005452338728828998,
2015-03-05,120.22,1.1006,4011.22,,2.11,0.27,1.84,,,,,,14.04,,,,,,-0.2,132.314132,-0.0019645105833347998,0.0019645105833347998,-0.0009493849023325396,,
2015-03-06,120.93,1.0855,3903.56,107.4337,2.24,0.41,1.83,,,,,,15.2,,,,,,-0.2,131.26951499999998,-0.00792630712114395,0.00792630712114395,-0.02720647716741631,,
2015-03-07,,,,,,,,,,,,,,,,,,,-0.2,,,,,,
2015-03-08,,,,,,,,,,,,,,,,,,,-0.2,,,,,,
2015-03-09,121.17,1.0846,3907.73,107.5199,2.2,0.44,1.76,,,,,,15.06,,,,,,-0.2,131.420982,,,,,
2015-03-10,121.2,1.0707,3888.19,108.1165,2.14,0.41,1.73,,,,,,16.69,,,,,,-0.2,129.76884,-0.012651059850953494,0.012651059850953494,-0.005012889028739309,0.005533402730256043,
2015-03-11,121.5,1.0576,3865.48,108.5235,2.11,0.39,1.72,,,4489279.0,,2.0,16.87,,,,,,-0.2,128.4984,-0.0098382609214136,0.0098382609214136,-0.0058578879268313955,0.0037573899449281356,
2015-03-12,121.28,1.0615,3865.92,108.1741,2.1,0.39,1.71,,,,,,15.42,,,,,,-0.2,128.73872,0.001868471159347962,-0.001868471159347962,0.00011382155896022539,-0.0032247731658205936,
2015-03-13,121.17,1.0524,3870.93,108.9174,2.13,0.44,1.69,,,,,,16.0,,,,,,-0.2,127.519308,-0.009517135627803874,0.009517135627803874,0.0012951009003057123,0.0068478305655901295,
2015-03-14,,,,,,,,,,,,,,,,,,,-0.2,,,,,,
2015-03-15,,,,,,,,,,,,,,,,,,,-0.2,,,,,,
2015-03-16,121.3,1.0575,3842.34,108.6422,2.1,0.45,1.65,,,,,,15.61,,,,,,-0.2,128.27475,,,,,
2015-03-17,121.28,1.0605,3822.59,108.5805,2.06,0.42,1.64,,,,,,15.66,,,,,,-0.2,128.61744,0.0026679690283613056,-0.0026679690283613056,-0.005153352661654509,-0.0005680806072225764,
2015-03-18,120.92,1.0643,3887.39,108.408,1.93,0.23,1.7,,,4495888.0,,2.0,13.97,,,,,,-0.2,128.695156,0.0006040590594569295,-0.0006040590594569295,0.016809777940654413,-0.0015899463459030372,
2015-03-19,120.9,1.0621,3891.2,108.1826,1.98,0.19,1.79,,,,,,14.07,,,,,,-0.2,128.40789,-0.0022346380100142227,0.0022346380100142227,0.0009796120645724216,-0.0020813468485663122,
2015-03-20,120.28,1.0792,3925.33,107.1671,1.93,0.17,1.76,,,,,,13.02,,,,,,-0.2,129.806176,0.010830546065633051,-0.010830546065633051,0.008732830783610979,-0.009431241624578313,
2015-03-21,,,,,,,,,,,,,,,,,,,-0.2,,,,,,
2015-03-22,,,,,,,,,,,,,,,,,,,-0.2,,,,,,
2015-03-23,119.74,1.0928,3945.09,106.5022,1.92,0.17,1.75,,,,,,13.41,,,,,,-0.2,130.851872,,,,,
2015-03-24,119.9,1.0908,3954.1,106.4401,1.88,0.11,1.77,,,,,,13.62,,,,,,-0.2,130.78692,-0.000496501308829167,0.000496501308829167,0.002281247547507803,-0.0005832566076398038,
2015-03-25,119.37,1.0986,3960.68,106.2636,1.93,0.12,1.81,,,4480603.0,,3.0,15.44,,,,,,-0.2,131.139882,0.002695121010565238,-0.002695121010565238,0.001662712423069479,-0.0016595859922512446,
2015-03-26,119.01,1.0919,3978.01,106.5582,2.01,0.21,1.8,,,,,,15.8,,,,,,-0.2,129.947019,-0.009137733801098058,0.009137733801098058,0.004365966558264489,0.0027685151442922162,
2015-03-27,119.15,1.0891,3972.29,106.8916,1.95,0.19,1.76,,,,,,15.07,,,,,,-0.2,129.766265,-0.001391950587977142,0.001391950587977142,-0.001438939659374583,0.0031239220756766883,
2015-03-28,,,,,,,,,,,,,,,,,,,-0.2,,,,,,
2015-03-29,,,,,,,,,,,,,,,,,,,-0.2,,,,,,
2015-03-30,120.11,1.0818,3943.18,107.3941,1.96,0.23,1.73,,,,,,14.51,,,,,,-0.2,129.934998,,,,,
2015-03-31,119.96,1.0741,3941.79,107.4396,1.94,0.18,1.76,,,,,,15.29,,,,,,-0.2,128.849036,-0.008392854518915804,0.008392854518915804,-0.0003525695124757533,0.0004235834571604258,
2015-04-01,119.62,1.0768,3987.02,107.06,1.87,0.07,1.8,,,4481799.0,11953.4,810.0,15.11,,0.34,0.122,1.357,1.755,-0.2,128.806816,-0.0003277239779349017,0.0003277239779349017,0.011409149828651266,-0.0035394042346252874,
2015-04-02,119.74,1.0874,3982.34,106.6738,1.92,0.11,1.81,,,,,,14.67,,,,,,-0.2,130.205276,0.010798519702151843,-0.010798519702151843,-0.0011744984636106182,-0.00361384507560647,
2015-04-03,118.96,1.099,,105.8861,1.85,0.02,1.83,,,,,,,,,,,,-0.2,130.73703999999998,0.004075726346494335,-0.004075726346494335,,-0.007411591798872408,
2015-04-04,,,,,,,,,,,,,,,,,,,-0.2,,,,,,
2015-04-05,,,,,,,,,,,,,,,,,,,-0.2,,,,,,
2015-04-06,119.05,1.1008,4012.49,105.7876,1.92,0.07,1.85,,,,,,14.74,,,,,,-0.2,131.05024,,,,,
2015-04-07,120.36,1.085,4006.25,106.4488,1.89,0.04,1.85,,,,,,14.78,,,,,,-0.2,130.5906,-0.003513522375546252,0.003513522375546252,-0.0015563545543475499,0.006230808090829321,
2015-04-08,119.96,1.0818,3996.83,106.4231,1.92,0.08,1.84,,,4483419.0,,0.0,13.98,,,,,,-0.2,129.772728,-0.006282564418269132,0.006282564418269132,-0.0023540947610882768,-0.0002414597711100086,
2015-04-09,120.32,1.0671,3975.85,107.0335,1.97,0.13,1.84,,,,,,13.09,,,,,,-0.2,128.39347199999997,-0.010685125494086734,0.010685125494086734,-0.005262985201234471,0.0057192109666877045,
2015-04-10,120.29,1.0598,4012.36,107.4526,1.96,0.14,1.82,,,,,,12.58,,,,,,-0.2,127.48334200000002,-0.007113843759405825,0.007113843759405825,0.009141035157176347,0.003907950523386994,
2015-04-11,,,,,,,,,,,,,,,,,,,-0.2,,,,,,
2015-04-12,,,,,,,,,,,,,,,,,,,-0.2,,,,,,
2015-04-13,120.32,1.0582,3967.22,107.7508,1.94,0.14,1.8,,,,,,13.94,,,,,,-0.2,127.32262399999999,,,,,
2015-04-14,119.26,1.0672,3945.34,107.0547,1.9,0.1,1.8,,,,,,13.67,,,,,,-0.2,127.274272,-0.0003798318152421487,0.0003798318152421487,-0.0055304618905793745,-0.006481234760933319,
2015-04-15,119.23,1.0596,3977.72,107.1855,1.91,0.07,1.84,,,4485366.0,,0.0,12.84,,,,,,-0.2,126.33610800000001,-0.00739850064036407,0.00739850064036407,0.008173655196799245,0.0012210595047221773,
2015-04-16,119.18,1.0742,3965.67,106.2761,1.9,0.05,1.85,,,,,,12.6,,,,,,-0.2,128.023156,0.013265274574236763,-0.013265274574236763,-0.0030339714513161198,-0.008520553597000102,
2015-04-17,119.02,1.078,3984.1,106.329,1.87,-0.02,1.89,,,,,,13.89,,,,,,-0.2,128.30356,0.002187864895456748,-0.002187864895456748,0.004636620434984806,0.0004976362381867716,
2015-04-18,,,,,,,,,,,,,,,,,,,-0.2,,,,,,
2015-04-19,,,,,,,,,,,,,,,,,,,-0.2,,,,,,
2015-04-20,119.27,1.0763,3956.37,106.4902,1.9,0.01,1.89,,,,,,13.3,,,,,,-0.2,128.370301,,,,,
2015-04-21,119.45,1.0758,3978.41,106.5582,1.92,0.06,1.86,,,,,,13.25,,,,,,-0.2,128.50431,0.0010433807501302184,-0.0010433807501302184,0.005555303784623433,0.0006383526213680213,
2015-04-22,119.9,1.0729,3927.78,106.5815,1.99,0.12,1.87,,,4489695.0,,0.0,12.71,,,,,,-0.2,128.64071,0.0010608800652089911,-0.0010608800652089911,-0.01280786121146349,0.0002186359471538779,
2015-04-23,119.69,1.0803,3955.16,106.1658,1.96,0.07,1.89,,,,,,12.48,,,,,,-0.2,129.301107,0.005120522532048533,-0.005120522532048533,0.006946674744368053,-0.0039079276591893475,
2015-04-24,118.98,1.0876,3902.29,105.905,1.93,0.04,1.89,,,,,,12.29,,,,,,-0.2,129.402648,0.0007849983098573432,-0.0007849983098573432,-0.013457495221075533,-0.0024595571995202903,
2015-04-25,,,,,,,,,,,,,,,,,,,-0.2,,,,,,
2015-04-26,,,,,,,,,,,,,,,,,,,-0.2,,,,,,
2015-04-27,119.12,1.0892,3977.38,105.6891,1.94,0.03,1.91,,,,,,13.12,,,,,,-0.2,129.745504,,,,,
2015-04-28,118.8,1.0979,4009.93,105.1234,2.0,0.11,1.89,,,,,,12.41,,,,,,-0.2,130.43052,0.005265800993873526,-0.005265800993873526,0.008150473736908026,-0.005366867314160473,
2015-04-29,118.83,1.1174,3984.61,104.5634,2.06,0.14,1.92,,,4471499.0,,0.0,13.39,,,,,,-0.2,132.780642,0.01785778715775166,-0.01785778715775166,-0.0063343443553751655,-0.005341312198779313,
2015-04-30,119.86,1.1162,3917.44,105.312,2.05,0.11,1.94,,,,,,14.55,,,,,,-0.2,133.787732,0.007555996057389436,-0.007555996057389436,-0.017001061211121993,0.0071337867586400705,
2015-05-01,120.21,1.1194,3904.35,105.6382,2.12,0.18,1.94,,,,11981.9,,12.7,,0.39,0.5557894737,1.812,2.0243,-0.2,134.563074,0.0057785863890496,-0.0057785863890496,-0.0033470630687908454,0.003092675522458066,
2015-05-02,,,,,,,,,,,,,,,,,,,-0.2,,,,,,
2015-05-03,,,,,,,,,,,,,,,,,,,-0.2,,,,,,
2015-05-04,120.25,1.1145,3939.14,105.6679,2.16,0.24,1.92,,,,,,12.85,,,,,,-0.2,134.01862500000001,,,,,
2015-05-05,119.87,1.1174,3949.87,105.2396,2.19,0.25,1.94,,,,,,14.31,,,,,,-0.2,133.942738,-0.000566402567737434,0.000566402567737434,0.0027202416061271606,-0.004061501736660311,
2015-05-06,119.42,1.1345,3947.22,104.6935,2.25,0.34,1.91,,,4472703.0,,0.0,15.15,,,,,,-0.2,135.48199,0.011426336094685574,-0.011426336094685574,-0.000671133316062722,-0.0052026215188156755,
2015-05-07,119.74,1.1283,3917.69,105.1941,2.18,0.3,1.88,,,,,,15.13,,,,,,-0.2,135.102642,-0.0028039156971360057,0.0028039156971360057,-0.007509339271953408,0.00477018127080342,
2015-05-08,119.78,1.1241,3938.46,104.8424,2.16,0.28,1.88,,,,,,12.86,,,,,,-0.2,134.644698,-0.0033953583375385676,0.0033953583375385676,0.00528758956783193,-0.0033489448615409145,
2015-05-09,,,,,,,,,,,,,,,,,,,-0.2,,,,,,
2015-05-10,,,,,,,,,,,,,,,,,,,-0.2,,,,,,
2015-05-11,120.05,1.1142,3915.19,105.3075,2.28,0.4,1.88,,,,,,13.85,,,,,,-0.2,133.75971,,,,,
2015-05-12,119.8,1.124,3943.42,104.8924,2.28,0.4,1.88,,,,,,13.86,,,,,,-0.2,134.6552,0.006672455881007622,-0.006672455881007622,0.007184507547577823,-0.003949578849478996,
2015-05-13,119.09,1.1372,3990.4,104.3608,2.27,0.41,1.86,,,4501188.0,,0.0,13.76,,,,,,-0.2,135.429148,0.005731173421763991,-0.005731173421763991,0.011843109400929919,-0.005080936813818937,
2015-05-14,119.2,1.1368,4001.59,104.2359,2.23,0.36,1.87,,,,,,12.74,,,,,,-0.2,135.50656,0.0005714418573914415,-0.0005714418573914415,0.0028003056341159294,-0.0011975262784718055,
2015-05-15,119.36,1.1428,4013.3,104.0202,2.14,0.31,1.83,,,,,,12.38,,,,,,-0.2,136.404608,0.006605475397927663,-0.006605475397927663,0.0029220633925373107,-0.0020714886827502,
2015-05-16,,,,,,,,,,,,,,,,,,,-0.2,,,,,,
2015-05-17,,,,,,,,,,,,,,,,,,,-0.2,,,,,,
2015-05-18,119.82,1.1354,4014.16,104.6068,2.23,0.37,1.86,,,,,,12.73,,,,,,-0.2,136.04362799999998,,,,,
2015-05-19,120.58,1.1151,3981.8,105.3448,2.27,0.42,1.85,,,,,,12.85,,,,,,-0.2,134.458758,-0.011718108359828783,0.011718108359828783,-0.008094131704469376,0.007030220675371623,
2015-05-20,121.28,1.1079,3989.72,105.5605,2.26,0.38,1.88,,,4480384.0,,0.0,12.88,,,,,,-0.2,134.36611200000002,-0.0006892666118867297,0.0006892666118867297,0.0019870746372046,0.002045468513179216,
2015-05-21,121.06,1.1126,3983.52,105.3808,2.19,0.35,1.84,,,,,,12.11,,,,,,-0.2,134.691356,0.0024176556840451724,-0.0024176556840451724,-0.001555202464652794,-0.0017037919408959823,
2015-05-22,121.45,1.1033,3983.69,105.8487,2.21,0.34,1.87,,,,,,12.13,,,,,,-0.2,133.99578499999998,-0.00517756489029253,0.00517756489029253,4.267491380893773e-05,0.004430259649311097,
2015-05-23,,,,,,,,,,,,,,,,,,,-0.2,,,,,,
2015-05-24,,,,,,,,,,,,,,,,,,,-0.2,,,,,,
2015-05-25,,,,,,,,,,,,,,,,,,,-0.2,,,,,,
2015-05-26,123.08,1.0876,3938.08,106.7294,2.14,0.32,1.82,,,,,,14.06,,,,,,-0.2,133.861808,,,,,
2015-05-27,123.76,1.0888,3940.32,106.908,2.14,0.34,1.8,,,4463981.0,,2.0,13.27,,,,,,-0.2,134.749888,0.0066123943899096815,-0.0066123943899096815,0.0005686433946898717,0.0016719922785730645,
2015-05-28,124.18,1.0914,3943.59,106.92,2.13,0.33,1.8,,,,,,13.31,,,,,,-0.2,135.530052,0.005773023086811158,-0.005773023086811158,0.0008295376754716699,0.00011223974421081806,
2015-05-29,123.98,1.0994,3947.2,106.7388,2.12,0.32,1.8,,,,,,13.84,,,,,,-0.2,136.303612,0.005691437011455136,-0.005691437011455136,0.0009149908315535527,-0.0016961626990523726,
2015-05-30,,,,,,,,,,,,,,,,,,,-0.2,,,,,,
2015-05-31,,,,,,,,,,,,,,,,,,,-0.2,,,,,,
2015-06-01,124.64,1.0913,3943.76,107.2238,2.19,0.39,1.8,,,,12020.9,,13.97,,0.455,0.7927272727,2.199,2.1696,-0.2,136.019632,,,,,
2015-06-02,124.19,1.113,3958.56,106.4507,2.27,0.44,1.83,,,,,,14.24,,,,,,-0.2,138.22347,0.016072494994003428,-0.016072494994003428,0.0037457398091600425,-0.007236271745330924,
2015-06-03,124.06,1.1285,3934.3,106.1443,2.38,0.55,1.83,,,4465360.0,,0.0,13.66,,,,,,-0.2,140.00171,0.012782913567075838,-0.012782913567075838,-0.0061473474503515035,-0.0028824780653193827,
2015-06-04,124.56,1.1271,3908.82,106.4725,2.31,0.5,1.81,,,,,,14.71,,,,,,-0.2,140.39157600000001,0.0027808529712141095,-0.0027808529712141095,-0.00649743715257145,0.0030872467337985654,
2015-06-05,125.58,1.1108,3890.58,107.1336,2.41,0.55,1.86,,,,,,14.21,,,,,,-0.2,139.494264,-0.006412007655168139,0.006412007655168139,-0.004677291395008609,0.006189917898790753,
2015-06-06,,,,,,,,,,,,,,,,,,,-0.2,,,,,,
2015-06-07,,,,,,,,,,,,,,,,,,,-0.2,,,,,,
2015-06-08,125.08,1.1232,3901.94,106.7693,2.39,0.54,1.85,,,,,,15.29,,,,,,-0.2,140.489856,,,,,
2015-06-09,124.16,1.1284,3910.29,106.2238,2.42,0.56,1.86,,,,,,14.47,,,,,,-0.2,140.102144,-0.0027635302984370114,0.0027635302984370114,0.002137674692043845,-0.005122242858633719,
2015-06-10,122.72,1.1307,3940.55,105.8037,2.5,0.63,1.87,,,4468005.0,,0.0,13.22,,,,,,-0.2,138.759504,-0.009629509002604841,0.009629509002604841,0.007708767431289232,-0.003962698704036427,
2015-06-11,123.62,1.1236,3925.08,106.0934,2.39,0.56,1.83,,,,,,12.85,,,,,,-0.2,138.899432,0.0010079129010707177,-0.0010079129010707177,-0.003933574283884411,0.002734347761237821,
2015-06-12,123.23,1.1278,3924.89,105.9015,2.39,0.55,1.84,,,,,,13.78,,,,,,-0.2,138.978794,0.0005711998618975755,-0.0005711998618975755,-4.840782832005175e-05,-0.0018104214055592038,
2015-06-13,,,,,,,,,,,,,,,,,,,-0.2,,,,,,
2015-06-14,,,,,,,,,,,,,,,,,,,-0.2,,,,,,
2015-06-15,123.38,1.1266,3908.61,105.9989,2.36,0.51,1.85,,,,,,15.39,,,,,,-0.2,138.999908,,,,,
2015-06-16,123.39,1.1238,3899.33,106.0473,2.32,0.44,1.88,,,,,,14.81,,,,,,-0.2,138.66568199999998,-0.0024074006535661496,0.0024074006535661496,-0.0023770685660196023,0.00045650429803067993,
2015-06-17,124.25,1.1244,3916.01,106.058,2.32,0.42,1.9,,,4487817.0,,114.0,14.5,,,,,,-0.2,139.7067,0.007479354420575568,-0.007479354420575568,0.004268534785776268,0.0001008932828092668,
2015-06-18,122.87,1.1404,3950.23,105.102,2.35,0.46,1.89,,,,,,13.19,,,,,,-0.2,140.12094800000003,0.0029607389088814884,-0.0029607389088814884,0.008700526774804374,-0.009054807083005656,
2015-06-19,122.7,1.1335,3947.48,105.4496,2.26,0.4,1.86,,,,,,13.96,,,,,,-0.2,139.08044999999998,-0.007453421253547532,0.007453421253547532,-0.0006964044289148319,0.003301806453072764,
2015-06-20,,,,,,,,,,,,,,,,,,,-0.2,,,,,,
2015-06-21,,,,,,,,,,,,,,,,,,,-0.2,,,,,,
2015-06-22,123.28,1.1378,3913.77,105.3846,2.37,0.47,1.9,,,,,,12.74,,,,,,-0.2,140.26798399999998,,,,,
2015-06-23,123.71,1.119,3894.51,105.9678,2.42,0.5,1.92,,,,,,12.11,,,,,,-0.2,138.43149,-0.013179218141742055,0.013179218141742055,-0.004933234735576164,0.005518759003398266,
2015-06-24,124.24,1.1178,3887.12,106.2522,2.38,0.48,1.9,,,4495055.0,,115.0,13.26,,,,,,-0.2,138.87547199999997,0.003202100489363424,-0.003202100489363424,-0.0018993455668354642,0.0026802390938955867,
2015-06-25,123.63,1.1196,3884.2,106.1515,2.4,0.49,1.91,,,,,,14.01,,,,,,-0.2,138.416148,-0.0033129340158950527,0.0033129340158950527,-0.0007514811222328888,-0.0009481944763178873,
2015-06-26,123.92,1.1156,3888.15,106.4116,2.49,0.57,1.92,,,,,,14.02,,,,,,-0.2,138.245152,-0.0012361397981868194,0.0012361397981868194,0.0010164236916931912,0.002447274525210652,
2015-06-27,,,,,,,,,,,,,,,,,,,-0.2,,,,,,
2015-06-28,,,,,,,,,,,,,,,,,,,-0.2,,,,,,
2015-06-29,122.5,1.118,3901.05,106.3785,2.33,0.46,1.87,,,,,,18.85,,,,,,-0.2,136.955,,,,,
2015-06-30,122.1,1.1154,3879.9,106.5191,2.35,0.48,1.87,,,,,,18.23,,,,,,-0.2,136.19034,-0.0055989386277133235,0.0055989386277133235,-0.005436367561561184,0.0013208229725512055,
2015-07-01,123.02,1.1084,3869.06,107.0101,2.43,0.54,1.89,,,4479130.0,12063.5,635.0,16.09,,0.41,0.71,2.042,2.1353,-0.2,136.355368,0.0012110116969328288,-0.0012110116969328288,-0.0027977966258667664,0.0045989107380766114,
2015-07-02,123.14,1.109,3863.91,106.9106,2.4,0.49,1.91,,,,,,16.79,,,,,,-0.2,136.56226,0.0015161500643854353,-0.0015161500643854353,-0.0013319593277589803,-0.0009302513237416932,
2015-07-03,,,3863.91,,,,,,,,,,,,,,,,-0.2,,,,0.0,,
2015-07-04,,,,,,,,,,,,,,,,,,,-0.2,,,,,,
2015-07-05,,,,,,,,,,,,,,,,,,,-0.2,,,,,,
2015-07-06,122.53,1.1076,3875.08,107.1343,2.3,0.43,1.87,,,,,,17.01,,,,,,-0.2,135.714228,,,,,
2015-07-07,122.16,1.0952,3831.84,107.785,2.27,0.4,1.87,,,,,,16.09,,,,,,-0.2,133.78963199999998,-0.014282754373545536,0.014282754373545536,-0.011221202170030864,0.006055314606532747,
2015-07-08,120.54,1.1072,3841.25,107.4734,2.22,0.39,1.83,,,4481289.0,,155.0,19.66,,,,,,-0.2,133.46188800000002,-0.0024527019663125316,0.0024527019663125316,0.0024527288790956447,-0.0028951271369326292,
2015-07-09,121.22,1.1025,3850.42,107.5595,2.32,0.47,1.85,,,,,,19.97,,,,,,-0.2,133.64505,0.0013714509258360152,-0.0013714509258360152,0.002384398796246856,0.000800807733154052,
2015-07-10,122.75,1.115,3856.56,107.213,2.42,0.55,1.87,,,,,,16.83,,,,,,-0.2,136.86625,0.02381676672470956,-0.02381676672470956,0.0015933611606673281,-0.003226672880649595,
2015-07-11,,,,,,,,,,,,,,,,,,,-0.2,,,,,,
2015-07-12,,,,,,,,,,,,,,,,,,,-0.2,,,,,,
2015-07-13,123.35,1.102,3816.66,107.5849,2.44,0.58,1.86,,,,,,13.9,,,,,,-0.2,135.9317,,,,,
2015-07-14,123.39,1.1015,3810.65,107.4843,2.41,0.56,1.85,,,,,,13.37,,,,,,-0.2,135.914085,-0.0001295955353857181,0.0001295955353857181,-0.0015759163437234491,-0.0009355129171160215,
2015-07-15,123.89,1.0965,3791.75,108.0149,2.36,0.52,1.84,,,4493605.0,,308.0,13.23,,,,,,-0.2,135.845385,-0.0005055941672500452,0.0005055941672500452,-0.004972124312629944,0.004924390180908844,
2015-07-16,124.04,1.0898,3780.07,108.1726,2.36,0.52,1.84,,,,,,12.11,,,,,,-0.2,135.17879200000002,-0.004919076604343431,0.004919076604343431,-0.003085125970820002,0.0014589190214167047,
2015-07-17,124.0,1.0848,3743.13,108.5374,2.34,0.51,1.83,,,,,,11.95,,,,,,-0.2,134.5152,-0.004921083590078368,0.004921083590078368,-0.00982036816058418,0.0033667144532039117,
2015-07-18,,,,,,,,,,,,,,,,,,,-0.2,,,,,,
2015-07-19,,,,,,,,,,,,,,,,,,,-0.2,,,,,,
2015-07-20,124.24,1.085,3644.86,108.6944,2.38,0.56,1.82,,,,,,12.25,,,,,,-0.2,134.8004,,,,,
2015-07-21,123.93,1.0927,3634.38,108.3893,2.35,0.53,1.82,,,,,,12.22,,,,,,-0.2,135.41831100000002,0.004573421838490965,-0.004573421838490965,-0.00287942346752601,-0.002810899214329865,
2015-07-22,124.08,1.0884,3615.31,108.7817,2.33,0.53,1.8,,,4500503.0,,659.0,12.12,,,,,,-0.2,135.048672,-0.0027333408761078815,0.0027333408761078815,-0.005260926738632321,0.0036137460990142145,
2015-07-23,123.88,1.0976,3599.17,108.7565,2.28,0.49,1.79,,,,,,12.64,,,,,,-0.2,135.970688,0.006804086299247558,-0.006804086299247558,-0.004474342413185894,-0.00023168344789770146,
2015-07-24,123.74,1.0976,3633.53,109.0174,2.27,0.51,1.76,,,,,,13.74,,,,,,-0.2,135.81702399999998,-0.0011307650021592508,0.0011307650021592508,0.009501364217973318,0.002396064219096772,
2015-07-25,,,,,,,,,,,,,,,,,,,-0.2,,,,,,
2015-07-26,,,,,,,,,,,,,,,,,,,-0.2,,,,,,
2015-07-27,123.24,1.1112,3617.03,108.6924,2.23,0.5,1.73,,,,,,15.6,,,,,,-0.2,136.944288,,,,,
2015-07-28,123.52,1.1055,3623.05,108.6881,2.26,0.51,1.75,,,,,,13.44,,,,,,-0.2,136.55136,-0.002873378594634879,0.002873378594634879,0.0016629654333470967,-3.95619662345581e-05,
2015-07-29,123.86,1.1026,3628.72,108.604,2.29,0.52,1.77,,,4485480.0,,359.0,12.5,,,,,,-0.2,136.568036,0.00012211509153114974,-0.00012211509153114974,0.0015637564775001778,-0.0007740732792340665,
2015-07-30,124.38,1.0914,3597.62,109.4328,2.28,0.51,1.77,,,,,,12.13,,,,,,-0.2,135.74833199999998,-0.006020251237623064,0.006020251237623064,-0.008607453292210465,0.007602423002271763,
2015-07-31,123.94,1.1028,3620.47,108.7819,2.2,0.46,1.74,,,,,,12.12,,,,,,-0.2,136.681032,0.0068473062557288245,-0.0068473062557288245,0.0063313359434484795,-0.00596570194801771,
2015-08-01,,,,,,,,,,,12110.1,,,,0.38,0.6085714286,1.839,1.9799,-0.2,,,,,,
2015-08-02,,,,,,,,,,,,,,,,,,,-0.2,,,,,,
2015-08-03,123.98,1.0962,3592.29,109.214,2.16,0.46,1.7,,,,,,12.56,,,,,,-0.2,135.906876,,,,,
2015-08-04,124.0,1.0953,3599.34,109.2244,2.23,0.52,1.71,,,,,,13.0,,,,,,-0.2,135.81719999999999,-0.0006600519510522318,0.0006600519510522318,0.001960613173467962,9.522135309403268e-05,
2015-08-05,124.84,1.0868,3586.62,109.842,2.28,0.58,1.7,,,4486329.0,,308.0,12.51,,,,,,-0.2,135.676112,-0.0010393479799661876,0.0010393479799661876,-0.0035402404926561104,0.005638488022404076,
2015-08-06,124.6,1.0922,3602.26,109.722,2.23,0.56,1.67,,,,,,13.77,,,,,,-0.2,136.08812,0.0030321011166352108,-0.0030321011166352108,0.004351171441339119,-0.001093075476382488,
2015-08-07,124.27,1.0958,3611.19,109.4376,2.18,0.52,1.66,,,,,,13.39,,,,,,-0.2,136.17506600000002,0.0006386908508124733,-0.0006386908508124733,0.002475931644889684,-0.0025953703113339444,
2015-08-08,,,,,,,,,,,,,,,,,,,-0.2,,,,,,
2015-08-09,,,,,,,,,,,,,,,,,,,-0.2,,,,,,
2015-08-10,124.55,1.0994,3647.96,109.1931,2.24,0.55,1.69,,,,,,12.23,,,,,,-0.2,136.93026999999998,,,,,
2015-08-11,124.9,1.1042,3665.94,109.9464,2.15,0.49,1.66,,,,,,13.71,,,,,,-0.2,137.91458000000003,0.00716268984672741,-0.00716268984672741,0.004916675431777762,0.00687509980796186,
2015-08-12,123.87,1.1198,3712.32,109.4655,2.14,0.52,1.62,,,4489250.0,,229.0,13.61,,,,,,-0.2,138.709626,0.005748218499425306,-0.005748218499425306,0.012572235433436774,-0.004383543190310313,
2015-08-13,124.32,1.1144,3688.04,109.9025,2.19,0.57,1.62,,,,,,13.49,,,,,,-0.2,138.542208,-0.001207696395968405,0.001207696395968405,-0.0065618664823894335,0.003984177984630577,
2015-08-14,124.27,1.111,3687.8,109.9174,2.2,0.58,1.62,,,,,,12.83,,,,,,-0.2,138.06396999999998,-0.0034579016274003394,0.0034579016274003394,-6.507733358773748e-05,0.0001355655245296461,
2015-08-15,,,,,,,,,,,,,,,,,,,-0.2,,,,,,
2015-08-16,,,,,,,,,,,,,,,,,,,-0.2,,,,,,
2015-08-17,124.33,1.1078,3680.98,110.1435,2.16,0.58,1.58,,,,,,13.02,,,,,,-0.2,137.73277399999998,,,,,
2015-08-18,124.39,1.1028,3680.12,110.2504,2.2,0.62,1.58,,,,,,13.79,,,,,,-0.2,137.177292,-0.004041196192335228,0.004041196192335228,-0.00023366073111752428,0.0009700813714283996,
2015-08-19,124.1,1.1061,3709.66,110.4333,2.12,0.55,1.57,,,4487208.0,,132.0,15.25,,,,,,-0.2,137.26701,0.0006538157472553152,-0.0006538157472553152,0.007994867870065647,0.0016575763581760938,
2015-08-20,123.54,1.12,3736.1,110.1077,2.09,0.53,1.56,,,,,,19.14,,,,,,-0.2,138.36480000000003,0.007965668438123963,-0.007965668438123963,0.007102058388761989,-0.0029527410918319674,
2015-08-21,122.11,1.1356,3739.36,110.1443,2.05,0.52,1.53,,,,,,28.03,,,,,,-0.2,138.668116,0.0021897478868524445,-0.0021897478868524445,0.0008721871849104446,0.0003323465878803944,
2015-08-22,,,,,,,,,,,,,,,,,,,-0.2,,,,,,
2015-08-23,,,,,,,,,,,,,,,,,,,-0.2,,,,,,
2015-08-24,118.56,1.158,3725.63,109.9306,2.01,0.52,1.49,,,,,,40.74,,,,,,-0.2,137.29247999999998,,,,,
2015-08-25,119.91,1.141,3710.17,110.3394,2.12,0.59,1.53,,,,,,36.02,,,,,,-0.2,136.81731,-0.0034670084273003,0.0034670084273003,-0.0041582673758870925,0.0037118124969826027,
2015-08-26,119.07,1.139,3684.93,110.5807,2.18,0.65,1.53,,,4475105.0,,134.0,30.32,,,,,,-0.2,135.62072999999998,-0.008784292343151812,0.008784292343151812,-0.006826168140538158,0.0021845010567886902,
2015-08-27,120.89,1.1239,3693.0,110.4834,2.18,0.6,1.58,,,,,,26.1,,,,,,-0.2,135.868271,0.00182358082785683,-0.00182358082785683,0.002187606338996062,-0.0008802877200162484,
2015-08-28,121.32,1.1172,3713.43,110.6714,2.19,0.58,1.61,,,,,,26.05,,,,,,-0.2,135.538704,-0.0024285828467203174,0.0024285828467203174,0.005516841937744488,0.0017001669896883342,
2015-08-29,,,,,,,,,,,,,,,,,,,-0.2,,,,,,
2015-08-30,,,,,,,,,,,,,,,,,,,-0.2,,,,,,
2015-08-31,121.26,1.1194,3716.53,110.5621,2.21,0.58,1.63,,,,,,28.43,,,,,,-0.2,135.738444,,,,,
2015-09-01,119.94,1.1263,3723.05,110.4506,2.17,0.6,1.57,,,,12172.7,,31.4,,0.35,0.6540909091,1.92,1.8814,-0.2,135.088422,-0.004800286306829271,0.004800286306829271,0.0017527875684546501,-0.001008991876570775,
2015-09-02,120.0,1.1242,3718.24,110.7979,2.2,0.64,1.56,,,4475886.0,,137.0,26.09,,,,,,-0.2,134.904,-0.001366127443994003,0.001366127443994003,-0.0012927867802243753,0.003139458891290303,
2015-09-03,120.2,1.1104,3704.51,110.8566,2.18,0.64,1.54,,,,,,25.61,,,,,,-0.2,133.47008,-0.010686081496372957,0.010686081496372957,-0.003699441759163591,0.0005296531437197771,
2015-09-04,119.05,1.1117,3697.81,111.1018,2.13,0.62,1.51,,,,,,27.8,,,,,,-0.2,132.347885,-0.008443384681206645,0.008443384681206645,-0.0018102437694249573,0.002209423925801701,
2015-09-05,,,,,,,,,,,,,,,,,,,-0.2,,,,,,
2015-09-06,,,,,,,,,,,,,,,,,,,-0.2,,,,,,
2015-09-07,,,,,,,,,,,,,,,,,,,-0.2,,,,,,
2015-09-08,119.72,1.1182,3705.68,110.7942,2.2,0.67,1.53,,,,,,24.9,,,,,,-0.2,133.870904,,,,,
2015-09-09,120.94,1.1165,3669.84,110.9225,2.21,0.65,1.56,,,4478213.0,,136.0,26.23,,,,,,-0.2,135.02951000000002,0.008617414548236724,-0.008617414548236724,-0.009718713284037506,0.0011573328876046673,
2015-09-10,120.71,1.1262,3678.83,110.6331,2.23,0.64,1.59,,,,,,24.37,,,,,,-0.2,135.943602,0.006746761408273905,-0.006746761408273905,0.0024467024603840315,-0.002612438273663642,
2015-09-11,120.66,1.1338,3671.78,110.6109,2.2,0.61,1.59,,,,,,23.2,,,,,,-0.2,136.804308,0.006311387369265731,-0.006311387369265731,-0.0019182087368854184,-0.00020068340903645066,
2015-09-12,,,,,,,,,,,,,,,,,,,-0.2,,,,,,
2015-09-13,,,,,,,,,,,,,,,,,,,-0.2,,,,,,
2015-09-14,119.92,1.1307,3639.57,110.5005,2.18,0.62,1.56,,,,,,24.25,,,,,,-0.2,135.593544,,,,,
2015-09-15,120.3,1.126,3631.18,110.6394,2.28,0.72,1.56,,,,,,22.54,,,,,,-0.2,135.4578,-0.0010016110552726332,0.0010016110552726332,-0.0023078784785539597,0.0012562185138573767,
2015-09-16,120.62,1.1304,3670.21,110.1021,2.3,0.73,1.57,,,4487809.0,,145.0,21.35,,,,,,-0.2,136.348848,0.006556507712889292,-0.006556507712889292,0.010691216814040061,-0.004868147232087949,
2015-09-17,120.9,1.1312,3703.25,110.1212,2.21,0.63,1.58,,,,,,21.14,,,,,,-0.2,136.76208,0.003026113369896777,-0.003026113369896777,0.008961931342140517,0.00017346030186615735,
2015-09-18,119.85,1.1358,3724.31,109.8165,2.13,0.58,1.55,,,,,,22.28,,,,,,-0.2,136.12562999999997,-0.0046645644393299435,0.0046645644393299435,0.00567078729406667,-0.0027707864085000367,
2015-09-19,,,,,,,,,,,,,,,,,,,-0.2,,,,,,
2015-09-20,,,,,,,,,,,,,,,,,,,-0.2,,,,,,
2015-09-21,120.46,1.1204,3710.27,110.6414,2.2,0.66,1.54,,,,,,20.14,,,,,,-0.2,134.963384,,,,,
2015-09-22,120.04,1.1133,3689.73,111.1967,2.14,0.63,1.51,,,,,,22.44,,,,,,-0.2,133.640532,-0.00984991369470034,0.00984991369470034,-0.005551365607981751,0.005006364189211965,
2015-09-23,120.12,1.116,3702.23,111.6287,2.16,0.64,1.52,,,4497484.0,,683.0,22.13,,,,,,-0.2,134.05392,0.0030885087495580166,-0.0030885087495580166,0.0033820561569317675,0.00387748022671186,
2015-09-24,119.54,1.1252,3749.13,111.4454,2.13,0.64,1.49,,,,,,23.47,,,,,,-0.2,134.506408,0.003369733955423726,-0.003369733955423726,0.012588472265603556,-0.0016434004777261535,
2015-09-25,120.74,1.1192,3739.55,111.3725,2.17,0.71,1.46,,,,,,23.62,,,,,,-0.2,135.132208,0.004641776707742018,-0.004641776707742018,-0.0025585297344647984,-0.0006543460161969605,
2015-09-26,,,,,,,,,,,,,,,,,,,-0.2,,,,,,
2015-09-27,,,,,,,,,,,,,,,,,,,-0.2,,,,,,
2015-09-28,119.82,1.1236,3710.61,111.3914,2.1,0.71,1.39,,,,,,27.63,,,,,,-0.2,134.629752,,,,,
2015-09-29,119.76,1.1246,3701.2,111.5219,2.05,0.66,1.39,,,,,,26.83,,,,,,-0.2,134.682096,0.0003887240836073502,-0.0003887240836073502,-0.0025391921962132358,0.0011708589385079904,
2015-09-30,119.81,1.1162,3670.55,111.3311,2.06,0.65,1.41,,,4484111.0,,681.0,24.5,,,,,,-0.2,133.73192200000003,-0.007079942963333252,0.007079942963333252,-0.008315576794492685,-0.0017123399426566266,
2015-10-01,119.58,1.12,3668.16,111.0439,2.05,0.59,1.46,,,,12228.4,,22.55,,0.3,0.5181818182,1.696,1.846,-0.2,133.92960000000002,0.0014770747357575331,-0.0014770747357575331,-0.0006513406537376198,-0.0025830256070484836,
2015-10-02,119.42,1.1276,3736.12,110.7006,1.99,0.51,1.48,,,,,,20.94,,,,,,-0.2,134.657992,0.005423882616905296,-0.005423882616905296,0.018357465820601604,-0.0030963588659975727,
2015-10-03,,,,,,,,,,,,,,,,,,,-0.2,,,,,,
2015-10-04,,,,,,,,,,,,,,,,,,,-0.2,,,,,,
2015-10-05,120.36,1.12,3731.16,110.4445,2.07,0.56,1.51,,,,,,19.54,,,,,,-0.2,134.8032,,,,,
2015-10-06,120.18,1.1266,3756.87,110.1371,2.05,0.53,1.52,,,,,,19.4,,,,,,-0.2,135.394788,0.004378929315410396,-0.004378929315410396,0.00686698665218799,-0.0027871789759403853,
2015-10-07,119.9,1.1249,3753.89,109.8162,2.08,0.53,1.55,,,4486185.0,,143.0,18.4,,,,,,-0.2,134.87551000000002,-0.0038426615341462522,0.0038426615341462522,-0.0007935282598232618,-0.002917894186460046,
2015-10-08,119.94,1.1282,3741.56,109.6452,2.12,0.54,1.58,,,,,,17.42,,,,,,-0.2,135.31630800000002,0.003262855213990612,-0.003262855213990612,-0.0032899988984649298,-0.0015583609200158222,
2015-10-09,120.3,1.1363,3783.83,109.0782,2.12,0.58,1.54,,,,,,17.08,,,,,,-0.2,136.69689,0.01015093285835622,-0.01015093285835622,0.011234087417445693,-0.005184642064851808,
2015-10-10,,,,,,,,,,,,,,,,,,,-0.2,,,,,,
2015-10-11,,,,,,,,,,,,,,,,,,,-0.2,,,,,,
2015-10-12,,,3774.52,,,,,,,,,,16.17,,,,,,-0.2,,,,,,
2015-10-13,119.8,1.1382,3783.02,109.4119,2.06,0.54,1.52,,,,,,17.67,,,,,,-0.2,136.35636,,,0.002249410147761921,,
2015-10-14,119.21,1.1437,3814.31,109.1244,1.99,0.5,1.49,,,4504704.0,,145.0,18.03,,,,,,-0.2,136.340477,-0.00011648833329047648,0.00011648833329047648,0.008237150925491932,-0.002631143346542686,
2015-10-15,118.26,1.1418,3809.55,108.6671,2.04,0.54,1.5,,,,,,16.05,,,,,,-0.2,135.029268,-0.009663709594239123,0.009663709594239123,-0.001248711444993944,-0.004199435442155064,
2015-10-16,119.6,1.136,3801.9,108.9956,2.04,0.56,1.48,,,,,,15.05,,,,,,-0.2,135.86559999999997,0.00617460687478566,-0.00617460687478566,-0.002010130152834577,0.00301843402118962,
2015-10-17,,,,,,,,,,,,,,,,,,,-0.2,,,,,,
2015-10-18,,,,,,,,,,,,,,,,,,,-0.2,,,,,,
2015-10-19,119.5,1.132,3795.27,109.3858,2.04,0.59,1.45,,,,,,14.98,,,,,,-0.2,135.274,,,,,
2015-10-20,119.79,1.1359,3810.74,109.3368,2.08,0.6,1.48,,,,,,15.75,,,,,,-0.2,136.069461,0.005863146845921818,-0.005863146845921818,0.004067841439141517,-0.00044805612972531605,
2015-10-21,119.91,1.1345,3795.61,109.7746,2.04,0.59,1.45,,,4501372.0,,140.0,16.7,,,,,,-0.2,136.037895,-0.0002320113693770054,0.0002320113693770054,-0.003978260257452959,0.00399614609380361,
2015-10-22,120.5,1.114,3797.82,110.0342,2.04,0.57,1.47,,,,,,14.45,,,,,,-0.2,134.23700000000002,-0.013326592193299014,0.013326592193299014,0.000582082158496533,0.0023620539368645055,
2015-10-23,121.2,1.1016,3794.93,110.4329,2.09,0.58,1.51,,,,,,14.46,,,,,,-0.2,133.51391999999998,-0.005401152368280648,0.005401152368280648,-0.0007612525473810194,0.003616870132923111,
2015-10-24,,,,,,,,,,,,,,,,,,,-0.2,,,,,,
2015-10-25,,,,,,,,,,,,,,,,,,,-0.2,,,,,,
2015-10-26,120.87,1.1051,3796.46,110.2089,2.07,0.59,1.48,,,,,,15.29,,,,,,-0.2,133.573437,,,,,
2015-10-27,120.29,1.1052,3805.3,110.4875,2.05,0.57,1.48,,,,,,15.43,,,,,,-0.2,132.944508,-0.004719608410859166,0.004719608410859166,0.002325778236832221,0.0025247366788940795,
2015-10-28,120.56,1.1066,3785.23,110.2334,2.1,0.63,1.47,,,4489339.0,,140.0,14.33,,,,,,-0.2,133.411696,0.0035079977270067175,-0.0035079977270067175,-0.005288180606939363,-0.0023024562898674716,
2015-10-29,121.14,1.0963,3758.88,110.8083,2.19,0.67,1.52,,,,,,14.61,,,,,,-0.2,132.805782,-0.0045520305489539226,0.0045520305489539226,-0.006985610536920817,0.005201745157681792,
2015-10-30,120.7,1.1042,3748.85,110.2079,2.16,0.63,1.53,,,,,,15.07,,,,,,-0.2,133.27694000000002,0.0035414437201346516,-0.0035414437201346516,-0.00267191440478598,-0.00543309926522717,
2015-10-31,,,,,,,,,,,,,,,,,,,-0.2,,,,,,
2015-11-01,,,,,,,,,,,12322.7,,,,0.3,0.5161904762,1.57,1.9779,-0.2,,,,,,
2015-11-02,120.7,1.1026,3729.29,110.2188,2.2,0.65,1.55,,,,,,14.15,,,,,,-0.2,133.08382,,,,,
2015-11-03,121.2,1.0946,3676.41,110.244,2.23,0.65,1.58,,,,,,14.54,,,,,,-0.2,132.66552000000001,-0.0031480819140377037,0.0031480819140377037,-0.01428113446133139,0.00022860999778462343,
2015-11-04,121.52,1.0861,3642.91,110.7139,2.25,0.68,1.57,,,4489702.0,,143.0,15.51,,,,,,-0.2,131.98287200000001,-0.005158916771524247,0.005158916771524247,-0.009153919742621142,0.00425330534366708,
2015-11-05,121.71,1.0869,3632.37,110.8302,2.26,0.71,1.55,,,,,,15.05,,,,,,-0.2,132.286599,0.0022986168820988695,-0.0022986168820988695,-0.002897485010604939,0.001049903930486984,
2015-11-06,123.2,1.0746,3581.02,111.7603,2.34,0.75,1.59,,,,,,14.33,,,,,,-0.2,132.39072000000002,0.0007867769385345724,-0.0007867769385345724,-0.01423765176430436,0.008357098917169736,
2015-11-07,,,,,,,,,,,,,,,,,,,-0.2,,,,,,
2015-11-08,,,,,,,,,,,,,,,,,,,-0.2,,,,,,
2015-11-09,123.04,1.0767,3591.73,111.9112,2.36,0.76,1.6,,,,,,16.52,,,,,,-0.2,132.477168,,,,,
2015-11-10,123.22,1.0686,3583.69,111.9919,2.32,0.77,1.55,,,,,,15.29,,,,,,-0.2,131.672892,-0.00608955746890949,0.00608955746890949,-0.0022409847408919603,0.0007208475764244326,
2015-11-11,,,3571.87,,,,,,,4492012.0,,141.0,16.06,,,,,,-0.2,,,,-0.0033037276609793054,,
2015-11-12,122.84,1.0768,3571.96,111.7965,2.32,0.78,1.54,,,,,,18.37,,,,,,-0.2,132.274112,,,2.519656822919103e-05,,
2015-11-13,122.93,1.0722,3563.85,112.0264,2.28,0.76,1.52,,,,,,20.08,,,,,,-0.2,131.80554600000002,-0.0035486753903981594,0.0035486753903981594,-0.0022730435624964684,0.002054303477001085,
2015-11-14,,,,,,,,,,,,,,,,,,,-0.2,,,,,,
2015-11-15,,,,,,,,,,,,,,,,,,,-0.2,,,,,,
2015-11-16,123.11,1.0708,3526.95,112.2199,2.27,0.76,1.51,,,,,,18.16,,,,,,-0.2,131.826188,,,,,
2015-11-17,123.48,1.0634,3484.97,112.3141,2.25,0.72,1.53,,,,,,18.84,,,,,,-0.2,131.308632,-0.003933775601524303,0.003933775601524303,-0.011974038945528065,0.0008390711921286709,
2015-11-18,123.51,1.0638,3489.56,112.3663,2.27,0.71,1.56,,,4486721.0,,150.0,16.85,,,,,,-0.2,131.38993800000003,0.0006190060539434938,-0.0006190060539434938,0.001316217913652551,0.00046466003210987594,
2015-11-19,122.71,1.0746,3523.89,111.5749,2.24,0.68,1.56,,,,,,16.99,,,,,,-0.2,131.86416599999998,0.0036028195250370487,-0.0036028195250370487,0.009789839290093028,-0.007067956183103519,
2015-11-20,122.8,1.066,3512.67,111.7799,2.26,0.66,1.6,,,,,,15.47,,,,,,-0.2,130.9048,-0.007302005844345594,0.007302005844345594,-0.0031890609926019664,0.0018356449699217237,
2015-11-21,,,,,,,,,,,,,,,,,,,-0.2,,,,,,
2015-11-22,,,,,,,,,,,,,,,,,,,-0.2,,,,,,
2015-11-23,123.02,1.0602,3487.86,112.1125,2.25,0.64,1.61,,,,,,15.62,,,,,,-0.2,130.425804,,,,,
2015-11-24,122.47,1.0652,3510.97,111.7638,2.24,0.62,1.62,,,,,,15.93,,,,,,-0.2,130.455044,0.000224163639044761,-0.000224163639044761,0.0066039849490753255,-0.003115115641811883,
2015-11-25,122.7,1.0616,3496.36,111.8936,2.23,0.62,1.61,,,4477088.0,,145.0,15.19,,,,,,-0.2,130.25832000000003,-0.0015091212381088681,0.0015091212381088681,-0.004169925255473217,0.0011607039567893551,
2015-11-26,,,,,,,,,,,,,,,,,,,-0.2,,,,,,
2015-11-27,122.84,1.0596,3457.1,112.2824,2.22,0.62,1.6,,,,,,15.12,,,,,,-0.2,130.16126400000002,,,,,
2015-11-28,,,,,,,,,,,,,,,,,,,-0.2,,,,,,
2015-11-29,,,,,,,,,,,,,,,,,,,-0.2,,,,,,
2015-11-30,123.22,1.0562,3479.7,112.34,2.21,0.62,1.59,,,,,,16.13,,,,,,-0.2,130.14496400000002,,,,,
2015-12-01,122.88,1.062,3491.6,112.1134,2.15,0.58,1.57,,,,12393.6,,14.67,,0.27,0.5455,1.579,1.9234,-0.2,130.49856,0.0027132553419892957,-0.0027132553419892957,0.0034140007052538834,-0.0020191280415895463,
2015-12-02,123.52,1.0573,3439.59,112.3715,2.18,0.62,1.56,,,4478069.0,,135.0,15.91,,,,,,-0.2,130.59769599999998,0.000759382813700249,-0.000759382813700249,-0.015007805643483252,0.0022994875265851533,
2015-12-03,123.06,1.0902,3473.92,111.6407,2.33,0.72,1.61,,,,,,18.11,,,,,,-0.2,134.16001200000002,0.02691163192757795,-0.02691163192757795,0.009931361108629133,-0.00652466778675187,
2015-12-04,123.1,1.0884,3548.36,111.5463,2.28,0.68,1.6,,,,,,14.81,,,,,,-0.2,133.98204,-0.0013274458430254654,0.0013274458430254654,0.02120188557027447,-0.0008459274566110508,
2015-12-05,,,,,,,,,,,,,,,,,,,-0.2,,,,,,
2015-12-06,,,,,,,,,,,,,,,,,,,-0.2,,,,,,
2015-12-07,123.31,1.084,3505.88,112.3056,2.23,0.67,1.56,,,,,,15.84,,,,,,-0.2,133.66804000000002,,,,,
2015-12-08,123.0,1.0876,3511.47,112.5485,2.24,0.68,1.56,,,,,,17.6,,,,,,-0.2,133.7748,0.0007983762487020485,-0.0007983762487020485,0.0015931943489810863,0.0021605129235746645,
2015-12-09,121.86,1.0984,3502.86,112.1918,2.22,0.69,1.53,,,4480436.0,,136.0,19.61,,,,,,-0.3,133.851024,0.0005696311433762702,-0.0005696311433762702,-0.00245497554985441,-0.003174333215010705,
2015-12-10,121.44,1.0948,3500.51,112.2672,2.24,0.73,1.51,,,,,,19.34,,,,,,-0.3,132.95251199999998,-0.006735408460265546,0.006735408460265546,-0.0006711055072621264,0.0006718376437220286,
2015-12-11,120.94,1.1002,3513.44,112.7147,2.13,0.67,1.46,,,,,,24.39,,,,,,-0.3,133.058188,0.000794524472580882,-0.000794524472580882,0.003686942349757416,0.003978103039860237,
2015-12-12,,,,,,,,,,,,,,,,,,,-0.3,,,,,,
2015-12-13,,,,,,,,,,,,,,,,,,,-0.3,,,,,,
2015-12-14,120.57,1.1025,3456.55,112.7521,2.23,0.78,1.45,,,,,,22.73,,,,,,-0.3,132.928425,,,,,
2015-12-15,121.66,1.0911,3452.31,112.8609,2.28,0.8,1.48,,,,,,20.95,,,,,,-0.3,132.743226,-0.001394194896608525,0.001394194896608525,-0.001227409596461726,0.0009644835043554068,
2015-12-16,121.88,1.0937,3494.04,112.9864,2.3,0.84,1.46,,,4489593.0,,138.0,17.86,,,,,,-0.3,133.300156,0.004186766905076134,-0.004186766905076134,0.012015087641364275,0.001111370496061248,
2015-12-17,122.75,1.0804,3428.38,113.8177,2.24,0.77,1.47,,,,,,18.94,,,,,,-0.3,132.6191,-0.005122287865598096,0.005122287865598096,-0.018970813442683365,0.007330588138958483,
2015-12-18,121.2,1.0847,3477.08,113.2837,2.19,0.73,1.46,,,,,,20.7,,,,,,-0.3,131.46564,-0.008735584911704564,0.008735584911704564,0.01410501470100023,-0.004702753784493474,
2015-12-19,,,,,,,,,,,,,,,,,,,-0.3,,,,,,
2015-12-20,,,,,,,,,,,,,,,,,,,-0.3,,,,,,
2015-12-21,120.99,1.092,3508.98,113.4144,2.2,0.75,1.45,,,,,,18.7,,,,,,-0.3,132.12108,,,,,
2015-12-22,120.94,1.0978,3495.57,113.211,2.24,0.78,1.46,,,,,,16.6,,,,,,-0.3,132.767932,0.0048839571026180195,-0.0048839571026180195,-0.003828944438531323,-0.0017950331658793672,
2015-12-23,120.94,1.0875,3487.77,113.1847,2.27,0.76,1.51,,,4496523.0,,926.0,15.57,,,,,,-0.3,131.52224999999999,-0.009426693152949639,0.009426693152949639,-0.0022338890111797127,-0.0002323365692751267,
2015-12-24,120.32,1.0955,3509.99,113.0496,2.25,0.73,1.52,,,,,,15.74,,,,,,-0.3,131.81055999999998,0.0021897014291454298,-0.0021897014291454298,0.006350624965268281,-0.0011943371633691413,
2015-12-25,,,,,,,,,,,,,,,,,,,-0.3,,,,,,
2015-12-26,,,,,,,,,,,,,,,,,,,-0.3,,,,,,
2015-12-27,,,,,,,,,,,,,,,,,,,-0.3,,,,,,
2015-12-28,120.3,1.0983,3487.43,113.0461,2.24,0.74,1.5,,,,,,16.91,,,,,,-0.3,132.12549,,,,,
2015-12-29,120.44,1.0916,3487.94,113.1664,2.32,0.79,1.53,,,,,,16.08,,,,,,-0.3,131.47230399999998,-0.004955939327217607,0.004955939327217607,0.00014622880246051295,0.0010636018022065485,
2015-12-30,120.6,1.0912,3463.84,113.4707,2.31,0.77,1.54,,,4486587.0,,997.0,17.29,,,,,,-0.3,131.59872,0.0009610789345666504,-0.0009610789345666504,-0.006933503806934027,0.002685351893947363,
2015-12-31,120.27,1.0859,3465.71,113.3429,2.27,0.73,1.54,,,,,,18.21,,,,,,-0.3,130.601193,-0.007608940836902889,0.007608940836902889,0.0005397175993806513,-0.00112691667100151,
2016-01-01,,,,,,,,,,,12522.2,,,,0.095,0.4305,1.534,1.7833,-0.3,,,,,,
2016-01-02,,,,,,,,,,,,,,,,,,,-0.3,,,,,,
2016-01-03,,,,,,,,,,,,,,,,,,,-0.3,,,,,,
2016-01-04,119.3,1.0803,3510.16,114.1595,2.24,0.69,1.55,,,,,,20.7,,,,,,-0.3,128.87979,,,,,
2016-01-05,118.95,1.0743,3520.43,114.2649,2.25,0.69,1.56,,,,,,19.34,,,,,,-0.3,127.787985,-0.00850758600534629,0.00850758600534629,0.0029215207556632095,0.0009228436846520083,
2016-01-06,118.54,1.0762,3557.49,114.6177,2.18,0.65,1.53,,,4486606.0,,997.0,20.59,,,,,,-0.3,127.57274800000002,-0.0016857490064525749,0.0016857490064525749,0.010472098775064609,0.0030828055903633356,
2016-01-07,118.0,1.086,3582.04,114.6516,2.16,0.66,1.5,,,,,,24.99,,,,,,-0.3,128.148,0.004499071544533884,-0.004499071544533884,0.006877230506844967,0.00029572210712114355,
2016-01-08,117.74,1.0885,3574.75,115.0095,2.13,0.65,1.48,,,,,,27.01,,,,,,-0.3,128.15999,9.355931517252003e-05,-9.355931517252003e-05,-0.0020372268911899027,0.0031167689236646368,
2016-01-09,,,,,,,,,,,,,,,,,,,-0.3,,,,,,
2016-01-10,,,,,,,,,,,,,,,,,,,-0.3,,,,,,
2016-01-11,117.48,1.0878,3534.32,115.0139,2.17,0.72,1.45,,,,,,24.3,,,,,,-0.3,127.79474400000002,,,,,
2016-01-12,117.78,1.0837,3524.88,115.3128,2.12,0.69,1.43,,,,,,22.47,,,,,,-0.3,127.63818600000002,-0.0012258248739058786,0.0012258248739058786,-0.0026745256196427647,0.0025954452331475864,
2016-01-13,118.06,1.0862,3533.98,115.1425,2.08,0.65,1.43,,,4501695.0,,118.0,25.22,,,,,,-0.3,128.236772,0.004678746967914371,-0.004678746967914371,0.0025783214403460875,-0.0014779441479459976,
2016-01-14,118.03,1.0862,3500.09,115.3846,2.1,0.67,1.43,,,,,,23.95,,,,,,-0.3,128.20418600000002,-0.00025414037156590297,0.00025414037156590297,-0.00963603212145081,0.0021004045858905585,
2016-01-15,116.78,1.0964,3521.67,115.7404,2.03,0.67,1.36,,,,,,27.02,,,,,,-0.3,128.03759200000002,-0.0013002877576999694,0.0013002877576999694,0.006146626470520999,0.003078855866416319,
2016-01-16,,,,,,,,,,,,,,,,,,,-0.3,,,,,,
2016-01-17,,,,,,,,,,,,,,,,,,,-0.3,,,,,,
2016-01-18,,,,,,,,,,,,,,,,,,,-0.3,,,,,,
2016-01-19,117.66,1.0906,3528.76,115.8155,2.06,0.68,1.38,,,,,,26.05,,,,,,-0.3,128.319996,,,,,
2016-01-20,116.38,1.0908,3557.25,116.3498,2.01,0.69,1.32,,,4488840.0,,125.0,27.59,,,,,,-0.3,126.94730399999999,-0.010755041728313763,0.010755041728313763,0.008041239997433891,0.004602763145749478,
2016-01-21,117.61,1.0833,3560.11,115.9833,2.02,0.74,1.28,,,,,,26.69,,,,,,-0.3,127.40691299999999,0.0036139326145097073,-0.0036139326145097073,0.0008036688193193697,-0.003154955570290774,
2016-01-22,118.37,1.0814,3554.38,,2.07,0.72,1.35,,,,,,22.34,,,,,,-0.3,128.005318,0.004685806099239187,-0.004685806099239187,-0.0016107974679719916,,
2016-01-23,,,,,,,,,,,,,,,,,,,-0.3,,,,,,
2016-01-24,,,,,,,,,,,,,,,,,,,-0.3,,,,,,
2016-01-25,118.55,1.0832,3574.11,,2.03,0.69,1.34,,,,,,24.15,,,,,,-0.3,128.41335999999998,,,,,
2016-01-26,118.5,1.0846,3592.49,,2.01,0.65,1.36,,,,,,22.5,,,,,,-0.3,128.5251,0.0008697803127217796,-0.0008697803127217796,0.005129361286709155,,
2016-01-27,118.9,1.0867,3600.41,115.5087,2.02,0.62,1.4,,,4482349.0,,102.0,23.11,,,,,,-0.3,129.20863,0.005304168783395902,-0.005304168783395902,0.0022021724758332084,,
2016-01-28,118.61,1.0952,3591.47,115.2224,2.0,0.58,1.42,,,,,,22.42,,,,,,-0.3,129.901672,0.005349410249881004,-0.005349410249881004,-0.0024861384240999485,-0.0024816779960481483,
2016-01-29,121.05,1.0832,3598.72,115.5731,1.94,0.53,1.41,,,,,,20.2,,,,,,-0.3,131.12135999999998,0.009345511526654526,-0.009345511526654526,0.0020166372396399623,0.003039056393371098,
2016-01-30,,,,,,,,,,,,,,,,,,,-0.3,,,,,,
2016-01-31,,,,,,,,,,,,,,,,,,,-0.3,,,,,,
2016-02-01,121.06,1.0888,3610.86,115.3331,1.97,0.57,1.4,,,,12604.4,,19.98,,-0.065,0.1728571429,1.558,1.5032,-0.3,131.810128,,,,,
2016-02-02,120.27,1.0908,3615.25,115.553,1.87,0.51,1.36,,,,,,21.98,,,,,,-0.3,131.190516,-0.004711875506838048,0.004711875506838048,0.0012150383927416186,0.0019048359038542628,
2016-02-03,117.92,1.1051,3620.64,114.6144,1.88,0.5,1.38,,,4483495.0,,91.0,21.65,,,,,,-0.3,130.313392,-0.006708330258196504,0.006708330258196504,0.0014897962785287433,-0.008155848332992655,
2016-02-04,116.75,1.1199,3625.53,113.6012,1.87,0.51,1.36,,,,,,21.84,,,,,,-0.3,130.748325,0.0033320351018923944,-0.0033320351018923944,0.001349678724709591,-0.008879381225501248,
2016-02-05,116.99,1.1131,3627.22,114.2935,1.86,0.53,1.33,,,,,,23.38,,,,,,-0.3,130.221569,-0.004036915578964795,0.004036915578964795,0.00046603013493928813,0.00607563168067049,
2016-02-06,,,,,,,,,,,,,,,,,,,-0.3,,,,,,
2016-02-07,,,,,,,,,,,,,,,,,,,-0.3,,,,,,
2016-02-08,115.7,1.117,3628.4,114.4351,1.75,0.52,1.23,,,,,,26.0,,,,,,-0.3,129.2369,,,,,
2016-02-09,114.8,1.13,3627.15,114.127,1.74,0.53,1.21,,,,,,26.54,,,,,,-0.3,129.724,0.003761962323021173,-0.003761962323021173,-0.000344563820073418,-0.0026959866628342155,
2016-02-10,114.03,1.1222,3632.01,114.2877,1.71,0.5,1.21,,,4486278.0,,91.0,26.29,,,,,,-0.3,127.96446600000002,-0.01365650060571344,0.01365650060571344,0.001338998100642641,0.001407090056061655,
2016-02-11,111.72,1.1362,3653.91,114.1845,1.63,0.45,1.18,,,,,,28.14,,,,,,-0.3,126.93626400000001,-0.008067513786135905,0.008067513786135905,0.006011613071384758,-0.0009033922465713218,
2016-02-12,112.96,1.1235,3654.6,114.2992,1.74,0.49,1.25,,,,,,25.4,,,,,,-0.3,126.91055999999999,-0.00020251582968722204,0.00020251582968722204,0.00018882097775119178,0.0010040104360626856,
2016-02-13,,,,,,,,,,,,,,,,,,,-0.3,,,,,,
2016-02-14,,,,,,,,,,,,,,,,,,,-0.3,,,,,,
2016-02-15,,,,,,,,,,,,,,,,,,,-0.3,,,,,,
2016-02-16,113.9,1.114,3547.84,114.4905,1.78,0.53,1.25,,,,,,24.11,,,,,,-0.3,126.88460000000002,,,,,
2016-02-17,114.14,1.114,3564.14,113.8634,1.81,0.53,1.28,,,4483629.0,,98.0,22.31,,,,,,-0.3,127.15196000000002,0.0021048946554254044,-0.0021048946554254044,0.0045838229411554465,-0.005492365809635302,
2016-02-18,113.62,1.1092,3608.12,113.8897,1.75,0.51,1.24,,,,,,21.64,,,,,,-0.3,126.027304,-0.008884324725187298,0.008884324725187298,0.012264070527793436,0.0002309518519565401,
2016-02-19,112.42,1.1127,3604.58,113.9558,1.76,0.5,1.26,,,,,,20.53,,,,,,-0.3,125.089734,-0.007467230133020308,0.007467230133020308,-0.0009816019754733674,0.0005802177515414897,
2016-02-20,,,,,,,,,,,,,,,,,,,-0.3,,,,,,
2016-02-21,,,,,,,,,,,,,,,,,,,-0.3,,,,,,
2016-02-22,113.12,1.1018,3574.6,113.8232,1.77,0.46,1.31,,,,,,19.38,,,,,,-0.3,124.635616,,,,,
2016-02-23,112.17,1.1016,3607.81,114.177,1.74,0.42,1.32,,,,,,20.98,,,,,,-0.3,123.56647199999999,-0.008615162115301445,0.008615162115301445,0.009247658285730154,0.003103508540575284,
2016-02-24,111.36,1.1021,3614.12,114.1716,1.75,0.39,1.36,,,4489796.0,,89.0,20.72,,,,,,-0.3,122.72985600000001,-0.006793598787971256,0.006793598787971256,0.0017474557647840783,-4.729610780174198e-05,
2016-02-25,112.7,1.1026,3623.96,113.9222,1.71,0.32,1.39,,,,,,19.11,,,,,,-0.3,124.26302000000001,0.012414800917707858,-0.012414800917707858,0.00271895476756967,-0.0021868205044563993,
2016-02-26,113.78,1.0932,3618.27,114.3708,1.76,0.35,1.41,,,,,,19.81,,,,,,-0.3,124.38429599999999,0.0009754861751005706,-0.0009754861751005706,-0.0015713395378949002,0.003930042335017703,
2016-02-27,,,,,,,,,,,,,,,,,,,-0.3,,,,,,
2016-02-28,,,,,,,,,,,,,,,,,,,-0.3,,,,,,
2016-02-29,112.9,1.0868,3644.1,114.2418,1.74,0.32,1.42,,,,,,20.55,,,,,,-0.3,122.69972,,,,,
2016-03-01,113.94,1.0847,3633.95,113.9265,1.83,0.35,1.48,,,,12662.2,,17.7,,-0.05,0.1714285714,1.375,1.5434,-0.3,123.590718,0.007235375390612475,-0.007235375390612475,-0.0027892104561875186,-0.002763751149452709,
2016-03-02,113.81,1.0845,3649.33,113.7965,1.84,0.33,1.51,,,4478485.0,,88.0,17.09,,,,,,-0.3,123.426945,-0.0013260025376942153,0.0013260025376942153,0.004223378165052694,-0.0011417381127243331,
2016-03-03,113.53,1.0948,3670.86,113.2482,1.83,0.3,1.53,,,,,,16.7,,,,,,-0.3,124.292644,0.006989374782238933,-0.006989374782238933,0.0058823779389296504,-0.004829895310392018,
2016-03-04,113.91,1.101,3673.47,112.6387,1.88,0.37,1.51,,,,,,16.86,,,,,,-0.3,125.41490999999999,0.008988703291533895,-0.008988703291533895,0.000710752406243742,-0.005396519047146775,
2016-03-05,,,,,,,,,,,,,,,,,,,-0.3,,,,,,
2016-03-06,,,,,,,,,,,,,,,,,,,-0.3,,,,,,
2016-03-07,113.6,1.1004,3683.47,112.6219,1.91,0.43,1.48,,,,,,17.35,,,,,,-0.3,125.00544,,,,,
2016-03-08,112.58,1.1028,3676.02,112.8465,1.83,0.37,1.46,,,,,,18.67,,,,,,-0.3,124.153224,-0.0068407761519475585,0.0068407761519475585,-0.0020245975046613296,0.001992297583973013,
2016-03-09,113.06,1.1022,3665.27,112.4268,1.9,0.39,1.51,,,4481083.0,,95.0,18.34,,,,,,-0.3,124.614732,0.003710353510757436,-0.003710353510757436,-0.002928642699993489,-0.0037261449590193507,
2016-03-10,113.1,1.1162,3690.45,112.4191,1.93,0.45,1.48,,,,,,18.05,,,,,,-0.3,126.24222,0.01297560878012849,-0.01297560878012849,0.006846399361446487,-6.849135343767188e-05,
2016-03-11,113.66,1.118,3660.2,111.741,1.98,0.44,1.54,,,,,,16.5,,,,,,-0.3,127.07188000000001,0.006550468107611174,-0.006550468107611174,-0.008230611107457264,-0.006050158511291315,
2016-03-12,,,,,,,,,,,,,,,,,,,-0.3,,,,,,
2016-03-13,,,,,,,,,,,,,,,,,,,-0.3,,,,,,
2016-03-14,113.59,1.1107,3554.8,112.1688,1.97,0.45,1.52,,,,,,16.92,,,,,,-0.3,126.16441300000001,,,,,
2016-03-15,112.88,1.1112,3561.85,112.5545,1.97,0.47,1.5,,,,,,16.84,,,,,,-0.3,125.432256,-0.005820101431711855,0.005820101431711855,0.0019812699250874033,0.0034326692312918183,
2016-03-16,113.69,1.1075,3625.6,112.7759,1.94,0.36,1.58,,,4486333.0,,76.0,14.99,,,,,,-0.4,125.91167499999999,0.00381484907561358,-0.00381484907561358,0.017739719044278957,0.001965114971152815,
2016-03-17,111.3,1.1316,3618.55,110.445,1.91,0.34,1.57,,,,,,14.44,,,,,,-0.4,125.94707999999999,0.00028114964860481706,-0.00028114964860481706,-0.0019463987426338036,-0.020885004265956297,
2016-03-18,111.38,1.1292,3614.05,110.4002,1.88,0.27,1.61,,,,,,14.02,,,,,,-0.4,125.77029599999999,-0.0014046231680540089,0.0014046231680540089,-0.0012443659488052816,-0.0004057140532331971,
2016-03-19,,,,,,,,,,,,,,,,,,,-0.4,,,,,,
2016-03-20,,,,,,,,,,,,,,,,,,,-0.4,,,,,,
2016-03-21,111.62,1.126,3597.1,110.737,1.92,0.28,1.64,,,,,,13.79,,,,,,-0.4,125.68412,,,,,
2016-03-22,111.82,1.1228,3606.7,110.7877,1.94,0.31,1.63,,,,,,14.17,,,,,,-0.4,125.551496,-0.0010557739736967164,0.0010557739736967164,0.0026652615794144907,0.00045773677504357124,
2016-03-23,112.63,1.1174,3533.5,111.5473,1.88,0.3,1.58,,,4492857.0,,53.0,14.94,,,,,,-0.4,125.85276199999998,0.0023966669984263334,-0.0023966669984263334,-0.020504345702923032,0.006832958872261763,
2016-03-24,112.64,1.1163,3525.7,111.816,1.91,0.34,1.57,,,,,,14.74,,,,,,-0.4,125.74003200000001,-0.0008961306542341063,0.0008961306542341063,-0.0022098830389634117,0.0024059469896435814,
2016-03-25,113.05,1.1164,,111.7698,,,,,,,,,,,,,,,-0.4,126.20902000000001,0.003722883955727063,-0.003722883955727063,,-0.00041326417561027284,
2016-03-26,,,,,,,,,,,,,,,,,,,-0.4,,,,,,
2016-03-27,,,,,,,,,,,,,,,,,,,-0.4,,,,,,
2016-03-28,113.29,1.121,3535.45,111.3578,1.89,0.33,1.56,,,,,,15.24,,,,,,-0.4,126.99809,,,,,
2016-03-29,113.33,1.1204,3593.35,111.3736,1.81,0.2,1.61,,,,,,13.82,,,,,,-0.4,126.97493200000001,-0.0001823658267472439,0.0001823658267472439,0.016244325330003306,0.00014187492222905718,
2016-03-30,112.6,1.133,3548.95,110.2301,1.83,0.18,1.65,,,4482840.0,,48.0,13.56,,,,,,-0.4,127.5758,0.004721016602785788,-0.004721016602785788,-0.012433129931419984,-0.010320316397203655,
2016-03-31,112.42,1.139,3563.95,109.9191,1.78,0.16,1.62,,,,,,13.95,,,,,,-0.4,128.04638,0.003681844287514835,-0.003681844287514835,0.004217695239967512,-0.0028253585012674165,
2016-04-01,112.06,1.1385,3546.55,110.2977,1.79,0.17,1.62,,,,12741.9,,13.1,,-0.085,0.1342857143,1.442,1.5688,-0.4,127.58031000000001,-0.003646493380178306,0.003646493380178306,-0.004894180361954881,0.0034384331532377743,
2016-04-02,,,,,,,,,,,,,,,,,,,-0.4,,,,,,
2016-04-03,,,,,,,,,,,,,,,,,,,-0.4,,,,,,
2016-04-04,111.18,1.1386,3523.9,110.3987,1.78,0.14,1.64,,,,,,14.12,,,,,,-0.4,126.58954800000001,,,,,
2016-04-05,110.26,1.1374,3568.32,110.9478,1.73,0.14,1.59,,,,,,15.42,,,,,,-0.4,125.409724,-0.009363778008068202,0.009363778008068202,0.012526565968052239,0.004961462018974849,
2016-04-06,109.63,1.143,3548.83,110.5347,1.76,0.17,1.59,,,4484069.0,,146.0,14.09,,,,,,-0.4,125.30709,-0.000818724552977379,0.000818724552977379,-0.005476925094912488,-0.0037303216193977917,
2016-04-07,107.98,1.1386,3587.9,110.8876,1.7,0.12,1.58,,,,,,16.16,,,,,,-0.4,122.94602800000001,-0.019021982174137086,0.019021982174137086,0.010949101428163743,0.003187576850278262,
2016-04-08,108.36,1.1406,3584.98,110.4213,1.72,0.14,1.58,,,,,,15.36,,,,,,-0.4,123.595416,0.005267994632210282,-0.005267994632210282,-0.0008141778926464838,-0.004214025645119079,
2016-04-09,,,,,,,,,,,,,,,,,,,-0.4,,,,,,
2016-04-10,,,,,,,,,,,,,,,,,,,-0.4,,,,,,
2016-04-11,107.96,1.1412,3573.53,109.9758,1.73,0.17,1.56,,,,,,16.26,,,,,,-0.4,123.20395199999999,,,,,
2016-04-12,108.54,1.1395,3576.53,109.816,1.79,0.22,1.57,,,,,,14.85,,,,,,-0.4,123.68133,0.0038672098318492942,-0.0038672098318492942,0.000839153846554197,-0.001454103639508375,
2016-04-13,109.21,1.1281,3560.64,110.1436,1.77,0.21,1.56,,,4499729.0,,45.0,13.84,,,,,,-0.4,123.19980100000001,-0.0039009025004856923,0.0039009025004856923,-0.004452752632838397,0.0029787310235924735,
2016-04-14,109.2,1.1262,3531.42,110.1691,1.8,0.24,1.56,,,,,,13.72,,,,,,-0.4,122.98104000000001,-0.001777238689188998,0.001777238689188998,-0.008240247640433296,0.0002314891525898588,
2016-04-15,108.76,1.1295,3550.45,110.1933,1.76,0.2,1.56,,,,,,13.62,,,,,,-0.4,122.84442,-0.0011115204589948746,0.0011115204589948746,0.005374299670497962,0.0002196381968726513,
2016-04-16,,,,,,,,,,,,,,,,,,,-0.4,,,,,,
2016-04-17,,,,,,,,,,,,,,,,,,,-0.4,,,,,,
2016-04-18,108.85,1.1322,3550.45,109.9892,1.78,0.21,1.57,,,,,,13.35,,,,,,-0.4,123.23997,,,,,
2016-04-19,109.16,1.1375,3584.62,109.2782,1.79,0.19,1.6,,,,,,13.24,,,,,,-0.4,124.16949999999999,0.007514137382127473,-0.007514137382127473,0.009578115205620463,-0.0064852549167468965,
2016-04-20,109.51,1.133,3577.73,109.3926,1.85,0.23,1.62,,,4490131.0,,33.0,13.28,,,,,,-0.4,124.07483,-0.000762716349568926,0.000762716349568926,-0.0019239501351719923,0.0010463217808407421,
2016-04-21,109.41,1.1301,3582.07,109.8533,1.88,0.24,1.64,,,,,,13.95,,,,,,-0.4,123.64424100000001,-0.003476433460870787,0.003476433460870787,0.0012123245150839068,0.004202593326173343,
2016-04-22,111.5,1.1239,3558.7,110.2331,1.89,0.25,1.64,,,,,,13.22,,,,,,-0.4,125.31484999999999,0.013420952569591194,-0.013420952569591194,-0.006545535968449201,0.003451375250941524,
2016-04-23,,,,,,,,,,,,,,,,,,,-0.4,,,,,,
2016-04-24,,,,,,,,,,,,,,,,,,,-0.4,,,,,,
2016-04-25,111.08,1.1274,3566.94,110.1865,1.91,0.26,1.65,,,,,,14.08,,,,,,-0.4,125.23159199999999,,,,,
2016-04-26,111.23,1.1318,3577.73,109.7496,1.94,0.27,1.67,,,,,,13.96,,,,,,-0.4,125.890114,0.005244656226288669,-0.005244656226288669,0.003020435710292091,-0.003972977375600983,
2016-04-27,111.26,1.1322,3589.56,109.8483,1.87,0.19,1.68,,,4474665.0,,0.0,13.77,,,,,,-0.4,125.96857200000002,0.0006230319373452531,-0.0006230319373452531,0.003301111226964082,0.0008989157605441278,
2016-04-28,108.55,1.1325,3619.39,109.2148,1.84,0.12,1.72,,,,,,15.22,,,,,,-0.4,122.93287500000001,-0.02439397256821696,0.02439397256821696,0.008275871036595106,-0.00578373779943675,
2016-04-29,106.9,1.1441,3636.47,108.8274,1.83,0.12,1.71,,,,,,15.7,,,,,,-0.4,122.30429,-0.0051263549435924816,0.0051263549435924816,0.00470792753652205,-0.003553444311610754,
2016-04-30,,,,,,,,,,,,,,,,,,,-0.4,,,,,,
2016-05-01,,,,,,,,,,,12800.7,,,,-0.12,0.1328571429,1.526,1.5366,-0.4,,,,,,
2016-05-02,106.48,1.1516,3639.77,108.671,1.88,0.2,1.68,,,,,,14.68,,,,,,-0.4,122.622368,,,,,
2016-05-03,106.34,1.1508,3640.51,109.3613,1.81,0.17,1.64,,,,,,15.6,,,,,,-0.4,122.37607200000001,-0.0020105930712910336,0.0020105930712910336,0.00020328888519394184,0.006332110485457676,
2016-05-04,107.12,1.1486,3630.77,109.9952,1.79,0.16,1.63,,,4477270.0,,1200.0,16.05,,,,,,-0.4,123.03803200000002,0.0053946500595278835,-0.0053946500595278835,-0.0026790347299279205,0.0057796487870955815,
2016-05-05,107.32,1.1404,3636.62,110.2417,1.76,0.13,1.63,,,,,,15.91,,,,,,-0.4,122.387728,-0.005299407217173702,0.005299407217173702,0.0016099318361995074,0.0022384995696160814,
2016-05-06,106.66,1.1421,3646.36,110.3801,1.79,0.18,1.61,,,,,,14.72,,,,,,-0.4,121.81638599999998,-0.004679225366922779,0.004679225366922779,0.0026747308949950366,0.0012546359258678308,
2016-05-07,,,,,,,,,,,,,,,,,,,-0.4,,,,,,
2016-05-08,,,,,,,,,,,,,,,,,,,-0.4,,,,,,
2016-05-09,108.39,1.1402,3626.43,110.9466,1.77,0.18,1.59,,,,,,14.57,,,,,,-0.4,123.58627800000001,,,,,
2016-05-10,109.22,1.1386,3633.82,110.8225,1.77,0.15,1.62,,,,,,13.63,,,,,,-0.4,124.357892,0.006224114815848836,-0.006224114815848836,0.0020357432739004366,-0.0011191821850173866,
2016-05-11,108.48,1.1444,3647.58,110.2806,1.73,0.14,1.59,,,4478411.0,,0.0,14.69,,,,,,-0.4,124.14451200000002,-0.0017173278729476493,0.0017173278729476493,0.003779497453695768,-0.004901795452401103,
2016-05-12,108.73,1.138,3636.87,110.6935,1.75,0.15,1.6,,,,,,14.41,,,,,,-0.4,123.73473999999999,-0.0033062256721070327,0.0033062256721070327,-0.0029405123838035507,0.0037370938996224012,
2016-05-13,109.14,1.1294,3645.35,111.2521,1.71,0.13,1.58,,,,,,15.04,,,,,,-0.4,123.262716,-0.003822100699111708,0.003822100699111708,0.0023289611774988117,0.0050336765358602875,
2016-05-14,,,,,,,,,,,,,,,,,,,-0.4,,,,,,
2016-05-15,,,,,,,,,,,,,,,,,,,-0.4,,,,,,
2016-05-16,108.89,1.1328,3585.28,111.1217,1.75,0.15,1.6,,,,,,14.68,,,,,,-0.4,123.350592,,,,,
2016-05-17,109.02,1.1337,3596.02,111.0867,1.76,0.15,1.61,,,,,,15.57,,,,,,-0.4,123.59597399999998,0.0019873293622625354,-0.0019873293622625354,0.0029911041196726273,-0.00031501959682422864,
2016-05-18,109.65,1.1276,3552.01,111.4995,1.87,0.26,1.61,,,4473741.0,,1006.0,15.95,,,,,,-0.4,123.64134,0.0003669834441666353,-0.0003669834441666353,-0.012314037887893647,0.0037091290768493934,
2016-05-19,109.81,1.1214,3548.18,112.2331,1.85,0.29,1.56,,,,,,16.33,,,,,,-0.4,123.140934,-0.00405545080466041,0.00405545080466041,-0.0010788444735929659,0.006557851909492207,
2016-05-20,110.52,1.1207,3547.89,112.1822,1.85,0.29,1.56,,,,,,15.2,,,,,,-0.4,123.859764,0.005820485814004073,-0.005820485814004073,-8.173538315148221e-05,-0.0004536232678677976,
2016-05-21,,,,,,,,,,,,,,,,,,,-0.4,,,,,,
2016-05-22,,,,,,,,,,,,,,,,,,,-0.4,,,,,,
2016-05-23,109.47,1.1192,3541.85,112.284,1.84,0.3,1.54,,,,,,15.82,,,,,,-0.4,122.518824,,,,,
2016-05-24,110.0,1.1145,3487.24,112.2912,1.86,0.31,1.55,,,,,,14.42,,,,,,-0.4,122.595,0.0006215561506026646,-0.0006215561506026646,-0.015538597111484975,6.412106058384381e-05,
2016-05-25,110.22,1.1154,3479.43,112.2001,1.87,0.29,1.58,,,4461111.0,,1006.0,13.9,,,,,,-0.4,122.939388,0.0028052137922029985,-0.0028052137922029985,-0.002242105129642624,-0.0008116127885644531,
2016-05-26,109.74,1.1184,3468.98,111.8979,1.83,0.25,1.58,,,,,,13.43,,,,,,-0.4,122.733216,-0.0016784293001679274,0.0016784293001679274,-0.003007884646631709,-0.0026970359680458245,
2016-05-27,109.86,1.114,3441.75,112.0822,1.85,0.27,1.58,,,,,,13.12,,,,,,-0.4,122.38404000000001,-0.0028490547086708062,0.0028490547086708062,-0.007880539659831598,0.0016456822869042043,
2016-05-28,,,,,,,,,,,,,,,,,,,-0.4,,,,,,
2016-05-29,,,,,,,,,,,,,,,,,,,-0.4,,,,,,
2016-05-30,,,,,,,,,,,,,,,,,,,-0.4,,,,,,
2016-05-31,110.75,1.1135,3453.97,112.4276,1.84,0.3,1.54,,,,,,14.19,,,,,,-0.4,123.32012499999999,,,,,
2016-06-01,109.55,1.1165,3451.61,112.462,1.85,0.31,1.54,,,4461393.0,12849.3,801.0,14.2,,-0.23,-0.0168181818,1.453,1.3105,-0.4,122.312575,-0.008203758300979302,0.008203758300979302,-0.0006835052499205574,0.0003059278887800332,
2016-06-02,108.75,1.1157,3443.52,112.4564,1.81,0.27,1.54,,,,,,13.63,,,,,,-0.4,121.33237499999998,-0.008046177753760375,0.008046177753760375,-0.0023465848250214805,-4.9795837078647764e-05,
2016-06-03,106.88,1.133,3533.46,111.4451,1.71,0.19,1.52,,,,,,13.47,,,,,,-0.4,121.09504,-0.001957988751585482,0.001957988751585482,0.025783356834063298,-0.009033498008498952,
2016-06-04,,,,,,,,,,,,,,,,,,,-0.4,,,,,,
2016-06-05,,,,,,,,,,,,,,,,,,,-0.4,,,,,,
2016-06-06,107.33,1.1354,3536.26,111.2295,1.73,0.19,1.54,,,,,,13.65,,,,,,-0.4,121.862482,,,,,
2016-06-07,107.3,1.135,3534.22,110.8378,1.72,0.15,1.57,,,,,,14.05,,,,,,-0.4,121.7855,-0.0006319116779023304,0.0006319116779023304,-0.0005770471188970561,-0.0035277630360628365,
2016-06-08,106.68,1.14,3578.77,110.1916,1.71,0.12,1.59,,,4463542.0,,0.0,14.08,,,,,,-0.4,121.6152,-0.0013993388498017012,0.0013993388498017012,0.012526541592947638,-0.005847202599459145,
2016-06-09,106.54,1.1329,3591.12,110.6168,1.68,0.12,1.56,,,,,,14.64,,,,,,-0.4,120.699166,-0.007560743334058095,0.007560743334058095,0.003444965603078387,0.0038513075188015833,
2016-06-10,107.06,1.1281,3600.98,111.1027,1.64,0.12,1.52,,,,,,17.03,,,,,,-0.4,120.774386,0.000623008207813136,-0.000623008207813136,0.002741899077403076,0.0043830224935605955,
2016-06-11,,,,,,,,,,,,,,,,,,,-0.4,,,,,,
2016-06-12,,,,,,,,,,,,,,,,,,,-0.4,,,,,,
2016-06-13,106.07,1.1282,3579.54,111.5036,1.62,0.15,1.47,,,,,,20.97,,,,,,-0.4,119.66817400000001,,,,,
2016-06-14,106.02,1.1206,3583.8,111.9826,1.62,0.17,1.45,,,,,,20.5,,,,,,-0.4,118.806012,-0.007230684132410126,0.007230684132410126,0.0011893894474361844,0.004286624708591091,
2016-06-15,105.87,1.1239,3598.63,111.7671,1.6,0.13,1.47,,,4472817.0,,6.0,20.14,,,,,,-0.4,118.987293,0.0015246941886655208,-0.0015246941886655208,0.004129527492690244,-0.0019262601615466224,
2016-06-16,104.05,1.1158,3576.76,112.2347,1.57,0.15,1.42,,,,,,19.37,,,,,,-0.4,116.09898999999999,-0.024573516628438874,0.024573516628438874,-0.006095854782262933,0.00417497251543697,
2016-06-17,104.2,1.1256,3597.02,111.5332,1.62,0.2,1.42,,,,,,19.41,,,,,,-0.4,117.28752,0.010185166868375006,-0.010185166868375006,0.005648362192470557,-0.006269910010320068,
2016-06-18,,,,,,,,,,,,,,,,,,,-0.4,,,,,,
2016-06-19,,,,,,,,,,,,,,,,,,,-0.4,,,,,,
2016-06-20,104.32,1.1318,3596.14,110.8693,1.67,0.24,1.43,,,,,,18.37,,,,,,-0.4,118.06937599999998,,,,,
2016-06-21,104.56,1.1262,3556.94,111.0077,1.71,0.28,1.43,,,,,,18.48,,,,,,-0.4,117.75547200000001,-0.002662180750281351,0.002662180750281351,-0.010960423321634494,0.001247538212161281,
2016-06-22,104.56,1.1286,3552.68,110.7681,1.69,0.25,1.44,,,4482009.0,,0.0,21.17,,,,,,-0.4,118.006416,0.002128792714521488,-0.002128792714521488,-0.001198376427943515,-0.0021607415526885276,
2016-06-23,105.9,1.1373,3545.34,110.262,1.74,0.24,1.5,,,,,,17.25,,,,,,-0.4,120.44007,0.020413288946754093,-0.020413288946754093,-0.0020681831317261867,-0.004579474781729154,
2016-06-24,102.26,1.1126,3632.55,112.1355,1.57,0.15,1.42,,,,,,25.76,,,,,,-0.4,113.774476,-0.056934076504713715,0.056934076504713715,0.02430081587541899,0.016848609538103076,
2016-06-25,,,,,,,,,,,,,,,,,,,-0.4,,,,,,
2016-06-26,,,,,,,,,,,,,,,,,,,-0.4,,,,,,
2016-06-27,101.66,1.1024,3641.21,113.1301,1.46,0.12,1.34,,,,,,23.85,,,,,,-0.4,112.069984,,,,,
2016-06-28,102.71,1.1054,3636.51,112.7545,1.46,0.09,1.37,,,,,,18.75,,,,,,-0.4,113.53563399999999,0.012993210298724911,-0.012993210298724911,-0.001291613487026666,-0.0033255949822601494,
2016-06-29,102.68,1.1117,3646.64,111.8597,1.5,0.1,1.4,,,4466482.0,,2.0,16.64,,,,,,-0.4,114.149356,0.005390987665633951,-0.005390987665633951,0.0027817651791721687,-0.007967481428543977,
2016-06-30,102.77,1.1032,3657.06,112.1618,1.49,0.09,1.4,,,,,,15.63,,,,,,-0.4,113.37586399999999,-0.006799202126435588,0.006799202126435588,0.002853350238817498,0.002697064193632137,
2016-07-01,102.55,1.1145,3665.58,111.6509,1.46,0.03,1.43,,,,12907.3,,14.77,,-0.195,-0.1542857143,1.227,0.9569,-0.4,114.29197500000001,0.008047829228239323,-0.008047829228239323,0.002327030645970396,-0.004565432501354216,
2016-07-02,,,,,,,,,,,,,,,,,,,-0.4,,,,,,
2016-07-03,,,,,,,,,,,,,,,,,,,-0.4,,,,,,
2016-07-04,,,,,,,,,,,,,,,,,,,-0.4,,,,,,
2016-07-05,101.58,1.108,3667.13,112.4231,1.37,-0.03,1.4,,,,,,15.58,,,,,,-0.4,112.55064,,,,,
2016-07-06,101.12,1.1077,3667.58,112.5438,1.38,-0.05,1.43,,,4470605.0,,2994.0,14.96,,,,,,-0.4,112.01062399999999,-0.004809529758893483,0.004809529758893483,0.00012270423794902285,0.0010730468489494882,
2016-07-07,100.74,1.1065,3663.84,112.5775,1.4,-0.03,1.43,,,,,,14.76,,,,,,-0.4,111.46881,-0.004848903112825376,0.004848903112825376,-0.001020266285228999,0.0002993941510798237,
2016-07-08,100.65,1.1038,3677.6,112.3963,1.37,-0.06,1.43,,,,,,13.2,,,,,,-0.4,111.09747,-0.003336896717407889,0.003336896717407889,0.003748587773747758,-0.0016108545900221927,
2016-07-09,,,,,,,,,,,,,,,,,,,-0.4,,,,,,
2016-07-10,,,,,,,,,,,,,,,,,,,-0.4,,,,,,
2016-07-11,102.66,1.1045,3601.27,112.5254,1.43,0.01,1.42,,,,,,13.54,,,,,,-0.4,113.38797,,,,,
2016-07-12,104.72,1.1074,3561.56,112.1102,1.53,0.07,1.46,,,,,,13.55,,,,,,-0.4,115.966928,0.022489745998182542,-0.022489745998182542,-0.011087909899828219,-0.003696657812195525,
2016-07-13,104.1,1.1112,3589.33,112.0266,1.48,0.03,1.45,,,4472202.0,,2220.0,13.04,,,,,,-0.4,115.67591999999999,-0.002512558929454123,0.002512558929454123,0.00776690442770267,-0.0007459730296561773,
2016-07-14,105.4,1.1109,3570.45,111.7692,1.53,0.08,1.45,,,,,,12.82,,,,,,-0.4,117.08886000000001,0.012140645633881952,-0.012140645633881952,-0.005273917288239005,-0.002300312280224759,
2016-07-15,105.64,1.1059,3560.87,112.2833,1.6,0.11,1.49,,,,,,12.67,,,,,,-0.4,116.82727600000001,-0.002236563184693452,0.002236563184693452,-0.0026867412380404687,0.004589111054262851,
2016-07-16,,,,,,,,,,,,,,,,,,,-0.4,,,,,,
2016-07-17,,,,,,,,,,,,,,,,,,,-0.4,,,,,,
2016-07-18,106.0,1.1076,3567.95,112.2463,1.59,0.1,1.49,,,,,,12.44,,,,,,-0.4,117.40559999999999,,,,,
2016-07-19,106.13,1.1014,3572.11,112.638,1.56,0.12,1.44,,,,,,11.97,,,,,,-0.4,116.89158199999999,-0.004387750806762014,0.004387750806762014,0.0011652564462245607,0.003483572629264131,
2016-07-20,106.65,1.1007,3528.66,112.6743,1.59,0.13,1.46,,,4480973.0,,185.0,11.77,,,,,,-0.4,117.389655,0.004251930344594257,-0.004251930344594257,-0.012238262134719236,0.0003222194288916569,
2016-07-21,105.98,1.1016,3573.64,112.6239,1.57,0.05,1.52,,,,,,12.74,,,,,,-0.4,116.747568,-0.005484720467644699,0.005484720467644699,0.012666488709502488,-0.00044740704400414444,
2016-07-22,106.22,1.0968,3551.71,112.989,1.57,0.06,1.51,,,,,,12.02,,,,,,-0.4,116.502096,-0.002104801236703757,0.002104801236703757,-0.006155506534950561,0.0032365198860846434,
2016-07-23,,,,,,,,,,,,,,,,,,,-0.4,,,,,,
2016-07-24,,,,,,,,,,,,,,,,,,,-0.4,,,,,,
2016-07-25,106.02,1.098,3532.27,113.1784,1.58,0.08,1.5,,,,,,12.87,,,,,,-0.4,116.40996,,,,,
2016-07-26,104.83,1.0984,3546.43,113.0593,1.57,0.07,1.5,,,,,,13.05,,,,,,-0.4,115.145272,-0.010923532710893191,0.010923532710893191,0.004000739934445718,-0.001052875015988164,
2016-07-27,105.65,1.0988,3597.24,113.217,1.52,0.03,1.49,,,4464498.0,,180.0,12.83,,,,,,-0.4,116.08822,0.008155853364941734,-0.008155853364941734,0.014225421060633181,0.0013938713469556774,
2016-07-28,104.86,1.1094,3592.11,112.7393,1.52,0.0,1.52,,,,,,12.72,,,,,,-0.4,116.331684,0.002095036482335999,-0.002095036482335999,-0.0014271111771346767,-0.004228257514391487,
2016-07-29,102.32,1.1168,3623.76,111.874,1.46,-0.03,1.49,,,,,,11.87,,,,,,-0.4,114.27097599999999,-0.017872845486825994,0.017872845486825994,0.008772387243109137,-0.007704835650162778,
2016-07-30,,,,,,,,,,,,,,,,,,,-0.4,,,,,,
2016-07-31,,,,,,,,,,,,,,,,,,,-0.4,,,,,,
2016-08-01,102.26,1.1176,3631.39,111.9757,1.51,0.05,1.46,,,,12986.7,,12.44,,-0.07,-0.1317391304,1.176,0.7421,-0.4,114.285776,,,,,
2016-08-02,100.82,1.1225,3654.44,111.7124,1.55,0.11,1.44,,,,,,13.37,,,,,,-0.4,113.17045,-0.009807029323710914,0.009807029323710914,0.006327371597119935,-0.0023541719170889763,
2016-08-03,101.34,1.117,3643.61,111.9419,1.55,0.09,1.46,,,4466793.0,,930.0,12.86,,,,,,-0.4,113.19678,0.0002326308460700588,-0.0002326308460700588,-0.0029679182657567083,0.0020522751456271138,
2016-08-04,101.08,1.1134,3650.0,111.9149,1.51,0.04,1.47,,,,,,12.42,,,,,,-0.4,112.54247199999999,-0.005797040847563828,0.005797040847563828,0.0017522191712799895,-0.00024122564184736461,
2016-08-05,101.74,1.108,3596.13,112.3589,1.59,0.09,1.5,,,,,,11.39,,,,,,-0.4,112.72792,0.0016464484324476558,-0.0016464484324476558,-0.014868900359269688,0.0039594511713652025,
2016-08-06,,,,,,,,,,,,,,,,,,,-0.4,,,,,,
2016-08-07,,,,,,,,,,,,,,,,,,,-0.4,,,,,,
2016-08-08,102.53,1.1078,3594.33,112.1456,1.59,0.08,1.51,,,,,,11.5,,,,,,-0.4,113.58273399999999,,,,,
2016-08-09,101.96,1.111,3608.5,111.722,1.55,0.06,1.49,,,,,,11.66,,,,,,-0.4,113.27756,-0.002690415133458579,0.002690415133458579,0.003934569684494349,-0.003784384212375258,
2016-08-10,101.27,1.1171,3622.96,111.3238,1.5,0.06,1.44,,,4468929.0,,575.0,12.05,,,,,,-0.4,113.128717,-0.0013148312265487405,0.0013148312265487405,0.003999197747692307,-0.003570570914614102,
2016-08-11,101.46,1.1168,3600.83,111.1954,1.57,0.1,1.47,,,,,,11.68,,,,,,-0.4,113.31052799999999,0.0016058262256555267,-0.0016058262256555267,-0.006126996834110443,-0.0011540578453521633,
2016-08-12,101.01,1.1172,3594.27,111.1787,1.51,0.07,1.44,,,,,,11.55,,,,,,-0.4,112.848372,-0.00408700823453767,0.00408700823453767,-0.001823463695480143,-0.0001501973479056673,
2016-08-13,,,,,,,,,,,,,,,,,,,-0.4,,,,,,
2016-08-14,,,,,,,,,,,,,,,,,,,-0.4,,,,,,
2016-08-15,101.02,1.1199,3548.37,110.9212,1.55,0.1,1.45,,,,,,11.81,,,,,,-0.4,113.13229799999999,,,,,
2016-08-16,100.28,1.1277,3558.22,110.4295,1.57,0.13,1.44,,,,,,12.64,,,,,,-0.4,113.08575599999999,-0.0004114791002196583,0.0004114791002196583,0.0027720767084122855,-0.004442731003412526,
2016-08-17,100.24,1.1263,3561.41,110.9459,1.56,0.09,1.47,,,4466476.0,,105.0,12.19,,,,,,-0.4,112.900312,-0.0016411988868707539,0.0016411988868707539,0.0008961140434191606,0.0046653868194574954,
2016-08-18,100.07,1.1334,3577.92,110.3134,1.53,0.06,1.47,,,,,,11.43,,,,,,-0.4,113.41933799999998,0.00458667119641909,-0.00458667119641909,0.004625092111190554,-0.005717289378546653,
2016-08-19,100.24,1.1326,3553.51,110.8163,1.58,0.1,1.48,,,,,,11.34,,,,,,-0.4,113.531824,0.0009912794296340621,-0.0009912794296340621,-0.0068457785690956285,0.004548469672083222,
2016-08-20,,,,,,,,,,,,,,,,,,,-0.4,,,,,,
2016-08-21,,,,,,,,,,,,,,,,,,,-0.4,,,,,,
2016-08-22,100.25,1.1314,3551.15,110.9997,1.55,0.08,1.47,,,,,,12.27,,,,,,-0.4,113.42285,,,,,
2016-08-23,100.2,1.1308,3553.51,110.9414,1.55,0.07,1.48,,,,,,12.38,,,,,,-0.4,113.30616,-0.0010293346255343394,0.0010293346255343394,0.00066435271689258,-0.0005253646245870769,
2016-08-24,100.5,1.1256,3516.06,111.2958,1.56,0.08,1.48,,,4473840.0,,22.0,13.45,,,,,,-0.4,113.1228,-0.0016195811708898944,0.0016195811708898944,-0.010594802884025256,0.003189387739035432,
2016-08-25,100.58,1.1274,3514.67,111.1726,1.58,0.09,1.49,,,,,,13.63,,,,,,-0.4,113.393892,0.002393573091983292,-0.002393573091983292,-0.0003954070254756914,-0.0011075731438197067,
2016-08-26,101.2,1.1237,3513.01,111.2035,1.62,0.15,1.47,,,,,,13.65,,,,,,-0.4,113.71844,0.0028580413759282663,-0.0028580413759282663,-0.000472417648747836,0.0002779075646959228,
2016-08-27,,,,,,,,,,,,,,,,,,,-0.4,,,,,,
2016-08-28,,,,,,,,,,,,,,,,,,,-0.4,,,,,,
2016-08-29,102.13,1.1182,3521.74,111.8775,1.57,0.11,1.46,,,,,,12.94,,,,,,-0.4,114.201766,,,,,
2016-08-30,102.92,1.115,3488.59,112.2928,1.57,0.11,1.46,,,,,,13.12,,,,,,-0.4,114.75580000000001,0.004839631125209465,-0.004839631125209465,-0.009457542538440222,0.003705222994541124,
2016-08-31,103.38,1.1146,3481.94,112.4036,1.58,0.11,1.47,,,4457907.0,,1351.0,13.42,,,,,,-0.4,115.22734799999999,0.004100723595566791,-0.004100723595566791,-0.0019080333970276087,0.0009862197078422952,
2016-09-01,103.22,1.1194,3495.39,112.1733,1.57,0.12,1.45,,,,13052.7,,13.48,,-0.085,-0.0840909091,1.266,0.8243,-0.4,115.544468,0.0027483442745115383,-0.0027483442745115383,0.003855347721758662,-0.0020509685611411754,
2016-09-02,104.18,1.1158,3532.15,112.0009,1.6,0.13,1.47,,,,,,11.98,,,,,,-0.4,116.244044,0.006036348550632731,-0.006036348550632731,0.010461793252979135,-0.0015380898782062502,
2016-09-03,,,,,,,,,,,,,,,,,,,-0.4,,,,,,
2016-09-04,,,,,,,,,,,,,,,,,,,-0.4,,,,,,
2016-09-05,,,,,,,,,,,,,,,,,,,-0.4,,,,,,
2016-09-06,102.28,1.1237,3586.78,110.9613,1.55,0.06,1.49,,,,,,12.02,,,,,,-0.4,114.932036,,,,,
2016-09-07,101.72,1.1238,3577.79,110.9717,1.54,0.03,1.51,,,4459394.0,,350.0,11.94,,,,,,-0.4,114.312936,-0.0054012221048260756,0.0054012221048260756,-0.002509572721940856,9.372197922452585e-05,
2016-09-08,102.28,1.1256,3561.84,111.2609,1.61,0.09,1.52,,,,,,12.51,,,,,,-0.4,115.126368,0.007090636991148536,-0.007090636991148536,-0.004468026083840115,0.0026026799241156695,
2016-09-09,102.86,1.1214,3541.15,111.9879,1.67,0.17,1.5,,,,,,17.5,,,,,,-0.4,115.34720399999999,0.0019163678131768336,-0.0019163678131768336,-0.0058257321259720385,0.006512935969575473,
2016-09-10,,,,,,,,,,,,,,,,,,,-0.4,,,,,,
2016-09-11,,,,,,,,,,,,,,,,,,,-0.4,,,,,,
2016-09-12,101.96,1.123,3516.22,112.1516,1.68,0.17,1.51,,,,,,15.16,,,,,,-0.4,114.50107999999999,,,,,
2016-09-13,102.14,1.1242,3497.8,112.5207,1.73,0.24,1.49,,,,,,17.85,,,,,,-0.4,114.825788,0.0028318375411151564,-0.0028318375411151564,-0.005252349536014833,0.003285677246878116,
2016-09-14,102.33,1.1271,3508.74,112.4678,1.7,0.21,1.49,,,4481635.0,,6.0,18.14,,,,,,-0.4,115.33614299999999,0.004434754559223819,-0.004434754559223819,0.003122799239127616,-0.00047024626569669437,
2016-09-15,102.24,1.1246,3491.56,112.4753,1.71,0.22,1.49,,,,,,16.3,,,,,,-0.4,114.97910399999999,-0.003100439859371029,0.003100439859371029,-0.004908370924631811,6.668353021588302e-05,
2016-09-16,102.36,1.116,3485.33,113.1765,1.7,0.19,1.51,,,,,,15.37,,,,,,-0.4,114.23376,-0.006503532254480859,0.006503532254480859,-0.0017858964827723867,0.0062149050615918355,
2016-09-17,,,,,,,,,,,,,,,,,,,-0.4,,,,,,
2016-09-18,,,,,,,,,,,,,,,,,,,-0.4,,,,,,
2016-09-19,101.82,1.1179,3491.7,112.903,1.7,0.2,1.5,,,,,,15.53,,,,,,-0.4,113.82457799999999,,,,,
2016-09-20,101.66,1.1172,3495.44,113.1848,1.69,0.2,1.49,,,,,,15.92,,,,,,-0.4,113.574552,-0.002199006660691616,0.002199006660691616,0.0010705382623470427,0.002492838144570797,
2016-09-21,100.62,1.1165,3539.49,112.9842,1.66,0.15,1.51,,,4473032.0,,2.0,13.3,,,,,,-0.4,112.34223000000001,-0.010909629746392646,0.010909629746392646,0.012523387074059755,-0.001773895207587195,
2016-09-22,100.8,1.1229,3550.16,112.2592,1.63,0.08,1.55,,,,,,12.02,,,,,,-0.4,113.18832,0.0075031428723759674,-0.0075031428723759674,0.003010023923907923,-0.006437502752596025,
2016-09-23,101.04,1.1223,3552.65,112.7166,1.62,0.05,1.57,,,,,,12.29,,,,,,-0.4,113.39719200000002,0.0018436488486850422,-0.0018436488486850422,0.0007011309895670337,0.004066220724420866,
2016-09-24,,,,,,,,,,,,,,,,,,,-0.4,,,,,,
2016-09-25,,,,,,,,,,,,,,,,,,,-0.4,,,,,,
2016-09-26,100.34,1.127,3550.3,112.7112,1.59,0.05,1.54,,,,,,14.5,,,,,,-0.4,113.08318,,,,,
2016-09-27,100.36,1.1208,3532.15,112.5515,1.56,0.04,1.52,,,,,,13.1,,,,,,-0.4,112.483488,-0.005317216574864503,0.005317216574864503,-0.00512535626294941,-0.0014179003159915382,
2016-09-28,100.57,1.12,3524.53,112.6283,1.57,0.01,1.56,,,4452002.0,,291.0,12.39,,,,,,-0.4,112.6384,0.001376250224510045,-0.001376250224510045,-0.0021596566548893747,0.0006821216021846155,
2016-09-29,101.48,1.1244,3521.76,112.2879,1.56,0.02,1.54,,,,,,14.02,,,,,,-0.4,114.10411200000001,0.012928607017928861,-0.012928607017928861,-0.0007862293895630756,-0.003026907442862381,
2016-09-30,101.21,1.1238,3511.79,112.2795,1.6,0.0,1.6,,,,,,13.29,,,,,,-0.4,113.73979799999998,-0.003197928884550727,0.003197928884550727,-0.0028349856551894703,-7.481050236091136e-05,
2016-10-01,,,,,,,,,,,13124.5,,,,-0.05,0.002,1.45,1.078,-0.4,,,,,,
2016-10-02,,,,,,,,,,,,,,,,,,,-0.4,,,,,,
2016-10-03,101.54,1.121,3504.86,112.5077,1.63,0.0,1.63,,,,,,13.57,,,,,,-0.4,113.82634,,,,,
2016-10-04,102.66,1.1212,3386.84,112.6579,1.69,0.07,1.62,,,,,,13.63,,,,,,-0.4,115.102392,0.011148143831381851,-0.011148143831381851,-0.034253243475273365,0.0013341293899111761,
2016-10-05,103.53,1.1196,3381.57,112.7946,1.72,0.1,1.62,,,4459407.0,,7003.0,12.99,,,,,,-0.4,115.912188,0.007010806996530228,-0.007010806996530228,-0.0015572345838901214,0.0012126724409995404,
2016-10-06,104.02,1.1158,3350.54,113.0066,1.75,0.11,1.64,,,,,,12.84,,,,,,-0.4,116.06551599999999,0.0013219203370340438,-0.0013219203370340438,-0.00921857181452701,0.001877758508744165,
2016-10-07,103.42,1.1156,3353.31,113.2915,1.73,0.1,1.63,,,,,,13.48,,,,,,-0.4,115.37535199999999,-0.005964081034945501,0.005964081034945501,0.0008263908523140628,0.002517919067991592,
2016-10-08,,,,,,,,,,,,,,,,,,,-0.4,,,,,,
2016-10-09,,,,,,,,,,,,,,,,,,,-0.4,,,,,,
2016-10-10,,,3364.95,,,,,,,,,,13.38,,,,,,-0.4,,,,,,
2016-10-11,103.36,1.1062,3347.57,113.4461,1.77,0.13,1.64,,,,,,15.36,,,,,,-0.4,114.336832,,,-0.005178394653023943,,
2016-10-12,104.48,1.1014,3352.24,113.7442,1.79,0.15,1.64,,,4457698.0,,3220.0,15.91,,,,,,-0.4,115.074272,0.006429004761632662,-0.006429004761632662,0.0013940696098302396,0.002624233262375597,
2016-10-13,103.62,1.1038,3359.13,113.6238,1.75,0.12,1.63,,,,,,16.69,,,,,,-0.4,114.375756,-0.00608862996445847,0.00608862996445847,0.0020532327738003175,-0.0010590761343181043,
2016-10-14,104.1,1.0985,3343.91,113.7119,1.8,0.13,1.67,,,,,,16.12,,,,,,-0.4,114.35385,-0.00019154494645512443,0.00019154494645512443,-0.0045412308912204935,0.0007750652837223981,
2016-10-15,,,,,,,,,,,,,,,,,,,-0.4,,,,,,
2016-10-16,,,,,,,,,,,,,,,,,,,-0.4,,,,,,
2016-10-17,103.96,1.1,3315.93,113.5488,1.77,0.09,1.68,,,,,,16.21,,,,,,-0.4,114.35600000000001,,,,,
2016-10-18,103.8,1.0997,3333.65,113.1393,1.75,0.09,1.66,,,,,,15.28,,,,,,-0.4,114.14885999999998,-0.0018130035110743847,0.0018130035110743847,0.005329672534294616,-0.0036128975930767027,
2016-10-19,103.3,1.0966,3349.57,113.0547,1.76,0.08,1.68,,,4467382.0,,180.0,14.41,,,,,,-0.4,113.27878,-0.007651525953136229,0.007651525953136229,0.00476417957567854,-0.0007480304866156473,
2016-10-20,103.92,1.0934,3342.65,113.4033,1.76,0.08,1.68,,,,,,13.75,,,,,,-0.4,113.626128,0.0030616197277026913,-0.0030616197277026913,-0.002068073812983684,0.003078719015010556,
2016-10-21,103.96,1.0866,3345.7,113.9015,1.74,0.07,1.67,,,,,,13.34,,,,,,-0.4,112.962936,-0.005853714932531062,0.005853714932531062,0.0009120336739005808,0.0043835484139638226,
2016-10-22,,,,,,,,,,,,,,,,,,,-0.4,,,,,,
2016-10-23,,,,,,,,,,,,,,,,,,,-0.4,,,,,,
2016-10-24,104.2,1.0888,3341.41,113.8571,1.77,0.11,1.66,,,,,,13.02,,,,,,-0.4,113.45296,,,,,
2016-10-25,104.25,1.089,3362.45,113.6801,1.77,0.07,1.7,,,,,,13.46,,,,,,-0.4,113.52825,0.0006634029553485021,-0.0006634029553485021,0.006277001334334287,-0.0015557898726195063,
2016-10-26,104.42,1.0916,3349.44,113.8131,1.79,0.08,1.71,,,4454326.0,,3541.0,14.24,,,,,,-0.4,113.984872,0.004014033204718714,-0.004014033204718714,-0.0038767072445420325,0.001169265851928003,
2016-10-27,105.14,1.0904,3353.59,114.1998,1.85,0.13,1.72,,,,,,15.36,,,,,,-0.4,114.644656,0.005771658957034909,-0.005771658957034909,0.0012382461454745197,0.003391916604294387,
2016-10-28,105.4,1.0934,3361.48,114.0931,1.86,0.13,1.73,,,,,,16.19,,,,,,-0.4,115.24436,0.005217346794536226,-0.005217346794536226,0.0023499393545733938,-0.0009347641365051729,
2016-10-29,,,,,,,,,,,,,,,,,,,-0.4,,,,,,
2016-10-30,,,,,,,,,,,,,,,,,,,-0.4,,,,,,
2016-10-31,105.07,1.0962,3365.36,114.0188,1.84,0.11,1.73,,,,,,17.06,,,,,,-0.4,115.177734,,,,,
2016-11-01,104.59,1.1042,3377.68,113.9915,1.83,0.11,1.72,,,,13214.2,,18.56,,0.02,0.1890909091,1.943,1.3818,-0.4,115.48827800000001,0.0026925873034207015,-0.0026925873034207015,0.0036541422589291273,-0.0002394628675146393,
2016-11-02,103.22,1.1119,3393.19,113.9206,1.81,0.11,1.7,,,4453087.0,,1015.0,19.32,,,,,,-0.4,114.770318,-0.006236139186336587,0.006236139186336587,0.0045813985879359365,-0.0006221697074186849,
2016-11-03,103.17,1.1094,3398.87,113.7664,1.82,0.14,1.68,,,,,,22.08,,,,,,-0.4,114.45679799999999,-0.0027354546963653803,0.0027354546963653803,0.0016725415629714746,-0.0013544912408276488,
2016-11-04,103.02,1.1121,3398.31,113.5828,1.79,0.11,1.68,,,,,,22.51,,,,,,-0.4,114.56854200000001,0.0009758222288160923,-0.0009758222288160923,-0.0001647742155608256,-0.0016151368899706142,
2016-11-05,,,,,,,,,,,,,,,,,,,-0.4,,,,,,
2016-11-06,,,,,,,,,,,,,,,,,,,-0.4,,,,,,
2016-11-07,104.6,1.1038,3371.04,113.5443,1.83,0.12,1.71,,,,,,18.71,,,,,,-0.4,115.45747999999998,,,,,
2016-11-08,104.98,1.1034,3360.55,113.3017,1.88,0.15,1.73,,,,,,18.74,,,,,,-0.4,115.834932,0.0032638540262608373,-0.0032638540262608373,-0.003116651041203511,-0.002138896806545887,
2016-11-09,104.84,1.0952,3371.28,114.6956,2.07,0.25,1.82,,,4455087.0,,1000.0,14.38,,,,,,-0.4,114.820768,-0.008793804233039104,0.008793804233039104,0.0031878431531477958,0.012227490123480678,
2016-11-10,106.56,1.0882,3328.2,115.9375,2.15,0.27,1.88,,,,,,14.74,,,,,,-0.4,115.95859200000001,0.009860788414459698,-0.009860788414459698,-0.012860876901520157,0.010769590343815416,
2016-11-11,,,3258.34,,,,,,,,,,14.17,,,,,,-0.4,,,,-0.021213754070075197,,
2016-11-12,,,,,,,,,,,,,,,,,,,-0.4,,,,,,
2016-11-13,,,,,,,,,,,,,,,,,,,-0.4,,,,,,
2016-11-14,108.3,1.0723,3236.53,117.2245,2.23,0.4,1.83,,,,,,14.48,,,,,,-0.4,116.13009,,,,,
2016-11-15,108.94,1.0726,3245.48,116.7724,2.23,0.41,1.82,,,,,,13.37,,,,,,-0.4,116.84904399999999,0.006171851271308704,-0.006171851271308704,0.002761490860889282,-0.0038641585640881715,
2016-11-16,109.16,1.0699,3237.2,116.8062,2.22,0.39,1.83,,,4453633.0,,971.0,13.72,,,,,,-0.4,116.790284,-0.0005029975196553238,0.0005029975196553238,-0.0025545004543108263,0.00028941007640170824,
2016-11-17,109.64,1.0656,3221.33,116.8952,2.29,0.42,1.87,,,,,,13.35,,,,,,-0.4,116.83238400000002,0.0003604102360119654,-0.0003604102360119654,-0.004914440883807103,0.000761655722238963,
2016-11-18,110.51,1.06,3194.28,117.5936,2.34,0.44,1.9,,,,,,12.85,,,,,,-0.4,117.1406,0.002634630486094025,-0.002634630486094025,-0.008432607434382788,0.0059568053155647505,
2016-11-19,,,,,,,,,,,,,,,,,,,-0.4,,,,,,
2016-11-20,,,,,,,,,,,,,,,,,,,-0.4,,,,,,
2016-11-21,111.12,1.0597,3206.7,117.4762,2.33,0.42,1.91,,,,,,12.42,,,,,,-0.4,117.75386400000002,,,,,
2016-11-22,110.98,1.0618,3205.6,117.4508,2.31,0.41,1.9,,,,,,12.41,,,,,,-0.4,117.83856400000002,0.0007190384204474043,-0.0007190384204474043,-0.0003430906260746269,-0.0002162373852216959,
2016-11-23,112.58,1.056,3142.53,118.0356,2.36,0.44,1.92,,,4465782.0,,201.0,12.43,,,,,,-0.4,118.88448000000001,0.008836679254761393,-0.008836679254761393,-0.019871072363720543,0.004966751389324564,
2016-11-24,,,,,,,,,,,,,,,,,,,-0.4,,,,,,
2016-11-25,113.17,1.0595,3125.28,118.02,2.36,0.47,1.89,,,,,,12.34,,,,,,-0.4,119.90361500000002,,,,,
2016-11-26,,,,,,,,,,,,,,,,,,,-0.4,,,,,,
2016-11-27,,,,,,,,,,,,,,,,,,,-0.4,,,,,,
2016-11-28,112.36,1.0576,3158.27,117.7278,2.32,0.47,1.85,,,,,,13.15,,,,,,-0.4,118.83193600000001,,,,,
2016-11-29,112.78,1.0626,3143.36,117.644,2.3,0.44,1.86,,,,,,12.9,,,,,,-0.4,119.840028,0.008447561062414621,-0.008447561062414621,-0.004732117824504556,-0.0007120649418563829,
2016-11-30,114.34,1.0578,3101.82,117.7636,2.37,0.43,1.94,,,4446307.0,,1340.0,13.33,,,,,,-0.4,120.94885200000002,0.009209992071825823,-0.009209992071825823,-0.013303255512960632,0.0010161100176064863,
2016-12-01,114.34,1.0634,3095.89,117.6642,2.45,0.48,1.97,,,,13240.6,,14.07,,0.04,0.2519047619,1.886,1.4336,-0.4,121.58915599999999,0.005280042438357668,-0.005280042438357668,-0.0019136106108845752,-0.0008444202928155065,
2016-12-02,113.76,1.0666,3112.45,117.3116,2.4,0.49,1.91,,,,,,14.12,,,,,,-0.4,121.336416,-0.0020808026846301786,0.0020808026846301786,0.005334772024243151,-0.0030011623720813674,
2016-12-03,,,,,,,,,,,,,,,,,,,-0.4,,,,,,
2016-12-04,,,,,,,,,,,,,,,,,,,-0.4,,,,,,
2016-12-05,114.1,1.0723,3096.3,117.1008,2.39,0.45,1.94,,,,,,12.14,,,,,,-0.4,122.34943,,,,,
2016-12-06,113.98,1.0717,3092.9,116.9225,2.39,0.44,1.95,,,,,,11.79,,,,,,-0.4,122.15236600000001,-0.0016119639683251918,0.0016119639683251918,-0.0010986881477474952,-0.001523780191969415,
2016-12-07,113.5,1.0758,3103.13,116.672,2.34,0.42,1.92,,,4448618.0,,1329.0,12.22,,,,,,-0.4,122.1033,-0.0004017593652054785,0.0004017593652054785,0.003302117418941819,-0.0021447430998877692,
2016-12-08,114.16,1.0625,3096.8,117.0327,2.4,0.45,1.95,,,,,,12.64,,,,,,-0.4,121.295,-0.0066418127934468885,0.0066418127934468885,-0.002041959247753411,0.0030868038717795088,
2016-12-09,115.17,1.0541,3066.66,117.2834,2.47,0.51,1.96,,,,,,11.75,,,,,,-0.4,121.40069700000001,0.0008710249748071774,-0.0008710249748071774,-0.009780298809822341,0.0021398452403538215,
2016-12-10,,,,,,,,,,,,,,,,,,,-0.4,,,,,,
2016-12-11,,,,,,,,,,,,,,,,,,,-0.4,,,,,,
2016-12-12,115.34,1.0606,3060.78,116.9161,2.49,0.51,1.98,,,,,,12.64,,,,,,-0.4,122.329604,,,,,
2016-12-13,115.26,1.0635,3054.58,116.8029,2.48,0.53,1.95,,,,,,12.72,,,,,,-0.4,122.57901,0.0020367277585160437,-0.0020367277585160437,-0.0020276818124429496,-0.0009686846927445814,
2016-12-14,115.06,1.0656,3014.02,116.7332,2.54,0.6,1.94,,,4470973.0,,1476.0,13.19,,,,,,-0.4,122.60793600000001,0.00023595057245984208,-0.00023595057245984208,-0.013367367748291059,-0.0005969098744857959,
2016-12-15,118.32,1.0375,2978.3,118.8072,2.6,0.7,1.9,,,,,,12.79,,,,,,-0.4,122.757,0.001215039286125652,-0.001215039286125652,-0.011922067943505255,0.01761102217414212,
2016-12-16,117.74,1.0456,2996.09,118.3584,2.6,0.74,1.86,,,,,,12.2,,,,,,-0.4,123.10894400000001,0.0028628954027301035,-0.0028628954027301035,0.005955437318334589,-0.0037847017924708126,
2016-12-17,,,,,,,,,,,,,,,,,,,-0.4,,,,,,
2016-12-18,,,,,,,,,,,,,,,,,,,-0.4,,,,,,
2016-12-19,116.6,1.0444,3012.78,118.3875,2.54,0.68,1.86,,,,,,11.71,,,,,,-0.4,121.77704,,,,,
2016-12-20,117.86,1.039,2992.37,118.63,2.57,0.67,1.9,,,,,,11.45,,,,,,-0.4,122.45653999999999,0.0055643597676287015,-0.0055643597676287015,-0.006797524987463888,0.0020462631207918136,
2016-12-21,117.79,1.0425,2995.13,118.581,2.55,0.64,1.91,,,4469089.0,,4743.0,11.27,,,,,,-0.4,122.796075,0.0027688611346547987,-0.0027688611346547987,0.0009219207333561741,-0.0004131343040327806,
2016-12-22,117.48,1.0452,2989.2,118.8209,2.55,0.6,1.95,,,,,,11.43,,,,,,-0.4,122.79009599999999,-4.869166677323733e-05,4.869166677323733e-05,-0.001981843227541802,0.002021046012340655,
2016-12-23,117.22,1.0449,2997.2,118.7856,2.55,0.58,1.97,,,,,,11.44,,,,,,-0.4,122.483178,-0.0025026628885278512,0.0025026628885278512,0.0026727264340209445,-0.00029712992076991185,
2016-12-24,,,,,,,,,,,,,,,,,,,-0.4,,,,,,
2016-12-25,,,,,,,,,,,,,,,,,,,-0.4,,,,,,
2016-12-26,,,,,,,,,,,,,,,,,,,-0.4,,,,,,
2016-12-27,117.52,1.0458,3014.44,118.9506,2.57,0.58,1.99,,,,,,11.99,,,,,,-0.4,122.902416,,,,,
2016-12-28,117.66,1.0389,3022.99,119.2305,2.51,0.56,1.95,,,4451451.0,,4826.0,12.95,,,,,,-0.4,122.23697399999999,-0.005429104106855931,0.005429104106855931,0.0028323328687047677,0.0023503135122533436,
2016-12-29,116.32,1.0486,3059.54,118.6637,2.49,0.55,1.94,,,,,,13.37,,,,,,-0.4,121.97315199999998,-0.002160615589154702,0.002160615589154702,0.012018170047062071,-0.004765152513273918,
2016-12-30,116.78,1.0552,3041.75,118.3466,2.45,0.5,1.95,,,,,,14.04,,,,,,-0.4,123.22625599999999,0.010221190334855024,-0.010221190334855024,-0.0058315701812770016,-0.002675834672209554,
2016-12-31,,,,,,,,,,,,,,,,,,,-0.4,,,,,,
2017-01-01,,,,,,,,,,,13318.9,,,,0.085,0.2509090909,1.991,1.4203,-0.4,,,,,,
2017-01-02,,,,,,,,,,,,,,,,,,,-0.4,,,,,,
2017-01-03,117.68,1.0416,3064.78,119.0903,2.45,0.47,1.98,,,,,,12.85,,,,,,-0.4,122.57548800000002,,,,,
2017-01-04,117.38,1.0476,3077.06,118.8803,2.46,0.47,1.99,,,4453101.0,,5563.0,11.85,,,,,,-0.4,122.96728800000001,0.003191300016258225,-0.003191300016258225,0.003998806990596293,-0.0017649243605033504,
2017-01-05,115.46,1.0598,3117.75,117.9999,2.37,0.42,1.95,,,,,,11.67,,,,,,-0.4,122.364508,-0.004914008072296028,0.004914008072296028,0.013136992156415062,-0.007433327511749077,
2017-01-06,116.85,1.056,3100.23,118.3495,2.42,0.46,1.96,,,,,,11.32,,,,,,-0.4,123.3936,0.008374885559624623,-0.008374885559624623,-0.005635285531436551,0.002958334186313749,
2017-01-07,,,,,,,,,,,,,,,,,,,-0.4,,,,,,
2017-01-08,,,,,,,,,,,,,,,,,,,-0.4,,,,,,
2017-01-09,116.07,1.0576,3123.54,118.4111,2.38,0.43,1.95,,,,,,11.56,,,,,,-0.4,122.755632,,,,,
2017-01-10,115.74,1.0572,3135.17,118.5386,2.38,0.43,1.95,,,,,,11.49,,,,,,-0.4,122.36032799999998,-0.0032254476021265077,0.0032254476021265077,0.003716425073520213,0.001076177874928419,
2017-01-11,116.26,1.0501,3141.74,119.0219,2.38,0.39,1.99,,,4452509.0,,2626.0,11.26,,,,,,-0.4,122.08462600000001,-0.002255739890674846,0.002255739890674846,0.00209338747864507,0.00406886386228944,
2017-01-12,113.87,1.0666,3152.49,117.8001,2.36,0.38,1.98,,,,,,11.54,,,,,,-0.4,121.453742,-0.005180993996136252,0.005180993996136252,0.003415830197655012,-0.010318389679306428,
2017-01-13,115.03,1.0625,3159.13,117.9884,2.4,0.41,1.99,,,,,,11.23,,,,,,-0.4,122.219375,0.006284119717475001,-0.006284119717475001,0.0021040564703298514,0.0015971944350967604,
2017-01-14,,,,,,,,,,,,,,,,,,,-0.4,,,,,,
2017-01-15,,,,,,,,,,,,,,,,,,,-0.4,,,,,,
2017-01-16,,,,,,,,,,,,,,,,,,,-0.4,,,,,,
2017-01-17,112.96,1.0695,3161.81,117.2656,2.33,0.36,1.97,,,,,,11.87,,,,,,-0.4,120.81071999999998,,,,,
2017-01-18,113.4,1.0682,3147.54,117.7242,2.42,0.42,2.0,,,4460758.0,,615.0,12.48,,,,,,-0.4,121.13388,0.002671356931929658,-0.002671356931929658,-0.004523453075918837,0.0039031530918842705,
2017-01-19,115.3,1.063,3146.72,118.3182,2.47,0.43,2.04,,,,,,12.78,,,,,,-0.4,122.56389999999999,0.011736146417639759,-0.011736146417639759,-0.00026055485621512275,0.00503300469653567,
2017-01-20,,,3155.22,,2.48,0.44,2.04,,,,,,11.54,,,,,,-0.4,,,,0.0026975836502760586,,
2017-01-21,,,,,,,,,,,,,,,,,,,-0.4,,,,,,
2017-01-22,,,,,,,,,,,,,,,,,,,-0.4,,,,,,
2017-01-23,112.9,1.074,3168.67,117.2479,2.41,0.39,2.02,,,,,,11.77,,,,,,-0.4,121.25460000000001,,,,,
2017-01-24,113.63,1.0749,3162.08,117.0516,2.47,0.41,2.06,,,,,,11.07,,,,,,-0.4,122.14088699999999,0.007282722684508691,-0.007282722684508691,-0.0020819025803451296,-0.001675633502675744,
2017-01-25,113.6,1.0743,3145.07,116.9355,2.53,0.45,2.08,,,4452838.0,,465.0,10.81,,,,,,-0.4,122.04048,-0.0008223969493874606,0.0008223969493874606,-0.005393891453611133,-0.0009923624809040632,
2017-01-26,114.7,1.067,3121.89,117.2766,2.51,0.43,2.08,,,,,,10.63,,,,,,-0.4,122.3849,0.0028182034775303677,-0.0028182034775303677,-0.007397559808334009,0.0029127465332514646,
2017-01-27,115.16,1.069,3129.02,117.0735,2.49,0.41,2.08,,,,,,10.58,,,,,,-0.4,123.10604,0.005875101331942467,-0.005875101331942467,0.0022812688367466194,-0.0017333045801857239,
2017-01-28,,,,,,,,,,,,,,,,,,,-0.4,,,,,,
2017-01-29,,,,,,,,,,,,,,,,,,,-0.4,,,,,,
2017-01-30,113.86,1.0681,3139.45,116.7325,2.49,0.42,2.07,,,,,,11.88,,,,,,-0.4,121.613866,,,,,
2017-01-31,112.72,1.0794,3172.64,116.2241,2.45,0.4,2.05,,,,,,11.99,,,,,,-0.4,121.66996799999998,0.0004612061563822323,-0.0004612061563822323,0.010516423526036434,-0.004364768434427013,
2017-02-01,113.29,1.0758,3167.57,116.3914,2.48,0.43,2.05,,,4453881.0,13395.2,392.0,11.81,,0.05,0.258,2.352,1.3058,-0.4,121.87738200000001,0.0017032749495715649,-0.0017032749495715649,-0.001599316451876831,0.00143842546043782,
2017-02-02,112.48,1.0802,3180.46,115.903,2.48,0.43,2.05,,,,,,11.93,,,,,,-0.4,121.50089600000001,-0.0030938365033934545,0.0030938365033934545,0.004061108002259672,-0.004205015012530566,
2017-02-03,112.42,1.0792,3188.28,115.6259,2.49,0.44,2.05,,,,,,10.97,,,,,,-0.4,121.323664,-0.0014597537536706895,0.0014597537536706895,0.002455746012556048,-0.00239365480772058,
2017-02-04,,,,,,,,,,,,,,,,,,,-0.4,,,,,,
2017-02-05,,,,,,,,,,,,,,,,,,,-0.4,,,,,,
2017-02-06,112.32,1.0731,3212.15,116.0504,2.42,0.4,2.02,,,,,,11.37,,,,,,-0.4,120.53059199999998,,,,,
2017-02-07,112.14,1.069,3211.33,116.4082,2.4,0.4,2.0,,,,,,11.29,,,,,,-0.4,119.87765999999999,-0.005431873490011618,0.005431873490011618,-0.0002553133206468772,0.00307840004679516,
2017-02-08,111.74,1.0708,3220.89,116.1382,2.34,0.38,1.96,,,4456236.0,,265.0,11.45,,,,,,-0.4,119.651192,-0.0018909460433711445,0.0018909460433711445,0.0029725373321589643,-0.002322118263927031,
2017-02-09,113.24,1.0658,3208.47,116.306,2.4,0.41,1.99,,,,,,10.88,,,,,,-0.4,120.691192,0.008654374429180933,-0.008654374429180933,-0.0038635308799968016,0.0014437876199844268,
2017-02-10,113.22,1.065,3215.38,116.148,2.41,0.4,2.01,,,,,,10.85,,,,,,-0.4,120.57929999999999,-0.0009275233543419859,0.0009275233543419859,0.0021513586603525425,-0.001359408952583685,
2017-02-11,,,,,,,,,,,,,,,,,,,-0.4,,,,,,
2017-02-12,,,,,,,,,,,,,,,,,,,-0.4,,,,,,
2017-02-13,113.79,1.0603,3176.11,116.3427,2.43,0.43,2.0,,,,,,11.07,,,,,,-0.4,120.651537,,,,,
2017-02-14,114.34,1.0577,3180.45,116.3949,2.47,0.46,2.01,,,,,,10.74,,,,,,-0.4,120.93741800000001,0.002366673869162561,-0.002366673869162561,0.0013655186687078213,0.0004485738520569882,
2017-02-15,114.17,1.0597,3193.89,116.2162,2.51,0.45,2.06,,,4454676.0,,236.0,11.97,,,,,,-0.4,120.985949,0.000401209699194105,-0.000401209699194105,0.0042169134110316975,-0.001536470401931389,
2017-02-16,113.36,1.066,3208.82,116.0067,2.45,0.43,2.02,,,,,,11.76,,,,,,-0.4,120.84176000000001,-0.0011924937608114305,0.0011924937608114305,0.0046636586883543885,-0.0018043014434470095,
2017-02-17,112.86,1.0614,3201.09,116.4035,2.42,0.41,2.01,,,,,,11.49,,,,,,-0.4,119.78960399999998,-0.008745017173426461,0.008745017173426461,-0.0024118915077622205,0.0034146555147156477,
2017-02-18,,,,,,,,,,,,,,,,,,,-0.4,,,,,,
2017-02-19,,,,,,,,,,,,,,,,,,,-0.4,,,,,,
2017-02-20,,,,,,,,,,,,,,,,,,,-0.4,,,,,,
2017-02-21,113.48,1.0551,3204.07,116.5921,2.43,0.4,2.03,,,,,,11.57,,,,,,-0.4,119.732748,,,,,
2017-02-22,113.46,1.0555,3209.09,116.2136,2.42,0.38,2.04,,,4468702.0,,143.0,11.74,,,,,,-0.4,119.75703,0.0002027810980989031,-0.0002027810980989031,0.0015655311968796326,-0.003251641463206667,
2017-02-23,112.68,1.0586,3232.04,115.6527,2.38,0.35,2.03,,,,,,11.71,,,,,,-0.4,119.28304800000001,-0.003965716754737336,0.003965716754737336,0.007126108965165301,-0.0048381424477028645,
2017-02-24,112.26,1.058,3249.0,115.8143,2.31,0.31,2.0,,,,,,11.47,,,,,,-0.4,118.77108000000001,-0.004301280499761084,0.004301280499761084,0.005233739867076537,0.0013963115801027826,
2017-02-25,,,,,,,,,,,,,,,,,,,-0.4,,,,,,
2017-02-26,,,,,,,,,,,,,,,,,,,-0.4,,,,,,
2017-02-27,112.01,1.0624,3235.84,115.6764,2.36,0.35,2.01,,,,,,12.09,,,,,,-0.4,118.999424,,,,,
2017-02-28,112.06,1.0618,3239.91,116.0032,2.36,0.34,2.02,,,,,,12.92,,,,,,-0.4,118.98530800000002,-0.00011862945910845468,0.00011862945910845468,0.001256997424514239,0.0028211393385122463,
2017-03-01,113.66,1.0564,3236.65,116.438,2.46,0.43,2.03,,,4458018.0,13464.6,1132.0,12.54,,0.065,0.3482608696,2.401,1.194,-0.4,120.070424,0.009078414005243118,-0.009078414005243118,-0.001006707349372249,0.003741165569040028,
2017-03-02,114.45,1.0514,3204.07,116.8429,2.49,0.48,2.01,,,,,,11.81,,,,,,-0.4,120.33272999999998,0.0021822184919706444,-0.0021822184919706444,-0.010116967633436502,0.0034713549767451113,
2017-03-03,114.6,1.0552,3203.26,116.6438,2.49,0.45,2.04,,,,,,10.96,,,,,,-0.4,120.92591999999999,0.004917470899820309,-0.004917470899820309,-0.00025283542577447804,-0.0017054508737146534,
2017-03-04,,,,,,,,,,,,,,,,,,,-0.4,,,,,,
2017-03-05,,,,,,,,,,,,,,,,,,,-0.4,,,,,,
2017-03-06,113.92,1.0586,3184.66,116.4313,2.49,0.48,2.01,,,,,,11.24,,,,,,-0.4,120.595712,,,,,
2017-03-07,113.99,1.0582,3159.52,116.4303,2.52,0.49,2.03,,,,,,11.45,,,,,,-0.4,120.624218,0.00023634863116583915,-0.00023634863116583915,-0.007925415606569786,-8.588792656638589e-06,
2017-03-08,114.58,1.0547,3139.79,116.875,2.57,0.56,2.01,,,4459840.0,,491.0,11.86,,,,,,-0.4,120.84752599999999,0.0018495585442819262,-0.0018495585442819262,-0.006264198624091222,0.0038121769077452683,
2017-03-09,114.71,1.0586,3124.49,116.9959,2.6,0.6,2.0,,,,,,12.3,,,,,,-0.4,121.43200599999999,0.004824849454062807,-0.004824849454062807,-0.004884848832976019,0.0010339038398514688,
2017-03-10,115.02,1.0667,3131.31,116.616,2.58,0.57,2.01,,,,,,11.66,,,,,,-0.4,122.691834,0.010321312199982557,-0.010321312199982557,0.0021803774743069937,-0.0032524056769913656,
2017-03-11,,,,,,,,,,,,,,,,,,,-0.4,,,,,,
2017-03-12,,,,,,,,,,,,,,,,,,,-0.4,,,,,,
2017-03-13,114.61,1.067,3114.25,116.4004,2.62,0.61,2.01,,,,,,11.35,,,,,,-0.4,122.28886999999999,,,,,
2017-03-14,114.63,1.0645,3098.93,116.5646,2.6,0.61,1.99,,,,,,12.3,,,,,,-0.4,122.023635,-0.002171277349908962,0.002171277349908962,-0.004931462165155054,0.0014096540440879934,
2017-03-15,114.66,1.063,3151.97,116.3584,2.51,0.5,2.01,,,4469577.0,,917.0,11.63,,,,,,-0.4,121.88358,-0.0011484286382676956,0.0011484286382676956,0.01697076356493099,-0.0017705426588765505,
2017-03-16,113.02,1.0738,3164.04,115.4456,2.53,0.51,2.02,,,,,,11.21,,,,,,-0.4,121.360876,-0.00429777363201822,0.00429777363201822,0.0038220378666871113,-0.007875659765210763,
2017-03-17,112.67,1.0742,3171.64,115.2783,2.5,0.49,2.01,,,,,,11.28,,,,,,-0.4,121.03011400000001,-0.0027291625427325883,0.0027291625427325883,0.002399112216936672,-0.0014502184586957512,
2017-03-18,,,,,,,,,,,,,,,,,,,-0.4,,,,,,
2017-03-19,,,,,,,,,,,,,,,,,,,-0.4,,,,,,
2017-03-20,112.59,1.0754,3184.53,115.0426,2.47,0.47,2.0,,,,,,11.34,,,,,,-0.4,121.079286,,,,,
2017-03-21,111.9,1.081,3205.55,114.8119,2.43,0.45,1.98,,,,,,12.47,,,,,,-0.4,120.9639,-0.000953433233529033,0.000953433233529033,0.0065789710980421745,-0.002007357501957685,
2017-03-22,111.06,1.08,3212.07,114.7937,2.4,0.43,1.97,,,4478236.0,,1019.0,12.81,,,,,,-0.4,119.94480000000001,-0.008460517025360659,0.008460517025360659,0.0020319066081295745,-0.00015853271904564536,
2017-03-23,111.12,1.0787,3209.08,114.7899,2.41,0.46,1.95,,,,,,13.12,,,,,,-0.4,119.865144,-0.0006643261042551529,0.0006643261042551529,-0.0009312974205890612,-3.310340982842774e-05,
2017-03-24,111.03,1.0806,3214.91,114.6372,2.4,0.42,1.98,,,,,,12.96,,,,,,-0.4,119.979018,0.0009495666486678545,-0.0009495666486678545,0.0018150718169156477,-0.001331141984080908,
2017-03-25,,,,,,,,,,,,,,,,,,,-0.4,,,,,,
2017-03-26,,,,,,,,,,,,,,,,,,,-0.4,,,,,,
2017-03-27,110.48,1.0882,3229.29,114.2347,2.38,0.41,1.97,,,,,,12.5,,,,,,-0.4,120.22433600000001,,,,,
2017-03-28,110.56,1.0852,3221.56,114.419,2.42,0.45,1.97,,,,,,11.53,,,,,,-0.4,119.97971199999999,-0.00203680234872472,0.00203680234872472,-0.0023965845430744537,0.0016120451137382474,
2017-03-29,111.05,1.0756,3230.24,114.7167,2.39,0.41,1.98,,,4469618.0,,1007.0,11.42,,,,,,-0.4,119.44537999999999,-0.00446346606899084,0.00446346606899084,0.002690723592463584,0.002598461675818342,
2017-03-30,111.36,1.0726,3212.74,114.5245,2.42,0.46,1.96,,,,,,11.54,,,,,,-0.4,119.444736,-5.3916002116238815e-06,5.3916002116238815e-06,-0.005432282277748612,-0.001676836842900542,
2017-03-31,111.41,1.0698,3218.31,114.7938,2.4,0.43,1.97,,,,,,12.37,,,,,,-0.4,119.186418,-0.002164998966558862,0.002164998966558862,0.001732221454590288,0.002348701554103272,
2017-04-01,,,,,,,,,,,13520.3,,,,0.015,0.2255555556,2.257,1.0789,-0.4,,,,,,
2017-04-02,,,,,,,,,,,,,,,,,,,-0.4,,,,,,
2017-04-03,110.96,1.0655,3233.5,114.8734,2.35,0.39,1.96,,,,,,12.38,,,,,,-0.4,118.22787999999998,,,,,
2017-04-04,110.74,1.0664,3240.15,115.0038,2.36,0.4,1.96,,,,,,11.79,,,,,,-0.4,118.093136,-0.00114034728592749,0.00114034728592749,0.0020544831243825,0.0011345188995415256,
2017-04-05,111.2,1.0661,3237.7,114.9494,2.34,0.37,1.97,,,4474634.0,,5075.0,12.89,,,,,,-0.4,118.55032000000001,0.003863910513591584,-0.003863910513591584,-0.0007564238495234576,-0.00047313976074114805,
2017-04-06,111.02,1.0651,3231.74,115.0181,2.34,0.39,1.95,,,,,,12.39,,,,,,-0.4,118.247402,-0.0025584550617763213,0.0025584550617763213,-0.0018425093009923899,0.0005974757480400328,
2017-04-07,110.76,1.0616,3236.62,115.0547,2.38,0.44,1.94,,,,,,12.87,,,,,,-0.4,117.58281600000002,-0.005636154390376014,0.005636154390376014,0.0015088835271601653,0.00031816016764008026,
2017-04-08,,,,,,,,,,,,,,,,,,,-0.4,,,,,,
2017-04-09,,,,,,,,,,,,,,,,,,,-0.4,,,,,,
2017-04-10,110.95,1.0606,3240.01,115.11,2.37,0.44,1.93,,,,,,14.05,,,,,,-0.4,117.67357,,,,,
2017-04-11,109.74,1.0614,3265.56,115.009,2.32,0.41,1.91,,,,,,15.07,,,,,,-0.4,116.47803599999999,-0.010211712057008882,0.010211712057008882,0.007854847881596072,-0.0008778067563772751,
2017-04-12,109.54,1.0611,3275.01,114.9162,2.28,0.38,1.9,,,4484492.0,,45.0,15.77,,,,,,-0.4,116.232894,-0.0021068377895039347,0.0021068377895039347,0.002889658416842522,-0.0008072190872425722,
2017-04-13,109.23,1.063,3281.49,114.5059,2.24,0.32,1.92,,,,,,15.96,,,,,,-0.4,116.11149,-0.0010450350377197992,0.0010450350377197992,0.0019766650224628535,-0.003576817032318047,
2017-04-14,108.63,1.0625,,114.5368,,,,,,,,,,,,,,,-0.4,115.419375,-0.005978615953168287,0.005978615953168287,,0.0002698186861005425,
2017-04-15,,,,,,,,,,,,,,,,,,,-0.4,,,,,,
2017-04-16,,,,,,,,,,,,,,,,,,,-0.4,,,,,,
2017-04-17,108.46,1.066,3281.92,114.3283,2.26,0.38,1.88,,,,,,14.66,,,,,,-0.4,115.61836,,,,,
2017-04-18,108.4,1.0706,3282.25,114.2575,2.18,0.33,1.85,,,,,,14.42,,,,,,-0.4,116.05304000000001,0.0037525608261228527,-0.0037525608261228527,0.00010054584213392559,-0.0006194610711958148,
2017-04-19,109.06,1.0707,3268.34,114.7923,2.21,0.36,1.85,,,4479270.0,,35.0,14.93,,,,,,-0.4,116.770542,0.006163501697312945,-0.006163501697312945,-0.00424695207833814,0.004669735331264135,
2017-04-20,109.34,1.0758,3272.48,114.6205,2.24,0.39,1.85,,,,,,14.15,,,,,,-0.4,117.62797200000001,0.007316034643856106,-0.007316034643856106,0.001265896493974239,-0.0014977371107054438,
2017-04-21,109.08,1.0694,3276.63,114.8128,2.24,0.4,1.84,,,,,,14.63,,,,,,-0.4,116.65015199999999,-0.008347562813977305,0.008347562813977305,0.0012673479466585036,0.0016763045733139137,
2017-04-22,,,,,,,,,,,,,,,,,,,-0.4,,,,,,
2017-04-23,,,,,,,,,,,,,,,,,,,-0.4,,,,,,
2017-04-24,109.74,1.0846,3274.09,114.3659,2.28,0.41,1.87,,,,,,10.84,,,,,,-0.4,119.02400399999999,,,,,
2017-04-25,110.88,1.0941,3248.67,114.5111,2.35,0.44,1.91,,,,,,10.76,,,,,,-0.4,121.31380800000001,0.01905545588654789,-0.01905545588654789,-0.007794286066179268,0.0012688039381796301,
2017-04-26,111.52,1.0872,3262.85,114.9479,2.32,0.42,1.9,,,4470142.0,,80.0,10.85,,,,,,-0.4,121.24454399999999,-0.0005711120751898946,0.0005711120751898946,0.004355364773591219,0.00380722070274242,
2017-04-27,111.13,1.0864,3255.36,114.9946,2.3,0.39,1.91,,,,,,10.36,,,,,,-0.4,120.731632,-0.00423936584716067,0.00423936584716067,-0.0022981779649970946,0.00040618850923301864,
2017-04-28,111.44,1.0895,3264.19,114.7877,2.29,0.37,1.92,,,,,,10.82,,,,,,-0.4,121.41387999999999,0.0056350398542379665,-0.0056350398542379665,0.002708777568745546,-0.0018008354509024826,
2017-04-29,,,,,,,,,,,,,,,,,,,-0.4,,,,,,
2017-04-30,,,,,,,,,,,,,,,,,,,-0.4,,,,,,
2017-05-01,111.78,1.0912,3237.7,114.5921,2.33,0.41,1.92,,,,13567.4,,10.11,,0.04,0.3363636364,2.194,1.1175,-0.4,121.974336,,,,,
2017-05-02,112.06,1.091,3237.7,114.6792,2.29,0.41,1.88,,,,,,10.59,,,,,,-0.4,122.25746,0.0023184870394592494,-0.0023184870394592494,0.0,0.0007597985808969199,
2017-05-03,112.34,1.092,3196.23,114.6637,2.33,0.46,1.87,,,4471246.0,,35.0,10.68,,,,,,-0.4,122.67528000000001,0.0034117154389283755,-0.0034117154389283755,-0.012891210908499318,-0.00013516878022912238,
2017-05-04,112.7,1.0967,3164.93,114.9076,2.36,0.5,1.86,,,,,,10.46,,,,,,-0.4,123.59809,0.007494227402756515,-0.007494227402756515,-0.009841051822947477,0.0021248308631394153,
2017-05-05,112.63,1.0996,3171.08,114.7725,2.36,0.5,1.86,,,,,,10.57,,,,,,-0.4,123.84794799999999,0.0020194955388017632,-0.0020194955388017632,0.0019412854245501876,-0.0011764189895524524,
2017-05-06,,,,,,,,,,,,,,,,,,,-0.4,,,,,,
2017-05-07,,,,,,,,,,,,,,,,,,,-0.4,,,,,,
2017-05-08,112.84,1.0928,3164.4,115.0895,2.39,0.53,1.86,,,,,,9.77,,,,,,-0.4,123.311552,,,,,
2017-05-09,114.19,1.0875,3145.51,115.3933,2.42,0.56,1.86,,,,,,9.96,,,,,,-0.4,124.18162499999998,0.0070311157260745105,-0.0070311157260745105,-0.005987424997400126,0.0026362069181766756,
2017-05-10,114.02,1.0873,3145.19,115.1145,2.41,0.56,1.85,,,4473459.0,,35.0,10.21,,,,,,-0.4,123.97394599999998,-0.001673781069255753,0.001673781069255753,-0.00010173748558273132,-0.0024190082587409734,
2017-05-11,113.77,1.0869,3156.45,115.0669,2.39,0.51,1.88,,,,,,10.6,,,,,,-0.4,123.656613,-0.0025629564863738352,0.0025629564863738352,0.003573676688482408,-0.00041358685522396854,
2017-05-12,113.3,1.0926,3164.45,114.7479,2.33,0.49,1.84,,,,,,10.4,,,,,,-0.4,123.79158,0.0010908708748118556,-0.0010908708748118556,0.002531286453388404,-0.0027761502294723073,
2017-05-13,,,,,,,,,,,,,,,,,,,-0.4,,,,,,
2017-05-14,,,,,,,,,,,,,,,,,,,-0.4,,,,,,
2017-05-15,113.54,1.0979,3130.5,114.3504,2.34,0.52,1.82,,,,,,10.42,,,,,,-0.4,124.65556600000002,,,,,
2017-05-16,113.24,1.1072,3142.66,113.9923,2.33,0.51,1.82,,,,,,10.65,,,,,,-0.4,125.37932799999999,0.005789304123836381,-0.005789304123836381,0.0038768388596093217,-0.0031365162413719005,
2017-05-17,111.46,1.1134,3179.03,113.7506,2.22,0.44,1.78,,,4467108.0,,36.0,15.59,,,,,,-0.4,124.09956399999999,-0.010259587216306265,0.010259587216306265,0.011506543751153231,-0.0021225697112337016,
2017-05-18,110.82,1.113,3162.32,114.2683,2.23,0.43,1.8,,,,,,14.66,,,,,,-0.4,123.34266,-0.006117843176048687,0.006117843176048687,-0.005270183376232751,0.004540859459940982,
2017-05-19,111.47,1.119,3177.16,113.7001,2.23,0.41,1.82,,,,,,12.04,,,,,,-0.4,124.73492999999999,0.0112245899987089,-0.0112245899987089,0.004681780558206228,-0.004984911738784348,
2017-05-20,,,,,,,,,,,,,,,,,,,-0.4,,,,,,
2017-05-21,,,,,,,,,,,,,,,,,,,-0.4,,,,,,
2017-05-22,111.15,1.1236,3187.59,113.5442,2.25,0.43,1.82,,,,,,10.93,,,,,,-0.4,124.88813999999999,,,,,
2017-05-23,111.64,1.1198,3176.23,113.6862,2.29,0.46,1.83,,,,,,10.72,,,,,,-0.4,125.01447199999998,0.0010110499426199127,-0.0010110499426199127,-0.0035701864812107686,0.00124983293155001,
2017-05-24,112.02,1.1175,3185.99,113.675,2.26,0.45,1.81,,,4470852.0,,41.0,10.02,,,,,,-0.4,125.18234999999999,0.0013419676864954155,-0.0013419676864954155,0.0030681138521355678,-9.85216475735129e-05,
2017-05-25,111.7,1.1218,3185.85,113.3719,2.25,0.45,1.8,,,,,,9.99,,,,,,-0.4,125.30506,0.000979769879982051,-0.000979769879982051,-4.3943350750197396e-05,-0.0026699345382406037,
2017-05-26,111.3,1.117,3203.37,113.4839,2.25,0.44,1.81,,,,,,9.81,,,,,,-0.4,124.32209999999999,-0.00787546579869236,0.00787546579869236,0.005484251258343065,0.0009874114666654776,
2017-05-27,,,,,,,,,,,,,,,,,,,-0.4,,,,,,
2017-05-28,,,,,,,,,,,,,,,,,,,-0.4,,,,,,
2017-05-29,,,,,,,,,,,,,,,,,,,-0.4,,,,,,
2017-05-30,110.68,1.1183,3200.03,113.5552,2.21,0.4,1.81,,,,,,10.38,,,,,,-0.4,123.77344400000001,,,,,
2017-05-31,110.71,1.1236,3208.05,113.2956,2.21,0.4,1.81,,,4459914.0,,35.0,10.41,,,,,,-0.4,124.39375599999998,0.004999156148596029,-0.004999156148596029,0.002503091155983128,-0.0022887299786606974,
2017-06-01,111.24,1.1214,3211.39,113.3017,2.21,0.4,1.81,,,,13577.0,,9.89,,0.075,0.2504761905,2.053,1.0846,-0.4,124.74453599999998,0.0028159479538718557,-0.0028159479538718557,0.0010405893041731673,5.3840006049910016e-05,
2017-06-02,110.49,1.127,3222.49,113.1908,2.15,0.36,1.79,,,,,,9.75,,,,,,-0.4,124.52223,-0.0017836798904760087,0.0017836798904760087,0.003450487423737769,-0.0009792819529357288,
2017-06-03,,,,,,,,,,,,,,,,,,,-0.4,,,,,,
2017-06-04,,,,,,,,,,,,,,,,,,,-0.4,,,,,,
2017-06-05,110.49,1.125,3224.76,112.9755,2.18,0.39,1.79,,,,,,10.07,,,,,,-0.4,124.30125,,,,,
2017-06-06,109.34,1.1266,3233.7,112.7095,2.14,0.37,1.77,,,,,,10.45,,,,,,-0.4,123.182444,-0.00904151383613705,0.00904151383613705,0.002768463599673865,-0.002357268964919612,
2017-06-07,109.54,1.1236,3228.49,112.8191,2.18,0.4,1.78,,,4462443.0,,40.0,10.39,,,,,,-0.4,123.079144,-0.0008389453418029547,0.0008389453418029547,-0.0016124568076278933,0.0009719388904816384,
2017-06-08,110.1,1.1217,3220.06,112.8351,2.19,0.41,1.78,,,,,,10.16,,,,,,-0.4,123.49916999999998,0.00340683979414802,-0.00340683979414802,-0.0026145427428403423,0.00014180990229206714,
2017-06-09,110.61,1.119,3199.63,112.9562,2.21,0.43,1.78,,,,,,10.7,,,,,,-0.4,123.77259,0.0022114948462759187,-0.0022114948462759187,-0.006364814802491736,0.0010726720791431887,
2017-06-10,,,,,,,,,,,,,,,,,,,-0.4,,,,,,
2017-06-11,,,,,,,,,,,,,,,,,,,-0.4,,,,,,
2017-06-12,109.72,1.1204,3188.53,112.9837,2.21,0.46,1.75,,,,,,11.46,,,,,,-0.4,122.930288,,,,,
2017-06-13,110.12,1.1194,3192.23,112.6271,2.21,0.46,1.75,,,,,,10.42,,,,,,-0.4,123.268328,0.002746077276309933,-0.002746077276309933,0.0011597365877129562,-0.003161198816403754,
2017-06-14,109.16,1.1277,3178.35,112.0734,2.15,0.44,1.71,,,4476269.0,,36.0,10.64,,,,,,-0.4,123.09973199999999,-0.001368651653286257,0.001368651653286257,-0.004357537920547827,-0.0049283479183763745,
2017-06-15,110.66,1.1152,3166.85,112.8708,2.16,0.49,1.67,,,,,,10.9,,,,,,-0.4,123.40803199999999,0.002501342397843054,-0.002501342397843054,-0.0036247912096207813,0.007089787957303528,
2017-06-16,110.84,1.1194,3168.44,112.6155,2.16,0.49,1.67,,,,,,10.38,,,,,,-0.4,124.074296,0.005384348975813857,-0.005384348975813857,0.0005019501975080942,-0.002264440093181719,
2017-06-17,,,,,,,,,,,,,,,,,,,-0.4,,,,,,
2017-06-18,,,,,,,,,,,,,,,,,,,-0.4,,,,,,
2017-06-19,111.34,1.116,3145.71,112.7576,2.19,0.52,1.67,,,,,,10.37,,,,,,-0.4,124.25544000000002,,,,,
2017-06-20,111.46,1.1124,3138.83,113.2698,2.16,0.5,1.66,,,,,,10.86,,,,,,-0.4,123.98810399999999,-0.002153821195418182,0.002153821195418182,-0.002189500822179724,0.004532201642382994,
2017-06-21,111.58,1.1143,3147.29,113.3327,2.16,0.5,1.66,,,4474257.0,,42.0,10.75,,,,,,-0.4,124.333594,0.002782601969190779,-0.002782601969190779,0.002691646073474274,0.000555157172718701,
2017-06-22,111.36,1.1148,3157.87,113.1654,2.15,0.46,1.69,,,,,,10.48,,,,,,-0.4,124.144128,-0.0015250142764875463,0.0015250142764875463,0.0033559845998798465,-0.0014772753539702421,
2017-06-23,111.26,1.1196,3171.35,112.8665,2.15,0.45,1.7,,,,,,10.02,,,,,,-0.4,124.566696,0.0033980700945424047,-0.0033980700945424047,0.00425961504959993,-0.002644760976019178,
2017-06-24,,,,,,,,,,,,,,,,,,,-0.4,,,,,,
2017-06-25,,,,,,,,,,,,,,,,,,,-0.4,,,,,,
2017-06-26,111.48,1.1196,3144.65,112.7633,2.14,0.43,1.71,,,,,,9.9,,,,,,-0.4,124.813008,,,,,
2017-06-27,112.42,1.13,3155.22,112.55,2.21,0.5,1.71,,,,,,11.06,,,,,,-0.4,127.03459999999998,0.01764280902526849,-0.01764280902526849,0.0033556279473678785,-0.001893364161994704,
2017-06-28,112.18,1.1364,3157.87,112.0747,2.22,0.49,1.73,,,4463347.0,,35.0,10.03,,,,,,-0.4,127.48135200000002,0.0035106047799091655,-0.0035106047799091655,0.0008395255431636883,-0.00423195409376298,
2017-06-29,112.32,1.142,3143.33,111.998,2.27,0.55,1.72,,,,,,11.44,,,,,,-0.4,128.26943999999997,0.006162956433232836,-0.006162956433232836,-0.0046150021603388325,-0.0006845992661812517,
2017-06-30,112.4,1.1411,3135.66,111.9896,2.31,0.58,1.73,,,,,,11.18,,,,,,-0.4,128.25964000000002,-7.64045932317714e-05,7.64045932317714e-05,-0.002443069288188937,-7.500415205097255e-05,
2017-07-01,,,,,,,,,,,13638.5,,,,0.075,0.4557142857,2.231,1.2713,-0.4,,,,,,
2017-07-02,,,,,,,,,,,,,,,,,,,-0.4,,,,,,
2017-07-03,113.32,1.1367,3085.17,112.4268,2.35,0.6,1.75,,,,,,11.22,,,,,,-0.4,128.810844,,,,,
2017-07-04,,,,,,,,,,,,,,,,,,,-0.4,,,,,,
2017-07-05,113.2,1.1336,3096.8,112.6534,2.33,0.58,1.75,,,4467272.0,,3070.0,11.07,,,,,,-0.4,128.32352,,,,,
2017-07-06,113.28,1.1409,3095.48,112.4199,2.37,0.61,1.76,,,,,,12.54,,,,,,-0.4,129.241152,0.007125479402180446,-0.007125479402180446,-0.0004263373167869844,-0.002074880350273922,
2017-07-07,114.1,1.1396,3064.29,112.3137,2.39,0.66,1.73,,,,,,11.19,,,,,,-0.4,130.02836,0.006072525944049723,-0.006072525944049723,-0.010127088045381427,-0.0009451190912725949,
2017-07-08,,,,,,,,,,,,,,,,,,,-0.4,,,,,,
2017-07-09,,,,,,,,,,,,,,,,,,,-0.4,,,,,,
2017-07-10,114.08,1.1396,3069.57,112.1587,2.38,0.66,1.72,,,,,,11.11,,,,,,-0.4,130.00556799999998,,,,,
2017-07-11,114.2,1.143,3073.12,112.1434,2.37,0.62,1.75,,,,,,10.89,,,,,,-0.4,130.5306,0.004030401726981658,-0.004030401726981658,0.0011558455319171657,-0.00013642315452067066,
2017-07-12,113.19,1.1411,3083.48,111.5904,2.33,0.57,1.76,,,4466702.0,,55.0,10.3,,,,,,-0.4,129.161109,-0.010547149931757538,0.010547149931757538,0.0033654971180858695,-0.0049433847379374285,
2017-07-13,113.39,1.1385,3078.62,111.5365,2.35,0.58,1.77,,,,,,9.9,,,,,,-0.4,129.094515,-0.0005157215974200824,0.0005157215974200824,-0.0015773846603259756,-0.0004831331502241909,
2017-07-14,112.66,1.1452,3100.19,110.9075,2.33,0.57,1.76,,,,,,9.51,,,,,,-0.4,129.01823199999998,-0.0005910827970154742,0.0005910827970154742,0.006981955303341891,-0.005655371027791567,
2017-07-15,,,,,,,,,,,,,,,,,,,-0.4,,,,,,
2017-07-16,,,,,,,,,,,,,,,,,,,-0.4,,,,,,
2017-07-17,112.76,1.147,3094.24,110.9304,2.31,0.54,1.77,,,,,,9.82,,,,,,-0.4,129.33572,,,,,
2017-07-18,111.89,1.1578,3109.3,110.4356,2.27,0.51,1.76,,,,,,9.89,,,,,,-0.4,129.546242,0.0016263940892509154,-0.0016263940892509154,0.004855301839047144,-0.004470431990803547,
2017-07-19,111.77,1.1518,3109.56,110.4339,2.27,0.51,1.76,,,4476903.0,,41.0,9.79,,,,,,-0.4,128.736686,-0.006268773994441368,0.006268773994441368,8.361661145350752e-05,-1.5393705333544005e-05,
2017-07-20,111.68,1.1634,3113.26,110.2512,2.27,0.5,1.77,,,,,,9.58,,,,,,-0.4,129.928512,0.009215267020631579,-0.009215267020631579,0.001189171609020434,-0.001655753304047991,
2017-07-21,111.18,1.1655,3126.74,110.191,2.24,0.48,1.76,,,,,,9.36,,,,,,-0.4,129.58029000000002,-0.002683702489588491,0.002683702489588491,0.004320519541389345,-0.0005461749292692275,
2017-07-22,,,,,,,,,,,,,,,,,,,-0.4,,,,,,
2017-07-23,,,,,,,,,,,,,,,,,,,-0.4,,,,,,
2017-07-24,111.1,1.1642,3127.27,110.2004,2.26,0.48,1.78,,,,,,9.43,,,,,,-0.4,129.34261999999998,,,,,
2017-07-25,111.57,1.1656,3122.51,110.2835,2.33,0.52,1.81,,,,,,9.43,,,,,,-0.4,130.04599199999998,0.0054233200028637185,-0.0054233200028637185,-0.0015232539130618505,0.0007537965714030648,
2017-07-26,112.1,1.1632,3135.72,110.3811,2.29,0.49,1.8,,,4465284.0,,85.0,9.6,,,,,,-0.4,130.39472,0.0026779853712861623,-0.0026779853712861623,0.004221647213151769,0.000884600487477627,
2017-07-27,111.62,1.1656,3136.91,110.216,2.32,0.49,1.83,,,,,,10.11,,,,,,-0.4,130.104272,-0.002229936616086725,0.002229936616086725,0.0003794261782630315,-0.001496846792874429,
2017-07-28,110.87,1.1754,3145.1,109.92,2.3,0.47,1.83,,,,,,10.29,,,,,,-0.4,130.316598,0.0016306377215276058,-0.0016306377215276058,0.0026074471833599233,-0.0026892482682594476,
2017-07-29,,,,,,,,,,,,,,,,,,,-0.4,,,,,,
2017-07-30,,,,,,,,,,,,,,,,,,,-0.4,,,,,,
2017-07-31,110.38,1.1826,3146.95,109.8177,2.3,0.48,1.82,,,,,,10.26,,,,,,-0.4,130.535388,,,,,
2017-08-01,110.33,1.1799,3147.35,109.8495,2.26,0.47,1.79,,,,13695.0,,10.09,,0.01,0.3460869565,2.11,1.1241,-0.4,130.17836699999998,-0.002738798519996699,0.002738798519996699,0.000127099121598917,0.00028952888935762644,
2017-08-02,110.43,1.1861,3146.43,109.7503,2.27,0.48,1.79,,,4466846.0,,35.0,10.28,,,,,,-0.4,130.981023,0.006146886216181535,-0.006146886216181535,-0.000292352133870466,-0.0009034617221654884,
2017-08-03,110.12,1.188,3148.54,109.8332,2.24,0.46,1.78,,,,,,10.44,,,,,,-0.4,130.82256,-0.0012105488972729006,0.0012105488972729006,0.000670376532063699,0.0007550658764303719,
2017-08-04,110.76,1.1754,3143.25,110.2808,2.27,0.47,1.8,,,,,,10.03,,,,,,-0.4,130.187304,-0.004867687715685243,0.004867687715685243,-0.0016815568372479106,0.004066989077993632,
2017-08-05,,,,,,,,,,,,,,,,,,,-0.4,,,,,,
2017-08-06,,,,,,,,,,,,,,,,,,,-0.4,,,,,,
2017-08-07,110.76,1.1788,3143.92,110.373,2.26,0.46,1.8,,,,,,9.93,,,,,,-0.4,130.56388800000002,,,,,
2017-08-08,110.74,1.1724,3146.29,110.396,2.29,0.46,1.83,,,,,,10.96,,,,,,-0.4,129.831576,-0.0056246289347425815,0.0056246289347425815,0.0007535519838448579,0.00020836258789280748,
2017-08-09,110.04,1.1748,3158.15,110.3671,2.24,0.42,1.82,,,4469083.0,,36.0,11.11,,,,,,-0.4,129.27499200000003,-0.004296184850719698,0.004296184850719698,0.003762432187707887,-0.0002618191189114327,
2017-08-10,109.37,1.1751,3163.44,110.1886,2.2,0.4,1.8,,,,,,16.04,,,,,,-0.4,128.520687,-0.005851976693809213,0.005851976693809213,0.001673629968028223,-0.001618639091825358,
2017-08-11,109.06,1.1811,3169.72,110.0422,2.19,0.4,1.79,,,,,,15.51,,,,,,-0.4,128.810766,0.0022545174286872083,-0.0022545174286872083,0.0019832128221413114,-0.001329514505371776,
2017-08-12,,,,,,,,,,,,,,,,,,,-0.4,,,,,,
2017-08-13,,,,,,,,,,,,,,,,,,,-0.4,,,,,,
2017-08-14,109.48,1.1786,3147.05,110.095,2.22,0.45,1.77,,,,,,12.33,,,,,,-0.4,129.033128,,,,,
2017-08-15,110.42,1.1736,3129.24,110.4846,2.27,0.49,1.78,,,,,,12.04,,,,,,-0.4,129.588912,0.0042980471083788885,-0.0042980471083788885,-0.005675342536516581,0.003532515292806515,
2017-08-16,110.8,1.1703,3146.27,110.4394,2.23,0.45,1.78,,,4462871.0,,36.0,11.74,,,,,,-0.4,129.66923999999997,0.0006196758092329446,-0.0006196758092329446,0.005427460654141569,-0.00040919049655663287,
2017-08-17,109.88,1.1736,3156.08,110.1673,2.19,0.42,1.77,,,,,,15.55,,,,,,-0.4,128.955168,-0.005522091438058929,0.005522091438058929,0.0031131269836972564,-0.0024668347605363294,
2017-08-18,109.32,1.1748,3157.11,110.041,2.19,0.43,1.76,,,,,,14.26,,,,,,-0.4,128.429136,-0.004087527671511992,0.004087527671511992,0.0003263009696006236,-0.0011470958528727593,
2017-08-19,,,,,,,,,,,,,,,,,,,-0.4,,,,,,
2017-08-20,,,,,,,,,,,,,,,,,,,-0.4,,,,,,
2017-08-21,108.89,1.1814,3164.21,109.7349,2.18,0.43,1.75,,,,,,13.19,,,,,,-0.4,128.642646,,,,,
2017-08-22,109.4,1.1762,3157.24,109.8386,2.22,0.45,1.77,,,,,,11.35,,,,,,-0.4,128.67628,0.00026141878263175045,-0.00026141878263175045,-0.002205191158521913,0.0009445584982703537,
2017-08-23,109.14,1.1802,3165.76,109.8095,2.17,0.42,1.75,,,4463837.0,,36.0,12.25,,,,,,-0.4,128.807028,0.0010155843674182208,-0.0010155843674182208,0.0026949249269208053,-0.0002649692865110964,
2017-08-24,109.34,1.1801,3159.43,109.7524,2.19,0.44,1.75,,,,,,12.23,,,,,,-0.4,129.03213399999999,0.0017460967174018904,-0.0017460967174018904,-0.0020015215711186585,-0.0005201266821543982,
2017-08-25,109.24,1.1874,3168.98,109.3415,2.17,0.42,1.75,,,,,,11.28,,,,,,-0.4,129.711576,0.005251865343523399,-0.005251865343523399,0.00301813796810535,-0.003750907549287419,
2017-08-26,,,,,,,,,,,,,,,,,,,-0.4,,,,,,
2017-08-27,,,,,,,,,,,,,,,,,,,-0.4,,,,,,
2017-08-28,109.22,1.1973,3195.31,109.1815,2.16,0.41,1.75,,,,,,11.32,,,,,,-0.4,130.769106,,,,,
2017-08-29,109.02,1.2025,3194.66,109.0946,2.13,0.39,1.74,,,,,,11.7,,,,,,-0.4,131.09654999999998,0.002500856169246113,-0.002500856169246113,-0.00020344383533554833,-0.0007962393005120916,
2017-08-30,110.2,1.1927,3197.89,109.4052,2.15,0.39,1.76,,,4452360.0,,36.0,11.22,,,,,,-0.4,131.43554,0.0025824666873859314,-0.0025824666873859314,0.0010105514309231012,0.002843025112238884,
2017-08-31,110.06,1.1894,3210.27,109.3686,2.12,0.36,1.76,,,,,,10.59,,,,,,-0.4,130.905364,-0.004041891399331199,0.004041891399331199,0.0038638284318501803,-0.0003345921709225763,
2017-09-01,110.09,1.1878,3213.37,109.0504,2.16,0.37,1.79,,,,13743.0,,10.13,,0.06,0.3471428571,2.109,1.2436,-0.4,130.764902,-0.0010735802400345662,0.0010735802400345662,0.0009651849233964782,-0.002913667996943481,
2017-09-02,,,,,,,,,,,,,,,,,,,-0.4,,,,,,
2017-09-03,,,,,,,,,,,,,,,,,,,-0.4,,,,,,
2017-09-04,,,,,,,,,,,,,,,,,,,-0.4,,,,,,
2017-09-05,108.94,1.1911,3217.83,108.8664,2.07,0.3,1.77,,,,,,12.23,,,,,,-0.4,129.758434,,,,,
2017-09-06,108.75,1.1943,3214.1,108.4897,2.1,0.32,1.78,,,4453474.0,,35.0,11.63,,,,,,-0.4,129.880125,0.0009373878007910008,-0.0009373878007910008,-0.0011598386232876123,-0.00346620478705173,
2017-09-07,108.26,1.2028,3224.22,107.9224,2.05,0.26,1.79,,,,,,11.55,,,,,,-0.4,130.21512800000002,0.0025760038400308716,-0.0025760038400308716,0.00314367982157826,-0.005242787251163783,
2017-09-08,107.72,1.2041,3224.36,107.808,2.06,0.25,1.81,,,,,,12.12,,,,,,-0.4,129.705652,-0.003920245641634068,0.003920245641634068,4.342041194149715e-05,-0.001060583123411618,
2017-09-09,,,,,,,,,,,,,,,,,,,-0.4,,,,,,
2017-09-10,,,,,,,,,,,,,,,,,,,-0.4,,,,,,
2017-09-11,109.03,1.1964,3177.37,108.153,2.14,0.31,1.83,,,,,,10.73,,,,,,-0.4,130.443492,,,,,
2017-09-12,110.01,1.1968,3189.66,108.3239,2.17,0.33,1.84,,,,,,10.58,,,,,,-0.4,131.65996800000002,0.00928247749747424,-0.00928247749747424,0.0038605174669381626,0.0015789216817534424,
2017-09-13,110.58,1.1898,3169.72,108.6628,2.2,0.35,1.85,,,4471174.0,,87.0,10.5,,,,,,-0.4,131.568084,-0.0006981323079653379,0.0006981323079653379,-0.00627107213194833,0.003123696296293055,
2017-09-14,110.66,1.1886,3180.88,108.618,2.2,0.35,1.85,,,,,,10.44,,,,,,-0.4,131.530476,-0.00028588526106876344,0.00028588526106876344,0.0035146321569463623,-0.0004123696215669881,
2017-09-15,110.84,1.1959,3168.71,108.3147,2.2,0.35,1.85,,,,,,10.17,,,,,,-0.4,132.553556,0.007748178567015707,-0.007748178567015707,-0.003833323065750349,-0.0027962607539304685,
2017-09-16,,,,,,,,,,,,,,,,,,,-0.4,,,,,,
2017-09-17,,,,,,,,,,,,,,,,,,,-0.4,,,,,,
2017-09-18,111.48,1.1938,3142.87,108.6401,2.23,0.36,1.87,,,,,,10.15,,,,,,-0.4,133.084824,,,,,
2017-09-19,111.49,1.198,3149.9,108.6142,2.24,0.37,1.87,,,,,,10.18,,,,,,-0.4,133.56501999999998,0.0036017011065778703,-0.0036017011065778703,0.0022343110981530856,-0.00023843026465009132,
2017-09-20,111.5,1.1998,3127.07,108.4329,2.28,0.43,1.85,,,4458576.0,,37.0,9.78,,,,,,-0.4,133.7777,0.0015910666642922067,-0.0015910666642922067,-0.007274242403561004,-0.0016706055244801732,
2017-09-21,112.3,1.1946,3104.99,108.9267,2.27,0.44,1.83,,,,,,9.67,,,,,,-0.4,134.15358,0.0028057959234368823,-0.0028057959234368823,-0.007085969129978054,0.004543630458686998,
2017-09-22,112.01,1.1969,3117.78,108.7542,2.26,0.42,1.84,,,,,,9.59,,,,,,-0.4,134.064769,-0.0006622291396300994,0.0006622291396300994,0.00411071532787588,-0.0015848890381118252,
2017-09-23,,,,,,,,,,,,,,,,,,,-0.4,,,,,,
2017-09-24,,,,,,,,,,,,,,,,,,,-0.4,,,,,,
2017-09-25,111.64,1.1852,3146.51,109.3302,2.22,0.38,1.84,,,,,,10.21,,,,,,-0.4,132.315728,,,,,
2017-09-26,112.16,1.1772,3115.02,109.7769,2.24,0.4,1.84,,,,,,10.17,,,,,,-0.4,132.034752,-0.002125784721934032,0.002125784721934032,-0.010058329349684314,0.004077463659478475,
2017-09-27,112.76,1.1747,3088.18,110.0722,2.31,0.44,1.87,,,4455661.0,,37.0,9.87,,,,,,-0.4,132.45917200000002,0.003209301430154632,-0.003209301430154632,-0.008653652145385493,0.002686389688115298,
2017-09-28,112.66,1.1776,3094.95,110.2415,2.31,0.44,1.87,,,,,,9.55,,,,,,-0.4,132.668416,0.00157844036542798,-0.00157844036542798,0.0021898302980449813,0.0015368997327422917,
2017-09-29,112.64,1.1813,3079.52,110.0867,2.33,0.49,1.84,,,,,,9.51,,,,,,-0.4,133.061632,0.0029595169230267615,-0.0029595169230267615,-0.004998010232533545,-0.0014051766906941765,
2017-09-30,,,,,,,,,,,,,,,,,,,-0.4,,,,,,
2017-10-01,,,,,,,,,,,13801.5,,,,0.065,0.3725,2.074,1.3816,-0.4,,,,,,
2017-10-02,112.6,1.1745,3059.58,110.3686,2.34,0.51,1.83,,,,,,9.45,,,,,,-0.4,132.2487,,,,,
2017-10-03,112.8,1.1759,3061.08,110.3281,2.33,0.49,1.84,,,,,,9.51,,,,,,-0.4,132.64151999999999,0.0029659100887711176,-0.0029659100887711176,0.0004901432296620101,-0.00036701953816820065,
2017-10-04,112.84,1.176,3069.87,110.2425,2.33,0.48,1.85,,,4460422.0,,3620.0,9.63,,,,,,-0.4,132.69984,0.00043958469903859765,-0.00043958469903859765,0.0028674205539722664,-0.0007761687577350074,
2017-10-05,112.74,1.1706,3053.81,110.5823,2.35,0.49,1.86,,,,,,9.19,,,,,,-0.4,131.973444,-0.005489015081818316,0.005489015081818316,-0.005245224055048681,0.003077555312600566,
2017-10-06,112.68,1.1732,3067.86,110.7841,2.37,0.5,1.87,,,,,,9.65,,,,,,-0.4,132.196176,0.0016862806009187992,-0.0016862806009187992,0.0045902587594568445,0.0018232220960445744,
2017-10-07,,,,,,,,,,,,,,,,,,,-0.4,,,,,,
2017-10-08,,,,,,,,,,,,,,,,,,,-0.4,,,,,,
2017-10-09,,,3092.7,,,,,,,,,,10.33,,,,,,-0.4,,,,,,
2017-10-10,112.15,1.1804,3100.28,110.3034,2.35,0.47,1.88,,,,,,10.08,,,,,,-0.4,132.38186,,,0.0024479342045946595,,
2017-10-11,112.35,1.1847,3109.62,110.3037,2.35,0.46,1.89,,,4459415.0,,36.0,9.85,,,,,,-0.4,133.101045,0.005417951557049605,-0.005417951557049605,0.0030081022376808875,2.7197674059564747e-06,
2017-10-12,112.38,1.184,3112.18,110.3152,2.33,0.44,1.89,,,,,,9.91,,,,,,-0.4,133.05792,-0.00032405446404837335,0.00032405446404837335,0.0008229130298200715,0.00010425217431908607,
2017-10-13,111.94,1.1837,3132.05,110.2669,2.28,0.43,1.85,,,,,,9.61,,,,,,-0.4,132.503378,-0.004176382704941695,0.004176382704941695,0.006364296980823525,-0.0004379321873528852,
2017-10-14,,,,,,,,,,,,,,,,,,,-0.4,,,,,,
2017-10-15,,,,,,,,,,,,,,,,,,,-0.4,,,,,,
2017-10-16,111.72,1.181,3084.06,110.5432,2.3,0.46,1.84,,,,,,9.91,,,,,,-0.4,131.94132,,,,,
2017-10-17,112.32,1.1754,3069.02,110.9141,2.3,0.48,1.82,,,,,,10.31,,,,,,-0.4,132.020928,0.0006031771817127662,-0.0006031771817127662,-0.004888618367674624,0.0033496330605737867,
2017-10-18,112.94,1.1775,3058.74,110.7214,2.34,0.5,1.84,,,4469723.0,,35.0,10.07,,,,,,-0.4,132.98685,0.007289795679212396,-0.007289795679212396,-0.0033552259370335236,-0.0017388915454095155,
2017-10-19,112.54,1.1842,3074.28,110.4577,2.33,0.49,1.84,,,,,,10.05,,,,,,-0.4,133.269868,0.002125903967544751,-0.002125903967544751,0.005067661040440541,-0.002384494058848219,
2017-10-20,113.5,1.177,3058.99,111.0375,2.39,0.52,1.87,,,,,,9.97,,,,,,-0.4,133.58950000000002,0.002395510078925689,-0.002395510078925689,-0.00498593137923109,0.005235339856578314,
2017-10-21,,,,,,,,,,,,,,,,,,,-0.4,,,,,,
2017-10-22,,,,,,,,,,,,,,,,,,,-0.4,,,,,,
2017-10-23,113.66,1.1762,3063.75,111.2134,2.38,0.52,1.86,,,,,,11.07,,,,,,-0.4,133.68689199999997,,,,,
2017-10-24,113.92,1.1766,3053.72,111.4027,2.42,0.55,1.87,,,,,,11.16,,,,,,-0.4,134.038272,0.002624932199190688,-0.002624932199190688,-0.003279136305529562,0.0017006860296859827,
2017-10-25,113.7,1.1802,3053.47,111.3904,2.44,0.56,1.88,,,4461117.0,,37.0,11.23,,,,,,-0.4,134.18874,0.001121945285537329,-0.001121945285537329,-8.187071308896066e-05,-0.00011041634604058714,
2017-10-26,113.72,1.17,3031.16,111.6418,2.46,0.57,1.89,,,,,,11.3,,,,,,-0.4,133.05239999999998,-0.008504280804958242,0.008504280804958242,-0.0073332643003372056,0.0022543839541828703,
2017-10-27,113.82,1.158,3045.2,112.1495,2.42,0.54,1.88,,,,,,9.8,,,,,,-0.4,131.80355999999998,-0.009430403266682319,0.009430403266682319,0.004621195908692144,0.004537270850065056,
2017-10-28,,,,,,,,,,,,,,,,,,,-0.4,,,,,,
2017-10-29,,,,,,,,,,,,,,,,,,,-0.4,,,,,,
2017-10-30,113.26,1.1626,3050.97,111.901,2.37,0.5,1.87,,,,,,10.5,,,,,,-0.4,131.67607600000002,,,,,
2017-10-31,113.63,1.1648,3040.18,111.8052,2.38,0.5,1.88,,,,,,10.18,,,,,,-0.4,132.356224,0.005152017419430166,-0.005152017419430166,-0.0035428486529269776,-0.000856480561166606,
2017-11-01,114.04,1.1618,3050.46,111.7942,2.37,0.49,1.88,,,4455887.0,13849.1,40.0,10.2,,0.035,0.3081818182,1.789,1.3299,-0.4,132.491672,0.0010228362305637617,-0.0010228362305637617,0.0033756747277369215,-9.839024620728054e-05,
2017-11-02,113.84,1.1672,3053.97,111.5474,2.35,0.48,1.87,,,,,,9.93,,,,,,-0.4,132.87404800000002,0.002881881387270191,-0.002881881387270191,0.001149984646174218,-0.0022100683478205596,
2017-11-03,114.25,1.1616,3040.18,111.9383,2.34,0.48,1.86,,,,,,9.14,,,,,,-0.4,132.7128,-0.0012142771453280687,0.0012142771453280687,-0.0045256593739111395,0.003498213967484176,
2017-11-04,,,,,,,,,,,,,,,,,,,-0.4,,,,,,
2017-11-05,,,,,,,,,,,,,,,,,,,-0.4,,,,,,
2017-11-06,113.9,1.16,3065.51,111.7197,2.32,0.46,1.86,,,,,,9.4,,,,,,-0.4,132.124,,,,,
2017-11-07,113.9,1.1577,3054.54,111.9446,2.32,0.44,1.88,,,,,,9.89,,,,,,-0.4,131.86203,-0.001984726888727195,0.001984726888727195,-0.003584941870963476,0.0020110502730865676,
2017-11-08,113.62,1.1591,3064.12,111.6935,2.32,0.45,1.87,,,4458552.0,,37.0,9.78,,,,,,-0.4,131.696942,-0.001252759641139356,0.001252759641139356,0.00313140714739113,-0.002245593264459167,
2017-11-09,113.4,1.1648,3074.51,111.5626,2.33,0.46,1.87,,,,,,10.5,,,,,,-0.4,132.08832,0.002967400712392987,-0.002967400712392987,0.003385123365191589,-0.0011726444652575552,
2017-11-10,,,3052.02,,2.4,0.52,1.88,,,,,,11.29,,,,,,-0.4,,,,-0.007341872486803069,,
2017-11-11,,,,,,,,,,,,,,,,,,,-0.4,,,,,,
2017-11-12,,,,,,,,,,,,,,,,,,,-0.4,,,,,,
2017-11-13,113.62,1.1656,3039.86,111.7833,2.4,0.52,1.88,,,,,,11.5,,,,,,-0.4,132.435472,,,,,
2017-11-14,113.5,1.1764,3045.37,111.5097,2.38,0.51,1.87,,,,,,11.59,,,,,,-0.4,133.5214,0.008166241591321288,-0.008166241591321288,0.001810942727175302,-0.002450593049698746,
2017-11-15,113.15,1.1794,3042.37,111.4809,2.33,0.48,1.85,,,4448289.0,,35.0,13.13,,,,,,-0.4,133.44911000000002,-0.0005415579553469385,0.0005415579553469385,-0.0009855875063156105,-0.00025830685383265717,
2017-11-16,112.89,1.1772,3043.87,111.2568,2.37,0.53,1.84,,,,,,11.76,,,,,,-0.4,132.89410800000002,-0.004167576013176522,0.004167576013176522,0.0004929151759949235,-0.0020122330042608993,
2017-11-17,111.98,1.1799,3076.82,111.0016,2.35,0.49,1.86,,,,,,11.43,,,,,,-0.4,132.125202,-0.005802657606152728,0.005802657606152728,0.010766863968310503,-0.0022964271510224066,
2017-11-18,,,,,,,,,,,,,,,,,,,-0.4,,,,,,
2017-11-19,,,,,,,,,,,,,,,,,,,-0.4,,,,,,
2017-11-20,112.49,1.1741,3042.74,111.2599,2.37,0.52,1.85,,,,,,10.65,,,,,,-0.4,132.07450899999998,,,,,
2017-11-21,112.46,1.1741,3047.88,110.9828,2.36,0.52,1.84,,,,,,9.73,,,,,,-0.4,132.03928599999998,-0.00026672594067900235,0.00026672594067900235,0.0016878417042072158,-0.00249367150050972,
2017-11-22,111.62,1.1789,3073.81,110.5632,2.32,0.48,1.84,,,4450615.0,,35.0,9.88,,,,,,-0.4,131.588818,-0.0034174538418518807,0.0034174538418518807,0.00847156751724576,-0.00378793119005838,
2017-11-23,,,,,,,,,,,,,,,,,,,-0.4,,,,,,
2017-11-24,111.54,1.1936,3067.8,110.0253,2.34,0.5,1.84,,,,,,9.67,,,,,,-0.4,133.13414400000002,,,,,
2017-11-25,,,,,,,,,,,,,,,,,,,-0.4,,,,,,
2017-11-26,,,,,,,,,,,,,,,,,,,-0.4,,,,,,
2017-11-27,111.0,1.1911,3080.2,110.1136,2.32,0.49,1.83,,,,,,9.87,,,,,,-0.4,132.2121,,,,,
2017-11-28,111.13,1.1878,3080.7,110.3018,2.34,0.5,1.84,,,,,,10.03,,,,,,-0.4,132.000214,-0.001603907419874595,0.001603907419874595,0.00016231394799426369,0.0017076850867550064,
2017-11-29,111.75,1.1858,3062.54,110.3265,2.37,0.53,1.84,,,4438592.0,,35.0,10.7,,,,,,-0.4,132.51315,0.0038783419876304848,-0.0038783419876304848,-0.005912206880184456,0.00022390600030153252,
2017-11-30,112.3,1.1898,3040.74,110.4648,2.42,0.56,1.86,,,,,,11.28,,,,,,-0.4,133.61454,0.008277201731257122,-0.008277201731257122,-0.007143730161372375,0.0012527669168811428,
2017-12-01,111.88,1.191,3052.14,110.1413,2.37,0.51,1.86,,,,13887.3,,11.43,,0.045,0.2968421053,1.795,1.2781,-0.4,133.24908,-0.0027389288091432817,0.0027389288091432817,0.0037420770811102955,-0.002932831248837253,
2017-12-02,,,,,,,,,,,,,,,,,,,-0.4,,,,,,
2017-12-03,,,,,,,,,,,,,,,,,,,-0.4,,,,,,
2017-12-04,112.8,1.1848,3043.24,110.397,2.37,0.5,1.87,,,,,,11.68,,,,,,-0.4,133.64544,,,,,
2017-12-05,112.76,1.182,3021.76,110.4905,2.36,0.5,1.86,,,,,,11.33,,,,,,-0.4,133.28232,-0.0027207378055917886,0.0027207378055917886,-0.007083294248868555,0.0008465848505174733,
2017-12-06,112.32,1.1788,3015.81,110.8711,2.33,0.47,1.86,,,4437148.0,,35.0,11.02,,,,,,-0.4,132.402816,-0.006620673070915295,0.006620673070915295,-0.0019709922787551903,0.0034387208535102687,
2017-12-07,112.7,1.179,2976.84,111.0178,2.37,0.5,1.87,,,,,,10.16,,,,,,-0.4,132.8733,0.0035471304420608973,-0.0035471304420608973,-0.013006115605764812,0.001322283551584924,
2017-12-08,113.55,1.1761,2976.58,111.2273,2.38,0.5,1.88,,,,,,9.58,,,,,,-0.4,133.546155,0.005051105825456759,-0.005051105825456759,-8.734475315552714e-05,0.0018853064661810137,
2017-12-09,,,,,,,,,,,,,,,,,,,-0.4,,,,,,
2017-12-10,,,,,,,,,,,,,,,,,,,-0.4,,,,,,
2017-12-11,113.34,1.1802,2956.15,111.0827,2.39,0.51,1.88,,,,,,9.34,,,,,,-0.4,133.763868,,,,,
2017-12-12,113.62,1.1725,2959.65,111.5214,2.4,0.51,1.89,,,,,,9.92,,,,,,-0.4,133.21945000000002,-0.00407829791512615,0.00407829791512615,0.001183272053947526,0.003941531786325392,
2017-12-13,113.19,1.1762,2984.69,111.2759,2.36,0.48,1.88,,,4452726.0,,42.0,10.18,,,,,,-0.4,133.134078,-0.0006410427792307161,0.0006410427792307161,0.008424870753754199,-0.00220379779611779,
2017-12-14,112.56,1.1778,2979.18,111.0893,2.35,0.48,1.87,,,,,,10.49,,,,,,-0.4,132.573168,-0.0042220213535806295,0.0042220213535806295,-0.0018477939887198147,-0.0016783205627559639,
2017-12-15,112.68,1.1778,2986.57,111.1286,2.35,0.47,1.88,,,,,,9.42,,,,,,-0.4,132.714504,0.0010655302020383672,-0.0010655302020383672,0.0024774768570310357,0.0003537068832866197,
2017-12-16,,,,,,,,,,,,,,,,,,,-0.4,,,,,,
2017-12-17,,,,,,,,,,,,,,,,,,,-0.4,,,,,,
2017-12-18,112.4,1.1804,2999.97,110.9086,2.39,0.5,1.89,,,,,,9.53,,,,,,-0.4,132.67696,,,,,
2017-12-19,112.98,1.1822,3001.97,111.1255,2.46,0.55,1.91,,,,,,10.03,,,,,,-0.4,133.564956,0.006670619759009178,-0.006670619759009178,0.0006664512054506133,0.001953754571888844,
2017-12-20,113.29,1.1881,3010.23,110.8361,2.49,0.57,1.92,,,4447470.0,,57.0,9.72,,,,,,-0.4,134.599849,0.007718374062254618,-0.007718374062254618,0.002747747978110837,-0.002607659739258139,
2017-12-21,113.42,1.1872,3015.24,110.8786,2.48,0.55,1.93,,,,,,9.62,,,,,,-0.4,134.65222400000002,0.0003890406493587406,-0.0003890406493587406,0.0016629411994557586,0.0003833755769964142,
2017-12-22,113.3,1.1839,3029.51,111.0997,2.48,0.54,1.94,,,,,,9.9,,,,,,-0.4,134.13586999999998,-0.0038420945474468837,0.0038420945474468837,0.004721461271063987,0.0019920872726562067,
2017-12-23,,,,,,,,,,,,,,,,,,,-0.4,,,,,,
2017-12-24,,,,,,,,,,,,,,,,,,,-0.4,,,,,,
2017-12-25,,,,,,,,,,,,,,,,,,,-0.4,,,,,,
2017-12-26,113.2,1.1867,3046.79,110.9758,2.47,0.53,1.94,,,,,,10.25,,,,,,-0.4,134.33444,,,,,
2017-12-27,113.28,1.1902,3057.68,110.8553,2.42,0.48,1.94,,,4448680.0,,12008.0,10.47,,,,,,-0.4,134.825856,0.0036514787159847018,-0.0036514787159847018,0.0035678810944332895,-0.0010864122465434889,
2017-12-28,112.85,1.1952,3071.21,110.5154,2.43,0.47,1.96,,,,,,10.18,,,,,,-0.4,134.87832,0.00038904848593634966,-0.00038904848593634966,0.004415162281944163,-0.003070869515355845,
2017-12-29,112.69,1.2022,3085.85,110.0783,2.4,0.44,1.96,,,,,,11.04,,,,,,-0.4,135.47591799999998,0.004420858927222326,-0.004420858927222326,0.004755525393715487,-0.003962947011203255,
2017-12-30,,,,,,,,,,,,,,,,,,,-0.4,,,,,,
2017-12-31,,,,,,,,,,,,,,,,,,,-0.4,,,,,,
2018-01-01,,,,,,,,,,,13902.4,,,,0.08,0.4745454545,1.984,1.3931,-0.4,,,,,,
2018-01-02,112.18,1.205,3108.01,109.6445,2.46,0.46,2.0,,,,,,9.77,,,,,,-0.4,135.17690000000002,,,,,
2018-01-03,112.28,1.203,3106.26,109.6751,2.44,0.46,1.98,,,4443718.0,,12067.0,9.15,,,,,,-0.4,135.07284,-0.000770102536585604,0.000770102536585604,-0.0005632198299263536,0.0002790448295417747,
2018-01-04,112.78,1.2064,3113.77,109.4777,2.46,0.45,2.01,,,,,,9.22,,,,,,-0.4,136.05779199999998,0.007265548164366642,-0.007265548164366642,0.0024147805233525332,-0.0018014832882435883,
2018-01-05,113.18,1.2039,3115.78,109.3496,2.47,0.46,2.01,,,,,,9.22,,,,,,-0.4,136.257402,0.0014660220226314635,-0.0014660220226314635,0.0006453114814881644,-0.0011707864113175148,
2018-01-06,,,,,,,,,,,,,,,,,,,-0.4,,,,,,
2018-01-07,,,,,,,,,,,,,,,,,,,-0.4,,,,,,
2018-01-08,113.08,1.1973,3117.9,109.5681,2.49,0.47,2.02,,,,,,9.52,,,,,,-0.4,135.390684,,,,,
2018-01-09,112.57,1.1922,3111.82,109.9025,2.55,0.52,2.03,,,,,,10.08,,,,,,-0.4,134.205954,-0.00878896439564869,0.00878896439564869,-0.001951934254003973,0.003047335349489977,
2018-01-10,111.48,1.1958,3115.97,109.628,2.55,0.52,2.03,,,4446062.0,,12067.0,9.82,,,,,,-0.4,133.307784,-0.006714970091986849,0.006714970091986849,0.0013327362079529337,-0.0025007927651001793,
2018-01-11,111.35,1.2035,3123.13,109.4888,2.54,0.54,2.0,,,,,,9.88,,,,,,-0.4,134.009725,0.005251751865952059,-0.005251751865952059,0.0022952038413297515,-0.0012705554181700052,
2018-01-12,111.23,1.213,3143.72,108.901,2.55,0.54,2.01,,,,,,10.16,,,,,,-0.4,134.92199000000002,0.006784387621484811,-0.006784387621484811,0.006571108001212522,-0.005383048287050052,
2018-01-13,,,,,,,,,,,,,,,,,,,-0.4,,,,,,
2018-01-14,,,,,,,,,,,,,,,,,,,-0.4,,,,,,
2018-01-15,,,,,,,,,,,,,,,,,,,-0.4,,,,,,
2018-01-16,110.74,1.2244,3142.27,108.3218,2.54,0.51,2.03,,,,,,11.66,,,,,,-0.4,135.59005599999998,,,,,
2018-01-17,110.81,1.2229,3122.58,108.1526,2.57,0.53,2.04,,,4439145.0,,118.0,11.91,,,,,,-0.4,135.50954900000002,-0.0005939293225196707,0.0005939293225196707,-0.006285885482700593,-0.0015632336614039843,
2018-01-18,110.88,1.2238,3117.13,108.0655,2.62,0.57,2.05,,,,,,12.22,,,,,,-0.4,135.694944,0.0013671973264743897,-0.0013671973264743897,-0.0017468765009667209,-0.000805668024197459,
2018-01-19,110.56,1.2238,3130.5,107.9455,2.64,0.58,2.06,,,,,,11.27,,,,,,-0.4,135.303328,-0.002890175422233021,0.002890175422233021,0.004280029518401562,-0.0011110546439248026,
2018-01-20,,,,,,,,,,,,,,,,,,,-0.4,,,,,,
2018-01-21,,,,,,,,,,,,,,,,,,,-0.4,,,,,,
2018-01-22,111.15,1.223,3136.2,108.107,2.66,0.6,2.06,,,,,,11.03,,,,,,-0.4,135.93645,,,,,
2018-01-23,110.46,1.2277,3149.45,107.9979,2.63,0.57,2.06,,,,,,11.1,,,,,,-0.4,135.611742,-0.0023915324375423097,0.0023915324375423097,0.004215958453237079,-0.0010096949145417256,
2018-01-24,109.15,1.239,3172.6,107.0802,2.65,0.58,2.07,,,4441317.0,,72.0,11.47,,,,,,-0.4,135.23685,-0.0027682790347398623,0.0027682790347398623,0.007323606574187735,-0.008533696077901887,
2018-01-25,108.7,1.2488,3161.33,106.5052,2.63,0.56,2.07,,,,,,11.58,,,,,,-0.4,135.74456,0.003747198703289989,-0.003747198703289989,-0.0035586158651472743,-0.005384276164233093,
2018-01-26,108.38,1.2422,3163.93,106.6911,2.66,0.57,2.09,,,,,,11.08,,,,,,-0.4,134.629636,-0.008247313065214534,0.008247313065214534,0.0008221006397945985,0.0017439331462592023,
2018-01-27,,,,,,,,,,,,,,,,,,,-0.4,,,,,,
2018-01-28,,,,,,,,,,,,,,,,,,,-0.4,,,,,,
2018-01-29,109.12,1.2352,3152.05,107.1142,2.7,0.61,2.09,,,,,,13.84,,,,,,-0.4,134.78502400000002,,,,,
2018-01-30,108.9,1.239,3140.78,107.1064,2.73,0.63,2.1,,,,,,14.79,,,,,,-0.4,134.92710000000002,0.0010535382023935114,-0.0010535382023935114,-0.0035818580985758075,-7.282212824932799e-05,
2018-01-31,109.31,1.2428,3159.85,106.7696,2.72,0.61,2.11,,,4419225.0,,673.0,13.54,,,,,,-0.4,135.850468,0.006820148256579728,-0.006820148256579728,0.006053381402328029,-0.0031494910920484287,
2018-02-01,109.5,1.2482,3169.63,106.4877,2.78,0.67,2.11,,,,13949.8,,13.47,,0.045,0.659,2.081,1.6034,-0.4,136.6779,0.00607228193186149,-0.00607228193186149,0.0030903037163341196,-0.002643756290582111,
2018-02-02,110.4,1.2446,3134.96,107.1151,2.84,0.7,2.14,,,,,,17.31,,,,,,-0.4,137.40384,0.005297264221614029,-0.005297264221614029,-0.010998447001234979,0.005874471722902896,
2018-02-03,,,,,,,,,,,,,,,,,,,-0.4,,,,,,
2018-02-04,,,,,,,,,,,,,,,,,,,-0.4,,,,,,
2018-02-05,110.09,1.2418,3139.54,107.33,2.77,0.67,2.1,,,,,,37.32,,,,,,-0.4,136.709762,,,,,
2018-02-06,109.18,1.2381,3110.87,107.5204,2.79,0.69,2.1,,,,,,29.98,,,,,,-0.4,135.175758,-0.011284310232847261,0.011284310232847261,-0.009173862537464217,0.0017723965125817642,
2018-02-07,109.53,1.2281,3097.8,107.7175,2.84,0.74,2.1,,,4420745.0,,39.0,27.73,,,,,,-0.4,134.513793,-0.004909098828263403,0.004909098828263403,-0.00421024770418299,0.0018314623502053706,
2018-02-08,109.0,1.2238,3099.73,108.3025,2.85,0.76,2.09,,,,,,33.46,,,,,,-0.4,133.3942,-0.008358089694410431,0.008358089694410431,0.000622828792240071,0.005416178410146522,
2018-02-09,108.44,1.2226,3095.13,108.2582,2.83,0.78,2.05,,,,,,29.06,,,,,,-0.4,132.578744,-0.006131891032493897,0.006131891032493897,-0.0014851024382949163,-0.00040912317533070564,
2018-02-10,,,,,,,,,,,,,,,,,,,-0.4,,,,,,
2018-02-11,,,,,,,,,,,,,,,,,,,-0.4,,,,,,
2018-02-12,108.72,1.2267,3100.28,108.0332,2.86,0.79,2.07,,,,,,25.61,,,,,,-0.4,133.36682399999998,,,,,
2018-02-13,107.59,1.2363,3116.36,107.7574,2.83,0.78,2.05,,,,,,24.97,,,,,,-0.4,133.013517,-0.0026526522628946836,0.0026526522628946836,0.005173224076477467,-0.00255618317178552,
2018-02-14,107.0,1.2396,3156.43,107.4691,2.91,0.82,2.09,,,4434863.0,,62.0,19.26,,,,,,-0.4,132.6372,-0.0028331732432000933,0.0028331732432000933,0.01277598804898794,-0.002679039731942723,
2018-02-15,106.36,1.2482,3160.14,106.9867,2.9,0.79,2.11,,,,,,19.13,,,,,,-0.4,132.758552,0.000914498499262173,-0.000914498499262173,0.0011746882965333327,-0.0044988367172065225,
2018-02-16,106.1,1.2442,3156.56,107.0359,2.87,0.78,2.09,,,,,,19.46,,,,,,-0.4,132.00961999999998,-0.005657281173904849,0.005657281173904849,-0.0011335033746444623,0.00045976453763962866,
2018-02-17,,,,,,,,,,,,,,,,,,,-0.4,,,,,,
2018-02-18,,,,,,,,,,,,,,,,,,,-0.4,,,,,,
2018-02-19,,,,,,,,,,,,,,,,,,,-0.4,,,,,,
2018-02-20,107.23,1.2348,3123.66,107.6249,2.88,0.78,2.1,,,,,,20.6,,,,,,-0.4,132.407604,,,,,
2018-02-21,107.64,1.2314,3112.03,107.8679,2.94,0.82,2.12,,,4411660.0,,67.0,20.02,,,,,,-0.4,132.547896,0.0010589854757565575,-0.0010589854757565575,-0.0037301448548472393,0.002255296724520406,
2018-02-22,106.96,1.2326,3127.37,107.8668,2.92,0.81,2.11,,,,,,18.72,,,,,,-0.4,131.83889599999998,-0.0053633670139845435,0.0053633670139845435,0.004917149375897267,-1.0197710428982987e-05,
2018-02-23,106.64,1.2298,3125.88,107.6804,2.88,0.76,2.12,,,,,,16.49,,,,,,-0.4,131.145872,-0.00527046193200853,0.00527046193200853,-0.00047655220187792224,-0.0017295520096354267,
2018-02-24,,,,,,,,,,,,,,,,,,,-0.4,,,,,,
2018-02-25,,,,,,,,,,,,,,,,,,,-0.4,,,,,,
2018-02-26,106.96,1.2296,3133.43,107.7347,2.86,0.73,2.13,,,,,,15.8,,,,,,-0.4,131.518016,,,,,
2018-02-27,107.47,1.2239,3103.37,108.1731,2.9,0.77,2.13,,,,,,18.59,,,,,,-0.4,131.532533,0.00011037422328108448,-0.00011037422328108448,-0.009639633392310998,0.0040609982825712265,
2018-02-28,106.62,1.2211,3100.4,108.3903,2.87,0.75,2.12,,,4393401.0,,72.0,19.85,,,,,,-0.4,130.19368200000002,-0.010231017007763299,0.010231017007763299,-0.000957482378263208,0.0020058797823301333,
2018-03-01,106.91,1.2216,3092.86,108.5358,2.81,0.71,2.1,,,,14014.5,,22.47,,0.045,0.5295238095,1.965,1.508,-0.4,130.601256,0.003125630696239945,-0.003125630696239945,-0.0024349062449324776,0.0013414708679082565,
2018-03-02,105.65,1.2314,3109.56,,2.86,0.74,2.12,,,,,,19.59,,,,,,-0.4,130.09741000000002,-0.003865356390655883,0.003865356390655883,0.0053850079020651975,,
2018-03-03,,,,,,,,,,,,,,,,,,,-0.4,,,,,,
2018-03-04,,,,,,,,,,,,,,,,,,,-0.4,,,,,,
2018-03-05,105.97,1.233,3105.1,108.3614,2.88,0.75,2.13,,,,,,18.73,,,,,,-0.4,130.66101,,,,,
2018-03-06,106.03,1.2415,3137.13,107.7969,2.88,0.76,2.12,,,,,,18.36,,,,,,-0.4,131.636245,0.007436139534839015,-0.007436139534839015,0.010262448230962562,-0.005223035925994601,
2018-03-07,105.94,1.2397,3118.76,108.0911,2.89,0.76,2.13,,,4396097.0,,65.0,17.76,,,,,,-0.4,131.333818,-0.002300087925446448,0.002300087925446448,-0.005872882291585668,0.0027254889768482116,
2018-03-08,106.08,1.2314,3113.31,108.2671,2.86,0.75,2.11,,,,,,16.54,,,,,,-0.4,130.626912,-0.005397051045819445,0.005397051045819445,-0.0017490180274997158,0.0016269319935302562,
2018-03-09,106.74,1.2326,3116.63,107.923,2.9,0.78,2.12,,,,,,14.64,,,,,,-0.4,131.567724,0.0071764705192789435,-0.0071764705192789435,0.0010658209595231227,-0.0031833121921618357,
2018-03-10,,,,,,,,,,,,,,,,,,,-0.4,,,,,,
2018-03-11,,,,,,,,,,,,,,,,,,,-0.4,,,,,,
2018-03-12,106.52,1.2318,3106.59,107.9438,2.87,0.77,2.1,,,,,,15.78,,,,,,-0.4,131.211336,,,,,
2018-03-13,106.64,1.2398,3112.65,107.7384,2.84,0.75,2.09,,,,,,16.35,,,,,,-0.4,132.212272,0.007599476939597949,-0.007599476939597949,0.0019487917873828309,-0.001904654738261513,
2018-03-14,106.17,1.2362,3111.78,107.8623,2.81,0.74,2.07,,,4407258.0,,64.0,17.23,,,,,,-0.4,131.247354,-0.007325010887617722,0.007325010887617722,-0.000279543670878013,0.0011493470442287546,
2018-03-15,106.07,1.2321,3096.71,108.2032,2.82,0.74,2.08,,,,,,16.59,,,,,,-0.4,130.68884699999998,-0.004264457102653552,0.004264457102653552,-0.004854652128626569,0.00315552721625334,
2018-03-16,106.1,1.228,3091.51,108.4332,2.85,0.77,2.08,,,,,,15.8,,,,,,-0.4,130.2908,-0.0030504088209761804,0.0030504088209761804,-0.0016806129141926363,0.002123374339835671,
2018-03-17,,,,,,,,,,,,,,,,,,,-0.4,,,,,,
2018-03-18,,,,,,,,,,,,,,,,,,,-0.4,,,,,,
2018-03-19,105.83,1.2329,3095.72,108.3145,2.85,0.77,2.08,,,,,,19.02,,,,,,-0.4,130.477807,,,,,
2018-03-20,106.42,1.2271,3084.59,108.4953,2.89,0.81,2.08,,,,,,18.2,,,,,,-0.4,130.587982,0.0008440401705858136,-0.0008440401705858136,-0.003601764970426302,0.0016678216751264685,
2018-03-21,106.3,1.2268,3129.09,,2.89,0.8,2.09,,,4401222.0,,77.0,17.86,,,,,,-0.4,130.40884,-0.0013727525627267312,0.0013727525627267312,0.01432348006552786,,
2018-03-22,105.34,1.231,3118.83,107.9935,2.83,0.75,2.08,,,,,,23.34,,,,,,-0.4,129.67354,-0.005654377348302653,0.005654377348302653,-0.0032842959649102,,
2018-03-23,104.83,1.236,3141.94,107.7495,2.82,0.75,2.07,,,,,,24.87,,,,,,-0.4,129.56987999999998,-0.0007997117575788693,0.0007997117575788693,0.007382512042665823,-0.0022619515259725276,
2018-03-24,,,,,,,,,,,,,,,,,,,-0.4,,,,,,
2018-03-25,,,,,,,,,,,,,,,,,,,-0.4,,,,,,
2018-03-26,105.0,1.244,3155.66,107.1819,2.85,0.77,2.08,,,,,,21.03,,,,,,-0.4,130.62,,,,,
2018-03-27,105.72,1.241,3146.51,107.3359,2.78,0.71,2.07,,,,,,22.5,,,,,,-0.4,131.19852,0.004419251484047315,-0.004419251484047315,-0.0029037637605089373,0.001435778536376553,
2018-03-28,106.3,1.2351,3115.49,107.5733,2.77,0.72,2.05,,,4392198.0,,79.0,22.87,,,,,,-0.4,131.29113,0.0007056278511754499,-0.0007056278511754499,-0.009907458874909736,0.0022093060377414986,
2018-03-29,106.27,1.2297,3119.32,107.665,2.74,0.69,2.05,,,,,,19.97,,,,,,-0.4,130.680219,-0.004663961228865254,0.004663961228865254,0.0012285861098426665,0.0008520788869654794,
2018-03-30,106.2,1.232,,107.4784,,,,,,,,,,,,,,,-0.4,130.8384,0.0012097113382978364,-0.0012097113382978364,,-0.0017346574125962633,
2018-03-31,,,,,,,,,,,,,,,,,,,-0.4,,,,,,
2018-04-01,,,,,,,,,,,14034.8,,,,0.05,0.48,1.773,1.5108,-0.4,,,,,,
2018-04-02,105.99,1.2288,3145.52,107.7033,2.73,0.68,2.05,,,,,,23.62,,,,,,-0.4,130.240512,,,,,
2018-04-03,106.45,1.2261,3130.32,107.5624,2.79,0.71,2.08,1.83,,,,,21.1,,,,,,-0.4,130.518345,0.0021309581452593207,-0.0021309581452593207,-0.004843982549353143,-0.001309080082164904,
2018-04-04,106.56,1.2292,3133.66,107.6361,2.79,0.71,2.08,1.74,,4386104.0,,5011.0,20.06,,,,,,-0.4,130.983552,0.0035579664705780445,-0.0035579664705780445,0.0010664147447894123,0.0006849490389697621,
2018-04-05,107.48,1.223,3121.67,107.7281,2.83,0.75,2.08,1.75,,,,,18.94,,,,,,-0.4,131.44804000000002,0.003539882386054849,-0.003539882386054849,-0.003833535459758508,0.0008543667480136463,
2018-04-06,107.03,1.2274,3133.04,107.7886,2.77,0.7,2.07,1.75,,,,,21.49,,,,,,-0.4,131.36862200000002,-0.0006043604831820204,0.0006043604831820204,0.0036356641711936533,0.0005614414250887378,
2018-04-07,,,,,,,,,,,,,,,,,,,-0.4,,,,,,
2018-04-08,,,,,,,,,,,,,,,,,,,-0.4,,,,,,
2018-04-09,107.06,1.232,3142.93,107.5316,2.78,0.71,2.07,1.75,,,,,21.77,,,,,,-0.4,131.89792,,,,,
2018-04-10,107.3,1.2338,3148.16,107.3659,2.8,0.72,2.08,1.75,,,,,20.47,,,,,,-0.4,132.38674,0.0036991973534901135,-0.0036991973534901135,0.0016626693322940866,-0.0015421308562322267,
2018-04-11,106.78,1.2384,3163.62,107.1224,2.79,0.68,2.11,1.76,,4383684.0,,79.0,20.24,,,,,,-0.4,132.23635199999998,-0.0011366205046883238,0.0011366205046883238,0.004898786370103991,-0.002270521092375688,
2018-04-12,107.3,1.232,3139.14,107.2905,2.83,0.7,2.13,1.73,,,,,18.49,,,,,,-0.4,132.1936,-0.00032335217738488353,0.00032335217738488353,-0.007768064498486993,0.0015680029927427341,
2018-04-13,107.52,1.2322,3155.09,107.2368,2.82,0.69,2.13,1.72,,,,,17.41,,,,,,-0.4,132.486144,0.0022105516251924584,-0.0022105516251924584,0.005068144678883613,-0.0005006355938990126,
2018-04-14,,,,,,,,,,,,,,,,,,,-0.4,,,,,,
2018-04-15,,,,,,,,,,,,,,,,,,,-0.4,,,,,,
2018-04-16,107.26,1.2373,3141.51,107.0595,2.83,0.71,2.12,1.77,,,,,16.56,,,,,,-0.4,132.71279800000002,,,,,
2018-04-17,107.09,1.2345,3145.21,107.0344,2.82,0.68,2.14,1.76,,,,,15.25,,,,,,-0.4,132.202605,-0.0038517475766912668,0.0038517475766912668,0.0011770845296776855,-0.0002344765555202244,
2018-04-18,107.26,1.238,3147.18,107.1096,2.87,0.71,2.16,1.75,,4385903.0,,82.0,15.6,,,,,,-0.4,132.78788,0.004417335601303307,-0.004417335601303307,0.0006261531991391678,0.0007023311705314228,
2018-04-19,107.42,1.2336,3144.59,107.5197,2.92,0.75,2.17,1.73,,,,,15.96,,,,,,-0.4,132.513312,-0.0020698595129422515,0.0020698595129422515,-0.0008232977830715527,0.0038214773013836023,
2018-04-20,107.6,1.2282,3127.36,108.1787,2.96,0.79,2.17,1.72,,,,,16.88,,,,,,-0.4,132.15431999999998,-0.002712777663395727,0.002712777663395727,-0.005494317825951001,0.006110402770011625,
2018-04-21,,,,,,,,,,,,,,,,,,,-0.4,,,,,,
2018-04-22,,,,,,,,,,,,,,,,,,,-0.4,,,,,,
2018-04-23,108.62,1.2216,3107.04,108.9332,2.98,0.8,2.18,1.7,,,,,16.34,,,,,,-0.4,132.690192,,,,,
2018-04-24,109.03,1.2226,3120.71,108.7906,3.0,0.83,2.17,1.71,,,,,18.02,,,,,,-0.4,133.30007799999998,0.004585784801792947,-0.004585784801792947,0.004390035552001237,-0.0013099166962033948,
2018-04-25,109.33,1.2178,3103.35,109.3447,3.03,0.86,2.17,1.71,,4372886.0,,82.0,17.84,,,,,,-0.4,133.142074,-0.001186028692047536,0.001186028692047536,-0.00557836685944757,0.005080344096269229,
2018-04-26,109.3,1.2113,3094.86,109.3646,3.0,0.82,2.18,1.72,,,,,16.24,,,,,,-0.4,132.39509,-0.00562622541561808,0.00562622541561808,-0.0027395023110532435,0.00018197671571229534,
2018-04-27,109.12,1.2108,3108.03,109.1735,2.96,0.79,2.17,1.72,,,,,15.41,,,,,,-0.4,132.122496,-0.002061065962533526,0.002061065962533526,0.004246414103796781,-0.0017488945745265383,
2018-04-28,,,,,,,,,,,,,,,,,,,-0.4,,,,,,
2018-04-29,,,,,,,,,,,,,,,,,,,-0.4,,,,,,
2018-04-30,109.28,1.2074,3087.1,109.3363,2.95,0.78,2.17,1.77,,,,,15.93,,,,,,-0.4,131.944672,,,,,
2018-05-01,109.69,1.2,3066.17,109.7445,2.97,0.81,2.16,1.76,,,14091.0,,15.49,,0.03,0.45,2.18,1.5016,-0.4,131.628,-0.002402920985471013,0.002402920985471013,-0.00680291315652326,0.0037264833100696393,
2018-05-02,109.89,1.1968,3064.94,110.1625,2.97,0.8,2.17,1.75,,4356129.0,,117.0,15.97,,,,,,-0.4,131.516352,-0.0008485685202890281,0.0008485685202890281,-0.00040123240865064247,0.0038016116214576456,
2018-05-03,109.06,1.197,3080.45,110.1803,2.94,0.78,2.16,1.74,,,,,15.9,,,,,,-0.4,130.54482000000002,-0.007414577623157115,0.007414577623157115,0.005047696869331375,0.00016156643229336964,
2018-05-04,109.16,1.1946,3087.1,110.25,2.95,0.79,2.16,1.72,,,,,14.77,,,,,,-0.4,130.402536,-0.0010905189175449692,0.0010905189175449692,0.0021564486958425277,0.0006323994688832713,
2018-05-05,,,,,,,,,,,,,,,,,,,-0.4,,,,,,
2018-05-06,,,,,,,,,,,,,,,,,,,-0.4,,,,,,
2018-05-07,109.14,1.1927,3088.09,110.5721,2.95,0.78,2.17,1.71,,,,,14.75,,,,,,-0.4,130.171278,,,,,
2018-05-08,109.16,1.1863,3088.14,111.063,2.97,0.81,2.16,1.72,,,,,14.71,,,,,,-0.4,129.49650799999998,-0.005197190835514398,0.005197190835514398,1.6191106873009176e-05,0.004429811006949613,
2018-05-09,109.68,1.1852,3081.79,110.8818,3.0,0.82,2.18,1.72,,4358207.0,,80.0,13.42,,,,,,-0.4,129.992736,0.003824656446274055,-0.003824656446274055,-0.002058370918964769,-0.0016328387982875725,
2018-05-10,109.53,1.1896,3101.09,110.405,2.97,0.8,2.17,1.73,,,,,13.23,,,,,,-0.4,130.296888,0.0023370285281316683,-0.0023370285281316683,0.006243065589545793,-0.0043093464035477425,
2018-05-11,109.26,1.1951,3097.74,110.2847,2.97,0.82,2.15,1.73,,,,,12.65,,,,,,-0.4,130.576626,0.0021446263588060788,-0.0021446263588060788,-0.0010808492332046171,-0.0010902186365333577,
2018-05-12,,,,,,,,,,,,,,,,,,,-0.4,,,,,,
2018-05-13,,,,,,,,,,,,,,,,,,,-0.4,,,,,,
2018-05-14,109.52,1.1976,3065.28,110.408,3.0,0.85,2.15,1.75,,,,,12.93,,,,,,-0.4,131.161152,,,,,
2018-05-15,110.25,1.1864,3020.25,111.2292,3.08,0.9,2.18,1.79,,,,,14.63,,,,,,-0.4,130.8006,-0.002752708934933956,0.002752708934933956,-0.014799309794854665,0.007410342288099336,
2018-05-16,110.22,1.1788,3016.06,111.3068,3.09,0.92,2.17,1.75,,4337609.0,,80.0,13.42,,,,,,-0.4,129.927336,-0.006698685832049023,0.006698685832049023,-0.0013882655705028668,0.0006974152779353204,
2018-05-17,110.76,1.1798,3018.03,111.3547,3.11,0.95,2.16,1.74,,,,,13.43,,,,,,-0.4,130.674648,0.005735290553107397,-0.005735290553107397,0.0006529568070732239,0.00043024951092984765,
2018-05-18,110.71,1.1775,3019.51,111.7171,3.06,0.91,2.15,1.73,,,,,13.42,,,,,,-0.4,130.36102499999998,-0.0024029141097878792,0.0024029141097878792,0.000490265912819865,0.0032491809258425874,
2018-05-19,,,,,,,,,,,,,,,,,,,-0.4,,,,,,
2018-05-20,,,,,,,,,,,,,,,,,,,-0.4,,,,,,
2018-05-21,111.08,1.1768,3021.48,111.6394,3.06,0.9,2.16,1.69,,,,,13.08,,,,,,-0.4,130.718944,,,,,
2018-05-22,110.94,1.1783,3020.25,111.1945,3.06,0.91,2.15,1.65,,,,,13.22,,,,,,-0.4,130.72060199999999,1.2683620556508401e-05,-1.2683620556508401e-05,-0.00040716815117392,-0.003993114074287263,
2018-05-23,110.05,1.1693,3023.2,111.6933,3.01,0.87,2.14,1.67,,4337301.0,,82.0,12.58,,,,,,-0.4,128.681465,-0.01572214922764026,0.01572214922764026,0.0009762636356072107,0.004475802019640263,
2018-05-24,109.3,1.1729,3048.3,111.4885,2.98,0.86,2.12,1.74,,,,,12.53,,,,,,-0.4,128.19797,-0.0037643774087907644,0.0037643774087907644,0.008268185124665095,-0.0018352756137334225,
2018-05-25,109.35,1.1666,3040.3,111.5843,2.93,0.84,2.09,1.73,,,,,13.22,,,,,,-0.4,127.56771,-0.0049284272676386465,0.0049284272676386465,-0.002627863418117826,0.0008589124795985725,
2018-05-26,,,,,,,,,,,,,,,,,,,-0.4,,,,,,
2018-05-27,,,,,,,,,,,,,,,,,,,-0.4,,,,,,
2018-05-28,,,,,,,,,,,,,,,,,,,-0.4,,,,,,
2018-05-29,108.62,1.1551,3038.46,112.2127,2.77,0.73,2.04,1.72,,,,,17.02,,,,,,-0.4,125.46696200000001,,,,,
2018-05-30,109.04,1.1664,3043.87,111.6731,2.84,0.78,2.06,1.72,,4327519.0,,63.0,14.94,,,,,,-0.4,127.18425600000002,0.013594396741337,-0.013594396741337,0.0017789240066541367,-0.004820323976095331,
2018-05-31,108.73,1.167,3037.96,111.9894,2.83,0.76,2.07,1.81,,,,,15.43,,,,,,-0.4,126.88791,-0.00233277134645693,0.00233277134645693,-0.00194349459299481,0.0028283705212830412,
2018-06-01,109.49,1.1679,3023.44,111.8265,2.89,0.8,2.09,1.81,,,14133.2,,13.46,,0.03,0.3271428571,2.744,1.4229,-0.4,127.87337099999999,0.0077363868736393115,-0.0077363868736393115,-0.00479098154674773,-0.0014556609138560717,
2018-06-02,,,,,,,,,,,,,,,,,,,-0.4,,,,,,
2018-06-03,,,,,,,,,,,,,,,,,,,-0.4,,,,,,
2018-06-04,109.66,1.1696,3020.98,111.8247,2.94,0.82,2.12,1.8,,,,,12.74,,,,,,-0.4,128.25833599999999,,,,,
2018-06-05,109.63,1.1672,3032.36,112.264,2.92,0.79,2.13,1.75,,,,,12.4,,,,,,-0.4,127.96013599999999,-0.00232770207639188,0.00232770207639188,0.0037599121828701954,0.003920773896767038,
2018-06-06,110.0,1.1778,3033.69,111.7525,2.97,0.83,2.14,1.73,,4319191.0,,70.0,11.64,,,,,,-0.4,129.558,0.012409879407861979,-0.012409879407861979,0.00043850611891116387,-0.004566635840737909,
2018-06-07,109.92,1.1815,3031.56,112.0725,2.93,0.8,2.13,1.71,,,,,12.13,,,,,,-0.4,129.87048000000001,0.0024089887981153524,-0.0024089887981153524,-0.0007023618441319712,0.0028593786934250076,
2018-06-08,109.45,1.1773,3034.54,112.1066,2.93,0.82,2.11,1.69,,,,,12.18,,,,,,-0.4,128.85548500000002,-0.007846141047979316,0.007846141047979316,0.0009825094343067775,0.0003042210470374229,
2018-06-09,,,,,,,,,,,,,,,,,,,-0.4,,,,,,
2018-06-10,,,,,,,,,,,,,,,,,,,-0.4,,,,,,
2018-06-11,109.94,1.1802,3029.58,112.1106,2.96,0.83,2.13,1.69,,,,,12.35,,,,,,-0.4,129.75118799999998,,,,,
2018-06-12,110.22,1.1792,3021.35,112.2138,2.96,0.83,2.13,1.67,,,,,12.34,,,,,,-0.4,129.971424,0.001695932834578251,-0.001695932834578251,-0.0027202446813898717,0.0009200961400592789,
2018-06-13,110.41,1.1784,3029.09,112.2577,2.98,0.86,2.12,1.71,,4324906.0,,91.0,12.94,,,,,,-0.4,130.10714399999998,0.0010436847093044932,-0.0010436847093044932,0.0025584930094648684,0.0003911409738845961,
2018-06-14,110.44,1.1634,3034.87,112.8593,2.94,0.82,2.12,1.9,,,,,12.12,,,,,,-0.4,128.485896,-0.012539156060850765,0.012539156060850765,0.001906345605990012,0.005344788995470751,
2018-06-15,110.58,1.1616,2990.6,113.3379,2.93,0.81,2.12,1.91,,,,,11.98,,,,,,-0.4,128.449728,-0.0002815335582964096,0.0002815335582964096,-0.014694553818561218,0.004231712100822627,
2018-06-16,,,,,,,,,,,,,,,,,,,-0.4,,,,,,
2018-06-17,,,,,,,,,,,,,,,,,,,-0.4,,,,,,
2018-06-18,110.44,1.1606,2986.79,113.4899,2.92,0.8,2.12,1.9,,,,,12.31,,,,,,-0.4,128.17666400000002,,,,,
2018-06-19,110.02,1.1577,2978.43,113.639,2.89,0.77,2.12,1.88,,,,,13.35,,,,,,-0.4,127.37015399999999,-0.0063120541594665625,0.0063120541594665625,-0.002802916061183325,0.001312911051103427,
2018-06-20,110.14,1.1592,2965.89,113.4784,2.93,0.81,2.12,1.87,,4315896.0,,95.0,12.79,,,,,,-0.4,127.674288,0.0023849501818133945,-0.0023849501818133945,-0.00421916000564071,-0.001414246788383089,
2018-06-21,110.05,1.16,2961.22,113.6109,2.9,0.79,2.11,1.87,,,,,14.64,,,,,,-0.4,127.65799999999999,-0.00012758276792723677,0.00012758276792723677,-0.0015758104595224864,0.001166941947824185,
2018-06-22,109.98,1.163,2969.09,113.3047,2.9,0.78,2.12,1.92,,,,,13.77,,,,,,-0.4,127.90674000000001,0.0019465915254519572,-0.0019465915254519572,0.0026541629763263686,-0.002698802425673108,
2018-06-23,,,,,,,,,,,,,,,,,,,-0.4,,,,,,
2018-06-24,,,,,,,,,,,,,,,,,,,-0.4,,,,,,
2018-06-25,109.62,1.1694,2958.76,113.286,2.87,0.77,2.1,1.91,,,,,17.33,,,,,,-0.4,128.189628,,,,,
2018-06-26,109.92,1.1675,2943.75,113.3016,2.88,0.76,2.12,1.9,,,,,15.92,,,,,,-0.4,128.3316,0.001106902657551423,-0.001106902657551423,-0.005085982863415772,0.00013769509032801608,
2018-06-27,110.34,1.1588,2927.52,113.8971,2.83,0.72,2.11,1.9,,4305491.0,,90.0,17.91,,,,,,-0.4,127.86199200000001,-0.0036660442776117463,0.0036660442776117463,-0.00552863054847208,0.005242119463582107,
2018-06-28,110.38,1.1582,2918.92,113.8405,2.84,0.74,2.1,1.93,,,,,16.85,,,,,,-0.4,127.84211599999999,-0.0001554609364351478,0.0001554609364351478,-0.0029419633838214665,-0.0004970632971046385,
2018-06-29,110.71,1.1677,2929.49,113.2586,2.85,0.74,2.11,2.12,,,,,16.09,,,,,,-0.4,129.27606699999998,0.011154138149999326,-0.011154138149999326,0.003614661594782298,-0.005124646231425167,
2018-06-30,,,,,,,,,,,,,,,,,,,-0.4,,,,,,
2018-07-01,,,,,,,,,,,14170.0,,,,0.06,0.2745454545,2.643,1.3739,-0.4,,,,,,
2018-07-02,110.73,1.1604,2900.47,114.1673,2.87,0.73,2.14,2.04,,,,,15.6,,,,,,-0.4,128.491092,,,,,
2018-07-03,110.54,1.1653,2929.49,113.3222,2.83,0.71,2.12,2.0,,,,,16.14,,,,,,-0.4,128.812262,0.002496432027069062,-0.002496432027069062,0.00995555361889,-0.007429827641461273,
2018-07-04,,,,,,,,,,4289764.0,,1091.0,,,,,,,-0.4,,,,,,
2018-07-05,110.59,1.1697,2939.33,112.9759,2.84,0.71,2.13,1.97,,,,,14.97,,,,,,-0.4,129.357123,,,,,
2018-07-06,110.48,1.1738,2934.9,112.6428,2.82,0.7,2.12,1.93,,,,,13.37,,,,,,-0.4,129.681424,0.002503883481340452,-0.002503883481340452,-0.001508283073636818,-0.0029527715745283345,
2018-07-07,,,,,,,,,,,,,,,,,,,-0.4,,,,,,
2018-07-08,,,,,,,,,,,,,,,,,,,-0.4,,,,,,
2018-07-09,110.78,1.1744,2942.03,112.6425,2.86,0.73,2.13,1.89,,,,,12.69,,,,,,-0.4,130.10003200000003,,,,,
2018-07-10,111.24,1.1728,2936.44,112.5794,2.87,0.74,2.13,1.89,,,,,12.64,,,,,,-0.4,130.462272,0.002780450032942028,-0.002780450032942028,-0.0019018559880192853,-0.000560336287465546,
2018-07-11,111.52,1.1722,2905.19,112.8582,2.85,0.74,2.11,1.89,,4291201.0,,96.0,13.63,,,,,,-0.4,130.72374399999998,0.00200219055639117,-0.00200219055639117,-0.010699170643897027,0.0024734129722476794,
2018-07-12,112.41,1.1692,2916.74,112.779,2.85,0.75,2.1,1.9,,,,,12.58,,,,,,-0.4,131.42977199999999,0.00538638365625399,-0.00538638365625399,0.003967761602341469,-0.0007020119311231809,
2018-07-13,112.38,1.1667,2904.59,113.0705,2.83,0.72,2.11,1.9,,,,,12.18,,,,,,-0.4,131.113746,-0.0024074191969329917,0.0024074191969329917,-0.004174309871684656,0.002581366457453882,
2018-07-14,,,,,,,,,,,,,,,,,,,-0.4,,,,,,
2018-07-15,,,,,,,,,,,,,,,,,,,-0.4,,,,,,
2018-07-16,112.29,1.171,2890.54,112.8437,2.85,0.75,2.1,1.95,,,,,12.83,,,,,,-0.4,131.49159,,,,,
2018-07-17,112.79,1.1664,2861.04,113.1504,2.86,0.77,2.09,1.92,,,,,12.06,,,,,,-0.4,131.55825600000003,0.0005068697240551145,-0.0005068697240551145,-0.010258140785181169,0.002714231816579371,
2018-07-18,112.82,1.1645,2861.78,113.3348,2.88,0.79,2.09,1.9,,4291615.0,,91.0,12.1,,,,,,-0.4,131.37889,-0.0013643262699938319,0.0013643262699938319,0.00025861376179037165,0.0016283628311759557,
2018-07-19,112.98,1.1604,2849.24,113.9463,2.84,0.75,2.09,1.9,,,,,12.87,,,,,,-0.4,131.10199200000002,-0.002109853491860214,0.002109853491860214,-0.004391516805495321,0.005381014747940505,
2018-07-20,111.74,1.1708,2867.43,113.3213,2.89,0.78,2.11,1.88,,,,,12.86,,,,,,-0.4,130.825192,-0.002113565295632114,0.002113565295632114,0.006363866163126453,-0.0055001379483838875,
2018-07-21,,,,,,,,,,,,,,,,,,,-0.4,,,,,,
2018-07-22,,,,,,,,,,,,,,,,,,,-0.4,,,,,,
2018-07-23,111.36,1.1702,2854.4,113.4246,2.96,0.85,2.11,1.87,,,,,12.62,,,,,,-0.4,130.313472,,,,,
2018-07-24,111.27,1.1684,2855.88,113.2045,2.95,0.84,2.11,1.9,,,,,12.41,,,,,,-0.4,130.007868,-0.0023478992570504786,0.0023478992570504786,0.0005183633843319768,-0.0019423813552652547,
2018-07-25,111.02,1.1677,2870.87,112.9221,2.94,0.81,2.13,1.87,,4277681.0,,122.0,12.29,,,,,,-0.4,129.63805399999998,-0.0028486043395101746,0.0028486043395101746,0.0052350929357460885,-0.002497717179799075,
2018-07-26,111.2,1.1654,2849.73,112.9179,2.98,0.87,2.11,1.9,,,,,12.14,,,,,,-0.4,129.59248,-0.00035160981822901505,0.00035160981822901505,-0.00739086677299472,-3.71944739683272e-05,
2018-07-27,110.94,1.166,2851.45,112.8125,2.96,0.84,2.12,1.88,,,,,13.03,,,,,,-0.4,129.35603999999998,-0.0018261549879294847,0.0018261549879294847,0.0006033838791905666,-0.0009338574481754236,
2018-07-28,,,,,,,,,,,,,,,,,,,-0.4,,,,,,
2018-07-29,,,,,,,,,,,,,,,,,,,-0.4,,,,,,
2018-07-30,110.98,1.1718,2847.27,112.6044,2.98,0.85,2.13,1.88,,,,,14.26,,,,,,-0.4,130.046364,,,,,
2018-07-31,111.88,1.1706,2855.88,112.7299,2.96,0.84,2.12,1.93,,,,,12.83,,,,,,-0.4,130.96672800000002,0.007052273182436508,-0.007052273182436508,0.003019386318517725,0.0011139006620508596,
2018-08-01,111.72,1.1666,2835.48,112.8899,3.0,0.87,2.13,1.88,,4255653.0,14221.3,100.0,13.15,,0.11,0.2908695652,3.161,1.3991,-0.4,130.33255200000002,-0.0048540297943668875,0.0048540297943668875,-0.007168791770545191,0.0014183154742761772,
2018-08-02,111.48,1.1612,2820.48,113.1679,2.98,0.86,2.12,1.91,,,,,12.19,,,,,,-0.4,129.450576,-0.006790120632290453,0.006790120632290453,-0.005304151785908928,0.0024595491962147165,
2018-08-03,111.12,1.1597,2830.31,113.012,2.95,0.83,2.12,1.86,,,,,11.64,,,,,,-0.4,128.865864,-0.004527106355476818,0.004527106355476818,0.0034791630606205715,-0.001378548886875386,
2018-08-04,,,,,,,,,,,,,,,,,,,-0.4,,,,,,
2018-08-05,,,,,,,,,,,,,,,,,,,-0.4,,,,,,
2018-08-06,111.43,1.1564,2816.05,113.229,2.94,0.83,2.11,1.86,,,,,11.27,,,,,,-0.4,128.85765200000003,,,,,
2018-08-07,111.19,1.1597,2822.03,112.9759,2.98,0.85,2.13,1.87,,,,,10.93,,,,,,-0.4,128.94704299999998,0.0006934784766610136,-0.0006934784766610136,0.0021212903124601112,-0.0022377950753611486,
2018-08-08,110.96,1.1598,2829.14,113.1411,2.96,0.85,2.11,1.88,,4258030.0,,100.0,10.85,,,,,,-0.4,128.691408,-0.00198444822889865,0.00198444822889865,0.0025162944139189847,0.0014611907056334417,
2018-08-09,110.9,1.1566,2825.46,113.3806,2.93,0.82,2.11,1.91,,,,,11.27,,,,,,-0.4,128.26694,-0.003303791368477249,0.003303791368477249,-0.001301595345220008,0.002114588485283342,
2018-08-10,110.66,1.1399,2822.96,114.3005,2.87,0.78,2.09,1.9,,,,,13.16,,,,,,-0.4,126.14133399999999,-0.01671058436774242,0.01671058436774242,-0.0008852033535911019,0.008080644423621663,
2018-08-11,,,,,,,,,,,,,,,,,,,-0.4,,,,,,
2018-08-12,,,,,,,,,,,,,,,,,,,-0.4,,,,,,
2018-08-13,110.65,1.1396,2780.25,114.851,2.88,0.78,2.1,1.91,,,,,14.78,,,,,,-0.4,126.09674,,,,,
2018-08-14,110.92,1.1351,2782.83,114.658,2.89,0.8,2.09,1.93,,,,,13.31,,,,,,-0.4,125.905292,-0.0015194166119405494,0.0015194166119405494,0.0009275438012652515,-0.001681851652821642,
2018-08-15,110.62,1.1332,2740.07,115.1526,2.86,0.78,2.08,1.98,,4228924.0,,106.0,14.64,,,,,,-0.4,125.354584,-0.004383579985977271,0.004383579985977271,-0.015484927999176001,0.004304420802728082,
2018-08-16,110.89,1.1388,2737.74,114.6416,2.87,0.79,2.08,1.99,,,,,13.45,,,,,,-0.4,126.281532,0.007367401846113175,-0.007367401846113175,-0.0008507049863055727,-0.004447465099604031,
2018-08-17,110.54,1.141,2761.69,114.5339,2.87,0.79,2.08,1.9,,,,,12.64,,,,,,-0.4,126.12614,-0.001231278101814226,0.001231278101814226,0.008710048646350721,-0.0009398911133908783,
2018-08-18,,,,,,,,,,,,,,,,,,,-0.4,,,,,,
2018-08-19,,,,,,,,,,,,,,,,,,,-0.4,,,,,,
2018-08-20,110.38,1.1438,2775.82,114.3504,2.82,0.75,2.07,1.9,,,,,12.49,,,,,,-0.4,126.25264399999999,,,,,
2018-08-21,110.48,1.1534,2784.18,113.8604,2.85,0.77,2.08,1.9,,,,,12.86,,,,,,-0.4,127.427632,0.009263600789777726,-0.009263600789777726,0.0030071965108335874,-0.00429428189201797,
2018-08-22,110.54,1.1595,2790.2,113.663,2.82,0.74,2.08,1.9,,4228818.0,,68.0,12.25,,,,,,-0.4,128.17113,0.005817712818354082,-0.005817712818354082,0.0021598822973389886,-0.001735206572422321,
2018-08-23,111.14,1.1567,2765.99,114.0932,2.82,0.73,2.09,1.94,,,,,12.41,,,,,,-0.4,128.55563800000002,0.002995467052428147,-0.002995467052428147,-0.008714659944834224,0.0037777282166056025,
2018-08-24,111.22,1.1625,2809.98,113.5985,2.82,0.73,2.09,1.95,,,,,11.99,,,,,,-0.4,129.29325,0.005721289067798452,-0.005721289067798452,0.015778747975566887,-0.00434535627267163,
2018-08-25,,,,,,,,,,,,,,,,,,,-0.4,,,,,,
2018-08-26,,,,,,,,,,,,,,,,,,,-0.4,,,,,,
2018-08-27,111.09,1.1676,2820.3,113.2721,2.85,0.74,2.11,1.95,,,,,12.16,,,,,,-0.4,129.708684,,,,,
2018-08-28,111.04,1.172,2801.25,113.3444,2.88,0.77,2.11,1.95,,,,,12.5,,,,,,-0.4,130.13888,0.0033111443218611925,-0.0033111443218611925,-0.006777516137478123,0.000638082420769237,
2018-08-29,111.8,1.1699,2813.91,113.6461,2.89,0.77,2.12,1.93,,4218914.0,,92.0,12.25,,,,,,-0.4,130.79482,0.0050276478791024815,-0.0050276478791024815,0.004509229105301493,0.0026582625938971205,
2018-08-30,111.17,1.1646,2801.25,114.0899,2.86,0.76,2.1,1.93,,,,,13.53,,,,,,-0.4,129.468582,-0.010191594126011339,0.010191594126011339,-0.004509229105301493,0.003897500279231636,
2018-08-31,110.98,1.1596,2799.17,114.2755,2.86,0.78,2.08,1.97,,,,,12.86,,,,,,-0.4,128.692408,-0.006013118703287468,0.006013118703287468,-0.000742801466903309,0.0016254655115446326,
2018-09-01,,,,,,,,,,,14243.9,,,,0.125,0.3705,2.959,1.5023,-0.4,,,,,,
2018-09-02,,,,,,,,,,,,,,,,,,,-0.4,,,,,,
2018-09-03,,,,,,,,,,,,,,,,,,,-0.4,,,,,,
2018-09-04,111.44,1.1566,2785.9,114.8584,2.9,0.8,2.1,1.95,,,,,13.16,,,,,,-0.4,128.891504,,,,,
2018-09-05,111.47,1.162,2795.48,114.7477,2.9,0.81,2.09,1.95,,4208496.0,,90.0,13.91,,,,,,-0.4,129.52813999999998,0.004927158617720195,-0.004927158617720195,0.003432846144825419,-0.00096426017059148,
2018-09-06,110.87,1.1624,2800.64,114.6479,2.88,0.8,2.08,1.94,,,,,14.65,,,,,,-0.4,128.875288,-0.005052977773055467,0.005052977773055467,0.0018441353875040534,-0.0008701126464192299,
2018-09-07,111.18,1.1572,2793.76,114.5816,2.94,0.84,2.1,1.94,,,,,14.88,,,,,,-0.4,128.657496,-0.0016913734130294955,0.0016913734130294955,-0.002459603699580093,-0.0005784595948492566,
2018-09-08,,,,,,,,,,,,,,,,,,,-0.4,,,,,,
2018-09-09,,,,,,,,,,,,,,,,,,,-0.4,,,,,,
2018-09-10,111.09,1.1604,2792.29,114.6802,2.94,0.84,2.1,1.94,,,,,14.16,,,,,,-0.4,128.908836,,,,,
2018-09-11,111.54,1.1591,2793.6,114.7051,2.98,0.86,2.12,1.94,,,,,13.22,,,,,,-0.4,129.28601400000002,0.002921656015226759,-0.002921656015226759,0.00046903896210537255,0.00021710196858926167,
2018-09-12,111.29,1.1626,2815.35,114.2192,2.97,0.85,2.12,1.94,,4210812.0,,91.0,13.14,,,,,,-0.4,129.38575400000002,0.0007711703964767835,-0.0007711703964767835,0.0077555011250858286,-0.004245077780622886,
2018-09-13,111.92,1.1672,2806.1,113.9268,2.97,0.87,2.1,1.94,,,,,12.37,,,,,,-0.4,130.633024,0.009593765313217872,-0.009593765313217872,-0.0032909688242321877,-0.0025632722914084027,
2018-09-14,112.09,1.1656,2790.02,114.0657,2.99,0.89,2.1,1.95,,,,,12.07,,,,,,-0.4,130.652104,0.00014604734819734233,-0.00014604734819734233,-0.00574685469763736,0.0012184612843384457,
2018-09-15,,,,,,,,,,,,,,,,,,,-0.4,,,,,,
2018-09-16,,,,,,,,,,,,,,,,,,,-0.4,,,,,,
2018-09-17,111.97,1.1687,2790.08,113.9158,2.99,0.89,2.1,2.0,,,,,13.68,,,,,,-0.4,130.859339,,,,,
2018-09-18,112.3,1.1693,2787.01,113.7739,3.05,0.92,2.13,1.94,,,,,12.79,,,,,,-0.4,131.31239,0.003456142679453933,-0.003456142679453933,-0.0011009326763895544,-0.0012464333553188212,
2018-09-19,112.21,1.1685,2795.97,113.6532,3.08,0.93,2.15,1.92,,4208059.0,,100.0,11.75,,,,,,-0.4,131.117385,-0.001486150234983441,0.001486150234983441,0.003209758119344208,-0.0010614391278105373,
2018-09-20,112.58,1.1744,2804.69,113.4989,3.07,0.92,2.15,1.92,,,,,11.8,,,,,,-0.4,132.213952,0.008328468240444309,-0.008328468240444309,0.0031139212328996635,-0.0013585612788302726,
2018-09-21,112.62,1.1739,2788.61,113.5099,3.07,0.92,2.15,1.92,,,,,11.68,,,,,,-0.4,132.204618,-7.06001851824567e-05,7.06001851824567e-05,-0.005749752131981367,9.691254267352178e-05,
2018-09-22,,,,,,,,,,,,,,,,,,,-0.4,,,,,,
2018-09-23,,,,,,,,,,,,,,,,,,,-0.4,,,,,,
2018-09-24,112.62,1.1773,2788.61,113.5301,3.08,0.92,2.16,1.95,,,,,12.2,,,,,,-0.4,132.587526,,,,,
2018-09-25,112.88,1.177,2793.27,113.7202,3.1,0.94,2.16,1.93,,,,,12.42,,,,,,-0.4,132.85976,0.0020511348942120478,-0.0020511348942120478,0.0016696887366327573,0.0016730454863393973,
2018-09-26,112.92,1.1758,2780.99,113.6739,3.06,0.92,2.14,1.92,,4192909.0,,90.0,12.89,,,,,,-0.4,132.771336,-0.0006657654513926303,0.0006657654513926303,-0.0044059731212948705,-0.0004072225325097989,
2018-09-27,113.38,1.167,2758.16,113.9784,3.06,0.91,2.15,2.16,,,,,12.41,,,,,,-0.4,132.31446,-0.0034470081707294042,0.0034470081707294042,-0.008243188675169044,0.002675133803542451,
2018-09-28,113.48,1.1622,2775.1,113.8077,3.05,0.91,2.14,2.25,,,,,12.12,,,,,,-0.4,131.88645599999998,-0.0032399916010579233,0.0032399916010579233,0.006122991843796832,-0.001498774788751156,
2018-09-29,,,,,,,,,,,,,,,,,,,-0.4,,,,,,
2018-09-30,,,,,,,,,,,,,,,,,,,-0.4,,,,,,
2018-10-01,113.96,1.1567,2771.17,113.8235,3.09,0.95,2.14,2.22,,,14257.6,,12.0,,0.13,0.3990909091,3.469,1.5462,-0.4,131.817532,,,,,
2018-10-02,113.66,1.156,2800.15,113.8954,3.05,0.93,2.12,2.2,,,,,12.05,,,,,,-0.4,131.39095999999998,-0.003241326829765079,0.003241326829765079,0.010403373482554379,0.0006314803241123101,
2018-10-03,114.19,1.1525,2791.06,114.1569,3.15,0.99,2.16,2.2,,4174704.0,,74.0,11.61,,,,,,-0.4,131.60397500000002,0.0016199174830626717,-0.0016199174830626717,-0.003251535180632814,0.0022933345957110163,
2018-10-04,113.79,1.1508,2791.8,114.6867,3.19,1.03,2.16,2.18,,,,,14.22,,,,,,-0.4,130.949532,-0.004985226538051002,0.004985226538051002,0.00026509710232147654,0.0046302448181982925,
2018-10-05,113.56,1.1502,2799.66,114.561,3.23,1.07,2.16,2.16,,,,,14.82,,,,,,-0.4,130.61671199999998,-0.002544825161885811,0.002544825161885811,0.002811432140163106,-0.0010966305232047446,
2018-10-06,,,,,,,,,,,,,,,,,,,-0.4,,,,,,
2018-10-07,,,,,,,,,,,,,,,,,,,-0.4,,,,,,
2018-10-08,,,2771.17,,,,,,,,,,15.69,,,,,,-0.4,,,,,,
2018-10-09,113.13,1.1482,2772.73,114.6583,3.21,1.04,2.17,2.15,,,,,15.95,,,,,,-0.4,129.895866,,,0.0005627807287913456,,
2018-10-10,112.71,1.1541,2778.17,114.6072,3.22,1.06,2.16,2.15,,4176906.0,,90.0,22.96,,,,,,-0.4,130.078611,0.00140586900843509,-0.00140586900843509,0.0019600431431303633,-0.00044577139470369787,
2018-10-11,112.26,1.1565,2832.45,114.4074,3.14,1.02,2.12,2.17,,,,,24.98,,,,,,-0.4,129.82869000000002,-0.001923155494799822,0.001923155494799822,0.019349623949359795,-0.0017448673638442713,
2018-10-12,112.02,1.1559,2825.32,114.3691,3.15,1.03,2.12,2.18,,,,,21.31,,,,,,-0.4,129.483918,-0.002659124103638888,0.002659124103638888,-0.0025204289939244617,-0.00033482460268263736,
2018-10-13,,,,,,,,,,,,,,,,,,,-0.4,,,,,,
2018-10-14,,,,,,,,,,,,,,,,,,,-0.4,,,,,,
2018-10-15,111.82,1.1594,2828.88,114.045,3.16,1.03,2.13,2.21,,,,,21.3,,,,,,-0.4,129.644108,,,,,
2018-10-16,112.16,1.1593,2827.54,113.8963,3.16,1.03,2.13,2.18,,,,,17.62,,,,,,-0.4,130.027088,0.0029497324585037177,-0.0029497324585037177,-0.0004737979234450407,-0.0013047220586557273,
2018-10-17,112.21,1.154,2829.62,114.1755,3.19,1.06,2.13,2.18,,4175446.0,,89.0,17.4,,,,,,-0.4,129.49033999999997,-0.004136514217815801,0.004136514217815801,0.0007353513401522349,0.00244835301401114,
2018-10-18,112.11,1.1494,2831.33,114.8164,3.17,1.07,2.1,2.19,,,,,20.06,,,,,,-0.4,128.859234,-0.004885684505675947,0.004885684505675947,0.0006041388996580466,0.0055975925213482824,
2018-10-19,112.52,1.1513,2834.15,114.8567,3.2,1.09,2.11,2.19,,,,,19.89,,,,,,-0.4,129.544276,0.005302123062131514,-0.005302123062131514,0.0009955026698147407,0.00035093356961368727,
2018-10-20,,,,,,,,,,,,,,,,,,,-0.4,,,,,,
2018-10-21,,,,,,,,,,,,,,,,,,,-0.4,,,,,,
2018-10-22,112.78,1.1467,2832.8,115.1782,3.2,1.09,2.11,2.18,,,,,19.64,,,,,,-0.4,129.324826,,,,,
2018-10-23,112.12,1.148,2840.15,115.1651,3.17,1.08,2.09,2.17,,,,,20.71,,,,,,-0.4,128.71376,-0.004736246247195375,0.004736246247195375,0.0025912458642025626,-0.000113743269408495,
2018-10-24,112.58,1.1389,2841.25,115.3755,3.1,1.03,2.07,2.18,,4173070.0,,80.0,25.23,,,,,,-0.4,128.217362,-0.00386405985991356,0.00386405985991356,0.00038722850485584104,0.0018252755342409444,
2018-10-25,112.54,1.1374,2841.5,115.4831,3.14,1.09,2.05,2.19,,,,,24.22,,,,,,-0.4,128.002996,-0.001673294438353956,0.001673294438353956,8.79855704232213e-05,0.0009321724015611821,
2018-10-26,111.65,1.1388,2844.56,115.473,3.08,1.02,2.06,2.19,,,,,24.16,,,,,,-0.4,127.14702000000001,-0.006709615187782347,0.006709615187782347,0.0010763165690859111,-8.746250916402687e-05,
2018-10-27,,,,,,,,,,,,,,,,,,,-0.4,,,,,,
2018-10-28,,,,,,,,,,,,,,,,,,,-0.4,,,,,,
2018-10-29,112.49,1.139,2841.25,115.8936,3.08,1.02,2.06,2.18,,,,,24.7,,,,,,-0.4,128.12610999999998,,,,,
2018-10-30,112.76,1.1364,2837.95,116.2357,3.12,1.07,2.05,2.18,,,,,23.35,,,,,,-0.4,128.140464,0.00011202397402865216,-0.00011202397402865216,-0.0011621356428381802,0.00294749734456623,
2018-10-31,112.86,1.1332,2830.11,116.5281,3.15,1.1,2.05,2.22,,4139731.0,,80.0,21.23,,,,,,-0.4,127.892952,-0.0019334357285893944,0.0019334357285893944,-0.0027663803840702883,0.0025124194897010454,
2018-11-01,112.79,1.1396,2848.11,115.8657,3.14,1.12,2.02,2.22,,,14288.4,,19.34,,0.085,0.3140909091,3.39,1.4541,-0.4,128.535484,0.005011404778223039,-0.005011404778223039,0.006340036241655689,-0.005700683872610135,
2018-11-02,113.09,1.1378,2849.95,115.643,3.22,1.16,2.06,2.25,,,,,19.51,,,,,,-0.4,128.673802,0.00107552892420415,-0.00107552892420415,0.0006458338676518238,-0.0019239023733614857,
2018-11-03,,,,,,,,,,,,,,,,,,,-0.4,,,,,,
2018-11-04,,,,,,,,,,,,,,,,,,,-0.4,,,,,,
2018-11-05,113.22,1.1394,2848.85,115.703,3.2,1.14,2.06,2.24,,,,,19.96,,,,,,-0.4,129.002868,,,,,
2018-11-06,113.38,1.1412,2845.81,115.5622,3.22,1.15,2.07,2.22,,,,,19.91,,,,,,-0.4,129.389256,0.002990712580693611,-0.002990712580693611,-0.0010676670033946678,-0.0012176498443920991,
2018-11-07,113.32,1.1459,2850.22,115.2519,3.22,1.15,2.07,2.18,,4141936.0,,79.0,16.36,,,,,,-0.4,129.853388,0.0035806801592155324,-0.0035806801592155324,0.0015484472101272573,-0.0026887455050532694,
2018-11-08,113.87,1.1416,2846.22,115.6478,3.24,1.17,2.07,2.21,,,,,16.72,,,,,,-0.4,129.993992,0.0010822045904221866,-0.0010822045904221866,-0.001404386127979329,0.0034291979414620144,
2018-11-09,113.77,1.1325,2821.48,116.4778,3.19,1.15,2.04,2.2,,,,,17.36,,,,,,-0.4,128.844525,-0.00888178907632664,0.00888178907632664,-0.008730228182018074,0.0071513313248239285,
2018-11-10,,,,,,,,,,,,,,,,,,,-0.4,,,,,,
2018-11-11,,,,,,,,,,,,,,,,,,,-0.4,,,,,,
2018-11-12,,,2775.15,,,,,,,,,,20.45,,,,,,-0.4,,,,,,
2018-11-13,113.97,1.1288,2776.62,116.6694,3.14,1.12,2.02,2.2,,,,,20.02,,,,,,-0.4,128.649336,,,0.0005295608551341147,,
2018-11-14,113.7,1.1312,2796.12,116.498,3.12,1.12,2.0,2.2,,4145892.0,,47.0,21.25,,,,,,-0.4,128.61744,-0.00024796050744946285,0.00024796050744946285,0.006998381258810582,-0.0014701886359134164,
2018-11-15,113.46,1.1324,2800.75,116.3861,3.11,1.11,2.0,2.28,,,,,19.98,,,,,,-0.4,128.482104,-0.0010527907626327604,0.0010527907626327604,0.0016544965511666732,-0.0009609931172773756,
2018-11-16,112.76,1.1402,2819.4,115.9258,3.08,1.06,2.02,2.26,,,,,18.14,,,,,,-0.4,128.56895200000002,0.0006757257072278477,-0.0006757257072278477,0.006636857897992954,-0.003962781091843226,
2018-11-17,,,,,,,,,,,,,,,,,,,-0.4,,,,,,
2018-11-18,,,,,,,,,,,,,,,,,,,-0.4,,,,,,
2018-11-19,112.54,1.1448,2819.52,115.9859,3.06,1.07,1.99,2.24,,,,,20.1,,,,,,-0.4,128.835792,,,,,
2018-11-20,112.66,1.1391,2820.37,116.2367,3.06,1.09,1.97,2.2,,,,,22.48,,,,,,-0.4,128.331006,-0.003925752874939903,0.003925752874939903,0.0003014243208419032,0.002159997325934526,
2018-11-21,113.06,1.1393,2825.49,116.092,3.06,1.09,1.97,2.18,,4106198.0,,58.0,20.8,,,,,,-0.4,128.809258,0.003719779578781335,-0.003719779578781335,0.0018137188678259974,-0.0012456491058596697,
2018-11-22,,,,,,,,,,,,,,,,,,,-0.4,,,,,,
2018-11-23,112.83,1.1332,2824.4,116.4713,3.05,1.09,1.96,2.23,,,,,21.52,,,,,,-0.4,127.85895599999999,,,,,
2018-11-24,,,,,,,,,,,,,,,,,,,-0.4,,,,,,
2018-11-25,,,,,,,,,,,,,,,,,,,-0.4,,,,,,
2018-11-26,113.58,1.1336,2823.18,116.6208,3.07,1.11,1.96,2.2,,,,,18.9,,,,,,-0.4,128.754288,,,,,
2018-11-27,113.84,1.1281,2808.43,116.9001,3.06,1.15,1.91,2.19,,,,,19.02,,,,,,-0.4,128.42290400000002,-0.002577088433286079,0.002577088433286079,-0.005238300851113209,0.0023920782523569883,
2018-11-28,113.96,1.1286,2818.54,116.8343,3.06,1.12,1.94,2.19,,4097170.0,,68.0,18.49,,,,,,-0.4,128.615256,0.0014966807722753828,-0.0014966807722753828,0.0035934120419600646,-0.0005630322429066581,
2018-11-29,113.42,1.1382,2826.83,116.1961,3.03,1.05,1.98,2.24,,,,,18.79,,,,,,-0.4,129.09464400000002,0.0037203735901591983,-0.0037203735901591983,0.002936922100336581,-0.0054774106348958185,
2018-11-30,113.54,1.1323,2823.05,116.413,3.01,1.04,1.97,2.28,,,,,18.07,,,,,,-0.4,128.56134200000002,-0.004139649692331382,0.004139649692331382,-0.0013380817164243552,0.001864931878110987,
2018-12-01,,,,,,,,,,,14392.0,,,,-0.01,0.1870588235,2.975,1.3125,-0.4,,,,,,
2018-12-02,,,,,,,,,,,,,,,,,,,-0.4,,,,,,
2018-12-03,113.54,1.1356,2844.14,115.9057,2.98,1.02,1.96,2.23,,,,,16.44,,,,,,-0.4,128.936024,,,,,
2018-12-04,112.93,1.1345,2858.28,116.0028,2.91,0.97,1.94,2.27,,,,,20.74,,,,,,-0.4,128.119085,-0.006356160385920795,0.006356160385920795,0.0049593081466419164,0.0008373992818215825,
2018-12-05,,,,,,,,,,4086044.0,,194.0,,,,,,,-0.4,,,,,,
2018-12-06,112.46,1.1374,2859.74,116.3991,2.87,0.97,1.9,2.34,,,,,21.19,,,,,,-0.4,127.912004,,,,,
2018-12-07,112.6,1.139,2878.51,116.0847,2.85,0.96,1.89,2.3,,,,,23.23,,,,,,-0.4,128.2514,0.002649841416017651,-0.002649841416017651,0.00654208755093677,-0.0027047062347094197,
2018-12-08,,,,,,,,,,,,,,,,,,,-0.4,,,,,,
2018-12-09,,,,,,,,,,,,,,,,,,,-0.4,,,,,,
2018-12-10,112.96,1.1368,2872.3,116.6746,2.85,0.99,1.86,2.22,,,,,22.64,,,,,,-0.4,128.412928,,,,,
2018-12-11,113.41,1.1314,2870.81,116.7564,2.89,1.06,1.83,2.19,,,,,21.76,,,,,,-0.4,128.312074,-0.0007856967915280677,0.0007856967915280677,-0.0005188826379542988,0.0007008495302534001,
2018-12-12,113.28,1.1362,2876.46,116.2214,2.91,1.08,1.83,2.2,,4088314.0,,120.0,21.46,,,,,,-0.4,128.70873600000002,0.0030866163321414675,-0.0030866163321414675,0.0019661515189381973,-0.004592720339872791,
2018-12-13,113.66,1.1358,2871.85,116.3974,2.91,1.08,1.83,2.21,,,,,20.65,,,,,,-0.4,129.09502799999999,0.002996793243871032,-0.002996793243871032,-0.0016039500264692919,0.0015132055842741465,
2018-12-14,113.35,1.13,2861.25,116.79,2.89,1.07,1.82,2.21,,,,,21.63,,,,,,-0.4,128.08549999999997,-0.007850774652383485,0.007850774652383485,-0.003697829125131058,0.0033672520123655403,
2018-12-15,,,,,,,,,,,,,,,,,,,-0.4,,,,,,
2018-12-16,,,,,,,,,,,,,,,,,,,-0.4,,,,,,
2018-12-17,112.96,1.1339,2867.09,116.4532,2.86,1.05,1.81,2.31,,,,,24.52,,,,,,-0.4,128.085344,,,,,
2018-12-18,112.54,1.1364,2872.32,116.4127,2.82,1.01,1.81,2.32,,,,,25.58,,,,,,-0.4,127.89045600000001,-0.0015227067375596093,0.0015227067375596093,0.0018224874848122852,-0.00034783968291041134,
2018-12-19,112.15,1.1422,2859.17,116.0676,2.77,0.97,1.8,2.3,,4084274.0,,70.0,25.58,,,,,,-0.4,128.09773,0.0016194032118139745,-0.0016194032118139745,-0.004588692669434735,-0.002968855885672639,
2018-12-20,111.34,1.1432,2894.84,116.0183,2.79,1.03,1.76,2.41,,,,,28.38,,,,,,-0.4,127.283888,-0.006373557825960496,0.006373557825960496,0.012398468872166113,-0.00042484270471820906,
2018-12-21,111.14,1.1402,2885.95,116.2227,2.79,1.02,1.77,2.4,,,,,30.11,,,,,,-0.4,126.72182800000002,-0.004425576921762264,0.004425576921762264,-0.0030757066104332154,0.0017602408943888648,
2018-12-22,,,,,,,,,,,,,,,,,,,-0.4,,,,,,
2018-12-23,,,,,,,,,,,,,,,,,,,-0.4,,,,,,
2018-12-24,,,2905.3,116.2182,2.74,0.99,1.75,2.41,,,,,36.07,,,,,,-0.4,,,,,,
2018-12-25,,,,,,,,,,,,,,,,,,,-0.4,,,,,,
2018-12-26,110.45,1.1408,2902.75,116.1162,2.81,1.04,1.77,2.44,,4075636.0,,4207.0,30.41,,,,,,-0.4,126.00136,,,,,
2018-12-27,110.78,1.1412,2919.3,115.9927,2.77,1.03,1.74,2.44,,,,,29.96,,,,,,-0.4,126.422136,0.00333389241814519,-0.00333389241814519,0.0056852979889372435,-0.0010641557618393804,
2018-12-28,110.34,1.1445,2929.28,115.7232,2.72,0.99,1.73,2.46,,,,,28.34,,,,,,-0.4,126.28413000000002,-0.0010922247073965607,0.0010922247073965607,0.0034127975291697865,-0.00232612541063304,
2018-12-29,,,,,,,,,,,,,,,,,,,-0.4,,,,,,
2018-12-30,,,,,,,,,,,,,,,,,,,-0.4,,,,,,
2018-12-31,109.7,1.1456,2936.22,115.5674,2.69,0.98,1.71,3.0,,,,,25.42,,,,,,-0.4,125.67232,,,,,
2019-01-01,,,,,,,,,,,14460.2,,,,0.0,0.1327272727,2.77,1.3221,-0.4,,,,,,
2019-01-02,109.22,1.1357,2938.9,115.7689,2.66,0.96,1.7,3.15,,4058378.0,,4207.0,23.22,,,,,,-0.4,124.04115399999999,,,,,
2019-01-03,108.07,1.1399,2953.38,115.4622,2.56,0.88,1.68,2.7,,,,,25.45,,,,,,-0.4,123.18899299999998,-0.00689369306380172,0.00689369306380172,0.004914915499163008,-0.002652758905331787,
2019-01-04,108.29,1.141,2945.1,114.9821,2.67,0.91,1.76,2.45,,,,,21.38,,,,,,-0.4,123.55889,0.002998179944556867,-0.002998179944556867,-0.0028075047939939424,-0.004166739594889002,
2019-01-05,,,,,,,,,,,,,,,,,,,-0.4,,,,,,
2019-01-06,,,,,,,,,,,,,,,,,,,-0.4,,,,,,
2019-01-07,108.62,1.1468,2954.23,114.5628,2.7,0.92,1.78,2.41,,,,,21.4,,,,,,-0.4,124.56541600000001,,,,,
2019-01-08,108.57,1.1444,2950.86,114.7281,2.73,0.91,1.82,2.42,,,,,20.47,,,,,,-0.4,124.247508,-0.0025553991961979605,0.0025553991961979605,-0.0011413883161335292,0.0014418367989019742,
2019-01-09,108.38,1.1524,2961.61,114.1406,2.74,0.91,1.83,2.45,,4056563.0,,86.0,19.98,,,,,,-0.4,124.897112,0.0052146859286255065,-0.0052146859286255065,0.0036363860944321758,-0.005133959256293785,
2019-01-10,108.29,1.1517,2952.07,114.0496,2.74,0.93,1.81,2.43,,,,,19.5,,,,,,-0.4,124.71759300000001,-0.001438369033191833,0.001438369033191833,-0.003226420190399537,-0.0007975803064645959,
2019-01-11,108.34,1.1479,2956.59,114.0404,2.71,0.88,1.83,2.41,,,,,18.19,,,,,,-0.4,124.363486,-0.002843309013945472,0.002843309013945472,0.0015299580215115682,-8.06699110436071e-05,
2019-01-12,,,,,,,,,,,,,,,,,,,-0.4,,,,,,
2019-01-13,,,,,,,,,,,,,,,,,,,-0.4,,,,,,
2019-01-14,,,2954.6,,2.71,0.9,1.81,2.4,,,,,19.07,,,,,,-0.4,,,,,,
2019-01-15,108.72,1.1392,2950.97,114.3402,2.72,0.91,1.81,2.46,,,,,18.6,,,,,,-0.4,123.853824,,,-0.0012293480416509794,,
2019-01-16,108.84,1.1408,2959.68,114.137,2.73,0.91,1.82,2.43,,4050044.0,,88.0,19.04,,,,,,-0.4,124.16467200000001,0.002506653074477505,-0.002506653074477505,0.0029472245200379277,-0.0017787337517720658,
2019-01-17,109.01,1.1386,2957.14,114.4115,2.75,0.96,1.79,2.41,,,,,18.06,,,,,,-0.4,124.11878600000001,-0.0003696259178278538,0.0003696259178278538,-0.0008585693517897397,0.002402117117307867,
2019-01-18,109.79,1.1362,2933.91,114.558,2.79,0.96,1.83,2.42,,,,,17.8,,,,,,-0.4,124.74339800000001,0.0050197527124185015,-0.0050197527124185015,-0.007886580628286843,0.0012796465904072463,
2019-01-19,,,,,,,,,,,,,,,,,,,-0.4,,,,,,
2019-01-20,,,,,,,,,,,,,,,,,,,-0.4,,,,,,
2019-01-21,,,,,,,,,,,,,,,,,,,-0.4,,,,,,
2019-01-22,109.34,1.1359,2944.92,114.7541,2.74,0.95,1.79,2.41,,,,,20.8,,,,,,-0.4,124.19930599999999,,,,,
2019-01-23,109.44,1.139,2941.65,114.5759,2.76,0.96,1.8,2.4,,4047052.0,,86.0,19.52,,,,,,-0.4,124.65216,0.0036395566171929516,-0.0036395566171929516,-0.0011110036358541464,-0.0015540926687807044,
2019-01-24,109.72,1.1322,2938.02,114.617,2.72,0.95,1.77,2.41,,,,,18.89,,,,,,-0.4,124.224984,-0.003432829649460345,0.003432829649460345,-0.001234763332365496,0.0003586498573087127,
2019-01-25,109.6,1.1407,2975.9,114.0197,2.76,0.97,1.79,2.4,,,,,17.42,,,,,,-0.4,125.02072,0.006385174875805255,-0.006385174875805255,0.012810629175287858,-0.005224894855754059,
2019-01-26,,,,,,,,,,,,,,,,,,,-0.4,,,,,,
2019-01-27,,,,,,,,,,,,,,,,,,,-0.4,,,,,,
2019-01-28,109.2,1.1438,2986.67,114.0522,2.75,0.97,1.78,2.39,,,,,18.87,,,,,,-0.4,124.90296,,,,,
2019-01-29,109.36,1.1424,2999.74,114.026,2.72,0.94,1.78,2.4,,,,,19.13,,,,,,-0.4,124.93286400000001,0.00023938920899446714,-0.00023938920899446714,0.00436656385613432,-0.00022974576364820365,
2019-01-30,109.57,1.1418,3013.41,114.0731,2.7,0.86,1.84,2.39,,4039678.0,,77.0,17.66,,,,,,-0.4,125.10702599999999,0.0013930739464464992,-0.0013930739464464992,0.004546709644527525,0.00041297839990939167,
2019-01-31,108.84,1.1454,3016.56,113.5504,2.63,0.78,1.85,2.58,,,,,16.57,,,,,,-0.4,124.665336,-0.003536744072658138,0.003536744072658138,0.0010447814123573096,-0.0045926797431974364,
2019-02-01,109.55,1.1474,3014.5,113.7548,2.7,0.82,1.88,2.47,,,14506.6,,16.14,,-0.015,0.0555,2.812,1.239,-0.4,125.69766999999999,0.008246744334443612,-0.008246744334443612,-0.000683130355231043,0.0017984635203580623,
2019-02-02,,,,,,,,,,,,,,,,,,,-0.4,,,,,,
2019-02-03,,,,,,,,,,,,,,,,,,,-0.4,,,,,,
2019-02-04,109.96,1.1438,3004.82,113.8766,2.73,0.86,1.87,2.4,,,,,15.73,,,,,,-0.4,125.77224799999999,,,,,
2019-02-05,109.99,1.1406,3011.16,114.0431,2.71,0.84,1.87,2.4,,,,,15.57,,,,,,-0.4,125.454594,-0.0025288234867968384,0.0025288234867968384,0.002107720553297554,0.0014610411440356685,
2019-02-06,109.75,1.138,2994.52,114.2305,2.7,0.84,1.86,2.38,,4026350.0,,66.0,15.38,,,,,,-0.4,124.89549999999998,-0.004466504649906611,0.004466504649906611,-0.005541434968579395,0.0016418897507151087,
2019-02-07,109.7,1.1357,3000.82,114.4339,2.65,0.81,1.84,2.38,,,,,16.37,,,,,,-0.4,124.58628999999999,-0.002478819462772286,0.002478819462772286,0.002101633041279527,0.001779026850227794,
2019-02-08,109.76,1.1326,3010.42,114.5003,2.63,0.81,1.82,2.37,,,,,15.72,,,,,,-0.4,124.31417600000002,-0.0021865295215048874,0.0021865295215048874,0.0031940192577248894,0.0005800793578414343,
2019-02-09,,,,,,,,,,,,,,,,,,,-0.4,,,,,,
2019-02-10,,,,,,,,,,,,,,,,,,,-0.4,,,,,,
2019-02-11,110.4,1.1277,2987.41,115.031,2.65,0.83,1.82,2.4,,,,,15.97,,,,,,-0.4,124.49808,,,,,
2019-02-12,110.5,1.1316,2993.7,114.7297,2.68,0.85,1.83,2.39,,,,,15.43,,,,,,-0.4,125.0418,0.004357787303982619,-0.004357787303982619,0.002103289295405375,-0.002622730281663266,
2019-02-13,110.86,1.1288,2984.39,114.9407,2.71,0.85,1.86,2.38,,4028431.0,,71.0,15.65,,,,,,-0.4,125.138768,0.000775184145043184,-0.000775184145043184,-0.0031147097239010435,0.0018374162222301038,
2019-02-14,110.68,1.1284,2999.38,115.1007,2.66,0.81,1.85,2.39,,,,,16.22,,,,,,-0.4,124.89131200000001,-0.00197941048369632,0.00197941048369632,0.005010229790606502,0.0013910541824246891,
2019-02-15,110.54,1.1268,3014.72,114.9923,2.66,0.8,1.86,2.43,,,,,14.91,,,,,,-0.4,124.55647200000001,-0.0026846516392318165,0.0026846516392318165,0.005101356235220678,-0.0009422277776351962,
2019-02-16,,,,,,,,,,,,,,,,,,,-0.4,,,,,,
2019-02-17,,,,,,,,,,,,,,,,,,,-0.4,,,,,,
2019-02-18,,,,,,,,,,,,,,,,,,,-0.4,,,,,,
2019-02-19,110.68,1.1328,3048.68,114.57,2.65,0.78,1.87,2.4,,,,,14.88,,,,,,-0.4,125.37830400000001,,,,,
2019-02-20,,,3046.99,,2.65,0.76,1.89,2.39,,3981420.0,,68.0,14.02,,,,,,-0.4,,,,-0.0005544919732543008,,
2019-02-21,110.72,1.1338,3021.61,114.5091,2.69,0.78,1.91,2.39,,,,,14.46,,,,,,-0.4,125.534336,,,-0.00836441616601391,,
2019-02-22,110.7,1.1342,3032.24,114.2716,2.65,0.74,1.91,2.4,,,,,13.51,,,,,,-0.4,125.55594000000002,0.00017208153495662515,-0.00017208153495662515,0.0035118184047711054,-0.0020762248329173616,
2019-02-23,,,,,,,,,,,,,,,,,,,-0.4,,,,,,
2019-02-24,,,,,,,,,,,,,,,,,,,-0.4,,,,,,
2019-02-25,111.07,1.1345,3031.16,114.1457,2.67,0.75,1.92,2.38,,,,,14.85,,,,,,-0.4,126.008915,,,,,
2019-02-26,110.76,1.1374,3036.35,114.0687,2.64,0.72,1.92,2.38,,,,,15.17,,,,,,-0.4,125.978424,-0.00024200422346520867,0.00024200422346520867,0.00171075161500589,-0.0006748040695230273,
2019-02-27,110.92,1.137,3018.11,114.0363,2.69,0.76,1.93,2.37,,3974590.0,,88.0,14.7,,,,,,-0.4,126.11604,0.0010917813226534179,-0.0010917813226534179,-0.0060253284959959075,-0.0002840797020491337,
2019-02-28,111.38,1.1379,3002.88,114.1991,2.73,0.78,1.95,2.58,,,,,14.78,,,,,,-0.4,126.73930199999998,0.004929801026372083,-0.004929801026372083,-0.00505897949742895,0.0014265975182699009,
2019-03-01,111.89,1.1376,2952.85,114.537,2.76,0.8,1.96,2.38,,,14559.5,,13.57,,-0.095,0.010952381,2.69,1.19,-0.4,127.286064,0.004304789344120152,-0.004304789344120152,-0.016801022492055395,0.002954498619113899,
2019-03-02,,,,,,,,,,,,,,,,,,,-0.4,,,,,,
2019-03-03,,,,,,,,,,,,,,,,,,,-0.4,,,,,,
2019-03-04,111.68,1.1328,2945.36,114.6925,2.72,0.78,1.94,2.38,,,,,14.63,,,,,,-0.4,126.51110400000002,,,,,
2019-03-05,111.98,1.13,2949.04,114.804,2.72,0.79,1.93,2.38,,,,,14.74,,,,,,-0.4,126.53739999999999,0.00020783367361598692,-0.00020783367361598692,0.0012486429418183675,0.000971692455205897,
2019-03-06,111.66,1.132,2946.1,114.9714,2.69,0.78,1.91,2.38,,3969134.0,,65.0,15.74,,,,,,-0.4,126.39911999999998,-0.0010933969817914502,0.0010933969817914502,-0.0009974318654837333,0.001457075297153665,
2019-03-07,111.6,1.1214,2943.12,115.4919,2.64,0.74,1.9,2.38,,,,,16.59,,,,,,-0.4,125.14823999999999,-0.009945565008560031,0.009945565008560031,-0.00101201865589573,0.004516995851319372,
2019-03-08,111.11,1.1243,2971.25,115.3599,2.62,0.72,1.9,2.39,,,,,16.05,,,,,,-0.4,124.920973,-0.0018176332851513877,0.0018176332851513877,0.009512496552523508,-0.001143590947835449,
2019-03-09,,,,,,,,,,,,,,,,,,,-0.4,,,,,,
2019-03-10,,,,,,,,,,,,,,,,,,,-0.4,,,,,,
2019-03-11,111.21,1.1226,2952.05,115.2967,2.64,0.73,1.91,2.38,,,,,14.33,,,,,,-0.4,124.844346,,,,,
2019-03-12,111.38,1.1276,2967.03,114.939,2.61,0.71,1.9,2.39,,,,,13.77,,,,,,-0.4,125.59208799999999,0.005971529062630765,-0.005971529062630765,0.005061608216863078,-0.0031072530263562825,
2019-03-13,111.23,1.131,2982.97,114.7372,2.61,0.69,1.92,2.4,,3971559.0,,67.0,13.41,,,,,,-0.4,125.80113,0.0016630683185780981,-0.0016630683185780981,0.005357996011407629,-0.0017572569724597642,
2019-03-14,111.71,1.1304,2956.88,114.79,2.63,0.69,1.94,2.42,,,,,13.5,,,,,,-0.4,126.276984,0.0037754532330165347,-0.0037754532330165347,-0.008784790116163066,0.00046007619952082024,
2019-03-15,111.57,1.1326,2968.6,114.5815,2.59,0.65,1.94,2.46,,,,,12.88,,,,,,-0.4,126.364182,0.0006902913317183845,-0.0006902913317183845,0.0039558028322579375,-0.0018180118927348943,
2019-03-16,,,,,,,,,,,,,,,,,,,-0.4,,,,,,
2019-03-17,,,,,,,,,,,,,,,,,,,-0.4,,,,,,
2019-03-18,111.41,1.1337,2971.62,114.4375,2.6,0.64,1.96,2.41,,,,,13.1,,,,,,-0.4,126.305517,,,,,
2019-03-19,111.38,1.1346,2978.26,114.2324,2.61,0.66,1.95,2.42,,,,,13.56,,,,,,-0.4,126.371748,0.0005242339592106404,-0.0005242339592106404,0.0022319787143789682,-0.0017938526670926436,
2019-03-20,111.41,1.1352,2993.12,114.1509,2.54,0.58,1.96,2.47,,3962748.0,,68.0,13.91,,,,,,-0.4,126.47263199999999,0.0007979928630685862,-0.0007979928630685862,0.004977084250273656,-0.0007137124602332179,
2019-03-21,110.86,1.1361,2984.3,114.1684,2.54,0.58,1.96,2.44,,,,,13.63,,,,,,-0.4,125.948046,-0.004156448349539765,0.004156448349539765,-0.002951108137338565,0.00015329409326536592,
2019-03-22,109.76,1.1282,2989.98,114.6856,2.44,0.54,1.9,2.4,,,,,16.48,,,,,,-0.4,123.83123200000001,-0.016949882284066575,0.016949882284066575,0.0019014849358942598,0.004519919953496654,
2019-03-23,,,,,,,,,,,,,,,,,,,-0.4,,,,,,
2019-03-24,,,,,,,,,,,,,,,,,,,-0.4,,,,,,
2019-03-25,110.09,1.1324,3006.77,114.4171,2.43,0.55,1.88,2.4,,,,,16.33,,,,,,-0.4,124.66591600000001,,,,,
2019-03-26,110.5,1.128,2999.16,114.6414,2.41,0.55,1.86,2.4,,,,,14.68,,,,,,-0.4,124.64399999999999,-0.00017581330424487618,0.00017581330424487618,-0.0025341634260165335,0.001958452287887269,
2019-03-27,110.38,1.125,2986.96,115.1243,2.39,0.55,1.84,2.4,,3955617.0,,66.0,15.15,,,,,,-0.4,124.1775,-0.0037496803659360367,0.0037496803659360367,-0.004076101679054034,0.004203418621830046,
2019-03-28,110.54,1.1236,2951.21,115.2581,2.39,0.56,1.83,2.43,,,,,14.43,,,,,,-0.4,124.202744,0.00020326898532996296,-0.00020326898532996296,-0.012040892034993256,0.0011615471932184818,
2019-03-29,110.68,1.1228,2954.35,115.1371,2.41,0.53,1.88,2.65,,,,,13.71,,,,,,-0.4,124.27150400000001,0.0005534577712467126,-0.0005534577712467126,0.0010634047561621784,-0.0010503692014820487,
2019-03-30,,,,,,,,,,,,,,,,,,,-0.4,,,,,,
2019-03-31,,,,,,,,,,,,,,,,,,,-0.4,,,,,,
2019-04-01,111.29,1.121,2944.2,114.9362,2.49,0.59,1.9,2.46,,,14594.0,,13.4,,-0.045,-0.0395,2.618,1.1906,-0.4,124.75609,,,,,
2019-04-02,111.32,1.1186,2955.31,115.1173,2.48,0.58,1.9,2.46,,,,,13.36,,,,,,-0.4,124.52255199999999,-0.001873711012315482,0.001873711012315482,0.0037664189513320068,0.001574416710974802,
2019-04-03,111.48,1.1242,2951.45,114.7211,2.52,0.61,1.91,2.47,,3935509.0,,1365.0,13.74,,,,,,-0.4,125.32581600000002,0.006430034136544194,-0.006430034136544194,-0.0013069772767027033,-0.003447643147916679,
2019-04-04,111.55,1.1216,2958.82,114.9697,2.51,0.61,1.9,2.46,,,,,13.58,,,,,,-0.4,125.11447999999999,-0.0016877160228547794,0.0016877160228547794,0.002493965189418468,0.0021646500170859895,
2019-04-05,111.71,1.1217,2956.04,114.9726,2.5,0.6,1.9,2.46,,,,,12.82,,,,,,-0.4,125.30510699999998,0.0015224610750674827,-0.0015224610750674827,-0.0009400054116932566,2.5223719169353842e-05,
2019-04-06,,,,,,,,,,,,,,,,,,,-0.4,,,,,,
2019-04-07,,,,,,,,,,,,,,,,,,,-0.4,,,,,,
2019-04-08,111.47,1.1262,2968.17,114.6893,2.52,0.61,1.91,2.46,,,,,13.18,,,,,,-0.4,125.53751400000002,,,,,
2019-04-09,111.08,1.1278,2982.62,114.5321,2.51,0.6,1.91,2.45,,,,,14.28,,,,,,-0.4,125.27602399999999,-0.0020851354103701425,0.0020851354103701425,0.004856507590105252,-0.0013715998998771184,
2019-04-10,110.92,1.1266,2990.84,114.4269,2.48,0.54,1.94,2.45,,3936784.0,,55.0,13.3,,,,,,-0.4,124.962472,-0.0025060266034895307,0.0025060266034895307,0.0027521755192179143,-0.0009189418839445906,
2019-04-11,111.48,1.1262,2957.38,114.6303,2.51,0.57,1.94,2.44,,,,,13.02,,,,,,-0.4,125.54877600000002,0.004680868226074608,-0.004680868226074608,-0.011250543164769589,0.001775976074638308,
2019-04-12,112.0,1.1304,2944.24,114.3531,2.56,0.61,1.95,2.44,,,,,12.01,,,,,,-0.4,126.60480000000001,0.008376087231146911,-0.008376087231146911,-0.004453021954375025,-0.0024211373873388453,
2019-04-13,,,,,,,,,,,,,,,,,,,-0.4,,,,,,
2019-04-14,,,,,,,,,,,,,,,,,,,-0.4,,,,,,
2019-04-15,112.0,1.1304,2939.41,114.495,2.55,0.61,1.94,2.47,,,,,12.32,,,,,,-0.4,126.60480000000001,,,,,
2019-04-16,111.95,1.1293,2915.52,114.6756,2.6,0.64,1.96,2.47,,,,,12.18,,,,,,-0.4,126.425135,-0.0014201088910237303,0.0014201088910237303,-0.008160689396144782,0.0015761187288987344,
2019-04-17,112.0,1.1297,2911.05,114.5141,2.59,0.65,1.94,2.5,,3931827.0,,55.0,12.6,,,,,,-0.4,126.5264,0.0008006672535891823,-0.0008006672535891823,-0.0015343506992797629,-0.0014093131299572903,
2019-04-18,111.94,1.1241,2913.58,114.7073,2.57,0.62,1.95,2.5,,,,,12.09,,,,,,-0.4,125.831754,-0.0055052530970129965,0.0055052530970129965,0.0008687247633281103,0.001685706882079252,
2019-04-19,111.92,1.1246,,114.6977,,,,,,,,,,,,,,,-0.4,125.865232,0.000266018284362346,-0.000266018284362346,,-8.369477566461114e-05,
2019-04-20,,,,,,,,,,,,,,,,,,,-0.4,,,,,,
2019-04-21,,,,,,,,,,,,,,,,,,,-0.4,,,,,,
2019-04-22,111.94,1.1258,2913.58,114.7694,2.59,0.64,1.95,2.46,,,,,12.42,,,,,,-0.4,126.02205199999999,,,,,
2019-04-23,111.86,1.1213,2908.03,115.1578,2.57,0.62,1.95,2.46,,,,,12.28,,,,,,-0.4,125.428618,-0.0047200916328629106,0.0047200916328629106,-0.0019066896207071693,0.003378463874075699,
2019-04-24,111.81,1.1192,2916.36,115.4187,2.53,0.57,1.96,2.44,,3928273.0,,55.0,13.14,,,,,,-0.4,125.137752,-0.002321669349728772,0.002321669349728772,0.002860387329675085,0.002263024300786398,
2019-04-25,111.59,1.114,2919.14,115.7709,2.54,0.56,1.98,2.45,,,,,13.25,,,,,,-0.4,124.31126000000002,-0.0066265648257086696,0.0066265648257086696,0.0009527890361775704,0.0030468522153679345,
2019-04-26,111.6,1.1154,2937.72,115.4767,2.51,0.54,1.97,2.46,,,,,12.73,,,,,,-0.4,124.47863999999998,0.0013455532178250351,-0.0013455532178250351,0.006344717930360844,-0.002544460212583033,
2019-04-27,,,,,,,,,,,,,,,,,,,-0.4,,,,,,
2019-04-28,,,,,,,,,,,,,,,,,,,-0.4,,,,,,
2019-04-29,111.8,1.1166,2925.41,115.5227,2.54,0.58,1.96,2.48,,,,,13.11,,,,,,-0.4,124.83588,,,,,
2019-04-30,111.4,1.1201,2934.34,115.3281,2.51,0.56,1.95,2.76,,,,,13.12,,,,,,-0.4,124.77914000000001,-0.0004546200863817518,0.0004546200863817518,0.003047913959859372,-0.001685937809996929,
2019-05-01,111.18,1.1246,2915.64,115.0022,2.52,0.59,1.93,2.54,,3889691.0,14703.2,55.0,14.8,,-0.095,-0.1345454545,2.644,1.13,-0.4,125.03302800000002,0.0020326318725478743,-0.0020326318725478743,-0.006393206025950171,-0.002829851022513985,
2019-05-02,111.39,1.1184,2904.65,115.5617,2.55,0.66,1.89,2.5,,,,,14.42,,,,,,-0.4,124.57857600000001,-0.0036412770467810773,0.0036412770467810773,-0.0037764486172378042,0.004853327847436084,
2019-05-03,111.28,1.1186,2921.79,115.2646,2.54,0.63,1.91,2.43,,,,,12.87,,,,,,-0.4,124.47780800000001,-0.0008091983339690856,0.0008091983339690856,0.005883541045041518,-0.002574231481119682,
2019-05-04,,,,,,,,,,,,,,,,,,,-0.4,,,,,,
2019-05-05,,,,,,,,,,,,,,,,,,,-0.4,,,,,,
2019-05-06,110.86,1.1197,2925.65,115.3811,2.51,0.6,1.91,2.42,,,,,15.44,,,,,,-0.4,124.12994199999999,,,,,
2019-05-07,110.34,1.1178,2934.67,115.6116,2.45,0.58,1.87,2.44,,,,,19.32,,,,,,-0.4,123.33805199999999,-0.006399960577926578,0.006399960577926578,0.003078332624461666,0.0019957347267336445,
2019-05-08,110.12,1.1206,2927.56,115.5171,2.49,0.62,1.87,2.43,,3892216.0,,55.0,19.4,,,,,,-0.4,123.40047200000001,0.0005059607257082988,-0.0005059607257082988,-0.0024256992599340776,-0.0008177262734214708,
2019-05-09,109.55,1.1228,2933.41,115.8421,2.45,0.6,1.85,2.41,,,,,19.1,,,,,,-0.4,123.00274,-0.003228304876388144,0.003228304876388144,0.00199625725526964,0.002809485974834658,
2019-05-10,109.56,1.1241,2939.5,115.5334,2.47,0.59,1.88,2.4,,,,,16.04,,,,,,-0.4,123.15639600000002,0.0012484283334259771,-0.0012484283334259771,0.002073930022033821,-0.002668391278851878,
2019-05-11,,,,,,,,,,,,,,,,,,,-0.4,,,,,,
2019-05-12,,,,,,,,,,,,,,,,,,,-0.4,,,,,,
2019-05-13,109.18,1.1232,2951.64,115.915,2.4,0.55,1.85,2.38,,,,,20.55,,,,,,-0.4,122.630976,,,,,
2019-05-14,109.68,1.1207,2950.43,115.9425,2.42,0.56,1.86,2.39,,,,,18.06,,,,,,-0.4,122.91837600000001,0.0023408746868831543,-0.0023408746868831543,-0.0004100256408179348,0.0002372146696050237,
2019-05-15,109.58,1.1208,2950.43,115.8565,2.37,0.54,1.83,2.48,,3864749.0,,50.0,16.44,,,,,,-0.4,122.817264,-0.0008229331789753047,0.0008229331789753047,0.0,-0.0007420222170582136,
2019-05-16,109.89,1.1178,2934.27,116.0346,2.4,0.56,1.84,2.43,,,,,15.29,,,,,,-0.4,122.83504199999999,0.00014474116136398152,-0.00014474116136398152,-0.0054922224145723675,0.001536066153629001,
2019-05-17,109.9,1.1166,2916.78,116.448,2.39,0.58,1.81,2.42,,,,,15.96,,,,,,-0.4,122.71434,-0.00098311800859463,0.00098311800859463,-0.00597843193731773,0.003556398936717109,
2019-05-18,,,,,,,,,,,,,,,,,,,-0.4,,,,,,
2019-05-19,,,,,,,,,,,,,,,,,,,-0.4,,,,,,
2019-05-20,109.96,1.117,2917.14,116.3119,2.41,0.6,1.81,2.39,,,,,16.31,,,,,,-0.4,122.82531999999999,,,,,
2019-05-21,110.6,1.1158,2911.71,116.2844,2.43,0.6,1.83,2.38,,,,,14.95,,,,,,-0.4,123.40747999999998,0.004728542133416447,-0.004728542133416447,-0.0018631467856504713,-0.00023646120018305794,
2019-05-22,110.28,1.1156,2909.3,116.2412,2.39,0.6,1.79,2.37,,3860435.0,,17.0,14.75,,,,,,-0.4,123.02836799999999,-0.003076762590731974,0.003076762590731974,-0.0008280350446749907,-0.00037157199462800605,
2019-05-23,109.58,1.1172,2928.6,116.2368,2.31,0.58,1.73,2.37,,,,,16.92,,,,,,-0.4,122.422776,-0.004934531727638358,0.004934531727638358,0.006611990720547745,-3.78530441640379e-05,
2019-05-24,109.38,1.1197,2932.94,116.0806,2.32,0.56,1.76,2.37,,,,,15.85,,,,,,-0.4,122.47278599999999,0.00040841900348631555,-0.00040841900348631555,0.001480839776951015,-0.0013447122216190266,
2019-05-25,,,,,,,,,,,,,,,,,,,-0.4,,,,,,
2019-05-26,,,,,,,,,,,,,,,,,,,-0.4,,,,,,
2019-05-27,,,,,,,,,,,,,,,,,,,-0.4,,,,,,
2019-05-28,109.49,1.1177,2923.29,116.3174,2.26,0.53,1.73,2.41,,,,,17.5,,,,,,-0.4,122.37697299999998,,,,,
2019-05-29,109.24,1.1136,2924.86,116.5535,2.25,0.5,1.75,2.4,,3851444.0,,17.0,17.9,,,,,,-0.4,121.64966399999999,-0.005960916091240165,0.005960916091240165,0.0005369219454758323,0.0020277336575569294,
2019-05-30,109.67,1.114,2942.35,116.3989,2.22,0.48,1.74,2.4,,,,,17.3,,,,,,-0.4,122.17238000000002,0.0042876910736877605,-0.0042876910736877605,0.005961965502122801,-0.0013273099800414911,
2019-05-31,108.66,1.1149,2972.5,116.7273,2.14,0.4,1.74,2.49,,,,,18.71,,,,,,-0.4,121.145034,-0.00844454236244463,0.00844454236244463,0.010194767790202341,0.002817360015505699,
2019-06-01,,,,,,,,,,,14798.8,,,,-0.165,-0.3152631579,2.284,0.919,-0.4,,,,,,
2019-06-02,,,,,,,,,,,,,,,,,,,-0.4,,,,,,
2019-06-03,108.39,1.1206,2997.59,116.4764,2.07,0.34,1.73,2.4,,,,,18.86,,,,,,-0.4,121.46183400000001,,,,,
2019-06-04,108.3,1.1236,3000.85,116.091,2.12,0.38,1.74,2.39,,,,,16.97,,,,,,-0.4,121.68587999999998,0.001842880278190684,-0.001842880278190684,0.0010869493804932517,-0.003314311058132624,
2019-06-05,108.2,1.1242,3004.95,116.03,2.12,0.37,1.75,2.4,,3847645.0,,17.0,16.09,,,,,,-0.4,121.63844000000002,-0.0003899322566773833,0.0003899322566773833,0.001365347043499554,-0.0005255879597640956,
2019-06-06,108.08,1.1294,3008.81,115.9771,2.12,0.39,1.73,2.4,,,,,15.93,,,,,,-0.4,122.065552,0.0035051739103231228,-0.0035051739103231228,0.0012837228389859234,-0.0004560205348607127,
2019-06-07,108.15,1.1324,3016.17,115.7368,2.09,0.35,1.74,2.39,,,,,16.3,,,,,,-0.4,122.46906000000001,0.0033002147461331788,-0.0033002147461331788,0.0024431628523284843,-0.0020741102380670284,
2019-06-08,,,,,,,,,,,,,,,,,,,-0.4,,,,,,
2019-06-09,,,,,,,,,,,,,,,,,,,-0.4,,,,,,
2019-06-10,108.56,1.1311,3007.96,115.5001,2.15,0.42,1.73,2.39,,,,,15.94,,,,,,-0.4,122.792216,,,,,
2019-06-11,108.52,1.1316,3007.55,115.3794,2.15,0.43,1.72,2.38,,,,,15.99,,,,,,-0.4,122.80123199999998,7.342215419381404e-05,-7.342215419381404e-05,-0.00013631429442639842,-0.0010455671551259371,
2019-06-12,108.42,1.131,3015.25,115.438,2.13,0.42,1.71,2.37,,3849955.0,,22.0,15.91,,,,,,-0.4,122.62302,-0.0014522772698306596,0.0014522772698306596,0.002556951648806205,0.0005077606909971166,
2019-06-13,108.44,1.1275,3023.47,115.6275,2.1,0.42,1.68,2.35,,,,,15.82,,,,,,-0.4,122.2661,-0.0029149539410147085,0.0029149539410147085,0.0027224329251804846,0.0016402279222562655,
2019-06-14,108.44,1.1217,3021.94,115.9057,2.09,0.46,1.63,2.35,,,,,15.28,,,,,,-0.4,121.63714799999998,-0.005157400725655847,0.005157400725655847,-0.0005061691540078073,0.002403112243794858,
2019-06-15,,,,,,,,,,,,,,,,,,,-0.4,,,,,,
2019-06-16,,,,,,,,,,,,,,,,,,,-0.4,,,,,,
2019-06-17,108.56,1.1235,3009.85,115.9684,2.09,0.48,1.61,2.41,,,,,15.35,,,,,,-0.4,121.96715999999999,,,,,
2019-06-18,108.39,1.1196,3021.4,115.8797,2.06,0.42,1.64,2.39,,,,,15.15,,,,,,-0.4,121.353444,-0.005044515683040984,0.005044515683040984,0.003830056495495171,-0.0007651561891384162,
2019-06-19,108.36,1.1214,3034.98,115.7889,2.03,0.36,1.67,2.36,,3844016.0,,17.0,14.33,,,,,,-0.4,121.51490399999999,0.0013296094375094825,-0.0013296094375094825,0.004484534576430832,-0.0007838783905071978,
2019-06-20,107.52,1.1284,3067.72,114.8046,2.01,0.27,1.74,2.36,,,,,14.75,,,,,,-0.4,121.325568,-0.0015593450037858503,0.0015593450037858503,0.010729779968682962,-0.008537152853129726,
2019-06-21,107.55,1.1328,3077.6,114.8377,2.07,0.34,1.73,2.37,,,,,15.4,,,,,,-0.4,121.83264,0.004170722750513889,-0.004170722750513889,0.0032154577833480857,0.00028827441833900735,
2019-06-22,,,,,,,,,,,,,,,,,,,-0.4,,,,,,
2019-06-23,,,,,,,,,,,,,,,,,,,-0.4,,,,,,
2019-06-24,107.36,1.1393,3089.75,114.6559,2.02,0.31,1.71,2.39,,,,,15.26,,,,,,-0.4,122.315248,,,,,
2019-06-25,106.92,1.1386,3091.17,114.6363,2.0,0.33,1.67,2.41,,,,,16.28,,,,,,-0.4,121.739112,-0.00472138313974213,0.00472138313974213,0.0004594785323153161,-0.0001709608966002918,
2019-06-26,107.64,1.139,3087.48,114.5608,2.05,0.35,1.7,2.43,,3826817.0,,18.0,16.21,,,,,,-0.4,122.60196,0.007062681518187119,-0.007062681518187119,-0.0011944358197020222,-0.0006588216232303878,
2019-06-27,107.73,1.1372,3088.56,114.665,2.01,0.33,1.68,2.42,,,,,15.82,,,,,,-0.4,122.51055600000001,-0.0007458126229407114,0.0007458126229407114,0.00034973867106025125,0.0009091472877589268,
2019-06-28,107.84,1.1374,3091.77,114.5821,2.0,0.31,1.69,2.5,,,,,15.08,,,,,,-0.4,122.657216,0.0011964053537498742,-0.0011964053537498742,0.0010387795760582463,-0.0007232370975565061,
2019-06-29,,,,,,,,,,,,,,,,,,,-0.4,,,,,,
2019-06-30,,,,,,,,,,,,,,,,,,,-0.4,,,,,,
2019-07-01,108.42,1.1307,3078.67,114.7239,2.03,0.34,1.69,2.42,,,14882.7,,14.06,,-0.16,-0.3882608696,1.654,0.8304,-0.4,122.590494,,,,,
2019-07-02,107.98,1.1301,3097.37,114.8258,1.98,0.33,1.65,2.51,,,,,12.93,,,,,,-0.4,122.02819800000002,-0.004597334617145066,0.004597334617145066,0.006055678766974992,0.0008878252221062866,
2019-07-03,107.84,1.1275,3098.44,114.8135,1.96,0.31,1.65,2.56,,3813198.0,,17.0,12.57,,,,,,-0.4,121.5896,-0.003600709615415809,0.003600709615415809,0.0003453947137295188,-0.00010712452103600612,
2019-07-04,,,,,,,,,,,,,,,,,,,-0.4,,,,,,
2019-07-05,108.55,1.1216,3093.56,115.1132,2.04,0.35,1.69,2.59,,,,,13.28,,,,,,-0.4,121.74967999999998,,,,,
2019-07-06,,,,,,,,,,,,,,,,,,,-0.4,,,,,,
2019-07-07,,,,,,,,,,,,,,,,,,,-0.4,,,,,,
2019-07-08,108.72,1.1208,3095.22,115.0254,2.05,0.35,1.7,2.48,,,,,13.96,,,,,,-0.4,121.853376,,,,,
2019-07-09,108.78,1.121,3097.42,115.1017,2.07,0.36,1.71,2.45,,,,,14.09,,,,,,-0.4,121.94238,0.0007301522012888029,-0.0007301522012888029,0.0007105209062867601,0.0006631118438100714,
2019-07-10,108.44,1.126,3109.51,115.0879,2.07,0.33,1.74,2.46,,3815038.0,,43.0,13.03,,,,,,-0.4,122.10343999999999,0.0013199162631254424,-0.0013199162631254424,0.0038956506001870395,-0.00011990115988336214,
2019-07-11,108.29,1.1261,3103.17,114.8361,2.13,0.36,1.77,2.41,,,,,12.93,,,,,,-0.4,121.94536900000001,-0.001295404986832338,0.001295404986832338,-0.00204098785092377,-0.0021902898406844784,
2019-07-12,108.0,1.1254,3110.36,114.7685,2.12,0.35,1.77,2.36,,,,,12.39,,,,,,-0.4,121.5432,-0.003303394219869027,0.003303394219869027,0.0023143054621570514,-0.0005888383939458564,
2019-07-13,,,,,,,,,,,,,,,,,,,-0.4,,,,,,
2019-07-14,,,,,,,,,,,,,,,,,,,-0.4,,,,,,
2019-07-15,107.89,1.126,3096.27,114.6819,2.09,0.32,1.77,2.46,,,,,12.68,,,,,,-0.4,121.48413999999998,,,,,
2019-07-16,108.35,1.1212,3079.09,115.0111,2.13,0.33,1.8,2.47,,,,,12.86,,,,,,-0.4,121.48201999999999,-1.7450989883371903e-05,1.7450989883371903e-05,-0.005564062442561024,0.00286643672558462,
2019-07-17,108.1,1.1232,3109.85,114.8819,2.06,0.31,1.75,2.47,,3808110.0,,38.0,13.97,,,,,,-0.4,121.41792,-0.0005277893562922742,0.0005277893562922742,0.009940394731977165,-0.0011240012840962876,
2019-07-18,107.74,1.1228,3131.9,114.8744,2.04,0.25,1.79,2.46,,,,,13.53,,,,,,-0.4,120.970472,-0.0036919961765935483,0.0036919961765935483,0.007065355621914904,-6.528656670301558e-05,
2019-07-19,107.78,1.122,3110.66,114.8695,2.05,0.25,1.8,2.41,,,,,14.45,,,,,,-0.4,120.92916000000001,-0.00034156315212285904,0.00034156315212285904,-0.006804926813158474,-4.265619240140239e-05,
2019-07-20,,,,,,,,,,,,,,,,,,,-0.4,,,,,,
2019-07-21,,,,,,,,,,,,,,,,,,,-0.4,,,,,,
2019-07-22,107.91,1.1214,3115.3,115.0018,2.05,0.26,1.79,2.4,,,,,13.53,,,,,,-0.4,121.010274,,,,,
2019-07-23,108.06,1.1156,3107.18,115.2995,2.08,0.27,1.81,2.4,,,,,12.61,,,,,,-0.4,120.55173599999999,-0.0037964458959605096,0.0037964458959605096,-0.0026098933573575067,0.0025853103374977593,
2019-07-24,108.08,1.1141,3117.51,115.2436,2.05,0.26,1.79,2.41,,3803436.0,,11.0,12.07,,,,,,-0.4,120.411928,-0.0011604074520397134,0.0011604074520397134,0.003319043834466129,-0.00048494187069980654,
2019-07-25,108.58,1.1156,3106.13,115.2982,2.08,0.28,1.8,2.42,,,,,12.74,,,,,,-0.4,121.13184799999999,0.005961007513424654,-0.005961007513424654,-0.0036570279395551353,0.0004736668232903085,
2019-07-26,108.69,1.1121,3114.61,115.5449,2.08,0.3,1.78,2.41,,,,,12.16,,,,,,-0.4,120.874149,-0.0021296918307465162,0.0021296918307465162,0.002726365433275646,0.002137383304233964,
2019-07-27,,,,,,,,,,,,,,,,,,,-0.4,,,,,,
2019-07-28,,,,,,,,,,,,,,,,,,,-0.4,,,,,,
2019-07-29,108.86,1.1142,3127.72,115.5885,2.06,0.29,1.77,2.4,,,,,12.83,,,,,,-0.4,121.29181200000001,,,,,
2019-07-30,108.66,1.1148,3132.01,115.6211,2.06,0.28,1.78,2.39,,,,,13.94,,,,,,-0.4,121.134168,-0.0013005538615988854,0.0013005538615988854,0.0013706663615362658,0.0002819952131405401,
2019-07-31,108.58,1.113,3108.46,115.4946,2.02,0.26,1.76,2.55,,3779102.0,,11.0,16.12,,,,,,-0.4,120.84953999999999,-0.0023524569783202054,0.0023524569783202054,-0.007547544269755235,-0.0010946899118717823,
2019-08-01,108.28,1.1062,3149.42,116.0499,1.9,0.2,1.7,2.19,,,14974.4,,17.87,,-0.28,-0.6490909091,1.404,0.5776,-0.4,119.77933600000001,-0.008895117446171774,0.008895117446171774,0.01309088219823451,0.004796495400402279,
2019-08-02,106.64,1.1112,3148.73,116.1864,1.86,0.2,1.66,2.19,,,,,17.61,,,,,,-0.4,118.498368,-0.010751994996090808,0.010751994996090808,-0.00021911196232515806,0.001175526958694384,
2019-08-03,,,,,,,,,,,,,,,,,,,-0.4,,,,,,
2019-08-04,,,,,,,,,,,,,,,,,,,-0.4,,,,,,
2019-08-05,106.02,1.1197,3165.9,116.5851,1.75,0.15,1.6,2.13,,,,,24.59,,,,,,-0.4,118.71059399999999,,,,,
2019-08-06,106.45,1.1196,3175.2,116.6904,1.73,0.11,1.62,2.11,,,,,20.17,,,,,,-0.4,119.18141999999999,0.003958322154975491,-0.003958322154975491,0.0029332471237015767,0.0009027952541265094,
2019-08-07,105.62,1.1236,3182.13,116.7987,1.71,0.09,1.62,2.1,,3781543.0,,30.0,19.49,,,,,,-0.4,118.674632,-0.004261306471911475,0.004261306471911475,0.0021801614026379923,0.0009276664972075466,
2019-08-08,106.04,1.121,3187.63,116.474,1.72,0.07,1.65,2.09,,,,,16.91,,,,,,-0.4,118.87084,0.001651961984109107,-0.001651961984109107,0.0017269100772558943,-0.0027838680625711376,
2019-08-09,105.3,1.1222,3185.59,116.4419,1.74,0.08,1.66,2.11,,,,,17.97,,,,,,-0.4,118.16766000000001,-0.0059330620361830455,0.0059330620361830455,-0.0006401787698120387,-0.00027563597163826614,
2019-08-10,,,,,,,,,,,,,,,,,,,-0.4,,,,,,
2019-08-11,,,,,,,,,,,,,,,,,,,-0.4,,,,,,
2019-08-12,105.38,1.1212,3165.42,116.7548,1.65,0.04,1.61,2.12,,,,,21.09,,,,,,-0.4,118.15205599999999,,,,,
2019-08-13,106.6,1.1182,3158.72,116.7267,1.68,0.05,1.63,2.16,,,,,17.52,,,,,,-0.4,119.20012,0.008831356252516187,-0.008831356252516187,-0.0021188659664996834,-0.00024070429679134975,
2019-08-14,105.79,1.1144,3169.21,117.0913,1.59,0.02,1.57,2.13,,3786018.0,,45.0,22.1,,,,,,-0.4,117.89237600000001,-0.011031620860009639,0.011031620860009639,0.0033154632270253614,0.0031186674722292196,
2019-08-15,106.12,1.1106,3178.13,117.2239,1.52,-0.02,1.54,2.18,,,,,21.18,,,,,,-0.4,117.85687200000001,-0.0003012013872334407,0.0003012013872334407,0.002810628033808271,0.001131808898056974,
2019-08-16,106.34,1.1091,3175.46,117.0786,1.55,0.01,1.54,2.13,,,,,18.47,,,,,,-0.4,117.941694,0.0007194446098424123,-0.0007194446098424123,-0.0008404697681694273,-0.0012402771513420063,
2019-08-17,,,,,,,,,,,,,,,,,,,-0.4,,,,,,
2019-08-18,,,,,,,,,,,,,,,,,,,-0.4,,,,,,
2019-08-19,106.5,1.1096,3165.31,117.3886,1.6,0.04,1.56,2.11,,,,,16.88,,,,,,-0.4,118.1724,,,,,
2019-08-20,106.35,1.1092,3177.58,117.3726,1.55,0.02,1.53,2.13,,,,,17.5,,,,,,-0.4,117.96341999999999,-0.0017699987622323832,0.0017699987622323832,0.003868903703265758,-0.0001363087258434703,
2019-08-21,106.52,1.1098,3174.79,117.1764,1.59,0.05,1.54,2.1,,3764866.0,,43.0,15.8,,,,,,-0.4,118.21589599999999,0.002138003449663195,-0.002138003449663195,-0.0008784123655889431,-0.001672998356525568,
2019-08-22,106.44,1.1089,3170.66,117.3558,1.62,0.07,1.55,2.09,,,,,16.68,,,,,,-0.4,118.031316,-0.001562600768873601,0.001562600768873601,-0.0013017203139842337,0.0015298541947741384,
2019-08-23,105.3,1.1148,3190.85,117.3009,1.52,-0.02,1.54,2.1,,,,,19.87,,,,,,-0.4,117.38844,-0.00546154332093618,0.00546154332093618,0.006347570872534902,-0.00046791760901498947,
2019-08-24,,,,,,,,,,,,,,,,,,,-0.4,,,,,,
2019-08-25,,,,,,,,,,,,,,,,,,,-0.4,,,,,,
2019-08-26,106.0,1.1112,3196.32,117.6658,1.54,0.0,1.54,2.1,,,,,19.32,,,,,,-0.4,117.7872,,,,,
2019-08-27,105.8,1.1094,3209.26,117.75,1.49,-0.06,1.55,2.15,,,,,20.31,,,,,,-0.4,117.37451999999999,-0.003509758506868188,0.003509758506868188,0.004040232922591258,0.0007153300975586419,
2019-08-28,105.86,1.1084,3207.92,117.8767,1.47,-0.08,1.55,2.12,,3759946.0,,69.0,19.35,,,,,,-0.4,117.33522400000001,-0.00033484762666802226,0.00033484762666802226,-0.00041762893341790175,0.0010754300103616998,
2019-08-29,106.5,1.1059,3203.68,118.0625,1.5,-0.09,1.59,2.12,,,,,17.88,,,,,,-0.4,117.77835000000002,0.003769467812128724,-0.003769467812128724,-0.001322602975255549,0.0015749823548398822,
2019-08-30,106.3,1.0989,3204.46,118.1575,1.5,-0.05,1.55,2.16,,,,,18.98,,,,,,-0.4,116.81307,-0.008229503430013274,0.008229503430013274,0.00024344037547585629,0.0008043349853670279,
2019-08-31,,,,,,,,,,,,,,,,,,,-0.4,,,,,,
2019-09-01,,,,,,,,,,,15047.2,,,,-0.215,-0.5947619048,0.902,0.5981,-0.4,,,,,,
2019-09-02,,,,,,,,,,,,,,,,,,,-0.4,,,,,,
2019-09-03,105.88,1.0968,3217.74,118.3113,1.47,-0.03,1.5,2.17,,,,,19.66,,,,,,-0.4,116.129184,,,,,
2019-09-04,106.28,1.1025,3221.31,117.6729,1.47,-0.04,1.51,2.21,,3761508.0,,872.0,17.33,,,,,,-0.4,117.17370000000001,0.008954222605608742,-0.008954222605608742,0.0011088593397463598,-0.00541054492102333,
2019-09-05,106.96,1.1038,3202.23,117.4776,1.57,0.01,1.56,2.21,,,,,16.27,,,,,,-0.4,118.06244799999997,0.007556255586473881,-0.007556255586473881,-0.005940667019585177,-0.00166106425378576,
2019-09-06,106.8,1.1042,3192.75,117.1292,1.55,0.01,1.54,2.15,,,,,15.0,,,,,,-0.4,117.92856,-0.001134687423049563,0.001134687423049563,-0.002964827706813722,-0.0029700780720212094,
2019-09-07,,,,,,,,,,,,,,,,,,,-0.4,,,,,,
2019-09-08,,,,,,,,,,,,,,,,,,,-0.4,,,,,,
2019-09-09,107.14,1.1056,3189.18,117.0601,1.63,0.06,1.57,2.12,,,,,15.27,,,,,,-0.4,118.45398399999999,,,,,
2019-09-10,107.34,1.1042,3172.45,117.0887,1.72,0.12,1.6,2.14,,,,,15.2,,,,,,-0.4,118.52482800000001,0.0005978931324071013,-0.0005978931324071013,-0.005259670420439733,0.0002442891028460181,
2019-09-11,107.73,1.1001,3185.13,117.3125,1.75,0.15,1.6,2.15,,3769673.0,,40.0,14.61,,,,,,-0.4,118.51377300000001,-9.327594713592902e-05,9.327594713592902e-05,0.003988944476777334,0.001909547118400745,
2019-09-12,107.97,1.1074,3190.12,116.8375,1.79,0.16,1.63,2.2,,,,,14.22,,,,,,-0.4,119.56597799999999,0.008839154496424584,-0.008839154496424584,0.0015654291263960118,-0.004057233838025809,
2019-09-13,108.12,1.1074,3171.13,116.7677,1.9,0.23,1.67,2.2,,,,,13.74,,,,,,-0.4,119.732088,0.00138831064919831,-0.00138831064919831,-0.00597054239715078,-0.0005975894550056537,
2019-09-14,,,,,,,,,,,,,,,,,,,-0.4,,,,,,
2019-09-15,,,,,,,,,,,,,,,,,,,-0.4,,,,,,
2019-09-16,107.94,1.1006,3126.29,117.0251,1.84,0.17,1.67,2.43,,,,,14.67,,,,,,-0.4,118.798764,,,,,
2019-09-17,108.12,1.1063,3132.05,116.9826,1.81,0.15,1.66,5.25,,,,,14.44,,,,,,-0.4,119.61315600000002,0.006831832632956392,-0.006831832632956392,0.0018407442313463918,-0.00036323591460707405,
2019-09-18,108.17,1.1061,3119.2,116.9766,1.8,0.21,1.59,2.55,,3844695.0,,39.0,13.95,,,,,,-0.5,119.646837,0.0002815431012948011,-0.0002815431012948011,-0.004111183554980968,-5.129099433887063e-05,
2019-09-19,108.0,1.1046,3130.28,117.0861,1.79,0.18,1.61,1.95,,,,,14.05,,,,,,-0.5,119.2968,-0.002929872959099633,0.002929872959099633,0.003545898733793962,0.0009356467988137496,
2019-09-20,107.95,1.1004,3154.53,117.1819,1.74,0.13,1.61,1.86,,,,,15.32,,,,,,-0.5,118.78818000000001,-0.004272598580071119,0.004272598580071119,0.007717057586951626,0.0008178667623415237,
2019-09-21,,,,,,,,,,,,,,,,,,,-0.5,,,,,,
2019-09-22,,,,,,,,,,,,,,,,,,,-0.5,,,,,,
2019-09-23,107.47,1.0991,3170.04,117.2986,1.72,0.11,1.61,1.85,,,,,14.91,,,,,,-0.5,118.120277,,,,,
2019-09-24,107.32,1.0999,3181.23,117.2227,1.64,0.06,1.58,1.96,,,,,17.05,,,,,,-0.5,118.041268,-0.0006691098074220747,0.0006691098074220747,0.0035237083538888214,-0.0006472759843134668,
2019-09-25,107.78,1.0949,3143.12,117.6527,1.73,0.13,1.6,2.01,,3857715.0,,42.0,15.96,,,,,,-0.5,118.00832199999999,-0.00027914473576462484,0.00027914473576462484,-0.0120519772906853,0.0036615199412768362,
2019-09-26,107.67,1.0938,3144.45,117.7267,1.7,0.13,1.57,1.85,,,,,16.07,,,,,,-0.5,117.76944600000002,-0.0020262816444311937,0.0020262816444311937,0.000423056926551979,0.0006287721222673071,
2019-09-27,108.05,1.0942,3133.04,117.7218,1.69,0.16,1.53,1.82,,,,,17.22,,,,,,-0.5,118.22831000000001,0.003888719842321642,-0.003888719842321642,-0.0036352148916396487,-4.1622690318376954e-05,
2019-09-28,,,,,,,,,,,,,,,,,,,-0.5,,,,,,
2019-09-29,,,,,,,,,,,,,,,,,,,-0.5,,,,,,
2019-09-30,108.11,1.0905,3091.4,117.9461,1.68,0.15,1.53,2.35,,,,,16.24,,,,,,-0.5,117.893955,,,,,
2019-10-01,107.7,1.0932,3106.35,117.9595,1.65,0.13,1.52,1.88,,,15185.6,,18.56,,-0.15,-0.4695454545,1.004,0.6373,-0.5,117.73764,-0.0013267747301073385,0.0013267747301073385,0.00482434076748639,0.00011360476406174769,
2019-10-02,107.21,1.0951,3138.14,117.9671,1.6,0.1,1.5,1.85,,3945831.0,,973.0,20.56,,,,,,-0.5,117.40567099999998,-0.002823548066394288,0.002823548066394288,0.010181864216159298,6.44268175147289e-05,
2019-10-03,106.76,1.0991,3150.32,117.6608,1.54,0.06,1.48,1.84,,,,,19.12,,,,,,-0.5,117.339916,-0.0005602235386836796,0.0005602235386836796,0.003873767259761962,-0.0025998633653383507,
2019-10-04,106.91,1.0974,3154.53,117.5288,1.52,0.02,1.5,1.82,,,,,17.04,,,,,,-0.5,117.32303399999999,-0.00014388296089418162,0.00014388296089418162,0.0013354800275067191,-0.0011224987317470791,
2019-10-05,,,,,,,,,,,,,,,,,,,-0.5,,,,,,
2019-10-06,,,,,,,,,,,,,,,,,,,-0.5,,,,,,
2019-10-07,107.06,1.0984,3132.6,117.5533,1.56,0.05,1.51,1.83,,,,,17.86,,,,,,-0.5,117.59470400000001,,,,,
2019-10-08,107.06,1.0949,3156.06,117.7407,1.54,0.06,1.48,1.85,,,,,20.28,,,,,,-0.5,117.219994,-0.003191540574381868,0.003191540574381868,0.007461083547333658,0.0015929011332609377,
2019-10-09,107.43,1.0978,3160.13,117.6835,1.59,0.1,1.49,1.85,,3949955.0,,39.0,18.64,,,,,,-0.5,117.93665400000002,0.00609518994962599,-0.00609518994962599,0.0012887517833739537,-0.00048593136241414925,
2019-10-10,107.91,1.1018,3138.05,117.2801,1.67,0.15,1.52,1.85,,,,,17.57,,,,,,-0.5,118.89523799999998,0.008095102620018224,-0.008095102620018224,-0.007011578093488069,-0.003433726724960451,
2019-10-11,108.52,1.1039,3123.94,116.8239,1.76,0.2,1.56,1.85,,,,,15.58,,,,,,-0.5,119.79522800000001,0.007541099400778073,-0.007541099400778073,-0.004506562252611701,-0.003897418048969925,
2019-10-12,,,,,,,,,,,,,,,,,,,-0.5,,,,,,
2019-10-13,,,,,,,,,,,,,,,,,,,-0.5,,,,,,
2019-10-14,,,3114.29,,,,,,,,,,14.57,,,,,,-0.5,,,,,,
2019-10-15,108.83,1.1036,3099.36,116.8111,1.77,0.21,1.56,2.0,,,,,13.54,,,,,,-0.5,120.10478799999999,,,-0.0048055583214434705,,
2019-10-16,108.71,1.1075,3114.96,116.6425,1.75,0.18,1.57,2.05,,3966471.0,,43.0,13.68,,,,,,-0.5,120.39632499999999,0.0024244140840981032,-0.0024244140840981032,0.005020672501347079,-0.0014443986240717521,
2019-10-17,108.51,1.1129,3119.38,116.2615,1.76,0.17,1.59,1.95,,,,,13.79,,,,,,-0.5,120.760779,0.003022546476295851,-0.003022546476295851,0.0014179530601694523,-0.00327173719524243,
2019-10-18,108.44,1.1155,3117.5,116.1344,1.76,0.16,1.6,1.88,,,,,14.25,,,,,,-0.5,120.96481999999999,0.001688203891556661,-0.001688203891556661,-0.0006028655535921246,-0.0010938231928561137,
2019-10-19,,,,,,,,,,,,,,,,,,,-0.5,,,,,,
2019-10-20,,,,,,,,,,,,,,,,,,,-0.5,,,,,,
2019-10-21,108.57,1.1145,3109.21,116.0436,1.8,0.19,1.61,1.86,,,,,14.0,,,,,,-0.5,121.001265,,,,,
2019-10-22,108.56,1.1138,3118.16,115.9851,1.78,0.17,1.61,1.87,,,,,14.46,,,,,,-0.5,120.91412799999999,-0.0007203923875032103,0.0007203923875032103,0.0028744096343213954,-0.000504247976561345,
2019-10-23,108.64,1.1118,3125.79,116.0586,1.77,0.16,1.61,1.87,,3968700.0,,43.0,14.01,,,,,,-0.5,120.785952,-0.001060620352426156,0.001060620352426156,0.0024439669753331117,0.0006335013832146075,
2019-10-24,108.62,1.1098,3142.93,116.1278,1.77,0.15,1.62,1.86,,,,,13.71,,,,,,-0.5,120.546476,-0.0019846158312555318,0.0019846158312555318,0.0054684346126609995,0.000596072828114913,
2019-10-25,108.75,1.1081,3150.9,116.0774,1.8,0.15,1.65,1.84,,,,,12.65,,,,,,-0.5,120.505875,-0.0003368645874264331,0.0003368645874264331,0.0025326404622134646,-0.00043409881252820526,
2019-10-26,,,,,,,,,,,,,,,,,,,-0.5,,,,,,
2019-10-27,,,,,,,,,,,,,,,,,,,-0.5,,,,,,
2019-10-28,109.02,1.1094,3130.0,116.0222,1.85,0.21,1.64,1.82,,,,,13.11,,,,,,-0.5,120.94678799999998,,,,,
2019-10-29,108.83,1.1117,3123.58,115.9797,1.84,0.23,1.61,1.81,,,,,13.2,,,,,,-0.5,120.98631099999999,0.0003267266902700072,-0.0003267266902700072,-0.0020532246346629535,-0.00036637631394764725,
2019-10-30,108.88,1.1123,3139.73,116.1636,1.78,0.21,1.57,1.82,,4019823.0,,41.0,12.33,,,,,,-0.5,121.107224,0.0009988949936552416,-0.0009988949936552416,0.005157029044500661,0.0015843665397108353,
2019-10-31,108.09,1.1155,3166.6,115.9125,1.69,0.15,1.54,1.76,,,,,13.22,,,,,,-0.5,120.574395,-0.004409353640495439,0.004409353640495439,0.008521648123297254,-0.002163946205445022,
2019-11-01,108.16,1.1169,3171.02,115.7312,1.73,0.14,1.59,1.58,,,15301.3,,12.3,,-0.08,-0.3523809524,1.266,0.765,-0.5,120.803904,0.0019016545407355423,-0.0019016545407355423,0.001394845609748785,-0.001565335357875064,
2019-11-02,,,,,,,,,,,,,,,,,,,-0.5,,,,,,
2019-11-03,,,,,,,,,,,,,,,,,,,-0.5,,,,,,
2019-11-04,108.56,1.1144,3166.49,115.8624,1.79,0.15,1.64,1.56,,,,,12.83,,,,,,-0.5,120.97926400000001,,,,,
2019-11-05,109.13,1.107,3119.96,116.1138,1.86,0.18,1.68,1.58,,,,,13.1,,,,,,-0.5,120.80690999999999,-0.0014256731585744475,0.0014256731585744475,-0.014803537682023915,0.002167464579737377,
2019-11-06,108.86,1.1076,3132.54,116.1004,1.81,0.15,1.66,1.57,,4039443.0,,46.0,12.62,,,,,,-0.5,120.57333599999998,-0.0019353205307748311,0.0019353205307748311,0.004023995833724925,-0.00011541068560738665,
2019-11-07,109.42,1.1045,3087.03,116.1172,1.92,0.23,1.69,1.56,,,,,12.73,,,,,,-0.5,120.85439000000001,0.0023282671929907295,-0.0023282671929907295,-0.014634713414325873,0.00014469187545884665,
2019-11-08,109.14,1.1019,3068.32,116.3436,1.94,0.23,1.71,1.56,,,,,12.07,,,,,,-0.5,120.26136600000001,-0.004919008244034018,0.004919008244034018,-0.006079283102716104,0.0019478559101822057,
2019-11-09,,,,,,,,,,,,,,,,,,,-0.5,,,,,,
2019-11-10,,,,,,,,,,,,,,,,,,,-0.5,,,,,,
2019-11-11,,,3031.77,,,,,,,,,,12.69,,,,,,-0.5,,,,,,
2019-11-12,109.09,1.1017,3040.94,116.5837,1.92,0.22,1.7,1.57,,,,,12.68,,,,,,-0.5,120.18445299999999,,,0.003020070765714422,,
2019-11-13,108.83,1.1004,3052.66,116.8397,1.88,0.22,1.66,1.57,,4047882.0,,41.0,13.0,,,,,,-0.5,119.756532,-0.0035668891972946426,0.0035668891972946426,0.0038466635327427667,0.0021934399262324433,
2019-11-14,108.33,1.1016,3064.15,116.8022,1.82,0.2,1.62,1.58,,,,,13.05,,,,,,-0.5,119.336328,-0.00351498938646877,0.00351498938646877,0.003756864612169508,-0.00032100406923607494,
2019-11-15,108.8,1.1046,3057.96,116.4401,1.84,0.21,1.63,1.59,,,,,12.05,,,,,,-0.5,120.18048,0.007048820517008281,-0.007048820517008281,-0.0020221793170502878,-0.0031049281447179666,
2019-11-16,,,,,,,,,,,,,,,,,,,-0.5,,,,,,
2019-11-17,,,,,,,,,,,,,,,,,,,-0.5,,,,,,
2019-11-18,108.61,1.1079,3066.58,116.3625,1.81,0.18,1.63,1.56,,,,,12.46,,,,,,-0.5,120.32901900000002,,,,,
2019-11-19,108.59,1.1075,3068.35,116.5391,1.79,0.16,1.63,1.57,,,,,12.86,,,,,,-0.5,120.263425,-0.0005452706704724974,0.0005452706704724974,0.0005770237147331159,0.0015165205721725528,
2019-11-20,108.67,1.1063,3070.0,116.828,1.73,0.13,1.6,1.57,,4030249.0,,48.0,12.78,,,,,,-0.5,120.22162100000001,-0.00034766403247399325,0.00034766403247399325,0.0005376037663999966,0.0024759286770503763,
2019-11-21,108.53,1.1067,3054.87,116.7435,1.77,0.14,1.63,1.58,,,,,13.13,,,,,,-0.5,120.110151,-0.0009276343869624171,0.0009276343869624171,-0.004940523072450631,-0.0007235472109092811,
2019-11-22,108.67,1.1029,3049.56,116.9137,1.77,0.15,1.62,1.58,,,,,12.34,,,,,,-0.5,119.852143,-0.0021504053418013314,0.0021504053418013314,-0.0017397206092226725,0.001456835313461191,
2019-11-23,,,,,,,,,,,,,,,,,,,-0.5,,,,,,
2019-11-24,,,,,,,,,,,,,,,,,,,-0.5,,,,,,
2019-11-25,108.95,1.1009,3035.86,117.0098,1.76,0.14,1.62,1.56,,,,,11.87,,,,,,-0.5,119.943055,,,,,
2019-11-26,109.11,1.1012,3050.67,117.0513,1.74,0.12,1.62,1.54,,,,,11.54,,,,,,-0.5,120.15193199999999,0.0017399534684727769,-0.0017399534684727769,0.004866493462929,0.0003546082662593264,
2019-11-27,109.38,1.1002,3034.97,117.1273,1.77,0.14,1.63,1.55,,4052875.0,,47.0,11.75,,,,,,-0.5,120.339876,0.0015629974245250366,-0.0015629974245250366,-0.005159698842218674,0.0006490772655425303,
2019-11-28,,,,,,,,,,,,,,,,,,,-0.5,,,,,,
2019-11-29,109.47,1.1019,3053.65,117.1204,1.78,0.17,1.61,1.65,,,,,12.62,,,,,,-0.5,120.624993,,,,,
2019-11-30,,,,,,,,,,,,,,,,,,,-0.5,,,,,,
2019-12-01,,,,,,,,,,,15351.5,,,,-0.025,-0.2994444444,1.37,0.8308,-0.5,,,,,,
2019-12-02,109.09,1.1075,3052.43,116.9647,1.83,0.18,1.65,1.63,,,,,14.91,,,,,,-0.5,120.81717499999999,,,,,
2019-12-03,108.53,1.1089,3079.84,116.8898,1.72,0.09,1.63,1.55,,,,,15.96,,,,,,-0.5,120.348917,-0.0038832871118623657,0.0038832871118623657,0.008939652867340442,-0.0006405692647453165,
2019-12-04,108.87,1.1076,3076.75,116.692,1.77,0.11,1.66,1.54,,4065696.0,,47.0,14.8,,,,,,-0.5,120.584412,0.0019548567728016053,-0.0019548567728016053,-0.0010038025138801032,-0.0016936255074684325,
2019-12-05,108.69,1.1104,3078.84,116.3838,1.8,0.13,1.67,1.55,,,,,14.52,,,,,,-0.5,120.68937600000001,0.0008700821377400914,-0.0008700821377400914,0.0006790575981554525,-0.0026446347465647335,
2019-12-06,108.66,1.1052,3049.12,116.5381,1.84,0.15,1.69,1.55,,,,,13.62,,,,,,-0.5,120.091032,-0.0049700491549966586,0.0049700491549966586,-0.009699878270534867,0.001324907813059717,
2019-12-07,,,,,,,,,,,,,,,,,,,-0.5,,,,,,
2019-12-08,,,,,,,,,,,,,,,,,,,-0.5,,,,,,
2019-12-09,108.59,1.1067,3048.24,116.3283,1.83,0.14,1.69,1.56,,,,,15.86,,,,,,-0.5,120.17655300000001,,,,,
2019-12-10,108.73,1.109,3056.44,116.2542,1.85,0.14,1.71,1.55,,,,,15.68,,,,,,-0.5,120.58157,0.003364516860476563,-0.003364516860476563,0.002686465115839809,-0.0006371932755655507,
2019-12-11,108.67,1.1092,3075.88,116.1478,1.79,0.1,1.69,1.54,,4095491.0,,69.0,14.99,,,,,,-0.5,120.53676399999999,-0.00037165154364249275,0.00037165154364249275,0.006340199181034123,-0.000915654834589219,
2019-12-12,109.16,1.1115,3066.03,115.8741,1.9,0.18,1.72,1.53,,,,,13.94,,,,,,-0.5,121.33133999999998,0.006570348428006412,-0.006570348428006412,-0.0032074740413463587,-0.002359261146932745,
2019-12-13,109.28,1.1128,3078.45,115.6967,1.82,0.12,1.7,1.54,,,,,12.63,,,,,,-0.5,121.606784,0.0022676071873242165,-0.0022676071873242165,0.00404265842352558,-0.0015321451124528096,
2019-12-14,,,,,,,,,,,,,,,,,,,-0.5,,,,,,
2019-12-15,,,,,,,,,,,,,,,,,,,-0.5,,,,,,
2019-12-16,109.64,1.1139,3071.4,115.555,1.89,0.16,1.73,1.62,,,,,12.14,,,,,,-0.5,122.12799599999998,,,,,
2019-12-17,109.52,1.1148,3072.29,115.5553,1.89,0.14,1.75,1.54,,,,,12.29,,,,,,-0.5,122.092896,-0.00028744469774277803,0.00028744469774277803,0.00028972816213901353,2.59616295839038e-06,
2019-12-18,109.58,1.1113,3073.06,115.6618,1.92,0.16,1.76,1.53,,4137052.0,,79.0,12.58,,,,,,-0.5,121.776254,-0.002596820286115964,0.002596820286115964,0.0002505959803844604,0.0009212122073289919,
2019-12-19,109.23,1.1128,3079.24,115.5988,1.92,0.15,1.77,1.53,,,,,12.5,,,,,,-0.5,121.55114400000001,-0.0018502648371852004,0.0018502648371852004,0.002009005438159406,-0.0005448399040606233,
2019-12-20,109.45,1.1076,3085.87,115.7598,1.92,0.15,1.77,1.53,,,,,12.51,,,,,,-0.5,121.22681999999999,-0.0026717761990067146,0.0026717761990067146,0.002150814034417081,0.0013917790476662972,
2019-12-21,,,,,,,,,,,,,,,,,,,-0.5,,,,,,
2019-12-22,,,,,,,,,,,,,,,,,,,-0.5,,,,,,
2019-12-23,109.39,1.1091,3090.84,115.8059,1.93,0.18,1.75,1.52,,,,,12.61,,,,,,-0.5,121.324449,,,,,
2019-12-24,109.38,1.1084,3106.2,,1.9,0.15,1.75,1.52,,,,,12.67,,,,,,-0.5,121.236792,-0.0007227618349450182,0.0007227618349450182,0.004957215526991021,,
2019-12-25,,,,,,,,,,4165591.0,,3729.0,,,,,,,-0.5,,,,,,
2019-12-26,109.67,1.1102,3117.35,115.634,1.9,0.16,1.74,1.52,,,,,12.65,,,,,,-0.5,121.75563400000001,,,,,
2019-12-27,109.47,1.1174,3122.1,115.22,1.88,0.15,1.73,1.53,,,,,13.43,,,,,,-0.5,122.321778,0.004639061113335785,-0.004639061113335785,0.001522570392463507,-0.0035866863369831137,
2019-12-28,,,,,,,,,,,,,,,,,,,-0.5,,,,,,
2019-12-29,,,,,,,,,,,,,,,,,,,-0.5,,,,,,
2019-12-30,108.85,1.1217,3127.07,114.9631,1.9,0.15,1.75,1.54,,,,,14.82,,,,,,-0.5,122.09704499999998,,,,,
2019-12-31,108.67,1.1227,3131.05,114.669,1.92,0.15,1.77,1.55,,,,,13.78,,,,,,-0.5,122.003809,-0.0007639137922401673,0.0007639137922401673,0.001271947657311756,-0.0025614899729164975,
2020-01-01,,,,,,,,,,4173626.0,15425.0,3728.0,,,-0.065,-0.3136363636,1.275,0.7235,-0.5,,,,,,
2020-01-02,108.43,1.1166,3140.11,114.9745,1.88,0.08,1.8,1.54,,,,,12.47,,,,,,-0.5,121.07293800000001,,,,,
2020-01-03,107.94,1.1173,3145.3,114.9867,1.8,0.03,1.77,1.55,,,,,14.02,,,,,,-0.5,120.601362,-0.0039025796165619298,0.0039025796165619298,0.0016514439565735728,0.00010610485604889419,
2020-01-04,,,,,,,,,,,,,,,,,,,-0.5,,,,,,
2020-01-05,,,,,,,,,,,,,,,,,,,-0.5,,,,,,
2020-01-06,108.36,1.1187,3147.07,114.9557,1.81,0.06,1.75,1.55,,,,,13.85,,,,,,-0.5,121.22233200000001,,,,,
2020-01-07,108.53,1.1138,3147.52,115.1477,1.83,0.09,1.74,1.56,,,,,13.79,,,,,,-0.5,120.880714,-0.002822089456287813,0.002822089456287813,0.00014297992427358963,0.0016688153635202596,
2020-01-08,109.03,1.1117,3143.33,115.1328,1.87,0.12,1.75,1.55,,4149544.0,,3728.0,13.45,,,,,,-0.5,121.20865099999999,0.002709224344368266,-0.002709224344368266,-0.0013320936342733347,-0.0001294073968116649,
2020-01-09,109.47,1.1106,3139.62,115.2331,1.85,0.11,1.74,1.55,,,,,12.54,,,,,,-0.5,121.577382,0.003037499966112911,-0.003037499966112911,-0.0011809740428283533,0.0008707886569832013,
2020-01-10,109.5,1.1119,3149.23,115.0677,1.83,0.07,1.76,1.55,,,,,12.56,,,,,,-0.5,121.75305000000002,0.0014438640417866466,-0.0014438640417866466,0.0030562050232045834,-0.0014363825782428563,
2020-01-11,,,,,,,,,,,,,,,,,,,-0.5,,,,,,
2020-01-12,,,,,,,,,,,,,,,,,,,-0.5,,,,,,
2020-01-13,109.93,1.1138,3121.72,115.0342,1.85,0.08,1.77,1.54,,,,,12.32,,,,,,-0.5,122.440034,,,,,
2020-01-14,110.05,1.113,3119.58,115.0239,1.82,0.05,1.77,1.55,,,,,12.39,,,,,,-0.5,122.48564999999999,0.00037248850167515,-0.00037248850167515,-0.0006857545972351886,-8.954259821258859e-05,
2020-01-15,109.94,1.116,3133.46,114.9528,1.79,0.04,1.75,1.56,,4175850.0,,59.0,12.42,,,,,,-0.5,122.69304000000001,0.001691746125755067,-0.001691746125755067,0.004439447947362396,-0.0006183235281245203,
2020-01-16,110.16,1.1131,3130.9,115.0006,1.81,0.07,1.74,1.55,,,,,12.32,,,,,,-0.5,122.619096,-0.0006028564541908921,0.0006028564541908921,-0.0008173221661937902,0.0004157364117114426,
2020-01-17,110.16,1.1093,3136.77,115.0656,1.84,0.09,1.75,1.54,,,,,12.1,,,,,,-0.5,122.20048799999999,-0.00341972975456617,0.00341972975456617,0.001873104907007317,0.0005650547688400565,
2020-01-18,,,,,,,,,,,,,,,,,,,-0.5,,,,,,
2020-01-19,,,,,,,,,,,,,,,,,,,-0.5,,,,,,
2020-01-20,,,,,,,,,,,,,,,,,,,-0.5,,,,,,
2020-01-21,109.95,1.1096,3141.14,115.1876,1.78,0.04,1.74,1.54,,,,,12.85,,,,,,-0.5,122.00052,,,,,
2020-01-22,109.93,1.1085,3143.49,115.2273,1.77,0.05,1.72,1.54,,4145912.0,,54.0,12.91,,,,,,-0.5,121.85740500000001,-0.0011737573542527358,0.0011737573542527358,0.0007478563127900628,0.00034459577390855145,
2020-01-23,109.39,1.1041,3149.26,115.5545,1.74,0.04,1.7,1.54,,,,,12.98,,,,,,-0.5,120.777499,-0.008901548070348042,0.008901548070348042,0.0018338569360167867,0.0028355807887638917,
2020-01-24,109.31,1.1026,3162.92,115.5556,1.7,0.02,1.68,1.53,,,,,14.56,,,,,,-0.5,120.52520600000001,-0.0020910921154637663,0.0020910921154637663,0.004328146955323575,9.519272415658975e-06,
2020-01-25,,,,,,,,,,,,,,,,,,,-0.5,,,,,,
2020-01-26,,,,,,,,,,,,,,,,,,,-0.5,,,,,,
2020-01-27,108.95,1.1019,3180.75,115.8004,1.61,-0.02,1.63,1.53,,,,,18.23,,,,,,-0.5,120.05200500000001,,,,,
2020-01-28,109.17,1.1008,3160.89,115.7239,1.65,0.0,1.65,1.53,,,,,16.28,,,,,,-0.5,120.174336,0.0010184645868971387,-0.0010184645868971387,-0.0062633845268997845,-0.0006608377849239844,
2020-01-29,109.15,1.1004,3175.41,115.7003,1.6,-0.04,1.64,1.53,,4151630.0,,51.0,16.39,,,,,,-0.5,120.10866000000001,-0.0005466554248849675,0.0005466554248849675,0.004583124352091517,-0.00020395447046439585,
2020-01-30,108.75,1.1032,3176.37,115.8077,1.57,-0.07,1.64,1.58,,,,,15.49,,,,,,-0.5,119.973,-0.0011301155984861921,0.0011301155984861921,0.0003022774741285872,0.0009278297743904318,
2020-01-31,108.5,1.1082,3186.4,115.7345,1.51,-0.14,1.65,1.6,,,,,18.84,,,,,,-0.5,120.23970000000001,0.002220532965877986,-0.002220532965877986,0.003152717545304995,-0.0006322821709270343,
2020-02-01,,,,,,,,,,,15492.8,,,,-0.155,-0.466,0.955,0.633,-0.5,,,,,,
2020-02-02,,,,,,,,,,,,,,,,,,,-0.5,,,,,,
2020-02-03,108.59,1.1062,3175.41,116.1172,1.54,-0.09,1.63,1.59,,,,,17.97,,,,,,-0.5,120.12225800000002,,,,,
2020-02-04,109.41,1.1043,3141.57,115.9291,1.61,-0.03,1.64,1.6,,,,,16.05,,,,,,-0.5,120.82146300000001,0.005803902752397505,-0.005803902752397505,-0.010714082904051736,-0.0016212285324082032,
2020-02-05,109.74,1.1006,3146.48,116.009,1.66,0.0,1.66,1.59,,4166707.0,,48.0,15.15,,,,,,-0.5,120.779844,-0.00034452628529635376,0.00034452628529635376,0.0015616927339667797,0.0006889769568747539,
2020-02-06,109.89,1.0979,3162.07,116.1518,1.65,-0.02,1.67,1.59,,,,,14.96,,,,,,-0.5,120.64823100000001,-0.0010902875569680504,0.0010902875569680504,0.004942508733874362,0.0012301819946243242,
2020-02-07,109.81,1.095,3170.18,116.5086,1.59,-0.07,1.66,1.58,,,,,15.47,,,,,,-0.5,120.24195,-0.0033731668392968928,0.0033731668392968928,0.002561492181865077,0.0030671337254704056,
2020-02-08,,,,,,,,,,,,,,,,,,,-0.5,,,,,,
2020-02-09,,,,,,,,,,,,,,,,,,,-0.5,,,,,,
2020-02-10,109.77,1.0916,3177.76,116.5711,1.56,-0.1,1.66,1.58,,,,,15.04,,,,,,-0.5,119.82493199999999,,,,,
2020-02-11,109.78,1.0917,3168.67,116.3585,1.59,-0.06,1.65,1.58,,,,,15.18,,,,,,-0.5,119.846826,0.00018269987455798997,-0.00018269987455798997,-0.0028646045780114093,-0.0018254447613035296,
2020-02-12,110.0,1.0893,3166.95,116.2794,1.62,-0.04,1.66,1.57,,4182689.0,,55.0,13.74,,,,,,-0.5,119.823,-0.00019882352715061558,0.00019882352715061558,-0.0005429618702681438,-0.0006800267974247376,
2020-02-13,109.81,1.0848,3182.12,116.3999,1.61,-0.06,1.67,1.57,,,,,14.15,,,,,,-0.5,119.121888,-0.005868416085062833,0.005868416085062833,0.004778661715180377,0.0010357604717974311,
2020-02-14,109.77,1.0839,3193.28,116.4223,1.59,-0.07,1.66,1.58,,,,,13.68,,,,,,-0.5,118.979703,-0.0011943222748236337,0.0011943222748236337,0.0035009603785649546,0.00019242151366238858,
2020-02-15,,,,,,,,,,,,,,,,,,,-0.5,,,,,,
2020-02-16,,,,,,,,,,,,,,,,,,,-0.5,,,,,,
2020-02-17,,,,,,,,,,,,,,,,,,,-0.5,,,,,,
2020-02-18,109.8,1.0815,3202.43,116.6039,1.55,-0.1,1.65,1.6,,,,,14.83,,,,,,-0.5,118.74869999999999,,,,,
2020-02-19,111.17,1.0794,3214.47,116.7829,1.56,-0.09,1.65,1.59,,4171570.0,,67.0,14.38,,,,,,-0.5,119.99689799999999,0.010456396961522785,-0.010456396961522785,0.003752595218534438,0.0015339345249882896,
2020-02-20,111.86,1.0797,3224.06,117.2454,1.52,-0.11,1.63,1.6,,,,,15.56,,,,,,-0.5,120.775242,0.00646542171647102,-0.00646542171647102,0.002978943048143279,0.0039525185809861085,
2020-02-21,111.74,1.0855,3241.12,117.0473,1.46,-0.15,1.61,1.58,,,,,17.08,,,,,,-0.5,121.29376999999998,0.004284140202812203,-0.004284140202812203,0.005277514190312971,-0.0016910475418816517,
2020-02-22,,,,,,,,,,,,,,,,,,,-0.5,,,,,,
2020-02-23,,,,,,,,,,,,,,,,,,,-0.5,,,,,,
2020-02-24,110.56,1.0857,3247.3,117.4018,1.38,-0.21,1.59,1.58,,,,,25.03,,,,,,-0.5,120.03499200000002,,,,,
2020-02-25,110.23,1.0868,3221.08,117.2425,1.33,-0.2,1.53,1.59,,,,,27.85,,,,,,-0.5,119.79796400000001,-0.0019766097297493346,0.0019766097297493346,-0.008107174783106075,-0.001357800078451099,
2020-02-26,110.36,1.0887,3235.25,117.405,1.33,-0.21,1.54,1.58,,4158637.0,,44.0,27.56,,,,,,-0.5,120.148932,0.002925382708802715,-0.002925382708802715,0.004389497671873244,0.001385056529288775,
2020-02-27,110.15,1.0977,3231.52,117.3678,1.3,-0.23,1.53,1.58,,,,,39.16,,,,,,-0.5,120.911655,0.006328081705403221,-0.006328081705403221,-0.0011535899417012274,-0.000316902131007879,
2020-02-28,108.12,1.1001,3149.25,117.6568,1.13,-0.28,1.41,1.6,,,,,40.11,,,,,,-0.5,118.94281200000002,-0.01641734878798573,0.01641734878798573,-0.025788285527665877,0.0024593182642318467,
2020-02-29,,,,,,,,,,,,,,,,,,,-0.5,,,,,,
2020-03-01,,,,,,,,,,,16034.4,,,,0.005,-0.5413636364,1.551,0.4609,-0.5,,,,,,
2020-03-02,108.02,1.1164,3169.82,116.8144,1.1,-0.31,1.41,1.59,,,,,33.42,,,,,,-0.5,120.593528,,,,,
2020-03-03,107.28,1.1175,3222.79,116.4958,1.02,-0.43,1.45,1.64,,,,,36.82,,,,,,-0.5,119.88539999999999,-0.0058893313657648605,0.0058893313657648605,0.016572640081568224,-0.002731129612320693,
2020-03-04,107.34,1.113,3239.41,116.7802,1.02,-0.44,1.46,1.23,,4241507.0,,48.0,31.99,,,,,,-0.5,119.46942,-0.0034758474369196435,0.0034758474369196435,0.0051437704326176,0.002438314622211557,
2020-03-05,106.56,1.1202,3254.22,116.7901,0.92,-0.48,1.4,1.12,,,,,39.62,,,,,,-0.5,119.36851200000001,-0.0008449914564163663,0.0008449914564163663,0.0045614011511379005,8.477105184923062e-05,
2020-03-06,105.31,1.1319,3250.71,116.7106,0.74,-0.57,1.31,1.1,,,,,41.94,,,,,,-0.5,119.20038899999999,-0.0014094295369311283,0.0014094295369311283,-0.0010791815870891952,-0.0006809401691034722,
2020-03-07,,,,,,,,,,,,,,,,,,,-0.5,,,,,,
2020-03-08,,,,,,,,,,,,,,,,,,,-0.5,,,,,,
2020-03-09,102.52,1.142,3239.2,117.1871,0.54,-0.45,0.99,1.09,,,,,54.46,,,,,,-0.5,117.07783999999998,,,,,
2020-03-10,103.71,1.1342,3238.28,117.9027,0.76,-0.24,1.0,1.11,,,,,47.3,,,,,,-0.5,117.627882,0.004687086469744806,-0.004687086469744806,-0.00028406108739353897,0.0060879052188935745,
2020-03-11,104.81,1.128,3225.12,118.2505,0.82,-0.14,0.96,1.15,,4311911.0,,58.0,53.9,,,,,,-0.5,118.22568,0.00506924105851958,-0.00506924105851958,-0.004072165790608651,0.0029455476484478993,
2020-03-12,105.67,1.1081,3127.75,120.4883,0.88,-0.04,0.92,1.2,,,,,75.47,,,,,,-0.5,117.09292700000002,-0.009627472844870866,0.009627472844870866,-0.030656262642439813,0.018747397088045403,
2020-03-13,107.15,1.1066,3033.45,120.4388,0.94,0.04,0.9,1.1,,,,,57.83,,,,,,-0.5,118.57219,0.01255410598837603,-0.01255410598837603,-0.0306133105618418,-0.00041091268434723105,
2020-03-14,,,,,,,,,,,,,,,,,,,-0.5,,,,,,
2020-03-15,,,,,,,,,,,,,,,,,,,-0.5,,,,,,
2020-03-16,105.64,1.1139,2984.76,120.9352,0.73,0.0,0.73,0.26,,,,,82.69,,,,,,-0.5,117.67239599999999,,,,,
2020-03-17,107.41,1.0971,3013.81,122.4816,1.02,0.39,0.63,0.54,,,,,75.91,,,,,,-0.5,117.83951099999999,0.0014191641533249921,-0.0014191641533249921,0.009685717464522625,0.01270594966598626,
2020-03-18,108.45,1.0833,2968.87,124.1623,1.18,0.55,0.63,0.1,,4668212.0,,45.0,76.45,,,,,,-0.5,117.483885,-0.0030224472089956933,0.0030224472089956933,-0.0150236500300851,0.013628766126482894,
2020-03-19,110.08,1.0699,2925.19,125.0587,1.12,0.62,0.5,0.06,,,,,72.0,,,,,,-0.5,117.77459200000001,0.0024713851051894054,-0.0024713851051894054,-0.014821973197392424,0.007193646326859593,
2020-03-20,111.3,1.0682,2968.03,124.9362,0.92,0.17,0.75,0.04,,,,,66.04,,,,,,-0.5,118.89066,0.009431686857574562,-0.009431686857574562,0.014538997231617223,-0.000980020070845633,
2020-03-21,,,,,,,,,,,,,,,,,,,-0.5,,,,,,
2020-03-22,,,,,,,,,,,,,,,,,,,-0.5,,,,,,
2020-03-23,111.36,1.076,3075.28,126.1262,0.76,-0.04,0.8,0.02,,,,,61.59,,,,,,-0.5,119.82336000000001,,,,,
2020-03-24,111.44,1.0794,3191.79,125.5001,0.84,-0.13,0.97,0.01,,,,,61.67,,,,,,-0.5,120.28833599999999,0.003873002348253607,-0.003873002348253607,0.03718593392603431,-0.004976437614905294,
2020-03-25,111.43,1.0835,3164.95,124.7916,0.88,-0.19,1.07,0.01,,5254278.0,,206051.0,63.95,,,,,,-0.5,120.734405,0.0037014723792836435,-0.0037014723792836435,-0.008444630266611242,-0.005661409406514828,
2020-03-26,109.45,1.1025,3207.47,122.4308,0.83,-0.24,1.07,0.01,,,,,61.0,,,,,,-0.5,120.668625,-0.0005449807455031319,0.0005449807455031319,0.013345206702148005,-0.019099173567123096,
2020-03-27,108.16,1.1059,3199.58,122.4007,0.72,-0.22,0.94,0.01,,,,,65.54,,,,,,-0.5,119.61414400000001,-0.008777056913904957,0.008777056913904957,-0.0024629131935469672,-0.0002458833945109262,
2020-03-28,,,,,,,,,,,,,,,,,,,-0.5,,,,,,
2020-03-29,,,,,,,,,,,,,,,,,,,-0.5,,,,,,
2020-03-30,108.06,1.1018,3228.2,123.2883,0.7,-0.25,0.95,0.01,,,,,57.08,,,,,,-0.5,119.06050799999998,,,,,
2020-03-31,107.53,1.1016,3136.64,122.5301,0.7,-0.17,0.87,0.01,,,,,53.54,,,,,,-0.5,118.45504799999999,-0.005098287637656185,0.005098287637656185,-0.02877254305805188,-0.006168801069275531,
2020-04-01,107.05,1.0934,3165.26,123.7933,0.62,-0.29,0.91,0.01,,5811607.0,17064.0,348544.0,57.06,,-0.04,-0.4495,1.799,0.3577,-0.5,117.04847,-0.011945424320289,0.011945424320289,0.009083037422355389,0.010256525150637685,
2020-04-02,107.85,1.0862,3207.47,123.5916,0.63,-0.4,1.03,0.01,,,,,50.91,,,,,,-0.5,117.14667,0.0008386169393190812,-0.0008386169393190812,0.013247263663846098,-0.0016306576892448632,
2020-04-03,108.53,1.0797,3222.1,124.4152,0.62,-0.46,1.08,0.01,,,,,46.8,,,,,,-0.5,117.17984100000001,0.0002831177751083658,-0.0002831177751083658,0.004550856511180257,0.006641777787016245,
2020-04-04,,,,,,,,,,,,,,,,,,,-0.5,,,,,,
2020-04-05,,,,,,,,,,,,,,,,,,,-0.5,,,,,,
2020-04-06,109.11,1.0808,3292.51,124.16,0.67,-0.47,1.14,0.01,,,,,45.24,,,,,,-0.5,117.926088,,,,,
2020-04-07,108.97,1.0886,3287.45,123.0956,0.75,-0.42,1.17,0.01,,,,,46.7,,,,,,-0.5,118.624742,0.0059070266758975976,-0.0059070266758975976,-0.0015380035737084796,-0.008609767181439132,
2020-04-08,108.7,1.0864,3273.85,123.2216,0.77,-0.42,1.19,0.01,,6083141.0,,358077.0,43.35,,,,,,-0.5,118.09168000000001,-0.004503810057298274,0.004503810057298274,-0.004145525879556189,0.0010230711536998172,
2020-04-09,108.38,1.0931,3351.59,122.476,0.73,-0.5,1.23,0.01,,,,,41.67,,,,,,-0.5,118.47017799999999,0.0031999945061622626,-0.0031999945061622626,0.02346819771975106,-0.006069267984245563,
2020-04-10,108.39,1.0951,,122.1592,,,,,,,,,,,,,,,-0.5,118.697889,0.0019202506716133882,-0.0019202506716133882,,-0.0025899803224644913,
2020-04-11,,,,,,,,,,,,,,,,,,,-0.5,,,,,,
2020-04-12,,,,,,,,,,,,,,,,,,,-0.5,,,,,,
2020-04-13,107.59,1.0906,3389.02,122.5203,0.76,-0.5,1.26,0.02,,,,,41.17,,,,,,-0.5,117.337654,,,,,
2020-04-14,107.08,1.0971,3373.42,122.1121,0.76,-0.53,1.29,0.06,,,,,37.76,,,,,,-0.5,117.47746799999999,0.0011908433778176075,-0.0011908433778176075,-0.0046137274925666105,-0.003337255235634551,
2020-04-15,107.42,1.0909,3368.1,123.0752,0.63,-0.56,1.19,0.03,,6367887.0,,378291.0,40.84,,,,,,-0.5,117.184478,-0.0024971253945720306,0.0024971253945720306,-0.0015782794100829278,0.007856075362568937,
2020-04-16,107.72,1.084,3370.39,123.4615,0.61,-0.42,1.03,0.03,,,,,40.11,,,,,,-0.5,116.76848000000001,-0.0035562571380349794,0.0035562571380349794,0.0006796775206776573,0.0031338159077156647,
2020-04-17,107.52,1.0883,3337.27,122.871,0.65,-0.36,1.01,0.03,,,,,38.15,,,,,,-0.5,117.014016,0.002100551533865236,-0.002100551533865236,-0.009875357177362432,-0.004794342046529287,
2020-04-18,,,,,,,,,,,,,,,,,,,-0.5,,,,,,
2020-04-19,,,,,,,,,,,,,,,,,,,-0.5,,,,,,
2020-04-20,107.69,1.0874,3352.95,123.1033,0.63,-0.31,0.94,0.02,,,,,43.83,,,,,,-0.5,117.10210599999999,,,,,
2020-04-21,107.69,1.0854,3332.78,123.9116,0.58,-0.38,0.96,0.01,,,,,45.41,,,,,,-0.5,116.886726,-0.0018409430825157003,0.0018409430825157003,-0.0060337648074089145,0.0065445678381950145,
2020-04-22,107.81,1.0829,3371.34,123.9256,0.63,-0.43,1.06,0.01,,6573136.0,,409712.0,41.98,,,,,,-0.5,116.747449,-0.001192265784733415,0.001192265784733415,0.011503500898307095,0.00011297739011695285,
2020-04-23,107.65,1.0815,3391.4,123.7542,0.61,-0.44,1.05,0.01,,,,,41.38,,,,,,-0.5,116.423475,-0.0027788559818748837,0.0027788559818748837,0.005932524046173171,-0.0013840452661941782,
2020-04-24,107.44,1.0798,3389.83,124.1615,0.6,-0.51,1.11,0.03,,,,,35.93,,,,,,-0.5,116.01371200000001,-0.0035257992043167263,0.0035257992043167263,-0.00046304284858500466,0.0032857972806885627,
2020-04-25,,,,,,,,,,,,,,,,,,,-0.5,,,,,,
2020-04-26,,,,,,,,,,,,,,,,,,,-0.5,,,,,,
2020-04-27,107.22,1.0829,3390.25,123.8843,0.67,-0.5,1.17,0.03,,,,,33.29,,,,,,-0.5,116.108538,,,,,
2020-04-28,106.83,1.0836,3391.71,123.3693,0.62,-0.52,1.14,0.01,,,,,33.57,,,,,,-0.5,115.76098799999998,-0.0029978088649889045,0.0029978088649889045,0.0004305540057885082,-0.004165769434782085,
2020-04-29,106.67,1.0853,3403.93,122.7782,0.63,-0.51,1.14,0.01,,6655929.0,,438953.0,31.23,,,,,,-0.5,115.768951,6.878592062431466e-05,-6.878592062431466e-05,0.0035964274656752337,-0.004802820554714593,
2020-04-30,106.94,1.0934,3366.42,122.327,0.64,-0.43,1.07,0.04,,,,,34.15,,,,,,-0.5,116.92819599999999,0.009963633892123624,-0.009963633892123624,-0.011080781289193098,-0.003681688594624255,
2020-05-01,106.76,1.0998,3384.29,123.1492,0.64,-0.42,1.06,0.03,,,17931.9,,37.19,,0.0,-0.5165,1.762,0.2743,-0.5,117.41464800000001,0.004151632628554225,-0.004151632628554225,0.005294270303503268,0.006698841473408379,
2020-05-02,,,,,,,,,,,,,,,,,,,-0.5,,,,,,
2020-05-03,,,,,,,,,,,,,,,,,,,-0.5,,,,,,
2020-05-04,106.82,1.0911,3399.23,123.2117,0.64,-0.43,1.07,0.05,,,,,35.97,,,,,,-0.5,116.55130199999999,,,,,
2020-05-05,106.52,1.0844,3406.56,122.803,0.66,-0.44,1.1,0.05,,,,,33.61,,,,,,-0.5,115.510288,-0.008971937002435482,0.008971937002435482,0.002154049077100595,-0.003322568740694365,
2020-05-06,106.07,1.0806,3380.42,123.609,0.72,-0.38,1.1,0.05,,6721420.0,,444885.0,34.12,,,,,,-0.5,114.619242,-0.00774390364289701,0.00774390364289701,-0.007703022332366416,0.0065419125245869125,
2020-05-07,106.36,1.0815,3410.28,123.1249,0.63,-0.45,1.08,0.05,,,,,31.44,,,,,,-0.5,115.02833999999999,0.0035628368405875577,-0.0035628368405875577,0.008794437231138375,-0.003924070597467022,
2020-05-08,106.5,1.0854,3402.75,122.5379,0.69,-0.43,1.12,0.06,,,,,27.98,,,,,,-0.5,115.59509999999999,0.004915035010851554,-0.004915035010851554,-0.002210471131370184,-0.004778917419820061,
2020-05-09,,,,,,,,,,,,,,,,,,,-0.5,,,,,,
2020-05-10,,,,,,,,,,,,,,,,,,,-0.5,,,,,,
2020-05-11,107.7,1.0818,3314.14,123.2333,0.73,-0.4,1.13,0.06,,,,,27.57,,,,,,-0.5,116.50986000000002,,,,,
2020-05-12,107.33,1.0864,3328.33,123.0592,0.69,-0.4,1.09,0.06,,,,,33.04,,,,,,-0.5,116.603312,0.0008017736981944523,-0.0008017736981944523,0.004272513563716274,-0.0014137663875137818,
2020-05-13,106.92,1.0837,3353.2,123.5408,0.64,-0.43,1.07,0.04,,6934227.0,,440934.0,35.28,,,,,,-0.5,115.86920400000001,-0.006315675098196749,0.006315675098196749,0.007444437084652478,0.0039059254848679004,
2020-05-14,107.09,1.08,3369.46,123.6429,0.63,-0.43,1.06,0.02,,,,,32.61,,,,,,-0.5,115.65720000000002,-0.0018313596686185818,0.0018313596686185818,0.004837380354597798,0.0008261062991330448,
2020-05-15,107.27,1.0816,3382.83,123.5991,0.64,-0.45,1.09,0.05,,,,,31.89,,,,,,-0.5,116.02323199999998,0.0031598033669881787,-0.0031598033669881787,0.0039601431434892476,-0.00035430873765918136,
2020-05-16,,,,,,,,,,,,,,,,,,,-0.5,,,,,,
2020-05-17,,,,,,,,,,,,,,,,,,,-0.5,,,,,,
2020-05-18,107.25,1.0904,3373.82,122.7968,0.73,-0.44,1.17,0.04,,,,,29.3,,,,,,-0.5,116.9454,,,,,
2020-05-19,107.89,1.0937,3400.96,122.5655,0.7,-0.45,1.15,0.04,,,,,30.53,,,,,,-0.5,117.999293,0.008971473713979883,-0.008971473713979883,0.008012111149028556,-0.001885375777090914,
2020-05-20,107.46,1.098,3412.15,122.1007,0.68,-0.48,1.16,0.01,,7037258.0,,446103.0,27.99,,,,,,-0.5,117.99108,-6.960453427762303e-05,6.960453427762303e-05,0.0032848464392536414,-0.0037994668585383806,
2020-05-21,107.69,1.0953,3383.14,122.0914,0.68,-0.46,1.14,0.02,,,,,29.53,,,,,,-0.5,117.952857,-0.0003240006996607647,0.0003240006996607647,-0.008538318818628099,-7.616954032929613e-05,
2020-05-22,107.5,1.0894,3399.61,122.3211,0.66,-0.46,1.12,0.04,,,,,28.16,,,,,,-0.5,117.11049999999999,-0.0071670941531989385,0.0071670941531989385,0.004856446830711292,0.0018796098204978406,
2020-05-23,,,,,,,,,,,,,,,,,,,-0.5,,,,,,
2020-05-24,,,,,,,,,,,,,,,,,,,-0.5,,,,,,
2020-05-25,,,,,,,,,,,,,,,,,,,-0.5,,,,,,
2020-05-26,107.64,1.097,3371.02,121.3864,0.69,-0.44,1.13,0.06,,,,,28.01,,,,,,-0.5,118.08108,,,,,
2020-05-27,107.79,1.0969,3377.55,121.5677,0.68,-0.46,1.14,0.06,,7097316.0,,448946.0,27.62,,,,,,-0.5,118.234851,0.0013014020768906676,-0.0013014020768906676,0.0019352253997393376,0.0014924632566648555,
2020-05-28,107.67,1.1069,3386.77,121.0138,0.7,-0.48,1.18,0.06,,,,,28.59,,,,,,-0.5,119.179923,0.007961400008378305,-0.007961400008378305,0.002726070236132472,-0.004566720567139804,
2020-05-29,107.77,1.1107,3406.56,120.9458,0.65,-0.5,1.15,0.06,,,,,27.51,,,,,,-0.5,119.700139,0.004355464562610045,-0.004355464562610045,0.005826319634870458,-0.0005620773202652529,
2020-05-30,,,,,,,,,,,,,,,,,,,-0.5,,,,,,
2020-05-31,,,,,,,,,,,,,,,,,,,-0.5,,,,,,
2020-06-01,107.56,1.1123,3421.27,120.2686,0.66,-0.52,1.18,0.06,,,18180.0,,28.23,,0.03,-0.4342857143,1.455,0.278,-0.5,119.63898800000001,,,,,
2020-06-02,108.6,1.1166,3406.56,119.6854,0.68,-0.5,1.18,0.07,,,,,26.84,,,,,,-0.5,121.26276,0.013480986377447657,-0.013480986377447657,-0.00430884270960874,-0.0048609412500466576,
2020-06-03,108.88,1.1246,3355.79,119.2556,0.77,-0.44,1.21,0.06,,7165217.0,,446945.0,25.66,,,,,,-0.5,122.446448,0.009714013825217194,-0.009714013825217194,-0.015015772308995423,-0.00359754469555984,
2020-06-04,109.0,1.1322,3387.91,119.3014,0.82,-0.4,1.22,0.07,,,,,25.81,,,,,,-0.5,123.4098,0.007836749630390827,-0.007836749630390827,0.009525999938574614,0.00038397532298528603,
2020-06-05,109.68,1.1297,3327.4,118.8138,0.91,-0.36,1.27,0.07,,,,,24.52,,,,,,-0.5,123.905496,0.004008621155239034,-0.004008621155239034,-0.018021993848718054,-0.004095502358088865,
2020-06-06,,,,,,,,,,,,,,,,,,,-0.5,,,,,,
2020-06-07,,,,,,,,,,,,,,,,,,,-0.5,,,,,,
2020-06-08,108.46,1.1293,3363.04,118.6621,0.88,-0.4,1.28,0.07,,,,,25.81,,,,,,-0.5,122.48387799999999,,,,,
2020-06-09,107.66,1.1348,3390.51,118.5893,0.84,-0.42,1.26,0.08,,,,,27.57,,,,,,-0.5,122.172568,-0.0025448760750315103,0.0025448760750315103,0.008135025725366063,-0.0006136950280151154,
2020-06-10,107.25,1.1355,3421.86,118.5231,0.75,-0.52,1.27,0.07,,7168936.0,,444520.0,27.57,,,,,,-0.5,121.782375,-0.0031988967137683844,0.0031988967137683844,0.0092039103306778,-0.0005583849829875476,
2020-06-11,106.67,1.1378,3398.61,119.2347,0.66,-0.55,1.21,0.08,,,,,40.79,,,,,,-0.5,121.369126,-0.0033991103998012306,0.0033991103998012306,-0.006817738383995575,0.005985941363912062,
2020-06-12,107.36,1.1253,3412.2,119.6645,0.71,-0.5,1.21,0.08,,,,,36.09,,,,,,-0.5,120.812208,-0.004599189974615392,0.004599189974615392,0.0039907200570894474,0.0035981741564068415,
2020-06-13,,,,,,,,,,,,,,,,,,,-0.5,,,,,,
2020-06-14,,,,,,,,,,,,,,,,,,,-0.5,,,,,,
2020-06-15,107.33,1.127,3353.87,119.9539,0.71,-0.52,1.23,0.09,,,,,34.4,,,,,,-0.5,120.96091,,,,,
2020-06-16,107.35,1.1259,3356.03,119.567,0.75,-0.52,1.27,0.09,,,,,33.67,,,,,,-0.5,120.86536499999998,-0.0007901953993343369,0.0007901953993343369,0.0006438248184359452,-0.003230618593224044,
2020-06-17,107.26,1.1219,3362.53,119.9105,0.74,-0.52,1.26,0.09,,7094690.0,,352470.0,33.47,,,,,,-0.5,120.334994,-0.004397770028176318,0.004397770028176318,0.0019349390428882174,0.002868747465423205,
2020-06-18,106.78,1.1216,3362.53,120.2173,0.71,-0.57,1.28,0.09,,,,,32.94,,,,,,-0.5,119.76444799999999,-0.004752589753333147,0.004752589753333147,0.0,0.0025553073566664253,
2020-06-19,106.89,1.1189,3385.63,120.2186,0.7,-0.6,1.3,0.09,,,,,35.12,,,,,,-0.5,119.599221,-0.0013805522528356207,0.0013805522528356207,0.006846337439887051,1.0813692963296262e-05,
2020-06-20,,,,,,,,,,,,,,,,,,,-0.5,,,,,,
2020-06-21,,,,,,,,,,,,,,,,,,,-0.5,,,,,,
2020-06-22,106.84,1.126,3397.08,119.7532,0.71,-0.63,1.34,0.08,,,,,31.77,,,,,,-0.5,120.30184,,,,,
2020-06-23,106.44,1.1322,3408.74,119.3285,0.72,-0.66,1.38,0.07,,,,,31.37,,,,,,-0.5,120.511368,0.0017401707706525826,-0.0017401707706525826,0.0034264824541718752,-0.003552764153160304,
2020-06-24,106.83,1.1272,3406.05,119.9744,0.69,-0.64,1.33,0.08,,7082302.0,,274963.0,33.84,,,,,,-0.5,120.418776,-0.0007686211697812695,0.0007686211697812695,-0.0007894594374047159,0.005398192570886806,
2020-06-25,107.21,1.1221,3409.15,120.2997,0.68,-0.65,1.33,0.09,,,,,32.22,,,,,,-0.5,120.300341,-0.0009840100032976196,0.0009840100032976196,0.0009097312518484557,0.00270774252201722,
2020-06-26,107.19,1.1215,3416.16,120.533,0.64,-0.68,1.32,0.08,,,,,34.73,,,,,,-0.5,120.213585,-0.0007214218752782386,0.0007214218752782386,0.002054119875827709,0.0019374451474245546,
2020-06-27,,,,,,,,,,,,,,,,,,,-0.5,,,,,,
2020-06-28,,,,,,,,,,,,,,,,,,,-0.5,,,,,,
2020-06-29,107.71,1.1237,3425.75,120.6658,0.64,-0.7,1.34,0.08,,,,,31.78,,,,,,-0.5,121.03372699999998,,,,,
2020-06-30,107.77,1.1237,3430.7,120.4649,0.66,-0.68,1.34,0.1,,,,,30.43,,,,,,-0.5,121.10114899999999,0.000556896246061811,-0.000556896246061811,0.001443896144504464,-0.0016663166198673807,
2020-07-01,107.5,1.1259,3428.64,120.0808,0.69,-0.68,1.37,0.11,,7009040.0,18331.4,225414.0,28.62,,0.01,-0.5230434783,1.196,0.2094,-0.5,121.03424999999999,-0.0005525751457948758,0.0005525751457948758,-0.0006006408960441689,-0.0031935746633617867,
2020-07-02,107.55,1.1237,3437.1,119.8555,0.68,-0.73,1.41,0.11,,,,,27.68,,,,,,-0.5,120.85393499999999,-0.0014908957492059116,0.0014908957492059116,0.002464411492917762,-0.0018779990040451722,
2020-07-03,,,,,,,,,,,,,,,,,,,-0.5,,,,,,
2020-07-04,,,,,,,,,,,,,,,,,,,-0.5,,,,,,
2020-07-05,,,,,,,,,,,,,,,,,,,-0.5,,,,,,
2020-07-06,107.5,1.1307,3446.38,119.2852,0.69,-0.76,1.45,0.1,,,,,27.94,,,,,,-0.5,121.55025,,,,,
2020-07-07,107.53,1.1299,3451.06,119.5717,0.65,-0.78,1.43,0.1,,,,,29.43,,,,,,-0.5,121.49814699999999,-0.0004287458912815012,0.0004287458912815012,0.0013570254234007706,0.0023989270345303737,
2020-07-08,107.39,1.1329,3455.54,119.5525,0.67,-0.75,1.42,0.1,,6920716.0,,179095.0,28.08,,,,,,-0.5,121.662131,0.0013487731319319352,-0.0013487731319319352,0.0012973100015418737,-0.00016058600544166524,
2020-07-09,107.27,1.1298,3453.1,119.5129,0.62,-0.77,1.39,0.1,,,,,29.26,,,,,,-0.5,121.19364599999999,-0.0038581382490683325,0.0038581382490683325,-0.0007063619182510195,-0.00033129010189014707,
2020-07-10,106.77,1.1318,3450.62,119.3509,0.65,-0.76,1.41,0.1,,,,,27.29,,,,,,-0.5,120.84228599999999,-0.0029033726018647954,0.0029033726018647954,-0.0007184532706059343,-0.0013564217335435558,
2020-07-11,,,,,,,,,,,,,,,,,,,-0.5,,,,,,
2020-07-12,,,,,,,,,,,,,,,,,,,-0.5,,,,,,
2020-07-13,107.22,1.1364,3398.87,119.1891,0.64,-0.78,1.42,0.1,,,,,32.19,,,,,,-0.5,121.844808,,,,,
2020-07-14,107.2,1.1406,3412.4,119.3901,0.63,-0.78,1.41,0.11,,,,,29.52,,,,,,-0.5,122.27232000000001,0.003502518979715319,-0.003502518979715319,0.003972832612943122,0.00168497545096713,
2020-07-15,106.92,1.1406,3417.51,119.0331,0.64,-0.77,1.41,0.13,,6958604.0,,154850.0,27.76,,,,,,-0.5,121.95295200000001,-0.002615357365983506,0.002615357365983506,0.0014963596748653885,-0.0029946772528903765,
2020-07-16,107.05,1.1433,3395.66,118.9275,0.62,-0.79,1.41,0.12,,,,,28.0,,,,,,-0.5,122.390265,0.0035795015904591665,-0.0035795015904591665,-0.006414070075917877,-0.0008875419454490441,
2020-07-17,107.06,1.1438,3418.41,119.124,0.64,-0.82,1.46,0.12,,,,,25.68,,,,,,-0.5,122.45522799999999,0.0005306448628354943,-0.0005306448628354943,0.006677385037239247,0.001650903645890267,
2020-07-18,,,,,,,,,,,,,,,,,,,-0.5,,,,,,
2020-07-19,,,,,,,,,,,,,,,,,,,-0.5,,,,,,
2020-07-20,107.21,1.1442,3432.74,119.0483,0.62,-0.84,1.46,0.12,,,,,24.46,,,,,,-0.5,122.66968200000001,,,,,
2020-07-21,106.82,1.1495,3454.69,118.4042,0.61,-0.87,1.48,0.11,,,,,24.84,,,,,,-0.5,122.78958999999999,0.0009770094122831807,-0.0009770094122831807,0.006373952058746468,-0.0054250983227825955,
2020-07-22,107.18,1.1587,3463.11,118.1337,0.6,-0.88,1.48,0.1,,6964755.0,,121992.0,24.32,,,,,,-0.5,124.18946600000001,0.011336110954860423,-0.011336110954860423,0.0024343011240439694,-0.002287160898256424,
2020-07-23,106.83,1.1623,3476.14,118.0613,0.59,-0.9,1.49,0.1,,,,,26.08,,,,,,-0.5,124.16850900000001,-0.00016876446226277153,0.00016876446226277153,0.0037554534896333536,-0.0006130527933914109,
2020-07-24,105.79,1.1635,3489.57,118.1329,0.59,-0.92,1.51,0.1,,,,,25.84,,,,,,-0.5,123.08666500000001,-0.008750885866428249,0.008750885866428249,0.0038560366828104264,0.0006062807824518401,
2020-07-25,,,,,,,,,,,,,,,,,,,-0.5,,,,,,
2020-07-26,,,,,,,,,,,,,,,,,,,-0.5,,,,,,
2020-07-27,105.29,1.175,3500.19,117.3869,0.62,-0.9,1.52,0.1,,,,,24.74,,,,,,-0.5,123.71575000000001,,,,,
2020-07-28,105.03,1.1733,3496.08,117.3189,0.59,-0.92,1.51,0.1,,,,,25.44,,,,,,-0.5,123.231699,-0.003920280382665453,0.003920280382665453,-0.0011749119095725291,-0.0005794488410817422,
2020-07-29,105.06,1.177,3507.71,117.2126,0.58,-0.95,1.53,0.09,,6949032.0,,117473.0,24.1,,,,,,-0.5,123.65562000000001,0.003434128721830021,-0.003434128721830021,0.0033210620790669054,-0.0009064881031255467,
2020-07-30,105.05,1.1791,3509.81,117.4008,0.55,-0.97,1.52,0.1,,,,,24.76,,,,,,-0.5,123.864455,0.0016874190875446615,-0.0016874190875446615,0.0005985020527727869,0.0016043417841222762,
2020-07-31,105.78,1.1822,3512.22,117.2082,0.55,-1.0,1.55,0.1,,,,,24.46,,,,,,-0.5,125.05311599999999,0.009550712154466012,-0.009550712154466012,0.0006864112214355345,-0.0016418811151073243,
2020-08-01,,,,,,,,,,,18413.3,,,,0.045,-0.5233333333,1.032,0.2717,-0.5,,,,,,
2020-08-02,,,,,,,,,,,,,,,,,,,-0.5,,,,,,
2020-08-03,106.11,1.175,3515.42,117.8074,0.56,-1.02,1.58,0.1,,,,,24.28,,,,,,-0.5,124.67925000000001,,,,,
2020-08-04,105.87,1.1766,3518.93,117.7833,0.52,-1.05,1.57,0.09,,,,,23.76,,,,,,-0.5,124.56664200000002,-0.0009035896781144359,0.0009035896781144359,0.0009979600933434085,-0.0002045921174653742,
2020-08-05,105.44,1.1898,3519.63,116.8736,0.55,-1.06,1.61,0.09,,6945237.0,,105663.0,22.99,,,,,,-0.5,125.452512,0.007086446722358808,-0.007086446722358808,0.00019890432199431984,-0.007753486535713172,
2020-08-06,105.52,1.1856,3520.43,117.0422,0.55,-1.08,1.63,0.09,,,,,22.65,,,,,,-0.5,125.104512,-0.002777812557121173,0.002777812557121173,0.0002272707912833738,0.0014415446002074006,
2020-08-07,105.92,1.1776,3521.34,117.6239,0.57,-1.04,1.61,0.09,,,,,22.21,,,,,,-0.5,124.731392,-0.002986922787571622,0.002986922787571622,0.00025845774714738923,0.004957692580672912,
2020-08-08,,,,,,,,,,,,,,,,,,,-0.5,,,,,,
2020-08-09,,,,,,,,,,,,,,,,,,,-0.5,,,,,,
2020-08-10,105.85,1.1756,3520.64,117.5821,0.59,-1.02,1.61,0.09,,,,,22.13,,,,,,-0.5,124.43726,,,,,
2020-08-11,106.56,1.1764,3495.98,117.3781,0.64,-0.99,1.63,0.1,,,,,24.03,,,,,,-0.5,125.35718399999999,0.00736548134628201,-0.00736548134628201,-0.007029054311775695,-0.001736464739646948,
2020-08-12,106.85,1.1796,3496.9,117.2559,0.69,-0.98,1.67,0.09,,6957277.0,,99782.0,22.28,,,,,,-0.5,126.04025999999999,0.005434245234359203,-0.005434245234359203,0.000263124779863233,-0.0010416223654603485,
2020-08-13,106.89,1.1818,3532.24,117.1193,0.71,-0.96,1.67,0.09,,,,,22.13,,,,,,-0.5,126.322602,0.002237588491150966,-0.002237588491150966,0.010055368870091286,-0.0011656524706289417,
2020-08-14,106.49,1.1833,3529.94,116.9395,0.71,-0.94,1.65,0.09,,,,,22.05,,,,,,-0.5,126.00961699999999,-0.0024807387796235147,0.0024807387796235147,-0.0006513569694686083,-0.0015363663777385739,
2020-08-15,,,,,,,,,,,,,,,,,,,-0.5,,,,,,
2020-08-16,,,,,,,,,,,,,,,,,,,-0.5,,,,,,
2020-08-17,105.97,1.1869,3536.77,116.749,0.69,-0.97,1.66,0.1,,,,,21.35,,,,,,-0.5,125.77579300000001,,,,,
2020-08-18,105.41,1.1928,3561.23,116.5593,0.67,-1.01,1.68,0.09,,,,,21.51,,,,,,-0.5,125.73304800000001,-0.00033990853157828127,0.00033990853157828127,0.006892109558508608,-0.0016261748236505724,
2020-08-19,105.71,1.1898,3469.27,116.567,0.68,-0.99,1.67,0.09,,7010637.0,,95780.0,22.54,,,,,,-0.5,125.77375799999999,0.00032372881675080123,-0.00032372881675080123,-0.026161793621445995,6.605861288822013e-05,
2020-08-20,105.81,1.1862,3495.07,116.8126,0.65,-0.97,1.62,0.07,,,,,22.72,,,,,,-0.5,125.511822,-0.0020847682136801993,0.0020847682136801993,0.007409206910358179,0.0021047262971114478,
2020-08-21,105.88,1.1775,3472.22,117.0572,0.64,-1.0,1.64,0.07,,,,,22.54,,,,,,-0.5,124.6737,-0.006700029071223135,0.006700029071223135,-0.006559245251521517,0.002091762931226704,
2020-08-22,,,,,,,,,,,,,,,,,,,-0.5,,,,,,
2020-08-23,,,,,,,,,,,,,,,,,,,-0.5,,,,,,
2020-08-24,105.9,1.1803,3461.84,116.912,0.65,-1.02,1.67,0.08,,,,,22.37,,,,,,-0.5,124.99377,,,,,
2020-08-25,106.4,1.1818,3467.36,116.8206,0.69,-1.01,1.7,0.08,,,,,22.03,,,,,,-0.5,125.74352,0.005980380776733796,-0.005980380776733796,0.0015932578559425536,-0.0007820903430575399,
2020-08-26,106.13,1.1813,3501.83,116.6243,0.69,-1.03,1.72,0.07,,6990418.0,,92140.0,23.27,,,,,,-0.5,125.371369,-0.0029639920909128037,0.0029639920909128037,0.00989219151417231,-0.0016817676999316689,
2020-08-27,106.42,1.1824,3468.69,116.649,0.74,-0.99,1.73,0.07,,,,,24.47,,,,,,-0.5,125.831008,0.0036595156339558343,-0.0036595156339558343,-0.009508687930345872,0.0002117687715852412,
2020-08-28,105.3,1.1901,3523.53,115.9374,0.74,-1.03,1.77,0.07,,,,,22.96,,,,,,-0.5,125.31752999999999,-0.0040890440338374745,0.0040890440338374745,0.015686326944370776,-0.006119035509768445,
2020-08-29,,,,,,,,,,,,,,,,,,,-0.5,,,,,,
2020-08-30,,,,,,,,,,,,,,,,,,,-0.5,,,,,,
2020-08-31,105.84,1.195,3531.91,115.7586,0.72,-1.08,1.8,0.09,,,,,26.41,,,,,,-0.5,126.4788,,,,,
2020-09-01,106.0,1.1949,3540.1,115.5687,0.68,-1.08,1.76,0.09,,,18605.0,,26.12,,0.015,-0.5240909091,0.981,0.273,-0.5,126.6594,0.001426888795464265,-0.001426888795464265,0.002316174230912793,-0.0016418299323763819,
2020-09-02,106.15,1.184,3497.07,116.0304,0.66,-1.07,1.73,0.09,,7017492.0,,88967.0,26.57,,,,,,-0.5,125.6816,-0.007749869374559459,0.007749869374559459,-0.012229500295807938,0.003987067407650535,
2020-09-03,106.14,1.1832,3471.27,116.0685,0.63,-1.02,1.65,0.1,,,,,33.6,,,,,,-0.5,125.58484800000001,-0.0007701147968770528,0.0007701147968770528,-0.007404953802936376,0.00032830832323860193,
2020-09-04,106.34,1.182,3481.83,116.0347,0.72,-0.98,1.7,0.09,,,,,30.75,,,,,,-0.5,125.69388,0.0008678172458971289,-0.0008678172458971289,0.0030374964028183626,-0.0002912497564784289,
2020-09-05,,,,,,,,,,,,,,,,,,,-0.5,,,,,,
2020-09-06,,,,,,,,,,,,,,,,,,,-0.5,,,,,,
2020-09-07,,,,,,,,,,,,,,,,,,,-0.5,,,,,,
2020-09-08,105.97,1.1789,3476.11,116.4618,0.69,-0.99,1.68,0.09,,,,,31.46,,,,,,-0.5,124.928033,,,,,
2020-09-09,106.23,1.181,3507.84,116.1291,0.71,-1.0,1.71,0.09,,7010614.0,,72069.0,28.81,,,,,,-0.5,125.45763000000001,0.004230256504458296,-0.004230256504458296,0.009086610963505493,-0.0028608189478545043,
2020-09-10,106.19,1.188,3499.66,115.8806,0.68,-1.01,1.69,0.09,,,,,29.71,,,,,,-0.5,126.15371999999999,0.005533071349059782,-0.005533071349059782,-0.00233464251600779,-0.0021421526343665676,
2020-09-11,106.17,1.1831,3501.07,116.0866,0.67,-0.98,1.65,0.09,,,,,26.87,,,,,,-0.5,125.609727,-0.00432146805324507,0.00432146805324507,0.00040281514043982725,0.0017761136415286316,
2020-09-12,,,,,,,,,,,,,,,,,,,-0.5,,,,,,
2020-09-13,,,,,,,,,,,,,,,,,,,-0.5,,,,,,
2020-09-14,105.68,1.1874,3494.62,115.6428,0.68,-0.97,1.65,0.09,,,,,25.85,,,,,,-0.5,125.48443200000001,,,,,
2020-09-15,105.5,1.1846,3492.14,115.5908,0.68,-0.99,1.67,0.1,,,,,25.59,,,,,,-0.5,124.9753,-0.004065585291658458,0.004065585291658458,-0.000709914210350604,-0.00044976163392007606,
2020-09-16,104.94,1.1835,3501.28,115.3537,0.69,-0.99,1.68,0.1,,7064475.0,,52274.0,26.04,,,,,,-0.5,124.19649,-0.0062512095463818085,0.0062512095463818085,0.0026138871121759166,-0.0020533079012716726,
2020-09-17,104.77,1.1823,3491.38,115.4392,0.69,-0.97,1.66,0.1,,,,,26.46,,,,,,-0.5,123.86957099999998,-0.0026357429786632025,0.0026357429786632025,-0.0028315423928937378,0.0007409240397899808,
2020-09-18,104.44,1.1857,3497.09,115.2395,0.7,-0.97,1.67,0.09,,,,,25.83,,,,,,-0.5,123.834508,-0.00028310393898856034,0.00028310393898856034,0.0016341205644838652,-0.0017314129990175786,
2020-09-19,,,,,,,,,,,,,,,,,,,-0.5,,,,,,
2020-09-20,,,,,,,,,,,,,,,,,,,-0.5,,,,,,
2020-09-21,104.69,1.1737,3442.3,116.378,0.68,-0.94,1.62,0.08,,,,,27.78,,,,,,-0.5,122.874653,,,,,
2020-09-22,105.05,1.1703,3428.32,116.5438,0.68,-0.94,1.62,0.07,,,,,26.86,,,,,,-0.5,122.94001499999999,0.0005317990343876033,-0.0005317990343876033,-0.0040695073496817,0.0014236540160990074,
2020-09-23,105.34,1.1677,3361.35,117.2526,0.68,-0.92,1.6,0.06,,7093161.0,,31950.0,28.58,,,,,,-0.5,123.005518,0.0005326626651829258,-0.0005326626651829258,-0.01972766627514666,0.00606341390700571,
2020-09-24,105.42,1.1666,3373.43,117.5473,0.67,-0.91,1.58,0.07,,,,,28.51,,,,,,-0.5,122.982972,-0.00018330939031407922,0.00018330939031407922,0.0035873519119817843,0.0025102238522887177,
2020-09-25,105.59,1.1618,3366.87,117.8679,0.66,-0.92,1.58,0.08,,,,,26.38,,,,,,-0.5,122.67446199999999,-0.002511710369743625,0.002511710369743625,-0.0019465015121724605,0.002723700068633761,
2020-09-26,,,,,,,,,,,,,,,,,,,-0.5,,,,,,
2020-09-27,,,,,,,,,,,,,,,,,,,-0.5,,,,,,
2020-09-28,105.5,1.166,3400.54,117.6178,0.67,-0.94,1.61,0.08,,,,,26.19,,,,,,-0.5,123.01299999999999,,,,,
2020-09-29,105.68,1.1717,3424.99,117.526,0.66,-0.98,1.64,0.07,,,,,26.27,,,,,,-0.5,123.82525600000001,0.006581305061621023,-0.006581305061621023,0.00716430946149238,-0.0007807988529888732,
2020-09-30,105.58,1.1723,3409.01,116.946,0.69,-0.94,1.63,0.08,,7056129.0,,23895.0,26.37,,,,,,-0.5,123.77143399999999,-0.0004347554149273236,0.0004347554149273236,-0.004676625438875703,-0.004947295907345328,
2020-10-01,105.53,1.1752,3438.12,116.7227,0.68,-0.95,1.63,0.08,,,18759.9,,26.7,,0.04,-0.6072727273,0.77,0.3058,-0.5,124.018856,0.001997028069413709,-0.001997028069413709,0.008502883802465888,-0.001911253565189952,
2020-10-02,105.36,1.1706,3436.12,116.7321,0.7,-0.94,1.64,0.1,,,,,27.63,,,,,,-0.5,123.334416,-0.00553412325051994,0.00553412325051994,-0.0005818825227024149,8.052950725456753e-05,
2020-10-03,,,,,,,,,,,,,,,,,,,-0.5,,,,,,
2020-10-04,,,,,,,,,,,,,,,,,,,-0.5,,,,,,
2020-10-05,105.7,1.1784,3453.72,116.1767,0.78,-0.9,1.68,0.09,,,,,27.96,,,,,,-0.5,124.55687999999999,,,,,
2020-10-06,105.64,1.1778,3415.03,116.2681,0.76,-0.9,1.66,0.1,,,,,29.48,,,,,,-0.5,124.422792,-0.0010771000852107804,0.0010771000852107804,-0.011265633249895046,0.0007864233117764741,
2020-10-07,105.97,1.1766,3413.34,116.3447,0.81,-0.9,1.71,0.09,,7074649.0,,15838.0,28.06,,,,,,-0.5,124.684302,0.002099579677698138,-0.002099579677698138,-0.0004949936908822394,0.0006586052252401942,
2020-10-08,105.98,1.1753,3426.45,116.1657,0.78,-0.94,1.72,0.08,,,,,26.36,,,,,,-0.5,124.558294,-0.0010111274136752613,0.0010111274136752613,0.0038334557215051746,-0.0015397163771027067,
2020-10-09,105.72,1.1819,3474.02,115.2757,0.79,-0.94,1.73,0.09,,,,,25.0,,,,,,-0.5,124.95046799999999,0.003143571550858759,-0.003143571550858759,0.013787685066880329,-0.0076909696107021475,
2020-10-10,,,,,,,,,,,,,,,,,,,-0.5,,,,,,
2020-10-11,,,,,,,,,,,,,,,,,,,-0.5,,,,,,
2020-10-12,,,3424.77,,,,,,,,,,25.07,,,,,,-0.5,,,,,,
2020-10-13,105.55,1.1737,3387.23,115.9107,0.74,-0.96,1.7,0.09,,,,,26.07,,,,,,-0.5,123.884035,,,-0.011021837942458035,,
2020-10-14,105.08,1.1755,3399.11,115.6872,0.73,-0.96,1.69,0.09,,7151426.0,,7478.0,26.4,,,,,,-0.5,123.52154,-0.0029303726029450416,0.0029303726029450416,0.003501154417696384,-0.00193006991325273,
2020-10-15,105.38,1.1701,3410.23,116.0964,0.74,-0.95,1.69,0.1,,,,,26.97,,,,,,-0.5,123.30513799999999,-0.0017534737914113308,0.0017534737914113308,0.0032661050513453915,0.003530883333672463,
2020-10-16,105.41,1.1717,3407.19,115.7679,0.76,-0.95,1.71,0.09,,,,,27.41,,,,,,-0.5,123.50889699999999,0.0016511139351553794,-0.0016511139351553794,-0.0008918330399172447,-0.0028335558323977494,
2020-10-17,,,,,,,,,,,,,,,,,,,-0.5,,,,,,
2020-10-18,,,,,,,,,,,,,,,,,,,-0.5,,,,,,
2020-10-19,105.42,1.1788,3408.33,115.4031,0.78,-0.93,1.71,0.09,,,,,29.18,,,,,,-0.5,124.269096,,,,,
2020-10-20,105.56,1.1824,3420.49,115.2485,0.81,-0.91,1.72,0.08,,,,,29.35,,,,,,-0.5,124.81414399999998,0.004376439538460453,-0.004376439538460453,0.0035613804002849747,-0.0013405501904371064,
2020-10-21,104.58,1.187,3434.28,114.9108,0.83,-0.91,1.74,0.07,,7177265.0,,7642.0,28.65,,,,,,-0.5,124.13646,-0.005444338459407838,0.005444338459407838,0.0040234810513464225,-0.002934491392132088,
2020-10-22,104.88,1.1824,3416.79,115.1158,0.87,-0.89,1.76,0.07,,,,,28.11,,,,,,-0.5,124.01011199999998,-0.0010183337202711584,0.0010183337202711584,-0.005105782891016375,0.0017824030288071668,
2020-10-23,104.78,1.1844,3416.03,115.0126,0.85,-0.9,1.75,0.08,,,,,27.55,,,,,,-0.5,124.10143199999999,0.000736120558127773,-0.000736120558127773,-0.00022245573661727747,-0.0008968906655413278,
2020-10-24,,,,,,,,,,,,,,,,,,,-0.5,,,,,,
2020-10-25,,,,,,,,,,,,,,,,,,,-0.5,,,,,,
2020-10-26,104.86,1.1816,3418.21,115.2797,0.81,-0.91,1.72,0.09,,,,,32.46,,,,,,-0.5,123.902576,,,,,
2020-10-27,104.44,1.1834,3428.57,115.0131,0.79,-0.92,1.71,0.09,,,,,33.35,,,,,,-0.5,123.594296,-0.0024911842880355195,0.0024911842880355195,0.0030262423815372586,-0.002315314409277569,
2020-10-28,104.33,1.1751,3382.0,115.8023,0.79,-0.91,1.7,0.08,,7146306.0,,6799.0,40.28,,,,,,-0.5,122.598183,-0.008092192253748465,0.008092192253748465,-0.013676014149490712,0.006838391853263737,
2020-10-29,104.69,1.1658,3370.03,116.3069,0.85,-0.86,1.71,0.09,,,,,37.59,,,,,,-0.5,122.047602,-0.004501053877059569,0.004501053877059569,-0.0035456040745902584,0.0043479603130327504,
2020-10-30,104.54,1.1647,3380.48,116.1354,0.88,-0.82,1.7,0.09,,,,,38.02,,,,,,-0.5,121.75773800000002,-0.0023778325493308827,0.0023778325493308827,0.00309606484472269,-0.0014756352963303243,
2020-10-31,,,,,,,,,,,,,,,,,,,-0.5,,,,,,
2020-11-01,,,,,,,,,,,19002.4,,,,0.03,-0.6147619048,0.664,0.3836,-0.5,,,,,,
2020-11-02,104.8,1.1634,3409.09,116.2361,0.87,-0.84,1.71,0.11,,,,,37.13,,,,,,-0.5,121.92432,,,,,
2020-11-03,104.5,1.1724,3426.1,115.4802,0.9,-0.82,1.72,0.1,,,,,35.55,,,,,,-0.5,122.51580000000001,0.004839476877999793,-0.004839476877999793,0.004977194522743034,-0.006524380731081081,
2020-11-04,104.39,1.173,3433.42,115.1677,0.78,-0.86,1.64,0.1,,7157479.0,,7248.0,29.57,,,,,,-0.5,122.44947,-0.0005415461679207922,0.0005415461679207922,0.0021342609332997142,-0.002709759691882141,
2020-11-05,103.67,1.1809,3487.88,114.4556,0.79,-0.87,1.66,0.11,,,,,27.58,,,,,,-0.5,122.42390300000001,-0.0002088181314254811,0.0002088181314254811,0.01573725281785343,-0.006202352137812284,
2020-11-06,103.32,1.1886,3498.52,113.9919,0.83,-0.82,1.65,0.1,,,,,24.86,,,,,,-0.5,122.806152,0.003117475217942811,-0.003117475217942811,0.0030459201380281797,-0.00405958162660891,
2020-11-07,,,,,,,,,,,,,,,,,,,-0.5,,,,,,
2020-11-08,,,,,,,,,,,,,,,,,,,-0.5,,,,,,
2020-11-09,105.58,1.1811,3373.45,114.0895,0.96,-0.77,1.73,0.1,,,,,25.75,,,,,,-0.5,124.70053800000001,,,,,
2020-11-10,105.36,1.181,3385.97,114.0757,0.98,-0.78,1.76,0.1,,,,,24.8,,,,,,-0.5,124.43016,-0.002170572380883584,0.002170572380883584,0.003704464086480286,-0.00012096498516722676,
2020-11-11,,,3375.08,,,,,,,7175417.0,,8036.0,23.45,,,,,,-0.5,,,,-0.003221395912611058,,
2020-11-12,105.16,1.1814,3393.11,114.2843,0.88,-0.83,1.71,0.09,,,,,25.35,,,,,,-0.5,124.236024,,,0.005327877216910082,,
2020-11-13,104.61,1.1824,3414.13,114.2397,0.89,-0.83,1.72,0.09,,,,,23.1,,,,,,-0.5,123.69086399999999,-0.004397755185208574,0.004397755185208574,0.006175797183395559,-0.0003903309986368342,
2020-11-14,,,,,,,,,,,,,,,,,,,-0.5,,,,,,
2020-11-15,,,,,,,,,,,,,,,,,,,-0.5,,,,,,
2020-11-16,104.54,1.1844,3361.85,113.8312,0.91,-0.81,1.72,0.1,,,,,22.45,,,,,,-0.5,123.817176,,,,,
2020-11-17,104.2,1.1862,3357.86,113.682,0.87,-0.83,1.7,0.09,,,,,22.71,,,,,,-0.5,123.60203999999999,-0.0017390407883199899,0.0017390407883199899,-0.0011875513880568178,-0.0013115724396479678,
2020-11-18,103.72,1.1869,3344.1,113.46,0.88,-0.82,1.7,0.07,,7243080.0,,7141.0,23.84,,,,,,-0.5,123.10526800000001,-0.00402722299096947,0.00402722299096947,-0.0041062672216583,-0.001954724979858824,
2020-11-19,103.85,1.1843,3339.25,113.694,0.86,-0.84,1.7,0.06,,,,,23.11,,,,,,-0.5,122.98955499999998,-0.000940393683352525,0.000940393683352525,-0.0014513682064727362,0.0020602770171116447,
2020-11-20,103.81,1.1857,3349.79,113.489,0.83,-0.86,1.69,0.05,,,,,23.7,,,,,,-0.5,123.087517,0.0007961896196082563,-0.0007961896196082563,0.003151426429846893,-0.0018047129903226988,
2020-11-21,,,,,,,,,,,,,,,,,,,-0.5,,,,,,
2020-11-22,,,,,,,,,,,,,,,,,,,-0.5,,,,,,
2020-11-23,104.42,1.1826,3294.35,113.7548,0.86,-0.85,1.71,0.05,,,,,22.66,,,,,,-0.5,123.48709200000002,,,,,
2020-11-24,104.61,1.1874,3248.3,113.4316,0.88,-0.86,1.74,0.07,,,,,21.64,,,,,,-0.5,124.213914,0.005868559823108299,-0.005868559823108299,-0.014077097339582068,-0.002845242655689084,
2020-11-25,104.39,1.1908,3246.78,113.1823,0.88,-0.87,1.75,0.08,,7216480.0,,7845.0,21.25,,,,,,-0.5,124.307612,0.0007540433695840676,-0.0007540433695840676,-0.0004680465914965737,-0.0022002189677774453,
2020-11-26,,,,,,,,,,,,,,,,,,,-0.5,,,,,,
2020-11-27,,,3217.54,,0.84,-0.91,1.75,0.08,,,,,20.84,,,,,,-0.5,,,,,,
2020-11-28,,,,,,,,,,,,,,,,,,,-0.5,,,,,,
2020-11-29,,,,,,,,,,,,,,,,,,,-0.5,,,,,,
2020-11-30,104.38,1.1948,3196.65,113.2256,0.84,-0.93,1.77,0.09,,,,,20.57,,,,,,-0.5,124.713224,,,,,
2020-12-01,104.4,1.2039,3260.55,112.8063,0.92,-0.89,1.81,0.08,,,19119.4,,20.77,,0.02,-0.6185,0.578,0.3224,-0.5,125.68716,0.00777906883229651,-0.00777906883229651,0.01979250635553953,-0.0037101000431043474,
2020-12-02,104.52,1.2093,3284.38,112.6115,0.95,-0.9,1.85,0.08,,7222414.0,,8449.0,21.17,,,,,,-0.5,126.396036,0.005624158054122752,-0.005624158054122752,0.007282004636829598,-0.0017283466389246271,
2020-12-03,103.77,1.2152,3308.78,112.0236,0.92,-0.94,1.86,0.08,,,,,21.28,,,,,,-0.5,126.101304,-0.0023345365448914634,0.0023345365448914634,0.007401643944545455,-0.0052342785455792296,
2020-12-04,104.16,1.2142,3302.13,111.7778,0.97,-0.92,1.89,0.09,,,,,20.79,,,,,,-0.5,126.47107199999999,0.002928018257843057,-0.002928018257843057,-0.002011826584526588,-0.0021965912530692577,
2020-12-05,,,,,,,,,,,,,,,,,,,-0.5,,,,,,
2020-12-06,,,,,,,,,,,,,,,,,,,-0.5,,,,,,
2020-12-07,104.01,1.2138,3345.99,111.8385,0.94,-0.94,1.88,0.08,,,,,21.3,,,,,,-0.5,126.247338,,,,,
2020-12-08,104.14,1.2111,3356.34,111.8639,0.92,-0.97,1.89,0.07,,,,,20.68,,,,,,-0.5,126.12395400000001,-0.00097779750503868,0.00097779750503868,0.0030884806409527954,0.0002270874171150794,
2020-12-09,104.28,1.208,3307.09,112.0305,0.95,-0.96,1.91,0.08,,7242658.0,,9565.0,22.27,,,,,,-0.5,125.97024,-0.0012194967016965208,0.0012194967016965208,-0.014782445930141108,0.0014882018554107646,
2020-12-10,104.3,1.2118,3302.65,111.9788,0.92,-0.96,1.88,0.08,,,,,22.52,,,,,,-0.5,126.39074,0.0033325309575547024,-0.0033325309575547024,-0.001343472108681354,-0.0004615879869094286,
2020-12-11,103.88,1.2112,3308.67,112.1417,0.9,-0.97,1.87,0.08,,,,,23.31,,,,,,-0.5,125.819456,-0.004530229039883871,0.004530229039883871,0.0018211194326589464,0.0014536825385151886,
2020-12-12,,,,,,,,,,,,,,,,,,,-0.5,,,,,,
2020-12-13,,,,,,,,,,,,,,,,,,,-0.5,,,,,,
2020-12-14,104.06,1.2145,3259.59,112.1708,0.9,-0.98,1.88,0.08,,,,,24.72,,,,,,-0.5,126.38086999999999,,,,,
2020-12-15,103.69,1.2158,3297.41,111.8601,0.92,-0.99,1.91,0.09,,,,,22.89,,,,,,-0.5,126.066302,-0.0024921504195756228,0.0024921504195756228,0.011535891234633056,-0.0027737262957829856,
2020-12-16,103.59,1.2175,3312.68,111.7157,0.92,-1.0,1.92,0.09,,7362592.0,,10048.0,22.5,,,,,,-0.5,126.12082500000001,0.0004324011419472029,-0.0004324011419472029,0.004620217625870282,-0.0012917321112437818,
2020-12-17,103.13,1.2258,3336.85,111.2226,0.94,-1.0,1.94,0.09,,,,,21.93,,,,,,-0.5,126.416754,0.002343644352852614,-0.002343644352852614,0.007269718745902765,-0.00442365267978051,
2020-12-18,103.35,1.2236,3335.43,111.6071,0.95,-1.0,1.95,0.09,,,,,21.57,,,,,,-0.5,126.45906,0.00033459902491728144,-0.00033459902491728144,-0.0004256416161911858,0.003451069418594521,
2020-12-19,,,,,,,,,,,,,,,,,,,-0.5,,,,,,
2020-12-20,,,,,,,,,,,,,,,,,,,-0.5,,,,,,
2020-12-21,103.44,1.223,3331.45,111.9415,0.95,-1.0,1.95,0.09,,,,,25.16,,,,,,-0.5,126.50712,,,,,
2020-12-22,103.62,1.2172,3312.96,112.1947,0.93,-1.01,1.94,0.07,,,,,24.23,,,,,,-0.5,126.126264,-0.0030150907413162287,0.0030150907413162287,-0.005565595057678507,0.0022593414870737405,
2020-12-23,103.52,1.2194,3334.1,111.9807,0.96,-1.01,1.97,0.06,,7404039.0,,16833.0,23.31,,,,,,-0.5,126.232288,0.0008402648168477356,-0.0008402648168477356,0.0063607282843811674,-0.001909219878761803,
2020-12-24,,,3345.19,,0.94,-1.03,1.97,0.08,,,,,21.53,,,,,,-0.5,,,,0.0033207152828875763,,
2020-12-25,,,,,,,,,,,,,,,,,,,-0.5,,,,,,
2020-12-26,,,,,,,,,,,,,,,,,,,-0.5,,,,,,
2020-12-27,,,,,,,,,,,,,,,,,,,-0.5,,,,,,
2020-12-28,103.84,1.2213,3337.61,111.9752,0.94,-1.03,1.97,0.09,,,,,21.7,,,,,,-0.5,126.819792,,,,,
2020-12-29,103.5,1.2252,3350.22,111.5172,0.94,-1.02,1.96,0.1,,,,,23.08,,,,,,-0.5,126.80820000000001,-9.140946877916889e-05,9.140946877916889e-05,0.0037710333377418692,-0.00409857911174516,
2020-12-30,103.31,1.228,3369.08,111.3084,0.93,-1.03,1.96,0.09,,7363351.0,,17883.0,22.77,,,,,,-0.5,126.86468,0.0004452979043980676,-0.0004452979043980676,0.005613694738677566,-0.0018741119612286639,
2020-12-31,103.19,1.223,3376.09,111.3169,0.93,-1.06,1.99,0.07,,,,,22.75,,,,,,-0.5,126.20137000000001,-0.005242200753646564,0.005242200753646564,0.002078525084987959,7.636149174583551e-05,
2021-01-01,,,,,,,,,,,19375.3,,,,0.055,-0.5835,0.616,0.3672,-0.5,,,,,,
2021-01-02,,,,,,,,,,,,,,,,,,,-0.5,,,,,,
2021-01-03,,,,,,,,,,,,,,,,,,,-0.5,,,,,,
2021-01-04,103.19,1.2254,3419.13,111.2075,0.93,-1.08,2.01,0.1,,,,,26.97,,,,,,-0.5,126.449026,,,,,
2021-01-05,102.7,1.2295,3421.0,110.9574,0.96,-1.07,2.03,0.11,,,,,25.34,,,,,,-0.5,126.26965000000001,-0.0014195708284177044,0.0014195708284177044,0.0005467732474642162,-0.002251481720559667,
2021-01-06,103.25,1.229,3393.82,110.8502,1.04,-1.02,2.06,0.1,,7334809.0,,16911.0,25.07,,,,,,-0.5,126.89425000000001,0.004934362816417348,-0.004934362816417348,-0.007976775357063204,-0.0009666035640494286,
2021-01-07,103.84,1.2265,3394.18,111.3042,1.08,-1.01,2.09,0.1,,,,,22.37,,,,,,-0.5,127.35976,0.0036617752471466147,-0.0036617752471466147,0.0001060695345724838,0.004087253117919687,
2021-01-08,103.89,1.2252,3298.06,111.2847,1.13,-0.93,2.06,0.09,,,,,21.56,,,,,,-0.5,127.286028,-0.0005790946132631092,0.0005790946132631092,-0.028727783356909953,-0.00017521089371363985,
2021-01-09,,,,,,,,,,,,,,,,,,,-0.5,,,,,,
2021-01-10,,,,,,,,,,,,,,,,,,,-0.5,,,,,,
2021-01-11,104.16,1.2169,3270.65,111.8257,1.15,-0.91,2.06,0.09,,,,,24.08,,,,,,-0.5,126.75230400000001,,,,,
2021-01-12,104.09,1.2168,3290.95,111.5501,1.15,-0.93,2.08,0.08,,,,,23.33,,,,,,-0.5,126.65671200000001,-0.0007544483305537142,0.0007544483305537142,0.006187534981227927,-0.0024675917431000727,
2021-01-13,103.91,1.2159,3280.05,111.3622,1.1,-0.96,2.06,0.08,,7333968.0,,11150.0,22.21,,,,,,-0.5,126.344169,-0.0024706883055323203,0.0024706883055323203,-0.003317610713013508,-0.0016858651990325768,
2021-01-14,103.66,1.2156,3278.73,111.1567,1.15,-0.94,2.09,0.08,,,,,23.25,,,,,,-0.5,126.009096,-0.0026555883627290555,0.0026555883627290555,-0.00040251388758960616,-0.0018470346422043704,
2021-01-15,103.8,1.2099,3241.7,111.5106,1.11,-0.99,2.1,0.08,,,,,24.34,,,,,,-0.5,125.58761999999999,-0.0033504125249779193,0.0033504125249779193,-0.011358268734831256,0.003178736150251993,
2021-01-16,,,,,,,,,,,,,,,,,,,-0.5,,,,,,
2021-01-17,,,,,,,,,,,,,,,,,,,-0.5,,,,,,
2021-01-18,,,,,,,,,,,,,,,,,,,-0.5,,,,,,
2021-01-19,103.86,1.2126,3269.05,111.4527,1.1,-1.0,2.1,0.07,,,,,23.24,,,,,,-0.5,125.94063599999998,,,,,
2021-01-20,,,3318.77,,1.1,-1.02,2.12,0.06,,7414942.0,,10909.0,21.58,,,,,,-0.5,,,,0.015094809532889997,,
2021-01-21,103.57,1.2143,3317.55,111.1973,1.12,-0.98,2.1,0.04,,,,,21.32,,,,,,-0.5,125.76505099999999,,,-0.000367673654599443,,
2021-01-22,103.76,1.2179,3294.43,111.5516,1.1,-0.99,2.09,0.05,,,,,21.91,,,,,,-0.5,126.369304,0.004793112440692582,-0.004793112440692582,-0.006993395088466414,0.003181163173303858,
2021-01-23,,,,,,,,,,,,,,,,,,,-0.5,,,,,,
2021-01-24,,,,,,,,,,,,,,,,,,,-0.5,,,,,,
2021-01-25,103.78,1.2138,3298.66,111.8676,1.05,-1.03,2.08,0.06,,,,,23.19,,,,,,-0.5,125.968164,,,,,
2021-01-26,103.69,1.2147,3291.89,111.6572,1.05,-1.03,2.08,0.03,,,,,23.02,,,,,,-0.5,125.95224299999998,-0.00012639706493722258,0.00012639706493722258,-0.002054457482678629,-0.0018825657120737915,
2021-01-27,104.09,1.2101,3271.59,112.0782,1.04,-1.04,2.08,0.03,,7404926.0,,9567.0,37.21,,,,,,-0.5,125.959309,5.609905497205858e-05,-5.609905497205858e-05,-0.006185762653139193,0.0037633784987596286,
2021-01-28,104.31,1.2122,3273.28,112.0059,1.07,-1.06,2.13,0.04,,,,,30.21,,,,,,-0.5,126.444582,0.0038452148736807246,-0.0038452148736807246,0.0005164350208826107,-0.0006452934635596819,
2021-01-29,104.64,1.2135,3271.12,111.9511,1.11,-1.02,2.13,0.06,,,,,33.09,,,,,,-0.5,126.98064000000001,0.004230508670480582,-0.004230508670480582,-0.0006601063744380298,-0.000489379667468981,
2021-01-30,,,,,,,,,,,,,,,,,,,-0.5,,,,,,
2021-01-31,,,,,,,,,,,,,,,,,,,-0.5,,,,,,
2021-02-01,104.97,1.207,3300.07,112.4189,1.09,-1.02,2.11,0.07,,,19641.4,,30.24,,0.15,-0.4455,0.59,0.6222,-0.5,126.69879,,,,,
2021-02-02,105.09,1.202,3264.73,112.2862,1.12,-1.03,2.15,0.07,,,,,25.56,,,,,,-0.5,126.31818,-0.00300857517258013,0.00300857517258013,-0.010766616312398725,-0.0011811037259628065,
2021-02-03,105.05,1.2025,3260.5,112.2567,1.15,-1.04,2.19,0.07,,7410598.0,,8679.0,22.91,,,,,,-0.5,126.32262499999999,3.518829826809622e-05,-3.518829826809622e-05,-0.001296506205154202,-0.00026275602719749713,
2021-02-04,105.43,1.1974,3191.8,112.7469,1.15,-1.02,2.17,0.05,,,,,21.77,,,,,,-0.5,126.241882,-0.0006393851908157444,0.0006393851908157444,-0.021295536868169762,0.004357270510960021,
2021-02-05,105.44,1.2035,3222.72,112.2379,1.19,-1.02,2.21,0.02,,,,,20.87,,,,,,-0.5,126.89704,0.005176283897213807,-0.005176283897213807,0.009640702494692732,-0.004524757836214199,
2021-02-06,,,,,,,,,,,,,,,,,,,-0.5,,,,,,
2021-02-07,,,,,,,,,,,,,,,,,,,-0.5,,,,,,
2021-02-08,105.19,1.2045,3255.14,112.0428,1.19,-1.03,2.22,0.02,,,,,21.24,,,,,,-0.5,126.70135499999999,,,,,
2021-02-09,104.62,1.2106,3265.26,111.7675,1.18,-1.04,2.22,0.05,,,,,21.63,,,,,,-0.5,126.65297199999999,-0.0003819394060569081,0.0003819394060569081,0.003104106535156248,-0.002460120368431795,
2021-02-10,104.67,1.2132,3275.85,111.5834,1.15,-1.06,2.21,0.06,,7442225.0,,8463.0,21.99,,,,,,-0.5,126.98564400000001,0.0026231982811664167,-0.0026231982811664167,0.0032379853733122133,-0.0016485274220352508,
2021-02-11,104.75,1.2127,3251.18,111.5272,1.16,-1.04,2.2,0.06,,,,,21.25,,,,,,-0.5,127.03032499999999,0.00035179678377428303,-0.00035179678377428303,-0.007559370028506152,-0.0005037860253045423,
2021-02-12,104.94,1.2126,3242.85,111.4889,1.2,-1.01,2.21,0.05,,,,,19.97,,,,,,-0.5,127.25024399999998,0.0017297354312031388,-0.0017297354312031388,-0.0025654345818004742,-0.0003434729634008704,
2021-02-13,,,,,,,,,,,,,,,,,,,-0.5,,,,,,
2021-02-14,,,,,,,,,,,,,,,,,,,-0.5,,,,,,
2021-02-15,,,,,,,,,,,,,,,,,,,-0.5,,,,,,
2021-02-16,105.88,1.2107,3172.06,111.7879,1.3,-0.94,2.24,0.06,,,,,21.46,,,,,,-0.5,128.188916,,,,,
2021-02-17,105.83,1.2042,3140.31,112.0204,1.29,-0.92,2.21,0.06,,7557402.0,,8165.0,21.5,,,,,,-0.5,127.44048599999999,-0.005855602936614801,0.005855602936614801,-0.010059697942715218,0.0020776716827430874,
2021-02-18,105.69,1.2078,3142.1,112.1603,1.29,-0.87,2.16,0.03,,,,,22.49,,,,,,-0.5,127.65238199999999,0.0016613247590759883,-0.0016613247590759883,0.0005698450271278688,0.001248100466818336,
2021-02-19,105.58,1.2136,3154.97,111.7058,1.34,-0.8,2.14,0.02,,,,,22.05,,,,,,-0.5,128.131888,0.0037493045347360976,-0.0037493045347360976,0.004087621042808465,-0.004060468507382176,
2021-02-20,,,,,,,,,,,,,,,,,,,-0.5,,,,,,
2021-02-21,,,,,,,,,,,,,,,,,,,-0.5,,,,,,
2021-02-22,105.06,1.2155,3197.14,111.918,1.37,-0.79,2.16,0.03,,,,,23.45,,,,,,-0.5,127.70043000000001,,,,,
2021-02-23,105.21,1.2142,3194.04,111.8981,1.37,-0.79,2.16,0.01,,,,,23.11,,,,,,-0.5,127.74598199999998,0.00035664623453612876,-0.00035664623453612876,-0.0009700869770874476,-0.00017782456268733426,
2021-02-24,105.91,1.2143,3193.01,111.7212,1.38,-0.79,2.17,0.02,,7590111.0,,6765.0,21.34,,,,,,-0.5,128.60651299999998,0.006713679398821171,-0.006713679398821171,-0.00032252761726603296,-0.0015821535699425127,
2021-02-25,106.22,1.2229,3136.37,111.9253,1.54,-0.6,2.14,0.03,,,,,28.89,,,,,,-0.5,129.89643800000002,0.009980046274226773,-0.009980046274226773,-0.017897965356270973,0.0018252023319034194,
2021-02-26,106.64,1.2093,3064.97,112.8306,1.44,-0.71,2.15,0.01,,,,,27.95,,,,,,-0.5,128.959752,-0.0072371465278946445,0.0072371465278946445,-0.023028298810341852,0.008055894381106654,
2021-02-27,,,,,,,,,,,,,,,,,,,-0.5,,,,,,
2021-02-28,,,,,,,,,,,,,,,,,,,-0.5,,,,,,
2021-03-01,106.68,1.2054,3060.09,112.5263,1.45,-0.71,2.16,0.02,,,19874.5,,23.35,,0.12,-0.3647826087,0.704,0.8456,-0.5,128.592072,,,,,
2021-03-02,106.75,1.2079,3076.72,112.5342,1.42,-0.78,2.2,0.04,,,,,24.1,,,,,,-0.5,128.943325,0.0027278053572095118,-0.0027278053572095118,0.005419767177825108,7.020334535123851e-05,
2021-03-03,106.92,1.2073,3043.46,112.7617,1.47,-0.74,2.21,0.04,,7557524.0,,4863.0,26.67,,,,,,-0.5,129.084516,0.0010943858890932745,-0.0010943858890932745,-0.010869068372093338,0.002019566954608365,
2021-03-04,107.58,1.2045,3014.62,112.7037,1.54,-0.66,2.2,0.02,,,,,28.57,,,,,,-0.5,129.58011,0.0038319472909620345,-0.0038319472909620345,-0.009521240350570892,-0.0005144913701116138,
2021-03-05,108.24,1.1914,3016.31,113.7487,1.56,-0.66,2.22,0.02,,,,,24.66,,,,,,-0.5,128.957136,-0.004819229842902395,0.004819229842902395,0.0005604442579283386,0.009229378163990276,
2021-03-06,,,,,,,,,,,,,,,,,,,-0.5,,,,,,
2021-03-07,,,,,,,,,,,,,,,,,,,-0.5,,,,,,
2021-03-08,108.92,1.1849,2985.69,114.2678,1.59,-0.62,2.21,0.02,,,,,25.47,,,,,,-0.5,129.05930800000002,,,,,
2021-03-09,108.64,1.1885,3048.02,113.928,1.55,-0.66,2.21,0.02,,,,,24.03,,,,,,-0.5,129.11864,0.00045962098238128135,-0.00045962098238128135,0.020661323571582457,-0.002978146408922022,
2021-03-10,108.58,1.19,3062.74,113.5881,1.53,-0.73,2.26,0.02,,7579901.0,,2774.0,22.56,,,,,,-0.5,129.2102,0.000708863972246121,-0.000708863972246121,0.004817740664561754,-0.002987922638236107,
2021-03-11,108.44,1.1978,3060.71,112.9214,1.54,-0.74,2.28,0.01,,,,,21.91,,,,,,-0.5,129.889432,0.005243029877946448,-0.005243029877946448,-0.0006630249530452659,-0.005886745812470728,
2021-03-12,108.87,1.1952,3060.21,113.0269,1.64,-0.62,2.26,0.01,,,,,20.69,,,,,,-0.5,130.12142400000002,0.0017844798108148652,-0.0017844798108148652,-0.00016337413366329656,0.0009338420131230762,
2021-03-13,,,,,,,,,,,,,,,,,,,-0.5,,,,,,
2021-03-14,,,,,,,,,,,,,,,,,,,-0.5,,,,,,
2021-03-15,109.11,1.1917,3044.14,113.1928,1.62,-0.65,2.27,0.01,,,,,20.03,,,,,,-0.5,130.026387,,,,,
2021-03-16,109.01,1.1895,3047.52,112.9839,1.62,-0.68,2.3,0.01,,,,,19.79,,,,,,-0.5,129.667395,-0.0027647348804880068,0.0027647348804880068,0.0011097140506404202,-0.0018472288206670129,
2021-03-17,109.22,1.1905,3059.73,113.1589,1.63,-0.67,2.3,0.01,,7693506.0,,790.0,19.23,,,,,,-0.5,130.02641,0.0027649117676453727,-0.0027649117676453727,0.0039985316690973605,0.0015476949514408034,
2021-03-18,108.97,1.1926,3050.06,112.7744,1.71,-0.56,2.27,0.01,,,,,21.58,,,,,,-0.5,129.95762200000001,-0.0005291709731247707,0.0005291709731247707,-0.0031654142202359736,-0.003403662684518416,
2021-03-19,108.85,1.1909,3063.11,112.9756,1.74,-0.57,2.31,0.01,,,,,20.95,,,,,,-0.5,129.629465,-0.0025283012232932833,0.0025283012232932833,0.004269477152906376,0.0017825032405136554,
2021-03-20,,,,,,,,,,,,,,,,,,,-0.5,,,,,,
2021-03-21,,,,,,,,,,,,,,,,,,,-0.5,,,,,,
2021-03-22,108.67,1.1932,3064.98,113.0023,1.69,-0.64,2.33,0.01,,,,,18.88,,,,,,-0.5,129.665044,,,,,
2021-03-23,108.61,1.1872,3053.53,113.2916,1.63,-0.66,2.29,0.01,,,,,20.3,,,,,,-0.5,128.941792,-0.00559346301029251,0.00559346301029251,-0.0037427456573908557,0.0025568533452133835,
2021-03-24,108.81,1.1831,3063.2,113.6565,1.62,-0.69,2.31,0.01,,7719622.0,,832.0,21.2,,,,,,-0.5,128.733111,-0.001619723482523483,0.001619723482523483,0.0031618227569349955,0.003215715967194832,
2021-03-25,109.13,1.1777,3058.79,114.0016,1.63,-0.69,2.32,0.01,,,,,19.81,,,,,,-0.5,128.522401,-0.0016381382500361141,0.0016381382500361141,-0.0014407082542753358,0.0030317415838139183,
2021-03-26,109.55,1.1798,3065.74,113.7406,1.67,-0.67,2.34,0.01,,,,,18.86,,,,,,-0.5,129.24709,0.005622782637948909,-0.005622782637948909,0.0022695628834323855,-0.002292066329956377,
2021-03-27,,,,,,,,,,,,,,,,,,,-0.5,,,,,,
2021-03-28,,,,,,,,,,,,,,,,,,,-0.5,,,,,,
2021-03-29,109.73,1.1779,3042.36,113.9314,1.73,-0.63,2.36,0.01,,,,,20.74,,,,,,-0.5,129.250967,,,,,
2021-03-30,110.19,1.1724,2999.54,114.203,1.73,-0.62,2.35,0.01,,,,,19.61,,,,,,-0.5,129.186756,-0.0004969166310235806,0.0004969166310235806,-0.014174586452343263,0.0023810536974506746,
2021-03-31,110.61,1.1743,3040.1,113.8234,1.74,-0.63,2.37,0.01,,7688988.0,,2510.0,19.4,,,,,,-0.5,129.889323,0.005423647948775034,-0.005423647948775034,0.01343146603593226,-0.0033294421230287696,
2021-04-01,110.61,1.1772,3066.39,113.7389,1.69,-0.66,2.35,0.01,,,20174.1,,17.33,,0.09,-0.325,0.797,0.8515,-0.5,130.210092,0.002466511988282072,-0.002466511988282072,0.008610564311794633,-0.0007426538041119812,
2021-04-02,110.67,1.1763,,113.7315,1.72,-0.64,2.36,,,,,,,,,,,,-0.5,130.181121,-0.00022251903039105514,0.00022251903039105514,,-6.506341047085584e-05,
2021-04-03,,,,,,,,,,,,,,,,,,,-0.5,,,,,,
2021-04-04,,,,,,,,,,,,,,,,,,,-0.5,,,,,,
2021-04-05,110.08,1.181,3069.21,113.394,1.73,-0.62,2.35,0.01,,,,,17.91,,,,,,-0.5,130.00448,,,,,
2021-04-06,109.83,1.1852,3081.58,113.1464,1.67,-0.65,2.32,0.01,,,,,18.12,,,,,,-0.5,130.170516,0.0012763411172684869,-0.0012763411172684869,0.004022252971520146,-0.0021859244407753664,
2021-04-07,109.67,1.189,3079.94,113.2436,1.68,-0.66,2.34,0.01,,7708882.0,,868.0,17.16,,,,,,-0.5,130.39763000000002,0.0017432219632356194,-0.0017432219632356194,-0.000532336189358773,0.0008586952248119673,
2021-04-08,109.25,1.1904,3097.79,113.0917,1.64,-0.69,2.33,0.01,,,,,16.95,,,,,,-0.5,130.0512,-0.0026602554083732244,0.0026602554083732244,0.00577883775269683,-0.0013422565795613295,
2021-04-09,109.64,1.1897,3087.67,113.2028,1.67,-0.64,2.31,0.01,,,,,16.69,,,,,,-0.5,130.438708,0.0029752268625387046,-0.0029752268625387046,-0.0032721928618961726,0.0009819064000788913,
2021-04-10,,,,,,,,,,,,,,,,,,,-0.5,,,,,,
2021-04-11,,,,,,,,,,,,,,,,,,,-0.5,,,,,,
2021-04-12,109.43,1.1907,3028.33,113.1815,1.69,-0.64,2.33,0.01,,,,,16.91,,,,,,-0.5,130.298301,,,,,
2021-04-13,109.19,1.1939,3045.54,113.0391,1.64,-0.69,2.33,0.01,,,,,16.65,,,,,,-0.5,130.361941,0.0004882984898362253,-0.0004882984898362253,0.005666912876522545,-0.0012589482903679894,
2021-04-14,108.93,1.1974,3035.96,112.7849,1.64,-0.69,2.33,0.01,,7793104.0,,795.0,16.99,,,,,,-0.5,130.432782,0.0005432702082881491,-0.0005432702082881491,-0.0031505411244534542,-0.002251311706157999,
2021-04-15,108.78,1.1964,3067.78,112.6181,1.56,-0.77,2.33,0.01,,,,,16.57,,,,,,-0.5,130.14439199999998,-0.002213471834997982,0.002213471834997982,0.010426488764784025,-0.0014800160640922044,
2021-04-16,108.78,1.198,3079.14,112.4814,1.59,-0.77,2.36,0.01,,,,,16.25,,,,,,-0.5,130.31844,0.0013364519196015223,-0.0013364519196015223,0.0036961642360751057,-0.0012145741488085449,
2021-04-17,,,,,,,,,,,,,,,,,,,-0.5,,,,,,
2021-04-18,,,,,,,,,,,,,,,,,,,-0.5,,,,,,
2021-04-19,108.09,1.2028,3074.86,112.1835,1.61,-0.73,2.34,0.01,,,,,17.29,,,,,,-0.5,130.01065200000002,,,,,
2021-04-20,108.07,1.2045,3081.37,112.2354,1.58,-0.74,2.32,0.01,,,,,18.68,,,,,,-0.5,130.170315,0.0012273228275141435,-0.0012273228275141435,0.002114931517038343,0.00046252789694012364,
2021-04-21,108.09,1.2033,3096.07,112.1771,1.57,-0.76,2.33,0.01,,7820948.0,,673.0,17.5,,,,,,-0.5,130.064697,-0.0008117124977715662,0.0008117124977715662,0.00475926200722121,-0.000519578912151708,
2021-04-22,108.17,1.2012,3088.35,112.2297,1.57,-0.76,2.33,0.01,,,,,18.71,,,,,,-0.5,129.933804,-0.0010068751208551774,0.0010068751208551774,-0.0024965975822777153,0.00046879150688283744,
2021-04-23,107.94,1.2069,3084.25,112.0889,1.58,-0.76,2.34,0.01,,,,,17.33,,,,,,-0.5,130.272786,0.002605485062975532,-0.002605485062975532,-0.0013284517392886386,-0.0012553575003666495,
2021-04-24,,,,,,,,,,,,,,,,,,,-0.5,,,,,,
2021-04-25,,,,,,,,,,,,,,,,,,,-0.5,,,,,,
2021-04-26,108.12,1.2083,3091.7,111.8109,1.58,-0.78,2.36,0.01,,,,,17.64,,,,,,-0.5,130.641396,,,,,
2021-04-27,108.56,1.2079,3091.6,111.9097,1.63,-0.76,2.39,0.01,,,,,17.56,,,,,,-0.5,131.129624,0.0037301956963373684,-0.0037301956963373684,-3.234518784722695e-05,0.0008832446044122477,
2021-04-28,108.81,1.2098,3097.09,111.7909,1.63,-0.78,2.41,0.01,,7780962.0,,703.0,17.28,,,,,,-0.5,131.638338,0.0038719684978882896,-0.0038719684978882896,0.0017742046992559324,-0.0010621340413790037,
2021-04-29,108.94,1.211,3092.35,111.7464,1.65,-0.77,2.42,0.01,,,,,17.61,,,,,,-0.5,131.92634,0.0021854378728853874,-0.0021854378728853874,-0.001531641287948915,-0.00039814384970959793,
2021-04-30,109.33,1.203,3087.88,112.0839,1.65,-0.76,2.41,0.01,,,,,18.61,,,,,,-0.5,131.52399,-0.0030544680875479457,0.0030544680875479457,-0.0014465483580554661,0.0030156797875697805,
2021-05-01,,,,,,,,,,,20457.2,,,,0.08,-0.2235,0.984,0.9058,-0.5,,,,,,
2021-05-02,,,,,,,,,,,,,,,,,,,-0.5,,,,,,
2021-05-03,109.08,1.2059,3106.03,112.005,1.63,-0.79,2.42,0.01,,,,,18.31,,,,,,-0.5,131.539572,,,,,
2021-05-04,109.34,1.2014,3095.33,112.2896,1.61,-0.81,2.42,0.01,,,,,19.48,,,,,,-0.5,131.361076,-0.00135789720402002,0.00135789720402002,-0.003450859365800696,0.0025377352173237,
2021-05-05,109.27,1.2003,3103.24,112.1514,1.59,-0.88,2.47,0.01,,7810486.0,,653.0,19.15,,,,,,-0.5,131.156781,-0.001556427768961477,0.001556427768961477,0.002552202941529913,-0.0012315042034769519,
2021-05-06,109.17,1.2049,3121.75,111.8401,1.58,-0.87,2.45,0.01,,,,,18.39,,,,,,-0.5,131.53893300000001,0.0029094671074565426,-0.0029094671074565426,0.005947015032489844,-0.0027795715500431584,
2021-05-07,108.52,1.2165,3129.76,111.0249,1.6,-0.89,2.49,0.01,,,,,16.69,,,,,,-0.5,132.01458,0.0036094947928990706,-0.0036094947928990706,0.002562582282793713,-0.00731567213985862,
2021-05-08,,,,,,,,,,,,,,,,,,,-0.5,,,,,,
2021-05-09,,,,,,,,,,,,,,,,,,,-0.5,,,,,,
2021-05-10,108.7,1.217,3130.13,110.7905,1.63,-0.91,2.54,0.01,,,,,19.66,,,,,,-0.5,132.2879,,,,,
2021-05-11,108.53,1.2169,3128.58,110.8921,1.64,-0.89,2.53,0.01,,,,,21.84,,,,,,-0.5,132.07015700000002,-0.0016473343140130936,0.0016473343140130936,-0.0004953097464781564,0.0009166259067123761,
2021-05-12,109.53,1.2074,3122.89,111.5636,1.69,-0.85,2.54,0.01,,7830663.0,,587.0,27.59,,,,,,-0.5,132.246522,0.0013344978973028887,-0.0013344978973028887,-0.001820372351229338,0.006037175397523242,
2021-05-13,109.56,1.207,3126.48,111.5955,1.66,-0.85,2.51,0.01,,,,,23.13,,,,,,-0.5,132.23892,-5.7485205571694564e-05,5.7485205571694564e-05,0.001148915937093875,0.0002858946842607679,
2021-05-14,109.37,1.2141,3143.35,111.1353,1.63,-0.88,2.51,0.01,,,,,18.81,,,,,,-0.5,132.786117,0.004129404404655368,-0.004129404404655368,0.0053813391148533896,-0.004132348600876412,
2021-05-15,,,,,,,,,,,,,,,,,,,-0.5,,,,,,
2021-05-16,,,,,,,,,,,,,,,,,,,-0.5,,,,,,
2021-05-17,109.17,1.2155,3135.12,111.079,1.64,-0.9,2.54,0.01,,,,,19.72,,,,,,-0.5,132.696135,,,,,
2021-05-18,109.01,1.2203,3141.52,110.8317,1.64,-0.88,2.52,0.01,,,,,21.34,,,,,,-0.5,133.024903,0.002474536229704505,-0.002474536229704505,0.002039308361803549,-0.002228825400265144,
2021-05-19,108.76,1.2216,3140.98,110.8807,1.68,-0.8,2.48,0.01,,7922883.0,,652.0,22.18,,,,,,-0.5,132.861216,-0.001231256609368181,0.001231256609368181,-0.0001719060887630519,0.00044201407587340924,
2021-05-20,108.79,1.2225,3154.49,110.8605,1.63,-0.78,2.41,0.01,,,,,20.67,,,,,,-0.5,132.995775,0.0010122661133253885,-0.0010122661133253885,0.004291981611885376,-0.00018219437845434783,
2021-05-21,108.94,1.2178,3157.1,111.0576,1.63,-0.8,2.43,0.01,,,,,20.15,,,,,,-0.5,132.667132,-0.0024741366520162345,0.0024741366520162345,0.0008270499664178033,0.0017763314648657769,
2021-05-22,,,,,,,,,,,,,,,,,,,-0.5,,,,,,
2021-05-23,,,,,,,,,,,,,,,,,,,-0.5,,,,,,
2021-05-24,108.81,1.221,3162.32,110.9118,1.61,-0.83,2.44,0.01,,,,,18.4,,,,,,-0.5,132.85701,,,,,
2021-05-25,108.95,1.2233,3179.43,110.842,1.56,-0.86,2.42,0.01,,,,,18.84,,,,,,-0.5,133.278535,0.0031677493698740733,-0.0031677493698740733,0.0053960000049535495,-0.000629527000711505,
2021-05-26,109.1,1.2204,3178.35,110.8677,1.58,-0.82,2.4,0.01,,7903541.0,,678.0,17.36,,,,,,-0.5,133.14564,-0.0009976197619598892,0.0009976197619598892,-0.00033974123369873155,0.0002318346929808257,
2021-05-27,109.81,1.2194,3181.86,110.8688,1.61,-0.81,2.42,0.01,,,,,16.74,,,,,,-0.5,133.90231400000002,0.005666967401798395,-0.005666967401798395,0.00110373725280688,9.92168632585333e-06,
2021-05-28,109.83,1.2194,3190.06,110.7576,1.58,-0.84,2.42,0.01,,,,,16.76,,,,,,-0.5,133.926702,0.0001821161906319091,-0.0001821161906319091,0.0025737939354808503,-0.0010034906430957946,
2021-05-29,,,,,,,,,,,,,,,,,,,-0.5,,,,,,
2021-05-30,,,,,,,,,,,,,,,,,,,-0.5,,,,,,
2021-05-31,,,,,,,,,,,,,,,,,,,-0.5,,,,,,
2021-06-01,109.43,1.2241,3188.08,110.5046,1.62,-0.84,2.46,0.01,,,20472.1,,17.9,,0.05,-0.2886363636,0.875,0.8549,-0.5,133.953263,,,,,
2021-06-02,109.59,1.2213,3198.89,110.5799,1.59,-0.85,2.44,0.01,,7935703.0,,513.0,17.48,,,,,,-0.5,133.84226700000002,-0.0008289608594749254,0.0008289608594749254,0.0033850199146296944,0.0006811875360934749,
2021-06-03,110.28,1.2122,3161.6,111.1782,1.63,-0.79,2.42,0.01,,,,,18.04,,,,,,-0.5,133.68141599999998,-0.001202517979563389,0.001202517979563389,-0.011725646059220551,0.005395982845325165,
2021-06-04,109.42,1.2173,3186.55,110.7521,1.56,-0.84,2.4,0.01,,,,,16.42,,,,,,-0.5,133.196966,-0.0036304966215494616,0.0036304966215494616,0.007860598274932684,-0.0038399490612830434,
2021-06-05,,,,,,,,,,,,,,,,,,,-0.5,,,,,,
2021-06-06,,,,,,,,,,,,,,,,,,,-0.5,,,,,,
2021-06-07,109.25,1.22,3196.99,110.5155,1.57,-0.82,2.39,0.01,,,,,16.42,,,,,,-0.5,133.285,,,,,
2021-06-08,109.47,1.218,3191.75,110.649,1.53,-0.83,2.36,0.01,,,,,17.07,,,,,,-0.5,133.33446,0.00037101568330655255,-0.00037101568330655255,-0.0016403864220535525,0.0012072463366772368,
2021-06-09,109.61,1.2184,3189.44,110.5707,1.5,-0.82,2.32,0.01,,7952327.0,,516.0,17.89,,,,,,-0.5,133.548824,0.0016064254222758478,-0.0016064254222758478,-0.0007240029213679833,-0.0007078935851527746,
2021-06-10,109.49,1.2173,3198.65,110.5456,1.45,-0.9,2.35,0.01,,,,,16.1,,,,,,-0.5,133.282177,-0.001998621507699916,0.001998621507699916,0.002883492994431691,-0.00022702984906874946,
2021-06-11,109.75,1.2101,3172.46,111.0933,1.47,-0.85,2.32,0.01,,,,,15.65,,,,,,-0.5,132.808475,-0.0035604595415970053,0.0035604595415970053,-0.008221533617501109,0.00494228328014934,
2021-06-12,,,,,,,,,,,,,,,,,,,-0.5,,,,,,
2021-06-13,,,,,,,,,,,,,,,,,,,-0.5,,,,,,
2021-06-14,109.98,1.2126,3134.66,110.9659,1.51,-0.85,2.36,0.01,,,,,16.39,,,,,,-0.5,133.361748,,,,,
2021-06-15,110.12,1.212,3124.35,111.3507,1.51,-0.87,2.38,0.01,,,,,17.02,,,,,,-0.5,133.46544,0.0007772221863673323,-0.0007772221863673323,-0.0032944536995156426,0.0034617332603499307,
2021-06-16,109.88,1.2119,3074.89,111.1165,1.57,-0.75,2.32,0.01,,8064257.0,,500.0,18.15,,,,,,-0.5,133.163572,-0.002264330702152151,0.002264330702152151,-0.015957133292452852,-0.0021054796978452472,
2021-06-17,110.28,1.1911,2982.14,112.5772,1.52,-0.75,2.27,0.05,,,,,17.75,,,,,,-0.5,131.354508,-0.013678401159062936,0.013678401159062936,-0.03062796466359785,0.013060008054055494,
2021-06-18,110.21,1.1872,2966.55,113.0408,1.45,-0.79,2.24,0.05,,,,,20.7,,,,,,-0.5,130.841312,-0.003914605925885439,0.003914605925885439,-0.005241502143307208,0.004109606968177637,
2021-06-19,,,,,,,,,,,,,,,,,,,-0.5,,,,,,
2021-06-20,,,,,,,,,,,,,,,,,,,-0.5,,,,,,
2021-06-21,110.22,1.1909,3002.75,112.8391,1.5,-0.75,2.25,0.05,,,,,17.89,,,,,,-0.5,131.260998,,,,,
2021-06-22,110.75,1.191,2990.48,112.9174,1.48,-0.83,2.31,0.05,,,,,16.66,,,,,,-0.5,131.90325,0.004881007051505293,-0.004881007051505293,-0.0040946258171938865,0.0006936677627411569,
2021-06-23,110.86,1.195,2988.77,112.3819,1.5,-0.84,2.34,0.05,,8101945.0,,483.0,16.32,,,,,,-0.5,132.4777,0.004345630076724838,-0.004345630076724838,-0.0005719781064907892,-0.004753685505584748,
2021-06-24,110.91,1.1927,2987.25,112.326,1.49,-0.81,2.3,0.05,,,,,15.97,,,,,,-0.5,132.28235700000002,-0.001475623155996253,0.001475623155996253,-0.0005086997810508365,-0.0004975348098854582,
2021-06-25,110.78,1.194,2997.29,111.9655,1.54,-0.8,2.34,0.05,,,,,15.62,,,,,,-0.5,132.27132,-8.343864376847421e-05,8.343864376847421e-05,0.0033553153356180587,-0.003214569526122979,
2021-06-26,,,,,,,,,,,,,,,,,,,-0.5,,,,,,
2021-06-27,,,,,,,,,,,,,,,,,,,-0.5,,,,,,
2021-06-28,110.5,1.1938,2997.2,112.0248,1.49,-0.84,2.33,0.05,,,,,15.76,,,,,,-0.5,131.9149,,,,,
2021-06-29,110.53,1.1905,2966.01,112.2613,1.49,-0.83,2.32,0.05,,,,,16.02,,,,,,-0.5,131.585965,-0.0024966534425763243,0.0024966534425763243,-0.010460904253794645,0.002108914352278113,
2021-06-30,111.05,1.1848,2980.35,112.5533,1.45,-0.87,2.32,0.05,,8078544.0,,568.0,15.83,,,,,,-0.5,131.57204000000002,-0.00010582995575525445,0.00010582995575525445,0.004823128030846391,0.002597697517884079,
2021-07-01,111.56,1.1857,2990.57,112.74,1.48,-0.87,2.35,0.05,,,20629.1,,15.48,,0.015,-0.4513636364,0.748,0.6979,-0.5,132.276692,0.005341345929287478,-0.005341345929287478,0.0034232614004006123,0.0016573954284311299,
2021-07-02,111.28,1.1848,3010.1,112.5425,1.44,-0.89,2.33,0.05,,,,,15.07,,,,,,-0.5,131.844544,-0.0032723486545362945,0.0032723486545362945,0.006509296114817431,-0.0017533545712336007,
2021-07-03,,,,,,,,,,,,,,,,,,,-0.5,,,,,,
2021-07-04,,,,,,,,,,,,,,,,,,,-0.5,,,,,,
2021-07-05,,,,,,,,,,,,,,,,,,,-0.5,,,,,,
2021-07-06,110.66,1.1816,3024.58,112.9516,1.37,-0.94,2.31,0.05,,,,,16.44,,,,,,-0.5,130.755856,,,,,
2021-07-07,110.62,1.1803,3035.33,113.1048,1.33,-0.95,2.28,0.05,,8097773.0,,521.0,16.2,,,,,,-0.5,130.564786,-0.0014623416855776838,0.0014623416855776838,0.003547911198831244,0.0013554141661487051,
2021-07-08,109.82,1.184,3032.4,113.0776,1.3,-0.92,2.22,0.05,,,,,19.0,,,,,,-0.5,130.02687999999998,-0.004128349706878254,0.004128349706878254,-0.0009657648668390806,-0.00024051385192791486,
2021-07-09,110.18,1.1861,3041.62,112.8375,1.37,-0.91,2.28,0.05,,,,,16.18,,,,,,-0.5,130.684498,0.005044807785123062,-0.005044807785123062,0.0030358830169827655,-0.002125578063610689,
2021-07-10,,,,,,,,,,,,,,,,,,,-0.5,,,,,,
2021-07-11,,,,,,,,,,,,,,,,,,,-0.5,,,,,,
2021-07-12,110.36,1.1858,3028.06,112.7611,1.38,-0.95,2.33,0.05,,,,,16.17,,,,,,-0.5,130.864888,,,,,
2021-07-13,110.36,1.1813,3031.73,113.0063,1.42,-0.94,2.36,0.05,,,,,17.12,,,,,,-0.5,130.368268,-0.0038021253187929815,0.0038021253187929815,0.001211263244668359,0.002172147939951685,
2021-07-14,110.03,1.1826,3053.59,112.8801,1.37,-0.97,2.34,0.05,,8201651.0,,476.0,16.33,,,,,,-0.5,130.12147800000002,-0.0018948160350085175,0.0018948160350085175,0.0071845339373606265,-0.001117375929940323,
2021-07-15,110.05,1.1806,3053.77,113.0041,1.31,-1.01,2.32,0.05,,,,,17.01,,,,,,-0.5,129.92503000000002,-0.001510868489491557,0.001510868489491557,5.894527260608129e-05,0.0010979077992692154,
2021-07-16,110.13,1.181,3037.11,113.0428,1.31,-1.02,2.33,0.05,,,,,18.45,,,,,,-0.5,130.06353000000001,0.0010654315951548199,-0.0010654315951548199,-0.005470487531379575,0.00034240682246178267,
2021-07-17,,,,,,,,,,,,,,,,,,,-0.5,,,,,,
2021-07-18,,,,,,,,,,,,,,,,,,,-0.5,,,,,,
2021-07-19,109.45,1.1804,3038.45,113.5472,1.19,-1.05,2.24,0.05,,,,,22.5,,,,,,-0.5,129.19477999999998,,,,,
2021-07-20,109.92,1.1776,3038.36,113.7502,1.23,-1.03,2.26,0.05,,,,,19.73,,,,,,-0.5,129.441792,0.0019101094109945649,-0.0019101094109945649,-2.96208043391033e-05,0.0017862065643798886,
2021-07-21,110.22,1.1799,3030.75,113.3926,1.3,-0.98,2.28,0.05,,8240530.0,,475.0,17.91,,,,,,-0.5,130.048578,0.00467676011231255,-0.00467676011231255,-0.002507782521080415,-0.0031486826387912004,
2021-07-22,110.1,1.1771,3037.82,113.4695,1.27,-1.01,2.28,0.05,,,,,17.69,,,,,,-0.5,129.59871,-0.003465227413894212,0.003465227413894212,0.0023300392674503456,0.0006779449096638857,
2021-07-23,110.52,1.1761,3031.82,113.4398,1.3,-1.05,2.35,0.05,,,,,17.2,,,,,,-0.5,129.98257199999998,0.0029575497651377347,-0.0029575497651377347,-0.001977053648772653,-0.0002617786064265104,
2021-07-24,,,,,,,,,,,,,,,,,,,-0.5,,,,,,
2021-07-25,,,,,,,,,,,,,,,,,,,-0.5,,,,,,
2021-07-26,110.31,1.181,3025.37,113.2238,1.29,-1.11,2.4,0.05,,,,,17.58,,,,,,-0.5,130.27611000000002,,,,,
2021-07-27,109.64,1.1831,3029.94,113.2227,1.25,-1.13,2.38,0.05,,,,,19.36,,,,,,-0.5,129.71508400000002,-0.004315737484450466,0.004315737484450466,0.001509419292380798,-9.715319071013084e-06,
2021-07-28,110.06,1.1809,3043.29,113.1807,1.26,-1.15,2.41,0.05,,8221473.0,,476.0,18.31,,,,,,-0.5,129.969854,0.0019621475446465197,-0.0019621475446465197,0.004396349719101522,-0.0003710191673960139,
2021-07-29,109.53,1.1886,3068.19,112.4834,1.28,-1.15,2.43,0.05,0.15,,,,17.7,,,,,,-0.5,130.18735800000002,0.0016720970293668813,-0.0016720970293668813,0.008148644119160053,-0.006180001332035445,-10.0
2021-07-30,109.7,1.1864,3052.96,112.6714,1.24,-1.16,2.4,0.05,0.15,,,,18.24,,,,,,-0.5,130.14808,-0.00030174916330949486,0.00030174916330949486,-0.004976199383385449,0.0016699625652289996,-10.0
2021-07-31,,,,,,,,,0.15,,,,,,,,,,-0.5,,,,,,
2021-08-01,,,,,,,,,0.15,,20843.2,,,,0.02,-0.5386363636,0.628,0.644,-0.5,,,,,,
2021-08-02,109.22,1.1873,3050.9,112.6691,1.2,-1.17,2.37,0.05,0.15,,,,19.46,,,,,,-0.5,129.676906,,,,,-10.0
2021-08-03,109.09,1.1859,3051.08,112.8228,1.19,-1.19,2.38,0.05,0.15,,,,18.04,,,,,,-0.5,129.369831,-0.0023708088153391316,0.0023708088153391316,5.899724353497504e-05,0.001363242083670002,-10.0
2021-08-04,109.44,1.1841,3052.78,112.8953,1.19,-1.16,2.35,0.05,0.15,8235073.0,,478.0,17.97,,,,,,-0.5,129.58790399999998,0.0016842366307363577,-0.0016842366307363577,0.0005570245857384748,0.000642394229733334,-10.0
2021-08-05,109.75,1.1838,3043.91,112.7674,1.23,-1.1,2.33,0.05,0.15,,,,17.28,,,,,,-0.5,129.92204999999998,0.0025752090007538087,-0.0025752090007538087,-0.0029097776853923563,-0.0011335503270615277,-10.0
2021-08-06,110.22,1.1761,2974.14,113.3088,1.31,-1.06,2.37,0.05,0.15,,,,16.15,,,,,,-0.5,129.629742,-0.0022524068998244218,0.0022524068998244218,-0.02318795162536702,0.004789544719560723,-10.0
2021-08-07,,,,,,,,,0.15,,,,,,,,,,-0.5,,,,,,
2021-08-08,,,,,,,,,0.15,,,,,,,,,,-0.5,,,,,,
2021-08-09,110.25,1.1749,2922.9,113.4521,1.33,-1.04,2.37,0.05,0.15,,,,16.72,,,,,,-0.5,129.532725,,,,,-10.0
2021-08-10,110.54,1.1722,2923.45,113.4973,1.36,-1.04,2.4,0.05,0.15,,,,16.79,,,,,,-0.5,129.574988,0.0003262195469631024,-0.0003262195469631024,0.00018815158231166862,0.00039832668072836697,-10.0
2021-08-11,110.47,1.1737,2961.32,113.282,1.35,-1.07,2.42,0.05,0.15,8257159.0,,492.0,16.06,,,,,,-0.5,129.658639,0.0006453715428165196,-0.0006453715428165196,0.012870689177993277,-0.0018987629354629831,-10.0
2021-08-12,110.36,1.1736,2961.94,113.2691,1.36,-1.05,2.41,0.05,0.15,,,,15.59,,,,,,-0.5,129.518496,-0.0010814458124048798,0.0010814458124048798,0.0002093441794768225,-0.00011388159239889006,-10.0
2021-08-13,109.75,1.1796,2994.66,113.0615,1.29,-1.08,2.37,0.05,0.15,,,,15.45,,,,,,-0.5,129.4611,-0.0004432472814555055,0.0004432472814555055,0.010986243528629203,-0.0018344851135490003,-10.0
2021-08-14,,,,,,,,,0.15,,,,,,,,,,-0.5,,,,,,
2021-08-15,,,,,,,,,0.15,,,,,,,,,,-0.5,,,,,,
2021-08-16,109.26,1.1776,2977.02,113.1698,1.26,-1.1,2.36,0.05,0.15,,,,16.12,,,,,,-0.5,128.664576,,,,,-10.0
2021-08-17,109.59,1.1714,2973.97,113.6174,1.26,-1.07,2.33,0.05,0.15,,,,17.91,,,,,,-0.5,128.373726,-0.0022630878112011032,0.0022630878112011032,-0.001025039620989432,0.0039473178484765725,-10.0
2021-08-18,109.92,1.1702,2977.02,113.6959,1.27,-1.05,2.32,0.05,0.15,8342598.0,,488.0,21.57,,,,,,-0.5,128.62838399999998,0.001981758697191971,-0.001981758697191971,0.001025039620989432,0.0006906767278520576,-10.0
2021-08-19,109.75,1.1693,2973.53,114.1106,1.24,-1.04,2.28,0.05,0.15,,,,21.67,,,,,,-0.5,128.330675,-0.002317171726621048,0.002317171726621048,-0.0011730009495485305,0.003640813217256955,-10.0
2021-08-20,109.77,1.169,2977.02,114.5009,1.26,-1.01,2.27,0.05,0.15,,,,18.56,,,,,,-0.5,128.32113,-7.438093025946557e-05,7.438093025946557e-05,0.0011730009495485305,0.0034145297083423287,-10.0
2021-08-21,,,,,,,,,0.15,,,,,,,,,,-0.5,,,,,,
2021-08-22,,,,,,,,,0.15,,,,,,,,,,-0.5,,,,,,
2021-08-23,109.78,1.1732,2992.86,113.9418,1.25,-1.02,2.27,0.05,0.15,,,,17.15,,,,,,-0.5,128.793896,,,,,-10.0
2021-08-24,109.68,1.1746,2995.01,113.6795,1.29,-1.01,2.3,0.05,0.15,,,,17.22,,,,,,-0.5,128.83012800000003,0.0002812781174394985,-0.0002812781174394985,0.000718118493686859,-0.0023047062476511115,-10.0
2021-08-25,110.03,1.1758,2986.68,113.6322,1.35,-1.0,2.35,0.05,0.15,8332743.0,,326.0,16.79,,,,,,-0.5,129.373274,0.004207123507497634,-0.004207123507497634,-0.002785167865523519,-0.0004161686414088095,-10.0
2021-08-26,110.09,1.1761,2987.4,113.7883,1.34,-0.99,2.33,0.05,0.15,,,,18.84,,,,,,-0.5,129.476849,0.0008002700893259274,-0.0008002700893259274,0.00024104129957613907,0.0013727876292133345,-10.0
2021-08-27,109.84,1.1794,3007.81,113.3404,1.31,-1.08,2.39,0.05,0.15,,,,16.39,,,,,,-0.5,129.545296,0.0005285030868176221,-0.0005285030868176221,0.006808795304934279,-0.0039440245165183185,-10.0
2021-08-28,,,,,,,,,0.15,,,,,,,,,,-0.5,,,,,,
2021-08-29,,,,,,,,,0.15,,,,,,,,,,-0.5,,,,,,
2021-08-30,109.91,1.1795,3004.85,113.246,1.29,-1.08,2.37,0.05,0.15,,,,16.19,,,,,,-0.5,129.638845,,,,,-10.0
2021-08-31,110.05,1.18,3006.46,113.1076,1.3,-1.03,2.33,0.05,0.15,,,,16.48,,,,,,-0.5,129.85899999999998,0.001696777503641833,-0.001696777503641833,0.0005356569661181254,-0.0012228656159818385,-10.0
2021-09-01,110.03,1.185,3009.33,112.8732,1.31,-1.03,2.34,0.05,0.15,8349173.0,20984.5,336.0,16.11,,0.065,-0.3627272727,0.777,0.8023,-0.5,130.38555,0.004046584018872146,-0.004046584018872146,0.0009541557194445716,-0.0020745132689485857,-10.0
2021-09-02,110.01,1.1858,3007.54,112.7863,1.29,-1.03,2.32,0.05,0.15,,,,16.41,,,,,,-0.5,130.449858,0.0004930925735591174,-0.0004930925735591174,-0.0005949937601474886,-0.0007701869790164295,-10.0
2021-09-03,109.64,1.1884,3016.22,112.5476,1.33,-1.01,2.34,0.05,0.15,,,,16.41,,,,,,-0.5,130.296176,-0.0011787870015744772,0.0011787870015744772,0.0028819229211087816,-0.0021186345178065835,-10.0
2021-09-04,,,,,,,,,0.15,,,,,,,,,,-0.5,,,,,,
2021-09-05,,,,,,,,,0.15,,,,,,,,,,-0.5,,,,,,
2021-09-06,,,,,,,,,0.15,,,,,,,,,,-0.5,,,,,,
2021-09-07,110.17,1.1849,3001.02,112.9795,1.38,-0.98,2.36,0.05,0.15,,,,18.14,,,,,,-0.5,130.540433,,,,,-10.0
2021-09-08,110.32,1.1818,2998.82,113.2319,1.35,-1.03,2.38,0.05,0.15,8357314.0,,329.0,17.96,,,,,,-0.5,130.376176,-0.0012590767780480405,0.0012590767780480405,-0.0007333529222766089,0.0022315418651874808,-10.0
2021-09-09,109.76,1.1827,3009.63,113.043,1.3,-1.08,2.38,0.05,0.15,,,,18.8,,,,,,-0.5,129.813152,-0.004327809161973839,0.004327809161973839,0.0035982696580898477,-0.0016696508882203531,-10.0
2021-09-10,109.93,1.1821,2997.92,112.9425,1.35,-1.05,2.4,0.05,0.15,,,,20.95,,,,,,-0.5,129.948253,0.0010401931124572883,-0.0010401931124572883,-0.003898432748956182,-0.0008894376552968097,-10.0
2021-09-11,,,,,,,,,0.15,,,,,,,,,,-0.5,,,,,,
2021-09-12,,,,,,,,,0.15,,,,,,,,,,-0.5,,,,,,
2021-09-13,109.94,1.1809,2973.44,113.0341,1.33,-1.04,2.37,0.05,0.15,,,,19.37,,,,,,-0.5,129.828146,,,,,-10.0
2021-09-14,109.66,1.1824,2991.52,113.0061,1.28,-1.05,2.33,0.05,0.15,,,,19.46,,,,,,-0.5,129.661984,-0.0012806808699110661,0.0012806808699110661,0.00606208771502903,-0.0002477435442296283,-10.0
2021-09-15,109.4,1.1811,2975.74,112.9773,1.31,-1.04,2.35,0.05,0.15,8448770.0,,329.0,18.18,,,,,,-0.5,129.21234,-0.003473843564156809,0.003473843564156809,-0.005288871871975687,-0.0002548859797304459,-10.0
2021-09-16,109.67,1.1764,2911.32,113.3036,1.34,-1.01,2.35,0.05,0.15,,,,18.69,,,,,,-0.5,129.015788,-0.0015223131537247525,0.0015223131537247525,-0.021886160981147817,0.0028840280038648913,-10.0
2021-09-17,109.94,1.1734,2907.24,113.5989,1.37,-0.96,2.33,0.05,0.15,,,,20.81,,,,,,-0.5,129.003596,-9.450452768433593e-05,9.450452768433593e-05,-0.001402409073274491,0.0026028815612102463,-10.0
2021-09-18,,,,,,,,,0.15,,,,,,,,,,-0.5,,,,,,
2021-09-19,,,,,,,,,0.15,,,,,,,,,,-0.5,,,,,,
2021-09-20,109.47,1.1729,2927.0,113.9422,1.31,-0.98,2.29,0.05,0.15,,,,25.71,,,,,,-0.5,128.397363,,,,,-10.0
2021-09-21,109.33,1.1724,2946.41,113.8179,1.33,-0.96,2.29,0.05,0.15,,,,24.36,,,,,,-0.5,128.178492,-0.0017060923607941092,0.0017060923607941092,0.006609472405515682,-0.0010914994535093925,-10.0
2021-09-22,109.59,1.1739,2936.22,113.6223,1.32,-0.96,2.28,0.05,0.15,8489824.0,,336.0,20.87,,,,,,-0.5,128.64770099999998,0.0036539070766457016,-0.0036539070766457016,-0.003464440290139592,-0.0017200129811936193,-10.0
2021-09-23,110.17,1.1735,2903.16,113.513,1.41,-0.9,2.31,0.05,0.15,,,,18.63,,,,,,-0.5,129.284495,0.004937695283274479,-0.004937695283274479,-0.011323240903565512,-0.000962422031596688,-10.0
2021-09-24,110.72,1.1715,2899.88,113.7597,1.47,-0.87,2.34,0.05,0.15,,,,17.75,,,,,,-0.5,129.70848,0.003274107174158658,-0.003274107174158658,-0.0011304420956230743,0.002170961113172609,-10.0
2021-09-25,,,,,,,,,0.15,,,,,,,,,,-0.5,,,,,,
2021-09-26,,,,,,,,,0.15,,,,,,,,,,-0.5,,,,,,
2021-09-27,110.97,1.1702,2906.18,113.7432,1.48,-0.87,2.35,0.05,0.15,,,,18.76,,,,,,-0.5,129.857094,,,,,-10.0
2021-09-28,111.33,1.1681,2878.17,114.2469,1.54,-0.84,2.38,0.05,0.15,,,,23.25,,,,,,-0.5,130.04457299999999,0.0014426920356580553,-0.0014426920356580553,-0.009684828523491618,0.0044186201026112926,-10.0
2021-09-29,111.83,1.1612,2865.23,114.7092,1.55,-0.82,2.37,0.05,0.15,8447981.0,,340.0,22.56,,,,,,-0.5,129.856996,-0.001443446711694385,0.001443446711694385,-0.004506049341849838,0.00403833423325306,-10.0
2021-09-30,111.5,1.1577,2916.46,114.6403,1.52,-0.85,2.37,0.05,0.15,,,,23.14,,,,,,-0.5,129.08355,-0.005973945078715737,0.005973945078715737,0.017721925871461153,-0.0006008297560953224,-10.0
2021-10-01,110.97,1.1598,2923.19,114.3798,1.48,-0.9,2.38,0.05,0.15,,21163.3,,21.15,,0.095,-0.2042857143,0.955,1.083,-0.5,128.703006,-0.002952398157043845,0.002952398157043845,0.0023049336790901265,-0.0022749104759389738,-10.0
2021-10-02,,,,,,,,,0.15,,,,,,,,,,-0.5,,,,,,
2021-10-03,,,,,,,,,0.15,,,,,,,,,,-0.5,,,,,,
2021-10-04,110.94,1.1622,2936.84,114.2739,1.49,-0.89,2.38,0.05,0.15,,,,22.96,,,,,,-0.5,128.93446799999998,,,,,-10.0
2021-10-05,111.39,1.1609,2922.96,114.3654,1.54,-0.91,2.45,0.05,0.15,,,,21.3,,,,,,-0.5,129.31265100000002,0.002928847932994749,-0.002928847932994749,-0.004737371909862453,0.0008003873777138182,-10.0
2021-10-06,111.33,1.1546,2930.07,114.7185,1.53,-0.9,2.43,0.05,0.15,8464032.0,,328.0,21.0,,,,,,-0.5,128.541618,-0.005980395833638852,0.005980395833638852,0.0024295120637507495,0.0030827158052559867,-10.0
2021-10-07,111.5,1.1561,2916.01,114.5044,1.58,-0.88,2.46,0.05,0.15,,,,19.54,,,,,,-0.5,128.90515,0.00282413521399949,-0.00282413521399949,-0.004810070032765346,-0.0018680512484623435,-10.0
2021-10-08,112.15,1.1572,2917.61,114.5986,1.61,-0.89,2.5,0.05,0.15,,,,18.77,,,,,,-0.5,129.77998,0.006763692486748241,-0.006763692486748241,0.0005485444852837418,0.0008223375975733305,-10.0
2021-10-09,,,,,,,,,0.15,,,,,,,,,,-0.5,,,,,,
2021-10-10,,,,,,,,,0.15,,,,,,,,,,-0.5,,,,,,
2021-10-11,,,2906.03,,,,,,0.15,,,,20.0,,,,,,-0.5,,,,,,
2021-10-12,113.69,1.1541,2918.61,114.7542,1.59,-0.9,2.49,0.05,0.15,,,,19.85,,,,,,-0.5,131.20962899999998,,,0.004319586982429513,,-10.0
2021-10-13,113.49,1.1568,2957.76,114.4705,1.56,-0.96,2.52,0.05,0.15,8480942.0,,333.0,18.64,,,,,,-0.5,131.285232,0.0005760341501739319,-0.0005760341501739319,0.013324749548356607,-0.0024753017005165745,-10.0
2021-10-14,113.59,1.1591,2964.05,114.2053,1.52,-1.0,2.52,0.05,0.15,,,,16.86,,,,,,-0.5,131.662169,0.00286701642048115,-0.00286701642048115,0.0021243512930997355,-0.0023194419251524323,-10.0
2021-10-15,114.31,1.1594,2929.86,114.0905,1.59,-0.97,2.56,0.05,0.15,,,,16.3,,,,,,-0.5,132.531014,0.006577369805290445,-0.006577369805290445,-0.01160193606994131,-0.0010057128486486988,-10.0
2021-10-16,,,,,,,,,0.15,,,,,,,,,,-0.5,,,,,,
2021-10-17,,,,,,,,,0.15,,,,,,,,,,-0.5,,,,,,
2021-10-18,114.22,1.1609,2924.63,113.9899,1.59,-0.95,2.54,0.05,0.15,,,,16.31,,,,,,-0.5,132.597998,,,,,-10.0
2021-10-19,114.27,1.1632,2933.85,113.647,1.65,-0.89,2.54,0.03,0.15,,,,15.7,,,,,,-0.5,132.91886399999999,0.002416917357170867,-0.002416917357170867,0.0031475767134345745,-0.003012694860596632,-12.0
2021-10-20,114.24,1.1643,2954.75,113.5083,1.65,-0.92,2.57,0.03,0.15,8564943.0,,336.0,15.49,,,,,,-0.5,133.00963199999998,0.0006826496963672213,-0.0006826496963672213,0.007098491240713045,-0.0012211911167119283,-12.0
2021-10-21,113.75,1.1643,2953.69,113.6188,1.68,-0.96,2.64,0.03,0.15,,,,15.01,,,,,,-0.5,132.439125,-0.004298440760214461,0.004298440760214461,-0.00035880875878291363,0.0009730235512908081,-12.0
2021-10-22,113.54,1.1632,2965.73,113.67,1.66,-0.98,2.64,0.05,0.15,,,,15.43,,,,,,-0.5,132.069728,-0.002793080352194721,0.002793080352194721,0.004067971728159314,0.0004505281462705568,-10.0
2021-10-23,,,,,,,,,0.15,,,,,,,,,,-0.5,,,,,,
2021-10-24,,,,,,,,,0.15,,,,,,,,,,-0.5,,,,,,
2021-10-25,113.7,1.1609,2978.31,113.605,1.64,-1.02,2.66,0.04,0.15,,,,15.24,,,,,,-0.5,131.99433000000002,,,,,-10.999999999999998
2021-10-26,114.19,1.159,2965.82,113.674,1.63,-1.06,2.69,0.05,0.15,,,,15.98,,,,,,-0.5,132.34621,0.0026623249528281434,-0.0026623249528281434,-0.0042024714741799585,0.0006071832603966598,-10.0
2021-10-27,113.75,1.16,2972.46,113.6218,1.54,-1.11,2.65,0.05,0.15,8556181.0,,323.0,16.98,,,,,,-0.5,131.95,-0.002998229121838669,0.002998229121838669,0.002236338726814502,-0.0004593133785819603,-10.0
2021-10-28,113.38,1.1685,2973.17,113.4389,1.57,-1.0,2.57,0.05,0.15,,,,16.53,,,,,,-0.5,132.48453,0.0040428209436003115,-0.0040428209436003115,0.00023883087355791588,-0.0016110233039716704,-10.0
2021-10-29,114.03,1.1552,2955.28,114.1349,1.55,-0.96,2.51,0.05,0.15,,,,16.26,,,,,,-0.5,131.727456,-0.005730823067241708,0.005730823067241708,-0.006035322657271358,0.006116716159972668,-10.0
2021-10-30,,,,,,,,,0.15,,,,,,,,,,-0.5,,,,,,
2021-10-31,,,,,,,,,0.15,,,,,,,,,,-0.5,,,,,,
2021-11-01,114.19,1.1591,2968.3,114.2067,1.58,-0.92,2.5,0.05,0.15,,21340.1,,16.41,,0.05,-0.3136363636,1.01,0.9394,-0.5,132.357629,,,,,-10.0
2021-11-02,113.78,1.1581,2964.23,114.2847,1.56,-0.95,2.51,0.05,0.15,,,,16.03,,,,,,-0.5,131.768618,-0.004460079095422564,0.004460079095422564,-0.001372096100156206,0.0006827390705286263,-10.0
2021-11-03,114.06,1.1584,2945.54,114.3593,1.6,-0.93,2.53,0.05,0.15,8574871.0,,332.0,15.1,,,,,,-0.5,132.127104,0.0027168778470114674,-0.0027168778470114674,-0.0063251403392978744,0.0006525428408101774,-10.0
2021-11-04,113.63,1.1546,2974.59,114.3558,1.53,-1.03,2.56,0.05,0.15,,,,15.44,,,,,,-0.5,131.19719800000001,-0.007062848803093935,0.007062848803093935,0.009814052449423905,-3.060576236801893e-05,-10.0
2021-11-05,113.45,1.1554,3000.46,114.0732,1.45,-1.09,2.54,0.05,0.15,,,,16.48,,,,,,-0.5,131.08013,-0.0008927039837356432,0.0008927039837356432,0.008659395872922637,-0.0024742930554007003,-10.0
2021-11-06,,,,,,,,,0.15,,,,,,,,,,-0.5,,,,,,
2021-11-07,,,,,,,,,0.15,,,,,,,,,,-0.5,,,,,,
2021-11-08,113.15,1.159,3009.14,113.8256,1.51,-1.11,2.62,0.05,0.15,,,,17.22,,,,,,-0.5,131.14085,,,,,-10.0
2021-11-09,112.87,1.1589,3018.16,113.762,1.46,-1.17,2.63,0.05,0.15,,,,17.78,,,,,,-0.5,130.805043,-0.0025639431114177214,0.0025639431114177214,0.0029930505313142675,-0.000558905684277633,-10.0
2021-11-10,113.89,1.1517,3034.04,114.1484,1.56,-1.14,2.7,0.05,0.15,8663117.0,,328.0,18.73,,,,,,-0.5,131.167113,0.0027641886532414617,-0.0027641886532414617,0.005247690572774744,0.003390809460404043,-10.0
2021-11-11,,,3040.75,,,,,,0.15,,,,17.66,,,,,,-0.5,,,,0.00220913076135254,,
2021-11-12,113.9,1.1443,3044.99,114.5144,1.58,-1.15,2.73,0.05,0.15,,,,16.29,,,,,,-0.5,130.33577000000002,,,0.0013934215678101936,,-10.0
2021-11-13,,,,,,,,,0.15,,,,,,,,,,-0.5,,,,,,
2021-11-14,,,,,,,,,0.15,,,,,,,,,,-0.5,,,,,,
2021-11-15,113.96,1.1421,3027.27,114.5876,1.63,-1.13,2.76,0.05,0.15,,,,16.49,,,,,,-0.5,130.15371599999997,,,,,-10.0
2021-11-16,114.62,1.1333,3014.4,115.136,1.63,-1.1,2.73,0.05,0.15,,,,16.37,,,,,,-0.5,129.898846,-0.0019601428237745466,0.0019601428237745466,-0.004260417886813528,0.004774442345016894,-10.0
2021-11-17,114.33,1.1322,3032.66,115.0263,1.6,-1.1,2.7,0.05,0.15,8674970.0,,265.0,17.11,,,,,,-0.5,129.44442600000002,-0.0035043937060557084,0.0035043937060557084,0.00603931679204095,-0.0009532404595082866,-10.0
2021-11-18,114.22,1.1358,3028.92,115.0678,1.59,-1.14,2.73,0.05,0.15,,,,17.59,,,,,,-0.5,129.731076,0.002212015523610056,-0.002212015523610056,-0.001234001852516542,0.0003607219867873823,-10.0
2021-11-19,113.81,1.1318,3015.35,115.2187,1.54,-1.11,2.65,0.05,0.15,,,,17.91,,,,,,-0.5,128.810158,-0.007123984677826378,0.007123984677826378,-0.0044902106622792815,0.0013105416218293087,-10.0
2021-11-20,,,,,,,,,0.15,,,,,,,,,,-0.5,,,,,,
2021-11-21,,,,,,,,,0.15,,,,,,,,,,-0.5,,,,,,
2021-11-22,114.69,1.126,2962.64,115.6481,1.63,-0.98,2.61,0.05,0.15,,,,19.17,,,,,,-0.5,129.14093999999997,,,,,-10.0
2021-11-23,114.98,1.1265,2939.86,116.0118,1.67,-0.95,2.62,0.05,0.15,,,,19.38,,,,,,-0.5,129.52497000000002,0.0029693149913772032,-0.0029693149913772032,-0.0077188015594718,0.0031399504084959062,-10.0
2021-11-24,115.34,1.1196,2938.03,116.2711,1.64,-0.97,2.61,0.05,0.15,8681771.0,,268.0,18.58,,,,,,-0.5,129.134664,-0.0030179142388790936,0.0030179142388790936,-0.0006226724416853457,0.002232623302955261,-10.0
2021-11-25,,,,,,,,,0.15,,,,,,,,,,-0.5,,,,,,
2021-11-26,113.46,1.1302,2932.38,116.5103,1.48,-1.07,2.55,0.05,0.15,,,,28.62,,,,,,-0.5,128.232492,,,,,-10.0
2021-11-27,,,,,,,,,0.15,,,,,,,,,,-0.5,,,,,,
2021-11-28,,,,,,,,,0.15,,,,,,,,,,-0.5,,,,,,
2021-11-29,113.75,1.1261,2930.29,116.581,1.52,-1.02,2.54,0.05,0.15,,,,22.96,,,,,,-0.5,128.09387500000003,,,,,-10.0
2021-11-30,113.22,1.1287,2911.85,116.2071,1.43,-1.07,2.5,0.05,0.15,,,,27.19,,,,,,-0.5,127.791414,-0.0023640369639448267,0.0023640369639448267,-0.006312776221687244,-0.003212366281026391,-10.0
2021-12-01,112.82,1.1323,2922.81,115.889,1.43,-1.01,2.44,0.05,0.15,8650402.0,21502.0,268.0,31.12,,0.07,-0.3842857143,1.047,0.8375,-0.5,127.746086,-0.0003547659382707735,0.0003547659382707735,0.00375686428714328,-0.0027411076633763187,-10.0
2021-12-02,113.1,1.1306,2908.46,116.018,1.44,-1.03,2.47,0.05,0.15,,,,27.95,,,,,,-0.5,127.87086,0.0009762577314411658,-0.0009762577314411658,-0.004921750825262805,0.0011125150452997445,-10.0
2021-12-03,112.88,1.1308,2931.94,116.2377,1.35,-1.08,2.43,0.05,0.15,,,,30.67,,,,,,-0.5,127.644704,-0.0017701939992713633,0.0017701939992713633,0.008040588487242317,0.0018918809357915123,-10.0
2021-12-04,,,,,,,,,0.15,,,,,,,,,,-0.5,,,,,,
2021-12-05,,,,,,,,,0.15,,,,,,,,,,-0.5,,,,,,
2021-12-06,113.31,1.1282,2926.2,116.1538,1.43,-1.01,2.44,0.05,0.15,,,,27.18,,,,,,-0.5,127.83634200000002,,,,,-10.0
2021-12-07,113.61,1.1247,2935.94,115.8555,1.48,-0.99,2.47,0.05,0.15,,,,21.89,,,,,,-0.5,127.777167,-0.0004630037065620485,0.0004630037065620485,0.0033230216142250413,-0.002571450061459757,-10.0
2021-12-08,113.83,1.133,2937.68,115.4418,1.52,-1.0,2.52,0.05,0.15,8664524.0,,272.0,19.9,,,,,,-0.5,128.96939,0.0092872253733427,-0.0092872253733427,0.000592479612538277,-0.0035772180752555727,-10.0
2021-12-09,113.53,1.1285,2921.3,115.7784,1.49,-0.98,2.47,0.05,0.15,,,,21.58,,,,,,-0.5,128.118605,-0.006618652931098978,0.006618652931098978,-0.005591431503599864,0.002911512383236392,-10.0
2021-12-10,113.36,1.1312,2933.77,115.5732,1.48,-0.96,2.44,0.05,0.15,,,,18.69,,,,,,-0.5,128.232832,0.0008911750907003579,-0.0008911750907003579,0.004259562688234908,-0.0017739237922747009,-10.0
2021-12-11,,,,,,,,,0.15,,,,,,,,,,-0.5,,,,,,
2021-12-12,,,,,,,,,0.15,,,,,,,,,,-0.5,,,,,,
2021-12-13,113.42,1.1298,2902.77,115.842,1.42,-0.98,2.4,0.05,0.15,,,,20.31,,,,,,-0.5,128.14191599999998,,,,,-10.0
2021-12-14,113.63,1.1267,2880.95,116.2397,1.44,-0.93,2.37,0.05,0.15,,,,21.89,,,,,,-0.5,128.026921,-0.0008978063770053168,0.0008978063770053168,-0.007545352652578607,0.0034272447097905,-10.0
2021-12-15,113.83,1.1261,2892.95,116.4219,1.47,-0.92,2.39,0.05,0.15,8756666.0,,278.0,19.29,,,,,,-0.5,128.183963,0.0012258809400673698,-0.0012258809400673698,0.0041566418807628125,0.0015662235387843282,-10.0
2021-12-16,113.67,1.1309,2920.24,115.7146,1.44,-0.98,2.42,0.05,0.15,,,,20.57,,,,,,-0.5,128.549403,0.0028468465357951445,-0.0028468465357951445,0.009389061935940468,-0.006093847273444197,-10.0
2021-12-17,113.56,1.1277,2915.28,115.791,1.41,-0.97,2.38,0.05,0.15,,,,21.57,,,,,,-0.5,128.061612,-0.0038017977328879127,0.0038017977328879127,-0.0016999346054653586,0.0006600272544030616,-10.0
2021-12-18,,,,,,,,,0.15,,,,,,,,,,-0.5,,,,,,
2021-12-19,,,,,,,,,0.15,,,,,,,,,,-0.5,,,,,,
2021-12-20,113.45,1.1298,2907.2,116.0092,1.43,-0.96,2.39,0.04,0.15,,,,22.87,,,,,,-0.5,128.17580999999998,,,,,-10.999999999999998
2021-12-21,114.11,1.1272,2908.07,116.1089,1.48,-0.96,2.44,0.05,0.15,,,,21.01,,,,,,-0.5,128.62479199999999,0.0034967399140466426,-0.0034967399140466426,0.00029921224861162443,0.0008590455128762997,-10.0
2021-12-22,114.22,1.1324,2930.58,115.7485,1.46,-1.01,2.47,0.05,0.15,8790495.0,,265.0,18.63,,,,,,-0.5,129.342728,0.0055661104434028275,-0.0055661104434028275,0.007710724749069087,-0.003108809900076892,-10.0
2021-12-23,114.42,1.132,2935.62,115.5337,1.5,-0.97,2.47,0.05,0.15,,,,17.96,,,,,,-0.5,129.52344,0.0013961811290492676,-0.0013961811290492676,0.00171831892540375,-0.0018574716234853739,-10.0
2021-12-24,,,,,,,,,0.15,,,,,,,,,,-0.5,,,,,,
2021-12-25,,,,,,,,,0.15,,,,,,,,,,-0.5,,,,,,
2021-12-26,,,,,,,,,0.15,,,,,,,,,,-0.5,,,,,,
2021-12-27,114.85,1.1329,2943.1,115.4684,1.48,-1.02,2.5,0.05,0.15,,,,17.68,,,,,,-0.5,130.113565,,,,,-10.0
2021-12-28,114.75,1.1314,2935.19,115.4192,1.49,-1.01,2.5,0.05,0.15,,,,17.54,,,,,,-0.5,129.82815,-0.002195993164839649,0.002195993164839649,-0.0026912604768627446,-0.00042618140380579206,-10.0
2021-12-29,114.97,1.1337,2935.27,115.3678,1.55,-0.98,2.53,0.05,0.15,8757460.0,,3341.0,16.95,,,,,,-0.5,130.341489,0.003946191939491861,-0.003946191939491861,2.7255104372514438e-05,-0.0004454323757387968,-10.0
2021-12-30,115.17,1.1318,2953.18,115.283,1.52,-1.06,2.58,0.05,0.15,,,,17.33,,,,,,-0.5,130.349406,6.073860003752429e-05,-6.073860003752429e-05,0.006083113630527492,-0.0007353107279133297,-10.0
2021-12-31,,,2965.69,,1.52,-1.04,2.56,0.05,0.15,,,,17.22,,,,,,-0.5,,,,0.004227164519019055,,-10.0
2022-01-01,,,,,,,,,0.15,,21646.4,,,,0.17,-0.1147619048,1.346,1.2051,-0.5,,,,,,
2022-01-02,,,,,,,,,0.15,,,,,,,,,,-0.5,,,,,,
2022-01-03,115.27,1.129,2935.19,115.4101,1.63,-0.97,2.6,0.05,0.15,,,,16.6,,,,,,-0.5,130.13983,,,,,-10.0
2022-01-04,116.12,1.1296,2952.66,115.3103,1.66,-0.91,2.57,0.05,0.15,,,,16.91,,,,,,-0.5,131.169152,0.007878239132823595,-0.007878239132823595,0.005934271854068918,-0.0008651164459179128,-10.0
2022-01-05,115.91,1.1335,2945.88,115.137,1.71,-0.82,2.53,0.05,0.15,8765721.0,,3340.0,19.73,,,,,,-0.5,131.383985,0.0016364919528299993,-0.0016364919528299993,-0.002298874971069509,-0.0015040317909447154,-10.0
2022-01-06,115.78,1.1307,2917.89,115.4046,1.73,-0.73,2.46,0.05,0.15,,,,19.61,,,,,,-0.5,130.91244600000002,-0.003595470256178679,0.003595470256178679,-0.009546831675996792,0.0023214909602593536,-10.0
2022-01-07,115.61,1.1358,2931.62,115.0451,1.76,-0.72,2.48,0.05,0.15,,,,18.76,,,,,,-0.5,131.30983799999998,0.003030957538504353,-0.003030957538504353,0.004694418922146504,-0.00311998923517276,-10.0
2022-01-08,,,,,,,,,0.15,,,,,,,,,,-0.5,,,,,,
2022-01-09,,,,,,,,,0.15,,,,,,,,,,-0.5,,,,,,
2022-01-10,115.14,1.1328,2939.88,115.2216,1.78,-0.7,2.48,0.05,0.15,,,,19.4,,,,,,-0.5,130.430592,,,,,-10.0
2022-01-11,115.38,1.1363,2968.75,114.8332,1.75,-0.79,2.54,0.05,0.15,,,,18.41,,,,,,-0.5,131.106294,0.005167175565587989,-0.005167175565587989,0.009772224609763569,-0.0033765900039810504,-10.0
2022-01-12,114.74,1.1431,2974.96,114.355,1.74,-0.74,2.48,0.05,0.15,8788278.0,,364.0,17.62,,,,,,-0.5,131.159294,0.0004041704527502077,-0.0004041704527502077,0.002089604728237937,-0.004172995764559317,-10.0
2022-01-13,114.06,1.1464,2968.29,114.177,1.7,-0.73,2.43,0.05,0.15,,,,20.31,,,,,,-0.5,130.758384,-0.0030613459631023687,0.0030613459631023687,-0.0022445641022423857,-0.001557769030116063,-10.0
2022-01-14,113.89,1.1414,2963.61,114.3825,1.78,-0.66,2.44,0.05,0.15,,,,19.19,,,,,,-0.5,129.994046,-0.0058625738534878735,0.0058625738534878735,-0.0015779095976071744,0.0017982193291050663,-10.0
2022-01-15,,,,,,,,,0.15,,,,,,,,,,-0.5,,,,,,
2022-01-16,,,,,,,,,0.15,,,,,,,,,,-0.5,,,,,,
2022-01-17,,,,,,,,,0.15,,,,,,,,,,-0.5,,,,,,
2022-01-18,114.6,1.1336,2939.94,114.7373,1.87,-0.59,2.46,0.05,0.15,,,,22.79,,,,,,-0.5,129.91055999999998,,,,,-10.0
2022-01-19,114.28,1.1346,2972.52,114.6109,1.83,-0.57,2.4,0.05,0.15,8867834.0,,266.0,23.85,,,,,,-0.5,129.662088,-0.0019144704020703784,0.0019144704020703784,0.011020904924234465,-0.0011022542387308931,-10.0
2022-01-20,114.08,1.1336,2969.05,114.4642,1.83,-0.5,2.33,0.04,0.15,,,,25.59,,,,,,-0.5,129.321088,-0.0026333772125823884,0.0026333772125823884,-0.0011680415763901664,-0.0012808028463551224,-10.999999999999998
2022-01-21,113.72,1.1346,2964.2,114.6125,1.75,-0.59,2.34,0.05,0.15,,,,28.85,,,,,,-0.5,129.026712,-0.0022789133671912154,0.0022789133671912154,-0.001634854786242812,0.0012947630266859633,-10.0
2022-01-22,,,,,,,,,0.15,,,,,,,,,,-0.5,,,,,,
2022-01-23,,,,,,,,,0.15,,,,,,,,,,-0.5,,,,,,
2022-01-24,113.82,1.131,2973.99,115.2034,1.75,-0.63,2.38,0.04,0.15,,,,29.9,,,,,,-0.5,128.73041999999998,,,,,-10.999999999999998
2022-01-25,113.88,1.1283,2980.75,115.1654,1.78,-0.63,2.41,0.05,0.15,,,,31.16,,,,,,-0.5,128.490804,-0.0018631127368609057,0.0018631127368609057,0.0022704611465753644,-0.00032990578884461996,-10.0
2022-01-26,114.33,1.1279,2948.17,115.0922,1.85,-0.53,2.38,0.04,0.15,8860485.0,,265.0,31.96,,,,,,-0.5,128.95280699999998,0.003589162645512012,-0.003589162645512012,-0.010990307825263557,-0.0006358096537617541,-10.999999999999998
2022-01-27,115.47,1.1141,2916.89,115.978,1.81,-0.59,2.4,0.04,0.15,,,,30.49,,,,,,-0.5,128.645127,-0.002388840170714168,0.002388840170714168,-0.010666658680298369,0.007666971674587408,-10.999999999999998
2022-01-28,115.21,1.116,2909.7,116.0393,1.78,-0.66,2.44,0.05,0.15,,,,27.66,,,,,,-0.5,128.57436,-0.0005502460378163931,0.0005502460378163931,-0.002467997113072329,0.0005284088852546276,-10.0
2022-01-29,,,,,,,,,0.15,,,,,,,,,,-0.5,,,,,,
2022-01-30,,,,,,,,,0.15,,,,,,,,,,-0.5,,,,,,
2022-01-31,115.22,1.1212,2926.94,115.566,1.79,-0.65,2.44,0.05,0.15,,,,24.83,,,,,,-0.5,129.184664,,,,,-10.0
2022-02-01,114.77,1.1239,2929.46,115.3685,1.81,-0.62,2.43,0.05,0.15,,21724.7,,21.96,,0.18,0.15,1.794,1.4891,-0.5,128.99000299999997,-0.0015079793780721218,0.0015079793780721218,0.0008605970068753521,-0.0017104421223397281,-10.0
2022-02-02,114.36,1.1299,2940.46,115.1538,1.78,-0.63,2.41,0.05,0.15,8873211.0,,264.0,22.09,,,,,,-0.5,129.215364,0.0017455954525136264,-0.0017455954525136264,0.003747925994345813,-0.0018627270513924543,-10.0
2022-02-03,114.88,1.1425,2936.47,114.9065,1.82,-0.56,2.38,0.05,0.15,,,,24.35,,,,,,-0.5,131.2504,0.015626448398962545,-0.015626448398962545,-0.0013578520122070614,-0.0021498719705288494,-10.0
2022-02-04,115.22,1.1455,2942.54,115.1362,1.93,-0.48,2.41,0.05,0.15,,,,23.22,,,,,,-0.5,131.98451,0.005577618129512629,-0.005577618129512629,0.0020649742582286024,0.0019970212168329837,-10.0
2022-02-05,,,,,,,,,0.15,,,,,,,,,,-0.5,,,,,,
2022-02-06,,,,,,,,,0.15,,,,,,,,,,-0.5,,,,,,
2022-02-07,115.09,1.1434,2962.04,115.0098,1.92,-0.48,2.4,0.05,0.15,,,,22.86,,,,,,-0.5,131.593906,,,,,-10.0
2022-02-08,115.62,1.1416,2970.24,115.0892,1.96,-0.46,2.42,0.05,0.15,,,,21.44,,,,,,-0.5,131.991792,0.0030190280066859643,-0.0030190280066859643,0.0027645374872697914,0.0006901377507206874,-10.0
2022-02-09,115.44,1.1435,2979.71,114.8232,1.94,-0.48,2.42,0.04,0.15,8878009.0,,200.0,19.96,,,,,,-0.5,132.00564,0.00010491011149404983,-0.00010491011149404983,0.003183222714997491,-0.00231392581423151,-10.999999999999998
2022-02-10,115.84,1.1487,2970.58,114.5527,2.03,-0.42,2.45,0.05,0.15,,,,23.91,,,,,,-0.5,133.06540800000002,0.007996147860313663,-0.007996147860313663,-0.003068760401589543,-0.002358574945288794,-10.0
2022-02-11,115.91,1.1404,3003.49,114.8413,1.92,-0.51,2.43,0.05,0.15,,,,27.36,,,,,,-0.5,132.183764,-0.00664769084959449,0.00664769084959449,0.011017725909533205,0.0025161961713591197,-10.0
2022-02-12,,,,,,,,,0.15,,,,,,,,,,-0.5,,,,,,
2022-02-13,,,,,,,,,0.15,,,,,,,,,,-0.5,,,,,,
2022-02-14,115.72,1.1306,2990.06,115.1946,1.98,-0.5,2.48,0.05,0.15,,,,28.33,,,,,,-0.5,130.833032,,,,,-10.0
2022-02-15,115.64,1.1363,2979.03,114.93,2.05,-0.43,2.48,0.05,0.15,,,,25.7,,,,,,-0.5,131.401732,0.004337341722984611,-0.004337341722984611,-0.0036957099169967478,-0.0022996247824558225,-10.0
2022-02-16,115.41,1.1381,2999.36,114.6886,2.03,-0.43,2.46,0.05,0.15,8911033.0,,214.0,24.29,,,,,,-0.5,131.348121,-0.00040807635195161396,0.00040807635195161396,0.00680118840209154,-0.0021026178971199627,-10.0
2022-02-17,115.03,1.1364,3012.8,114.6755,1.97,-0.46,2.43,0.05,0.15,,,,28.11,,,,,,-0.5,130.72009200000002,-0.0047928758322060006,0.0047928758322060006,0.0044709463447674125,-0.0001142288615723075,-10.0
2022-02-18,115.08,1.1327,3014.87,114.7982,1.92,-0.49,2.41,0.05,0.15,,,,27.75,,,,,,-0.5,130.351116,-0.002826632997936507,0.002826632997936507,0.0006868325841900003,0.0010694036980583022,-10.0
2022-02-19,,,,,,,,,0.15,,,,,,,,,,-0.5,,,,,,
2022-02-20,,,,,,,,,0.15,,,,,,,,,,-0.5,,,,,,
2022-02-21,,,,,,,,,0.15,,,,,,,,,,-0.5,,,,,,
2022-02-22,114.94,1.1342,3024.26,114.7002,1.94,-0.51,2.45,0.05,0.15,,,,28.81,,,,,,-0.5,130.364948,,,,,-10.0
2022-02-23,115.12,1.1316,3031.15,114.6668,1.99,-0.54,2.53,0.05,0.15,8928129.0,,211.0,31.02,,,,,,-0.5,130.269792,-0.0007301866529987322,0.0007301866529987322,0.0022756520114661782,-0.0002912363176568178,-10.0
2022-02-24,115.45,1.1154,3020.81,115.9419,1.96,-0.59,2.55,0.05,0.15,,,,30.32,,,,,,-0.5,128.77293,-0.011557002250566661,0.011557002250566661,-0.0034170781238422876,0.01105867206878397,-10.0
2022-02-25,115.62,1.1261,3019.87,115.2577,1.97,-0.57,2.54,0.05,0.15,,,,27.59,,,,,,-0.5,130.19968200000002,0.011018666601352756,-0.011018666601352756,-0.0003112232422797234,-0.005918712639284784,-10.0
2022-02-26,,,,,,,,,0.15,,,,,,,,,,-0.5,,,,,,
2022-02-27,,,,,,,,,0.15,,,,,,,,,,-0.5,,,,,,
2022-02-28,115.11,1.1224,3027.53,115.2224,1.83,-0.79,2.62,0.05,0.15,,,,30.15,,,,,,-0.5,129.199464,,,,,-10.0
2022-03-01,114.87,1.1103,3040.71,115.7962,1.72,-0.9,2.62,0.05,0.15,,21787.2,,33.32,,0.21,0.2817391304,1.854,1.5457,-0.5,127.54016100000001,-0.01292613949768917,0.01292613949768917,0.004343935218544814,0.004967575597482288,-10.0
2022-03-02,115.59,1.1102,3033.13,115.7623,1.86,-0.85,2.71,0.05,0.15,8904455.0,,225.0,30.74,,,,,,-0.5,128.32801800000001,0.006158323344704009,-0.006158323344704009,-0.002495951139687591,-0.00029279858214881216,-10.0
2022-03-03,115.67,1.1053,3038.22,115.9495,1.86,-0.83,2.69,0.05,0.15,,,,30.48,,,,,,-0.5,127.850051,-0.003731525938016844,0.003731525938016844,0.0016767279740133034,0.0016158006690094595,-10.0
2022-03-04,114.65,1.0912,3042.18,116.6503,1.74,-0.93,2.67,0.05,0.15,,,,31.98,,,,,,-0.5,125.10608,-0.02169608323110861,0.02169608323110861,0.0013025460692990265,0.006025818771395741,-10.0
2022-03-05,,,,,,,,,0.15,,,,,,,,,,-0.5,,,,,,
2022-03-06,,,,,,,,,0.15,,,,,,,,,,-0.5,,,,,,
2022-03-07,115.41,1.086,3048.73,117.3278,1.78,-0.99,2.77,0.05,0.15,,,,36.45,,,,,,-0.5,125.33526,,,,,-10.0
2022-03-08,115.64,1.0881,3056.46,117.6176,1.86,-1.04,2.9,0.05,0.15,,,,35.13,,,,,,-0.5,125.82788400000001,0.00392274617891708,-0.00392274617891708,0.0025322730760741763,0.0024669574034978936,-10.0
2022-03-09,115.87,1.1069,3040.69,116.5961,1.94,-0.9,2.84,0.05,0.15,8910748.0,,293.0,32.45,,,,,,-0.5,128.256503,0.019117215295437973,-0.019117215295437973,-0.005172920189238539,-0.0087228584579373,-10.0
2022-03-10,116.05,1.1007,3051.03,116.7401,1.98,-0.88,2.86,0.05,0.15,,,,30.23,,,,,,-0.5,127.736235,-0.00406471465075775,0.00406471465075775,0.0033947751801708392,0.0012342707070835957,-10.0
2022-03-11,117.08,1.0937,3039.56,117.0192,2.0,-0.94,2.94,0.05,0.15,,,,30.75,,,,,,-0.5,128.05039599999998,0.0024564314150730127,-0.0024564314150730127,-0.0037664704272444283,0.0023879275188081195,-10.0
2022-03-12,,,,,,,,,0.15,,,,,,,,,,-0.5,,,,,,
2022-03-13,,,,,,,,,0.15,,,,,,,,,,-0.5,,,,,,
2022-03-14,118.0,1.0979,2987.99,117.1506,2.14,-0.79,2.93,0.05,0.15,,,,31.77,,,,,,-0.5,129.5522,,,,,-10.0
2022-03-15,118.19,1.0974,2941.55,117.246,2.15,-0.69,2.84,0.05,0.15,,,,29.83,,,,,,-0.5,129.701706,0.0011533559426730733,-0.0011533559426730733,-0.015664267236643603,0.0008140050262479548,-10.0
2022-03-16,118.48,1.0996,2961.93,116.8073,2.19,-0.61,2.8,0.05,0.15,8954306.0,,284.0,26.67,,,,,,-0.5,130.280608,0.004453402601609646,-0.004453402601609646,0.006904429577616611,-0.003748723164778589,-10.0
2022-03-17,118.45,1.111,2975.4,116.0467,2.2,-0.71,2.91,0.3,0.4,,,,25.67,,,,,,-0.5,131.59795,0.010060793993790895,-0.010060793993790895,0.004537400855276985,-0.0065328721439055215,-10.000000000000004
2022-03-18,119.17,1.1044,2953.32,116.1378,2.14,-0.72,2.86,0.3,0.4,,,,23.87,,,,,,-0.5,131.61134800000002,0.00010180491428979366,-0.00010180491428979366,-0.007448522475003827,0.0007847208118958449,-10.000000000000004
2022-03-19,,,,,,,,,0.4,,,,,,,,,,-0.5,,,,,,
2022-03-20,,,,,,,,,0.4,,,,,,,,,,-0.5,,,,,,
2022-03-21,119.15,1.1048,2976.46,115.9398,2.32,-0.58,2.9,0.29,0.4,,,,23.53,,,,,,-0.5,131.63692,,,,,-11.000000000000004
2022-03-22,120.66,1.1022,2959.74,116.0824,2.38,-0.53,2.91,0.28,0.4,,,,22.94,,,,,,-0.5,132.991452,0.010237328821917302,-0.010237328821917302,-0.005633248278461345,0.0012291928785668205,-12.0
2022-03-23,121.02,1.1001,2990.58,116.005,2.32,-0.62,2.94,0.27,0.4,8962474.0,,309.0,23.57,,,,,,-0.5,133.134102,0.0010720504778145568,-0.0010720504778145568,0.01036592188386809,-0.0006669901327640559,-13.0
2022-03-24,122.08,1.1006,3008.44,115.9599,2.34,-0.58,2.92,0.27,0.4,,,,21.67,,,,,,-0.5,134.361248,0.009175147222239666,-0.009175147222239666,0.005954323461930144,-0.0003888519389638745,-13.0
2022-03-25,121.98,1.0985,2999.19,115.7921,2.48,-0.47,2.95,0.28,0.4,,,,20.81,,,,,,-0.5,133.99503,-0.0027293434688298035,0.0027293434688298035,-0.003079419774412173,-0.0014480999458301724,-12.0
2022-03-26,,,,,,,,,0.4,,,,,,,,,,-0.5,,,,,,
2022-03-27,,,,,,,,,0.4,,,,,,,,,,-0.5,,,,,,
2022-03-28,123.25,1.0977,2955.03,116.1911,2.46,-0.49,2.95,0.28,0.4,,,,19.63,,,,,,-0.5,135.29152499999998,,,,,-12.0
2022-03-29,122.61,1.1104,2959.41,115.5679,2.41,-0.45,2.86,0.28,0.4,,,,18.9,,,,,,-0.5,136.146144,0.006297002380765804,-0.006297002380765804,0.0014811210531204821,-0.005378013385184843,-12.0
2022-03-30,121.97,1.1163,2982.38,115.0818,2.35,-0.51,2.86,0.27,0.4,8937142.0,,231.0,19.33,,,,,,-0.5,136.155111,6.58608789976256e-05,-6.58608789976256e-05,0.007731715334154288,-0.004215056162649944,-13.0
2022-03-31,121.44,1.1093,2984.66,115.2218,2.32,-0.52,2.84,0.29,0.4,,,,20.56,,,,,,-0.5,134.713392,-0.010645258483899411,0.010645258483899411,0.0007641980315060692,0.0012157866159707709,-11.000000000000004
2022-04-01,122.6,1.1043,2968.18,115.4814,2.39,-0.41,2.8,0.3,0.4,,21767.6,,19.63,,0.215,0.7463157895,2.436,1.8362,-0.5,135.38718,0.004989174163261723,-0.004989174163261723,-0.005536867143117519,0.002250511562635893,-10.000000000000004
2022-04-02,,,,,,,,,0.4,,,,,,,,,,-0.5,,,,,,
2022-04-03,,,,,,,,,0.4,,,,,,,,,,-0.5,,,,,,
2022-04-04,122.7,1.0992,2982.34,115.4112,2.42,-0.38,2.8,0.3,0.4,,,,18.57,,,,,,-0.5,134.87184,,,,,-10.000000000000004
2022-04-05,123.48,1.0921,2965.86,115.73,2.54,-0.3,2.84,0.3,0.4,,,,21.03,,,,,,-0.5,134.852508,-0.00014334634730950313,0.00014334634730950313,-0.005541186297645773,0.0027584887692251314,-10.000000000000004
2022-04-06,123.7,1.0913,2971.61,115.9995,2.61,-0.22,2.83,0.3,0.4,8937592.0,,366.0,22.1,,,,,,-0.5,134.99381,0.0010472776798451378,-0.0010472776798451378,0.001936852496954522,0.0023259888922613214,-10.000000000000004
2022-04-07,123.8,1.09,2981.92,116.3512,2.66,-0.16,2.82,0.3,0.4,,,,21.55,,,,,,-0.5,134.942,-0.00038386904380072195,0.00038386904380072195,0.0034634948698961665,0.00302732265150496,-10.000000000000004
2022-04-08,124.31,1.0874,2938.71,116.4176,2.72,-0.15,2.87,0.3,0.4,,,,21.16,,,,,,-0.5,135.174694,0.0017229150417588102,-0.0017229150417588102,-0.014596678799973617,0.0005705232127422022,-10.000000000000004
2022-04-09,,,,,,,,,0.4,,,,,,,,,,-0.5,,,,,,
2022-04-10,,,,,,,,,0.4,,,,,,,,,,-0.5,,,,,,
2022-04-11,125.55,1.0875,2946.34,116.5401,2.79,-0.12,2.91,0.3,0.4,,,,24.37,,,,,,-0.5,136.53562499999998,,,,,-10.000000000000004
2022-04-12,125.25,1.0852,2963.37,116.3866,2.72,-0.14,2.86,0.29,0.4,,,,24.26,,,,,,-0.5,135.9213,-0.004509527816681569,0.004509527816681569,0.005763412126928991,-0.0013180113934652127,-11.000000000000004
2022-04-13,125.51,1.0874,2973.19,116.2796,2.7,-0.1,2.8,0.29,0.4,8965487.0,,233.0,21.82,,,,,,-0.5,136.47957399999999,0.004098920634423742,-0.004098920634423742,0.0033083162493499074,-0.0009197726832974595,-11.000000000000004
2022-04-14,125.92,1.0796,2969.78,116.7558,2.83,-0.06,2.89,0.29,0.4,,,,22.7,,,,,,-0.5,135.943232,-0.003937575571232088,0.003937575571232088,-0.0011475744869064997,0.004086938403633944,-11.000000000000004
2022-04-15,126.31,1.0812,,116.7017,,,,,0.4,,,,,,,,,,-0.5,136.566372,0.004573351375233514,-0.004573351375233514,,-0.000463467663007755,
2022-04-16,,,,,,,,,0.4,,,,,,,,,,-0.5,,,,,,
2022-04-17,,,,,,,,,0.4,,,,,,,,,,-0.5,,,,,,
2022-04-18,126.77,1.0785,2976.19,116.8441,2.85,-0.07,2.92,0.29,0.4,,,,22.17,,,,,,-0.5,136.721445,,,,,-11.000000000000004
2022-04-19,128.55,1.0789,2951.29,117.1324,2.93,0.0,2.93,0.28,0.4,,,,21.37,,,,,,-0.5,138.692595,0.014314329489346633,-0.014314329489346633,-0.008401596114191001,0.0024643512994213523,-12.0
2022-04-20,127.76,1.0857,2963.54,116.7306,2.85,-0.07,2.92,0.27,0.4,8955851.0,,237.0,20.32,,,,,,-0.5,138.709032,0.00011850687537062754,-0.00011850687537062754,0.004142136803504393,-0.0034362032074692905,-13.0
2022-04-21,128.62,1.0839,2956.96,117.1432,2.9,-0.12,3.02,0.26,0.4,,,,22.68,,,,,,-0.5,139.41121800000002,0.005049524383857751,-0.005049524383857751,-0.002222786152924705,0.0035284023097883477,-14.000000000000002
2022-04-22,128.78,1.079,2935.3,118.0186,2.9,-0.08,2.98,0.27,0.4,,,,28.21,,,,,,-0.5,138.95362,-0.0032877601602496753,0.0032877601602496753,-0.007352050848044023,0.007445121134488808,-13.0
2022-04-23,,,,,,,,,0.4,,,,,,,,,,-0.5,,,,,,
2022-04-24,,,,,,,,,0.4,,,,,,,,,,-0.5,,,,,,
2022-04-25,127.66,1.0703,2895.72,118.6271,2.81,-0.1,2.91,0.27,0.4,,,,27.02,,,,,,-0.5,136.634498,,,,,-13.0
2022-04-26,127.37,1.0661,2899.04,118.9624,2.77,-0.08,2.85,0.27,0.4,,,,33.52,,,,,,-0.5,135.78915700000002,-0.006206096260143568,0.006206096260143568,0.0011458629393672481,0.002822517178580064,-13.0
2022-04-27,128.44,1.0549,2882.98,119.4708,2.82,-0.06,2.88,0.28,0.4,8939199.0,,214.0,31.6,,,,,,-0.5,135.491356,-0.0021955216490212592,0.0021955216490212592,-0.005555166291633107,0.004264513251368562,-12.0
2022-04-28,130.94,1.05,2897.18,120.0675,2.85,-0.12,2.97,0.28,0.4,,,,29.99,,,,,,-0.5,137.487,0.014621522255438002,-0.014621522255438002,0.004913368684280606,0.004982094589775166,-12.0
2022-04-29,129.84,1.0537,2895.88,119.4933,2.89,0.01,2.88,0.28,0.4,,,,33.4,,,,,,-0.5,136.812408,-0.004918664352696389,0.004918664352696389,-0.0004488128974404759,-0.004793781784073303,-12.0
2022-04-30,,,,,,,,,0.4,,,,,,,,,,-0.5,,,,,,
2022-05-01,,,,,,,,,0.4,,21717.4,,,,0.235,0.9527272727,2.99,1.9069,-0.5,,,,,,
2022-05-02,130.18,1.0521,2849.88,119.8825,2.99,0.18,2.81,0.3,0.4,,,,32.34,,,,,,-0.5,136.962378,,,,,-10.000000000000004
2022-05-03,130.09,1.0532,2857.43,119.7043,2.97,0.14,2.83,0.3,0.4,,,,29.25,,,,,,-0.5,137.010788,0.00035339227713837573,-0.00035339227713837573,0.0026457313179406583,-0.0014875613586449177,-10.000000000000004
2022-05-04,129.97,1.0539,2884.44,119.5592,2.93,0.07,2.86,0.3,0.4,8939972.0,,225.0,25.42,,,,,,-0.5,136.975383,-0.0002584437022337127,0.0002584437022337127,0.009408154217543263,-0.00121288886761306,-10.000000000000004
2022-05-05,130.41,1.0507,2874.79,120.0068,3.05,0.18,2.87,0.79,0.9,,,,31.2,,,,,,-0.5,137.021787,0.0003387188301520183,-0.0003387188301520183,-0.003351145563185831,0.0037367616509378365,-10.999999999999998
2022-05-06,130.35,1.0572,2880.38,119.8577,3.12,0.26,2.86,0.78,0.9,,,,30.19,,,,,,-0.5,137.80602,0.005707101746105003,-0.005707101746105003,0.00194260178514849,-0.001243202051186998,-12.0
2022-05-07,,,,,,,,,0.9,,,,,,,,,,-0.5,,,,,,
2022-05-08,,,,,,,,,0.9,,,,,,,,,,-0.5,,,,,,
2022-05-09,130.37,1.0559,2841.04,120.4972,3.05,0.3,2.75,0.78,0.9,,,,34.75,,,,,,-0.5,137.65768300000002,,,,,-12.0
2022-05-10,130.21,1.0531,2817.89,120.7742,2.99,0.34,2.65,0.78,0.9,,,,32.99,,,,,,-0.5,137.124151,-0.0038833183599678023,0.0038833183599678023,-0.008181804384214786,0.0022961703849233572,-12.0
2022-05-11,130.2,1.0537,2839.04,120.3925,2.91,0.21,2.7,0.78,0.9,8942008.0,,222.0,32.56,,,,,,-0.5,137.19174,0.0004927822527625025,-0.0004927822527625025,0.00747758892152639,-0.0031654479554710235,-12.0
2022-05-12,128.1,1.0376,2799.22,121.2796,2.84,0.25,2.59,0.79,0.9,,,,31.77,,,,,,-0.5,132.91656,-0.031657946475028176,0.031657946475028176,-0.014125159915342245,0.00734138515992111,-10.999999999999998
2022-05-13,129.23,1.041,2779.01,120.8442,2.93,0.24,2.69,0.79,0.9,,,,28.87,,,,,,-0.5,134.52843,0.01205398924714629,-0.01205398924714629,-0.007246057773769188,-0.0035965111180384923,-10.999999999999998
2022-05-14,,,,,,,,,0.9,,,,,,,,,,-0.5,,,,,,
2022-05-15,,,,,,,,,0.9,,,,,,,,,,-0.5,,,,,,
2022-05-16,129.15,1.042,2765.06,120.6881,2.88,0.2,2.68,0.8,0.9,,,,27.47,,,,,,-0.5,134.57430000000002,,,,,-9.999999999999998
2022-05-17,129.31,1.0532,2752.25,119.8871,2.98,0.27,2.71,0.8,0.9,,,,26.1,,,,,,-0.5,136.189292,0.011929308074752676,-0.011929308074752676,-0.004643575589653004,-0.006659065106486395,-9.999999999999998
2022-05-18,128.22,1.0494,2754.19,120.0274,2.89,0.17,2.72,0.79,0.9,8945898.0,,219.0,30.96,,,,,,-0.5,134.554068,-0.01207966011819206,0.01207966011819206,0.0007046295175356931,0.001169583464053936,-10.999999999999998
2022-05-19,127.62,1.0587,2787.19,119.4278,2.84,0.25,2.59,0.79,0.9,,,,29.35,,,,,,-0.5,135.11129400000002,0.0041327279778125,-0.0041327279778125,0.011910531353619191,-0.005008045372908221,-10.999999999999998
2022-05-20,127.86,1.0559,2790.51,119.3677,2.78,0.23,2.55,0.78,0.9,,,,29.43,,,,,,-0.5,135.007374,-0.0007694396384856361,0.0007694396384856361,0.0011904549875705328,-0.0005033595797989676,-12.0
2022-05-21,,,,,,,,,0.9,,,,,,,,,,-0.5,,,,,,
2022-05-22,,,,,,,,,0.9,,,,,,,,,,-0.5,,,,,,
2022-05-23,127.78,1.0668,2802.75,118.7169,2.86,0.26,2.6,0.78,0.9,,,,28.48,,,,,,-0.5,136.315704,,,,,-12.0
2022-05-24,126.56,1.0744,2821.4,118.6245,2.76,0.21,2.55,0.78,0.9,,,,29.45,,,,,,-0.5,135.976064,-0.002494678253684768,0.002494678253684768,0.006632137606699118,-0.0007786252602208776,-12.0
2022-05-25,127.31,1.0658,2811.35,118.9598,2.75,0.19,2.56,0.78,0.9,8914281.0,,209.0,28.37,,,,,,-0.5,135.68699800000002,-0.002128122292135437,0.002128122292135437,-0.003568420634471714,0.0028225789550049285,-12.0
2022-05-26,127.23,1.0725,2808.75,118.7687,2.75,0.13,2.62,0.78,0.9,,,,27.5,,,,,,-0.5,136.454175,0.005638096020544658,-0.005638096020544658,-0.0009252505063912508,-0.0016077167118133673,-12.0
2022-05-27,127.14,1.0709,2810.46,118.2834,2.74,0.11,2.63,0.78,0.9,,,,25.72,,,,,,-0.5,136.154226,-0.0022005860416882683,0.0022005860416882683,0.000608626498310727,-0.004094464280128385,-12.0
2022-05-28,,,,,,,,,0.9,,,,,,,,,,-0.5,,,,,,
2022-05-29,,,,,,,,,0.9,,,,,,,,,,-0.5,,,,,,
2022-05-30,,,,,,,,,0.9,,,,26.54,,,,,,-0.5,,,,,,
2022-05-31,128.53,1.0731,2788.57,118.0704,2.85,0.21,2.64,0.79,0.9,,,,26.19,,,,,,-0.5,137.925543,,,,,-10.999999999999998
2022-06-01,130.09,1.0646,2805.75,118.6954,2.94,0.29,2.65,0.8,0.9,8915050.0,21646.7,183.0,25.69,,0.225,1.445,3.635,2.3824,-0.5,138.49381400000001,0.004111664297002271,-0.004111664297002271,0.0061419632798074275,0.005279490971410894,-9.999999999999998
2022-06-02,129.83,1.0733,2835.27,118.0658,2.92,0.26,2.66,0.79,0.9,,,,24.72,,,,,,-0.5,139.346539,0.006138256507516537,-0.006138256507516537,0.010466287825866338,-0.0053184515373940755,-10.999999999999998
2022-06-03,130.71,1.0721,2812.24,118.2153,2.96,0.22,2.74,0.78,0.9,,,,24.79,,,,,,-0.5,140.13419100000002,0.0056365538000138216,-0.0056365538000138216,-0.008155851927250879,0.0012654420514381925,-12.0
2022-06-04,,,,,,,,,0.9,,,,,,,,,,-0.5,,,,,,
2022-06-05,,,,,,,,,0.9,,,,,,,,,,-0.5,,,,,,
2022-06-06,131.55,1.0699,2801.7,118.3081,3.04,0.28,2.76,0.78,0.9,,,,25.07,,,,,,-0.5,140.74534500000001,,,,,-12.0
2022-06-07,132.53,1.0697,2818.8,118.4414,2.98,0.25,2.73,0.77,0.9,,,,24.02,,,,,,-0.5,141.76734100000002,0.007235076573809174,-0.007235076573809174,0.006084886669086131,0.0011260848625749276,-13.0
2022-06-08,134.06,1.074,2817.05,118.3951,3.03,0.28,2.75,0.76,0.9,8918254.0,,183.0,23.96,,,,,,-0.5,143.98044000000002,0.015490186793949867,-0.015490186793949867,-0.000621024355242028,-0.00039098703611895047,-14.000000000000002
2022-06-09,134.06,1.0656,2808.76,118.9226,3.04,0.29,2.75,0.75,0.9,,,,26.09,,,,,,-0.5,142.85433600000002,-0.00785197528268533,0.00785197528268533,-0.0029471333017987433,0.0044455248701193995,-15.000000000000002
2022-06-10,134.19,1.0521,2834.93,119.9981,3.15,0.39,2.76,0.75,0.9,,,,27.75,,,,,,-0.5,141.181299,-0.01178060878882814,0.01178060878882814,0.009274140703164235,0.009003047994863067,-15.000000000000002
2022-06-11,,,,,,,,,0.9,,,,,,,,,,-0.5,,,,,,
2022-06-12,,,,,,,,,0.9,,,,,,,,,,-0.5,,,,,,
2022-06-13,134.12,1.0436,2755.65,121.1523,3.43,0.69,2.74,0.73,0.9,,,,34.02,,,,,,-0.5,139.967632,,,,,-17.000000000000004
2022-06-14,134.89,1.0416,2738.65,121.6669,3.49,0.89,2.6,0.69,0.9,,,,32.69,,,,,,-0.5,140.501424,0.0038064280752916346,-0.0038064280752916346,-0.006188251187754901,0.0042385509087612405,-21.000000000000007
2022-06-15,134.5,1.0388,2769.25,121.6403,3.33,0.63,2.7,0.7,0.9,8932420.0,,199.0,29.62,,,,,,-0.5,139.71859999999998,-0.005587224105405575,0.005587224105405575,0.011111427161741183,-0.00021865362065742744,-20.000000000000007
2022-06-16,131.65,1.0531,2788.68,120.6714,3.28,0.66,2.62,1.45,1.65,,,,32.95,,,,,,-0.5,138.640615,-0.007745318501616971,0.007745318501616971,0.006991840183031783,-0.007997180192445441,-19.999999999999996
2022-06-17,135.14,1.0473,2777.51,121.2369,3.25,0.67,2.58,1.45,1.65,,,,31.13,,,,,,-0.5,141.53212199999996,0.020641620574258113,-0.020641620574258113,-0.00401352271273403,0.004675333835945317,-19.999999999999996
2022-06-18,,,,,,,,,1.65,,,,,,,,,,-0.5,,,,,,
2022-06-19,,,,,,,,,1.65,,,,,,,,,,-0.5,,,,,,
2022-06-20,,,,,,,,,1.65,,,,31.03,,,,,,-0.5,,,,,,
2022-06-21,136.25,1.0548,2775.56,120.6427,3.31,0.7,2.61,1.45,1.65,,,,30.19,,,,,,-0.5,143.7165,,,,,-19.999999999999996
2022-06-22,136.05,1.0583,2785.28,120.5197,3.16,0.62,2.54,1.45,1.65,8934346.0,,197.0,28.95,,,,,,-0.5,143.981715,0.001843703306448674,-0.001843703306448674,0.0034958782842666736,-0.0010200596002141182,-19.999999999999996
2022-06-23,134.72,1.0503,2771.76,120.7622,3.09,0.59,2.5,1.44,1.65,,,,29.05,,,,,,-0.5,141.496416,-0.0174119242061872,0.0174119242061872,-0.004865909432417048,0.00201009758006343,-20.999999999999996
2022-06-24,135.22,1.0539,2770.79,120.4853,3.13,0.57,2.56,1.46,1.65,,,,27.23,,,,,,-0.5,142.50835800000002,0.007126262479676626,-0.007126262479676626,-0.0003500193989784961,-0.0022955688377850336,-18.999999999999993
2022-06-25,,,,,,,,,1.65,,,,,,,,,,-0.5,,,,,,
2022-06-26,,,,,,,,,1.65,,,,,,,,,,-0.5,,,,,,
2022-06-27,135.26,1.0601,2770.14,120.1736,3.2,0.65,2.55,1.5,1.65,,,,26.95,,,,,,-0.5,143.389126,,,,,-14.999999999999991
2022-06-28,136.19,1.0534,2766.5,120.62,3.2,0.72,2.48,1.52,1.65,,,,28.36,,,,,,-0.5,143.46254599999997,0.0005119022043089672,-0.0005119022043089672,-0.0013148770822857259,0.0037077439882278185,-12.99999999999999
2022-06-29,136.5,1.0477,2764.88,120.9616,3.1,0.74,2.36,1.51,1.65,8913553.0,,184.0,28.16,,,,,,-0.5,143.01105,-0.0031520976462218186,0.0031520976462218186,-0.0005857489618570355,0.0028280318341264987,-13.99999999999999
2022-06-30,135.69,1.0469,2748.77,120.9652,2.98,0.65,2.33,1.5,1.65,,,,28.71,,,,,,-0.5,142.05386099999998,-0.006715611500762719,0.006715611500762719,-0.005843695499245349,2.976106822671909e-05,-14.999999999999991
2022-07-01,135.09,1.0409,2747.15,121.5058,2.88,0.54,2.34,1.52,1.65,,21649.2,,26.7,,0.18,1.0819047619,3.359,2.1454,-0.5,140.615181,-0.010179341980157908,0.010179341980157908,-0.0005895282489261078,0.004459097341567464,-12.99999999999999
2022-07-02,,,,,,,,,1.65,,,,,,,,,,-0.5,,,,,,
2022-07-03,,,,,,,,,1.65,,,,,,,,,,-0.5,,,,,,
2022-07-04,,,,,,,,,1.65,,,,27.53,,,,,,-0.5,,,,,,
2022-07-05,135.72,1.0254,2691.3,122.6203,2.82,0.52,2.3,1.54,1.65,,,,27.54,,,,,,-0.5,139.167288,,,,,-10.999999999999988
2022-07-06,135.66,1.0173,2650.34,123.0073,2.93,0.64,2.29,1.54,1.65,8891851.0,,347.0,26.73,,,,,,-0.5,138.006918,-0.008372905947993559,0.008372905947993559,-0.015336414596270664,0.0031511142903077882,-10.999999999999988
2022-07-07,135.99,1.0159,2652.23,122.7257,3.01,0.68,2.33,1.54,1.65,,,,26.08,,,,,,-0.5,138.152241,0.0010524584007312043,-0.0010524584007312043,0.0007128619065985831,-0.0022919194676171983,-10.999999999999988
2022-07-08,136.16,1.0178,2654.13,122.4662,3.09,0.72,2.37,1.53,1.65,,,,24.64,,,,,,-0.5,138.583648,0.0031178272614296176,-0.0031178272614296176,0.0007161218165370187,-0.0021167101922205944,-11.99999999999999
2022-07-09,,,,,,,,,1.65,,,,,,,,,,-0.5,,,,,,
2022-07-10,,,,,,,,,1.65,,,,,,,,,,-0.5,,,,,,
2022-07-11,137.29,1.0088,2615.35,123.2974,2.99,0.67,2.32,1.53,1.65,,,,26.17,,,,,,-0.5,138.49815199999998,,,,,-11.99999999999999
2022-07-12,136.68,1.0069,2606.62,123.4524,2.96,0.64,2.32,1.54,1.65,,,,27.29,,,,,,-0.5,137.62309199999999,-0.006338251391563077,0.006338251391563077,-0.003343568857366641,0.0012563335037132362,-10.999999999999988
2022-07-13,137.34,1.0081,2619.16,123.2834,2.91,0.6,2.31,1.53,1.65,8895867.0,,185.0,26.82,,,,,,-0.5,138.452454,0.006008243083766018,-0.006008243083766018,0.004799292763834728,-0.0013698865460840537,-11.99999999999999
2022-07-14,138.94,1.0028,2584.04,124.0622,2.96,0.62,2.34,1.53,1.65,,,,26.4,,,,,,-0.5,139.32903199999998,0.006311298296447276,-0.006311298296447276,-0.013499590002683526,0.0062972826171776575,-11.99999999999999
2022-07-15,138.57,1.0089,2580.08,123.4765,2.93,0.57,2.36,1.54,1.65,,,,24.23,,,,,,-0.5,139.803273,0.0033979689760839094,-0.0033979689760839094,-0.0015336594719705943,-0.004732198181526925,-10.999999999999988
2022-07-16,,,,,,,,,1.65,,,,,,,,,,-0.5,,,,,,
2022-07-17,,,,,,,,,1.65,,,,,,,,,,-0.5,,,,,,
2022-07-18,138.23,1.016,2583.07,122.7727,2.96,0.59,2.37,1.54,1.65,,,,25.3,,,,,,-0.5,140.44168,,,,,-10.999999999999988
2022-07-19,137.94,1.0238,2589.87,122.4819,3.01,0.62,2.39,1.54,1.65,,,,24.5,,,,,,-0.5,141.222972,0.00554768941193462,-0.00554768941193462,0.002629067384039452,-0.002371414328446342,-10.999999999999988
2022-07-20,138.16,1.0217,2566.57,122.5997,3.04,0.66,2.38,1.53,1.65,8899213.0,,195.0,23.88,,,,,,-0.5,141.158072,-0.00045966259082685923,0.00045966259082685923,-0.009037304256917622,0.0009613125511815923,-11.99999999999999
2022-07-21,137.94,1.0197,2601.36,122.9032,2.91,0.58,2.33,1.53,1.65,,,,23.11,,,,,,-0.5,140.657418,-0.0035530660624756294,0.0035530660624756294,0.013464008048844178,0.0024724771447628413,-11.99999999999999
2022-07-22,136.12,1.0225,2607.91,122.451,2.77,0.43,2.34,1.52,1.65,,,,23.03,,,,,,-0.5,139.1827,-0.010539815823663368,0.010539815823663368,0.0025147490730290656,-0.0036861036983824036,-12.99999999999999
2022-07-23,,,,,,,,,1.65,,,,,,,,,,-0.5,,,,,,
2022-07-24,,,,,,,,,1.65,,,,,,,,,,-0.5,,,,,,
2022-07-25,136.72,1.0211,2602.08,122.4594,2.81,0.45,2.36,1.53,1.65,,,,23.36,,,,,,-0.5,139.60479199999997,,,,,-11.99999999999999
2022-07-26,136.62,1.0116,2599.25,122.7581,2.81,0.45,2.36,1.53,1.65,,,,24.69,,,,,,-0.5,138.20479200000003,-0.01007893126931414,0.01007893126931414,-0.0010881833220581782,0.0024362057988067676,-11.99999999999999
2022-07-27,137.31,1.0108,2624.98,122.8169,2.78,0.36,2.42,1.53,1.65,8890004.0,,206.0,23.24,,,,,,0.0,138.792948,0.004246654748185641,-0.004246654748185641,0.009850335091000417,0.0004788761162473065,-11.99999999999999
2022-07-28,134.45,1.0163,2655.89,122.1161,2.68,0.2,2.48,2.28,2.4,,,,22.33,,,,,,0.0,136.64153499999998,-0.015622275989104928,0.015622275989104928,0.011706538126941446,-0.00572239683795317,-12.00000000000001
2022-07-29,133.25,1.0202,2663.49,121.7678,2.67,0.14,2.53,2.27,2.4,,,,21.33,,,,,,0.0,135.94165,-0.005135214323813919,0.005135214323813919,0.0028574778155654457,-0.0028562790474939703,-12.99999999999999
2022-07-30,,,,,,,,,2.4,,,,,,,,,,0.0,,,,,,
2022-07-31,,,,,,,,,2.4,,,,,,,,,,0.0,,,,,,
2022-08-01,131.8,1.027,2677.24,121.4109,2.6,0.09,2.51,2.28,2.4,,21641.9,,22.84,,0.22,1.0343478261,3.297,2.3278,0.0,135.3586,,,,,-12.00000000000001
2022-08-02,132.32,1.0194,2662.92,121.9486,2.75,0.27,2.48,2.3,2.4,,,,23.93,,,,,,0.0,134.887008,-0.0034901028156424374,0.0034901028156424374,-0.005363148042102139,0.004418984054379571,-10.000000000000009
2022-08-03,134.18,1.0146,2670.04,122.3888,2.73,0.23,2.5,2.29,2.4,8874620.0,,213.0,21.95,,,,,,0.0,136.139028,0.009239178086009048,-0.009239178086009048,0.002670188499599213,0.0036032181423415466,-10.999999999999988
2022-08-04,133.28,1.0221,2711.22,121.8333,2.68,0.22,2.46,2.29,2.4,,,,21.44,,,,,,0.0,136.225488,0.0006348844862316128,-0.0006348844862316128,0.015305264517465389,-0.004549145699697554,-10.999999999999988
2022-08-05,135.33,1.017,2684.2,122.321,2.83,0.37,2.46,2.28,2.4,,,,21.15,,,,,,0.0,137.63061,0.010261844383411045,-0.010261844383411045,-0.010015986109245034,0.003995019941473998,-12.00000000000001
2022-08-06,,,,,,,,,2.4,,,,,,,,,,0.0,,,,,,
2022-08-07,,,,,,,,,2.4,,,,,,,,,,0.0,,,,,,
2022-08-08,134.73,1.0207,2706.04,121.8783,2.77,0.29,2.48,2.28,2.4,,,,21.29,,,,,,0.0,137.51891099999997,,,,,-12.00000000000001
2022-08-09,134.95,1.0226,2713.99,121.8614,2.8,0.33,2.47,2.29,2.4,,,,21.77,,,,,,0.0,137.99987,0.003491300932704,-0.003491300932704,0.0029335652021647007,-0.00013867252669186314,-10.999999999999988
2022-08-10,132.58,1.0337,2708.47,120.7543,2.78,0.35,2.43,2.28,2.4,8879138.0,,191.0,19.74,,,,,,0.0,137.04794600000002,-0.006921907722228227,0.006921907722228227,-0.002035976994497979,-0.00912643068314356,-12.00000000000001
2022-08-11,132.66,1.0338,2702.91,120.7163,2.87,0.4,2.47,2.28,2.4,,,,20.2,,,,,,0.0,137.143908,0.0006999624716650388,-0.0006999624716650388,-0.002054929410439499,-0.00031473811150206643,-12.00000000000001
2022-08-12,133.57,1.0257,2725.24,121.018,2.84,0.37,2.47,2.28,2.4,,,,19.53,,,,,,0.0,137.002749,-0.0010298065569704917,0.0010298065569704917,0.008227527228896747,0.00249613031042184,-12.00000000000001
2022-08-13,,,,,,,,,2.4,,,,,,,,,,0.0,,,,,,
2022-08-14,,,,,,,,,2.4,,,,,,,,,,0.0,,,,,,
2022-08-15,133.13,1.0186,2685.02,121.4315,2.79,0.35,2.44,2.29,2.4,,,,19.95,,,,,,0.0,135.60621799999998,,,,,-10.999999999999988
2022-08-16,134.38,1.0174,2682.19,121.6807,2.82,0.38,2.44,2.29,2.4,,,,19.69,,,,,,0.0,136.718212,0.008166730986338244,-0.008166730986338244,-0.0010545517176581143,0.00205008294342246,-10.999999999999988
2022-08-17,135.4,1.0164,2667.72,122.0711,2.89,0.43,2.46,2.29,2.4,8849762.0,,189.0,19.9,,,,,,0.0,137.62056,0.0065783720435153015,-0.0065783720435153015,-0.005409449985236847,0.0032032611354715357,-10.999999999999988
2022-08-18,135.29,1.0114,2662.46,122.3627,2.88,0.36,2.52,2.28,2.4,,,,19.56,,,,,,0.0,136.832306,-0.00574420066303194,0.00574420066303194,-0.0019736675712511698,0.002385923209726748,-12.00000000000001
2022-08-19,137.01,1.0039,2644.52,123.0501,2.98,0.43,2.55,2.28,2.4,,,,20.6,,,,,,0.0,137.54433899999998,0.005190198301346705,-0.005190198301346705,-0.006760933086885856,0.00560200444060488,-12.00000000000001
2022-08-20,,,,,,,,,2.4,,,,,,,,,,0.0,,,,,,
2022-08-21,,,,,,,,,2.4,,,,,,,,,,0.0,,,,,,
2022-08-22,137.57,0.9936,2629.0,123.605,3.03,0.46,2.57,2.28,2.4,,,,23.8,,,,,,0.0,136.689552,,,,,-12.00000000000001
2022-08-23,136.36,0.9976,2647.18,123.0547,3.05,0.47,2.58,2.27,2.4,,,,24.11,,,,,,0.0,136.03273600000003,-0.004816748016589045,0.004816748016589045,0.006891376696366969,-0.004462025316855467,-12.99999999999999
2022-08-24,136.92,0.9967,2654.46,123.109,3.11,0.49,2.62,2.27,2.4,8851436.0,,166.0,22.82,,,,,,0.0,136.468164,0.0031957939998656926,-0.0031957939998656926,0.0027463217327667877,0.0004411698465753844,-12.99999999999999
2022-08-25,136.83,0.9959,2662.95,123.0586,3.03,0.43,2.6,2.28,2.4,,,,21.78,,,,,,0.0,136.268997,-0.001460505306082105,0.001460505306082105,0.003193286661901773,-0.0004094771261877739,-12.00000000000001
2022-08-26,137.07,0.9998,2632.55,123.0656,3.04,0.47,2.57,2.28,2.4,,,,25.56,,,,,,0.0,137.042586,0.0056608728934470776,-0.0056608728934470776,-0.011481572640830606,5.688185072294516e-05,-12.00000000000001
2022-08-27,,,,,,,,,2.4,,,,,,,,,,0.0,,,,,,
2022-08-28,,,,,,,,,2.4,,,,,,,,,,0.0,,,,,,
2022-08-29,138.74,1.0,2634.57,123.4686,3.12,0.54,2.58,2.28,2.4,,,,26.21,,,,,,0.0,138.74,,,,,-12.00000000000001
2022-08-30,138.73,1.0018,2613.31,123.6848,3.11,0.56,2.55,2.29,2.4,,,,26.21,,,,,,0.0,138.979714,0.0017263020768583104,-0.0017263020768583104,-0.008102363738033524,0.0017495211892359919,-10.999999999999988
2022-08-31,138.69,1.0065,2593.51,123.535,3.15,0.67,2.48,2.29,2.4,8826093.0,,171.0,25.87,,,,,,0.0,139.59148499999998,0.004392212731938905,-0.004392212731938905,-0.007605446487704448,-0.00121187719052962,-10.999999999999988
2022-09-01,139.93,0.995,2571.2,124.4006,3.26,0.81,2.45,2.29,2.4,,21541.3,,25.56,,0.24,1.7954545455,4.138,3.5007,0.0,139.23035000000002,-0.0025904370218743367,0.0025904370218743367,-0.008639454594102425,0.006982486717248548,-10.999999999999988
2022-09-02,140.03,1.003,2593.67,123.7743,3.2,0.73,2.47,2.29,2.4,,,,25.47,,,,,,0.0,140.45009,0.008722438603405713,-0.008722438603405713,0.00870114514659992,-0.0050472576362246,-10.999999999999988
2022-09-03,,,,,,,,,2.4,,,,,,,,,,0.0,,,,,,
2022-09-04,,,,,,,,,2.4,,,,,,,,,,0.0,,,,,,
2022-09-05,,,,,,,,,2.4,,,,25.99,,,,,,0.0,,,,,,
2022-09-06,142.95,0.9914,2578.47,124.767,3.33,0.85,2.48,2.29,2.4,,,,26.91,,,,,,0.0,141.72062999999997,,,,,-10.999999999999988
2022-09-07,144.39,0.9942,2603.22,124.8408,3.27,0.82,2.45,2.28,2.4,8822401.0,,197.0,24.64,,,,,,0.0,143.55253799999997,0.01284336128890562,-0.01284336128890562,0.009552940535125565,0.0005913276920868071,-12.00000000000001
2022-09-08,144.05,0.9956,2589.41,124.578,3.29,0.88,2.41,2.28,2.4,,,,23.61,,,,,,0.0,143.41618000000003,-0.0009503336197251855,0.0009503336197251855,-0.005319089771536056,-0.0021072998286539857,-12.00000000000001
2022-09-09,142.44,1.0046,2601.61,123.7874,3.33,0.91,2.42,2.28,2.4,,,,22.79,,,,,,0.0,143.095224,-0.002240442298453438,0.002240442298453438,0.004700433618943123,-0.006366447744805548,-12.00000000000001
2022-09-10,,,,,,,,,2.4,,,,,,,,,,0.0,,,,,,
2022-09-11,,,,,,,,,2.4,,,,,,,,,,0.0,,,,,,
2022-09-12,142.41,1.0129,2591.29,123.3332,3.37,0.95,2.42,2.28,2.4,,,,23.87,,,,,,0.0,144.247089,,,,,-12.00000000000001
2022-09-13,144.3,0.9997,2566.97,124.4242,3.42,0.98,2.44,2.28,2.4,,,,27.27,,,,,,0.0,144.25671000000003,6.66958288721986e-05,-6.66958288721986e-05,-0.009429606187284278,0.008807059259403616,-12.00000000000001
2022-09-14,142.93,0.9993,2559.38,124.4509,3.41,0.95,2.46,2.27,2.4,8832759.0,,203.0,26.16,,,,,,0.75,142.829949,-0.009939665964192379,0.009939665964192379,-0.0029611733674466123,0.00021456545956155537,-12.99999999999999
2022-09-15,143.57,0.9991,2516.63,124.8843,3.45,1.02,2.43,2.28,2.4,,,,26.27,,,,,,0.75,143.440787,0.00426756108980797,-0.00426756108980797,-0.016844336709080032,0.0034764480626465755,-12.00000000000001
2022-09-16,143.04,1.0013,2529.72,124.8794,3.45,1.07,2.38,2.27,2.4,,,,26.3,,,,,,0.75,143.225952,-0.0014988487396143668,0.0014988487396143668,0.005187919727816848,-3.9237086899568396e-05,-12.99999999999999
2022-09-17,,,,,,,,,2.4,,,,,,,,,,0.75,,,,,,
2022-09-18,,,,,,,,,2.4,,,,,,,,,,0.75,,,,,,
2022-09-19,143.34,1.0003,2533.12,125.0104,3.49,1.15,2.34,2.27,2.4,,,,25.76,,,,,,0.75,143.383002,,,,,-12.99999999999999
2022-09-20,143.64,0.9994,2521.0,125.1248,3.57,1.17,2.4,2.26,2.4,,,,27.16,,,,,,0.75,143.55381599999998,0.0011906037110787082,-0.0011906037110787082,-0.00479609634617173,0.000914705391135584,-14.000000000000012
2022-09-21,144.14,0.988,2530.94,125.7399,3.51,1.13,2.38,2.25,2.4,8816802.0,,273.0,27.99,,,,,,0.75,142.41031999999998,-0.007997521023823673,0.007997521023823673,0.003935127031169827,0.004903848430218183,-14.999999999999991
2022-09-22,142.16,0.9841,2531.66,126.1667,3.7,1.29,2.41,2.99,3.15,,,,27.35,,,,,,0.75,139.899656,-0.017787045492827502,0.017787045492827502,0.0002844388278173682,0.0033885607474246626,-15.99999999999997
2022-09-23,143.18,0.9719,2490.7,127.2853,3.69,1.32,2.37,2.99,3.15,,,,29.92,,,,,,0.75,139.156642,-0.005325203273871537,0.005325203273871537,-0.01631141859824936,0.008826975230126877,-15.99999999999997
2022-09-24,,,,,,,,,3.15,,,,,,,,,,0.75,,,,,,
2022-09-25,,,,,,,,,3.15,,,,,,,,,,0.75,,,,,,
2022-09-26,144.45,0.9623,2463.71,128.4539,3.88,1.56,2.32,2.99,3.15,,,,32.26,,,,,,0.75,139.004235,,,,,-15.99999999999997
2022-09-27,144.71,0.9616,2469.2,128.4386,3.97,1.64,2.33,2.98,3.15,,,,32.6,,,,,,0.75,139.15313600000002,0.001070624256244379,-0.001070624256244379,0.0022258675981019493,-0.00011911597277514119,-16.999999999999993
2022-09-28,144.15,0.9681,2517.93,128.0884,3.72,1.39,2.33,2.98,3.15,8795567.0,,216.0,30.18,,,,,,0.75,139.551615,0.002859508279592582,-0.002859508279592582,0.019542923856985084,-0.0027303185828486676,-16.999999999999993
2022-09-29,144.45,0.9774,2517.04,127.5437,3.76,1.57,2.19,2.96,3.15,,,,31.84,,,,,,0.75,141.18543,0.011639599937861789,-0.011639599937861789,-0.0003535274328418936,-0.004261599575078989,-18.999999999999993
2022-09-30,144.71,0.9783,2517.77,127.5148,3.83,1.68,2.15,2.98,3.15,,,,31.62,,,,,,0.75,141.569793,0.0027186994649861518,-0.0027186994649861518,0.00028998115325684637,-0.0002266146795628643,-16.999999999999993
2022-10-01,,,,,,,,,3.15,,21464.1,,,,0.245,2.1866666667,4.532,4.1096,0.75,,,,,,
2022-10-02,,,,,,,,,3.15,,,,,,,,,,0.75,,,,,,
2022-10-03,144.5,0.9809,2572.71,127.0813,3.67,1.43,2.24,3.0,3.15,,,,30.1,,,,,,0.75,141.74005,,,,,-14.999999999999991
2022-10-04,144.32,0.9977,2604.3,126.1819,3.62,1.38,2.24,3.04,3.15,,,,29.07,,,,,,0.75,143.988064,0.01573566111101865,-0.01573566111101865,0.012204107036369649,-0.007102522442355763,-10.999999999999988
2022-10-05,144.73,0.9866,2593.31,126.8616,3.76,1.54,2.22,3.04,3.15,8759053.0,,300.0,28.55,,,,,,0.75,142.790618,-0.008351059784623693,0.008351059784623693,-0.0042288730313275735,0.005372211771613067,-10.999999999999988
2022-10-06,144.94,0.9806,2592.18,127.2493,3.83,1.61,2.22,3.05,3.15,,,,30.52,,,,,,0.75,142.128164,-0.004650133550883062,0.004650133550883062,-0.0004358315290886594,0.0030514259784153452,-10.000000000000009
2022-10-07,145.19,0.9785,2569.07,127.3111,3.89,1.62,2.27,3.05,3.15,,,,31.36,,,,,,0.75,142.06841500000002,-0.00042047656654098375,0.00042047656654098375,-0.008955254810388169,0.0004855429298054048,-10.000000000000009
2022-10-08,,,,,,,,,3.15,,,,,,,,,,0.75,,,,,,
2022-10-09,,,,,,,,,3.15,,,,,,,,,,0.75,,,,,,
2022-10-10,,,2532.79,,,,,,3.15,,,,32.45,,,,,,0.75,,,,,,
2022-10-11,145.55,0.9757,2527.66,127.6641,3.93,1.62,2.31,3.05,3.15,,,,33.63,,,,,,0.75,142.013135,,,-0.0020274883685553746,,-10.000000000000009
2022-10-12,146.87,0.9692,2540.08,128.1481,3.91,1.62,2.29,3.04,3.15,8758969.0,,3307.0,33.57,,,,,,0.75,142.346404,0.002343998402605685,-0.002343998402605685,0.004901603028806711,0.003784030453029885,-10.999999999999988
2022-10-13,147.15,0.978,2525.17,127.7286,3.97,1.63,2.34,3.04,3.15,,,,31.94,,,,,,0.75,143.9127,0.010943314006157223,-0.010943314006157223,-0.0058871894037935135,-0.003278925950267464,-10.999999999999988
2022-10-14,148.46,0.9739,2498.61,128.3325,4.0,1.59,2.41,3.04,3.15,,,,32.02,,,,,,0.75,144.585194,0.004662045942255055,-0.004662045942255055,-0.01057380994481516,0.004716851717539328,-10.999999999999988
2022-10-15,,,,,,,,,3.15,,,,,,,,,,0.75,,,,,,
2022-10-16,,,,,,,,,3.15,,,,,,,,,,0.75,,,,,,
2022-10-17,148.71,0.9843,2483.12,127.6448,4.02,1.57,2.45,3.05,3.15,,,,31.37,,,,,,0.75,146.37525300000001,,,,,-10.000000000000009
2022-10-18,149.23,0.9842,2490.14,127.9153,4.01,1.6,2.41,3.04,3.15,,,,30.5,,,,,,0.75,146.872166,0.0033890390394963887,-0.0033890390394963887,0.00282309980269968,0.002116919667953354,-10.999999999999988
2022-10-19,149.77,0.978,2462.45,128.3968,4.14,1.72,2.42,3.04,3.15,8743922.0,,6482.0,30.76,,,,,,0.75,146.47506,-0.002707414336133418,0.002707414336133418,-0.011182144506215685,0.003757142689785553,-10.999999999999988
2022-10-20,149.82,0.9823,2460.02,128.0052,4.24,1.73,2.51,3.03,3.15,,,,29.98,,,,,,0.75,147.168186,0.004720880161439567,-0.004720880161439567,-0.0009873092969145958,-0.0030545807324751095,-12.00000000000001
2022-10-21,146.35,0.9855,2497.65,127.6735,4.21,1.69,2.52,3.02,3.15,,,,29.69,,,,,,0.75,144.227925,-0.020181194469890862,0.020181194469890862,0.01518080980457448,-0.0025946642101315476,-12.99999999999999
2022-10-22,,,,,,,,,3.15,,,,,,,,,,0.75,,,,,,
2022-10-23,,,,,,,,,3.15,,,,,,,,,,0.75,,,,,,
2022-10-24,148.76,0.9874,2491.84,128.0304,4.25,1.66,2.59,3.01,3.15,,,,29.85,,,,,,0.75,146.885624,,,,,-14.000000000000012
2022-10-25,147.85,0.9959,2497.49,127.3771,4.1,1.59,2.51,3.02,3.15,,,,28.46,,,,,,0.75,147.24381499999998,0.002435602354448285,-0.002435602354448285,0.0022648341220667945,-0.005115757562255574,-12.99999999999999
2022-10-26,146.5,1.0068,2511.86,126.4723,4.04,1.6,2.44,3.03,3.15,8723090.0,,11302.0,27.28,,,,,,0.75,147.4962,0.0017125944822025119,-0.0017125944822025119,0.005737287040211925,-0.007128666301083442,-12.00000000000001
2022-10-27,146.02,0.9985,2509.28,126.7028,3.96,1.51,2.45,3.04,3.15,,,,27.39,,,,,,0.75,145.80097,-0.011559940234472599,0.011559940234472599,-0.0010276551647860899,0.0018208746728003433,-10.999999999999988
2022-10-28,147.68,0.9934,2489.33,127.2135,4.02,1.51,2.51,3.05,3.15,,,,25.75,,,,,,0.75,146.705312,0.006183421943982026,-0.006183421943982026,-0.007982261440106164,0.0040225908194653215,-10.000000000000009
2022-10-29,,,,,,,,,3.15,,,,,,,,,,0.75,,,,,,
2022-10-30,,,,,,,,,3.15,,,,,,,,,,0.75,,,,,,
2022-10-31,148.63,0.9885,2471.41,127.6219,4.1,1.58,2.52,3.05,3.15,,,,25.88,,,,,,0.75,146.920755,,,,,-10.000000000000009
2022-11-01,148.11,0.9871,2494.58,127.3987,4.07,1.56,2.51,3.05,3.15,,21409.4,,25.81,,0.25,2.0663636364,4.243,3.4171,0.75,146.19938100000002,-0.0049220464087520455,0.0049220464087520455,0.00933154039060824,-0.0017504472736051824,-10.000000000000009
2022-11-02,147.11,0.9875,2480.05,127.3115,4.1,1.57,2.53,3.05,3.15,8676870.0,,203.0,25.86,,,,,,1.5,145.271125,-0.006369489325325439,0.006369489325325439,-0.005841657095950303,-0.0006846997364586827,-10.000000000000009
2022-11-03,148.18,0.9759,2471.57,128.1743,4.14,1.74,2.4,3.8,3.9,,,,25.3,,,,,,1.5,144.60886200000002,-0.004569229901471239,0.004569229901471239,-0.0034251450193441,0.006754217103540405,-10.000000000000009
2022-11-04,147.22,0.9895,2539.31,127.1468,4.17,1.69,2.48,3.8,3.9,,,,24.55,,,,,,1.5,145.67419,0.007339958537253999,-0.007339958537253999,0.027038814337997152,-0.008048731945461185,-10.000000000000009
2022-11-05,,,,,,,,,3.9,,,,,,,,,,1.5,,,,,,
2022-11-06,,,,,,,,,3.9,,,,,,,,,,1.5,,,,,,
2022-11-07,146.64,0.9997,2532.53,126.3062,4.22,1.69,2.53,3.78,3.9,,,,24.35,,,,,,1.5,146.59600799999998,,,,,-12.00000000000001
2022-11-08,145.38,1.0089,2575.13,125.633,4.14,1.64,2.5,3.78,3.9,,,,25.54,,,,,,1.5,146.673882,0.0005310739662389707,-0.0005310739662389707,0.016681215205733402,-0.005344159243320767,-12.00000000000001
2022-11-09,146.15,1.0037,2567.05,125.9861,4.12,1.7,2.42,3.78,3.9,8678886.0,,195.0,26.09,,,,,,1.5,146.69075500000002,0.00011503090618703027,-0.00011503090618703027,-0.003142638589064717,0.002806625027948151,-12.00000000000001
2022-11-10,141.78,1.0176,2608.32,124.7044,3.82,1.43,2.39,3.78,3.9,,,,23.53,,,,,,1.5,144.275328,-0.016603189364280624,0.016603189364280624,0.01594895623477388,-0.010225446659000603,-12.00000000000001
2022-11-11,,,2615.06,,,,,,3.9,,,,22.52,,,,,,1.5,,,,0.0025807058803781757,,
2022-11-12,,,,,,,,,3.9,,,,,,,,,,1.5,,,,,,
2022-11-13,,,,,,,,,3.9,,,,,,,,,,1.5,,,,,,
2022-11-14,140.43,1.0337,2595.17,123.4277,3.88,1.51,2.37,3.79,3.9,,,,23.73,,,,,,1.5,145.16249100000002,,,,,-10.999999999999988
2022-11-15,139.36,1.0372,2596.44,123.039,3.8,1.45,2.35,3.8,3.9,,,,24.54,,,,,,1.5,144.544192,-0.004268454785825604,0.004268454785825604,0.0004892509357725672,-0.003154181252559063,-10.000000000000009
2022-11-16,139.59,1.0395,2595.97,123.2817,3.67,1.38,2.29,3.81,3.9,8625620.0,,202.0,24.11,,,,,,1.5,145.10380500000002,0.0038640950540322905,-0.0038640950540322905,-0.00018103347050146823,0.0019706023776260295,-8.999999999999986
2022-11-17,140.45,1.0341,2593.59,123.977,3.77,1.49,2.28,3.8,3.9,,,,23.93,,,,,,1.5,145.239345,0.0009336539184472414,-0.0009336539184472414,-0.0009172261875223242,0.0056240838661079096,-10.000000000000009
2022-11-18,140.03,1.0349,2589.14,123.8524,3.82,1.57,2.25,3.8,3.9,,,,23.12,,,,,,1.5,144.917047,-0.0022215476993689975,0.0022215476993689975,-0.001717242107367234,-0.001005530502018459,-10.000000000000009
2022-11-19,,,,,,,,,3.9,,,,,,,,,,1.5,,,,,,
2022-11-20,,,,,,,,,3.9,,,,,,,,,,1.5,,,,,,
2022-11-21,141.95,1.0238,2586.21,124.7009,3.83,1.52,2.31,3.8,3.9,,,,22.36,,,,,,1.5,145.32841,,,,,-10.000000000000009
2022-11-22,141.29,1.0276,2589.62,124.2365,3.76,1.44,2.32,3.8,3.9,,,,21.29,,,,,,1.5,145.189604,-0.0009555759290176269,0.0009555759290176269,0.0013176632514513287,-0.003731062819294806,-10.000000000000009
2022-11-23,139.76,1.0364,2598.51,123.7574,3.71,1.39,2.32,3.79,3.9,8621390.0,,202.0,20.35,,,,,,1.5,144.847264,-0.0023606664996895788,0.0023606664996895788,0.0034270570324483884,-0.0038638095214533763,-10.999999999999988
2022-11-24,,,,,,,,,3.9,,,,20.42,,,,,,1.5,,,,,,
2022-11-25,139.21,1.0402,2599.94,123.3386,3.68,1.36,2.32,3.8,3.9,,,,20.5,,,,,,1.5,144.806242,,,,,-10.000000000000009
2022-11-26,,,,,,,,,3.9,,,,,,,,,,1.5,,,,,,
2022-11-27,,,,,,,,,3.9,,,,,,,,,,1.5,,,,,,
2022-11-28,138.67,1.0386,2593.43,123.6032,3.69,1.43,2.26,3.8,3.9,,,,22.21,,,,,,1.5,144.02266199999997,,,,,-10.000000000000009
2022-11-29,138.28,1.0356,2599.3,123.6615,3.75,1.5,2.25,3.81,3.9,,,,21.89,,,,,,1.5,143.20276800000002,-0.005709078245184962,0.005709078245184962,0.0022608541173356755,0.00047155943473065065,-8.999999999999986
2022-11-30,139.31,1.0323,2611.68,123.5175,3.68,1.34,2.34,3.82,3.9,8584576.0,,204.0,20.58,,,,,,1.5,143.809713,0.0042294042588713054,-0.0042294042588713054,0.004751514414492064,-0.001165147656482901,-8.000000000000007
2022-12-01,135.55,1.0498,2617.71,122.0045,3.53,1.17,2.36,3.82,3.9,,21293.1,,19.84,,0.41,2.0852380952,4.257,3.5015,1.5,142.30039000000002,-0.010550742426803872,0.010550742426803872,0.0023061973471358854,-0.012324917135421387,-8.000000000000007
2022-12-02,134.89,1.0521,2617.24,122.0102,3.51,1.08,2.43,3.81,3.9,,,,19.06,,,,,,1.5,141.917769,-0.002692447467043557,0.002692447467043557,-0.000179562364974295,4.671849688531182e-05,-8.999999999999986
2022-12-03,,,,,,,,,3.9,,,,,,,,,,1.5,,,,,,
2022-12-04,,,,,,,,,3.9,,,,,,,,,,1.5,,,,,,
2022-12-05,136.55,1.0494,2610.17,122.6384,3.6,1.21,2.39,3.81,3.9,,,,20.75,,,,,,1.5,143.29557000000003,,,,,-8.999999999999986
2022-12-06,136.67,1.0497,2612.44,123.0191,3.51,1.2,2.31,3.8,3.9,,,,22.17,,,,,,1.5,143.462499,0.001164249846135057,-0.001164249846135057,0.0008692972069326288,0.003099439705826157,-10.000000000000009
2022-12-07,136.57,1.0505,2619.2,122.7608,3.42,1.16,2.26,3.8,3.9,8582735.0,,199.0,22.68,,,,,,1.5,143.466785,2.98749569269674e-05,-2.98749569269674e-05,0.0025842771147157606,-0.0021018813588531415,-10.000000000000009
2022-12-08,136.45,1.0552,2619.95,122.4152,3.48,1.2,2.28,3.8,3.9,,,,22.29,,,,,,1.5,143.98203999999998,0.0035850245820645554,-0.0035850245820645554,0.00028630598670531526,-0.002819201136321503,-10.000000000000009
2022-12-09,136.4,1.055,2623.37,122.4201,3.57,1.31,2.26,3.8,3.9,,,,22.83,,,,,,1.5,143.902,-0.000556057237924179,0.000556057237924179,0.0013045171704195724,4.002690788951213e-05,-10.000000000000009
2022-12-10,,,,,,,,,3.9,,,,,,,,,,1.5,,,,,,
2022-12-11,,,,,,,,,3.9,,,,,,,,,,1.5,,,,,,
2022-12-12,137.47,1.0545,2543.86,122.7714,3.61,1.33,2.28,3.8,3.9,,,,25.0,,,,,,1.5,144.962115,,,,,-10.000000000000009
2022-12-13,135.14,1.063,2573.3,121.8493,3.51,1.27,2.24,3.8,3.9,,,,22.55,,,,,,1.5,143.65381999999997,-0.009066054936181622,0.009066054936181622,0.011506509399754172,-0.0075390542784958825,-10.000000000000009
2022-12-14,134.95,1.0655,2572.08,121.8226,3.49,1.3,2.19,3.8,3.9,8583413.0,,208.0,21.14,,,,,,1.5,143.78922499999996,0.000942134536709105,-0.000942134536709105,-0.0004742118260896433,-0.00021914714094517507,-10.000000000000009
2022-12-15,137.92,1.0638,2546.24,122.5519,3.44,1.28,2.16,4.32,4.4,,,,22.83,,,,,,1.5,146.71929599999999,0.020172698220914498,-0.020172698220914498,-0.010097148883681406,0.005968725584295953,-8.000000000000007
2022-12-16,136.55,1.061,2562.87,122.6505,3.48,1.35,2.13,4.32,4.4,,,,22.62,,,,,,1.5,144.87955,-0.012618502689902833,0.012618502689902833,0.006509963078128678,0.0008042336071296674,-8.000000000000007
2022-12-17,,,,,,,,,4.4,,,,,,,,,,1.5,,,,,,
2022-12-18,,,,,,,,,4.4,,,,,,,,,,1.5,,,,,,
2022-12-19,136.87,1.0624,2560.11,122.5275,3.57,1.42,2.15,4.3,4.4,,,,22.42,,,,,,1.5,145.410688,,,,,-10.000000000000053
2022-12-20,131.08,1.0635,2583.27,122.1357,3.69,1.45,2.24,4.3,4.4,,,,21.48,,,,,,1.5,139.40358,-0.04218889047443852,0.04218889047443852,0.009005811949247544,-0.0032027729132586558,-10.000000000000053
2022-12-21,132.36,1.0599,2583.2,122.2828,3.68,1.41,2.27,4.3,4.4,8564411.0,,210.0,20.07,,,,,,2.0,140.28836400000003,0.006326867615714882,-0.006326867615714882,-2.7097805659792584e-05,0.001203673353368906,-10.000000000000053
2022-12-22,132.34,1.0588,2566.56,122.2419,3.67,1.48,2.19,4.3,4.4,,,,21.97,,,,,,2.0,140.121592,-0.0011894871497615256,0.0011894871497615256,-0.006462459575534929,-0.00033452653561294454,-10.000000000000053
2022-12-23,132.78,1.0621,2571.54,121.9743,3.75,1.55,2.2,4.3,4.4,,,,20.87,,,,,,2.0,141.02563800000001,0.006431143681647988,-0.006431143681647988,0.00193846034892875,-0.0021915016866183024,-10.000000000000053
2022-12-24,,,,,,,,,4.4,,,,,,,,,,2.0,,,,,,
2022-12-25,,,,,,,,,4.4,,,,,,,,,,2.0,,,,,,
2022-12-26,,,,,,,,,4.4,,,,,,,,,,2.0,,,,,,
2022-12-27,133.43,1.0654,2584.35,121.7539,3.84,1.58,2.26,4.3,4.4,,,,21.65,,,,,,2.0,142.156322,,,,,-10.000000000000053
2022-12-28,134.27,1.0622,2580.05,122.0075,3.88,1.6,2.28,4.3,4.4,8551169.0,,412.0,22.14,,,,,,2.0,142.62159400000002,0.003267615835687465,-0.003267615835687465,-0.001665247073687759,0.002080723949688945,-10.000000000000053
2022-12-29,133.16,1.0668,2588.79,121.6577,3.83,1.56,2.27,4.3,4.4,,,,21.44,,,,,,2.0,142.05508799999998,-0.003980001058232929,0.003980001058232929,0.003381806490302175,-0.002871154685188948,-10.000000000000053
2022-12-30,131.81,1.0698,2595.54,121.4256,3.88,1.58,2.3,4.3,4.4,,,,21.67,,,,,,2.0,141.01033800000002,-0.007381719193158887,0.007381719193158887,0.0026040023741602525,-0.001909634026963758,-10.000000000000053
2022-12-31,,,,,,,,,4.4,,,,,,,,,,2.0,,,,,,
2023-01-01,,,,,,,,,4.4,,21274.0,,,,0.49,2.1927272727,4.243,3.5115,2.0,,,,,,
2023-01-02,,,,,,,,,4.4,,,,,,,,,,2.0,,,,,,
2023-01-03,130.83,1.0559,2606.58,122.0905,3.79,1.53,2.26,4.31,4.4,,,,22.9,,,,,,2.0,138.14339700000002,,,,,-9.000000000000075
2023-01-04,132.0,1.062,2615.17,121.5008,3.69,1.47,2.22,4.3,4.4,8507429.0,,412.0,22.01,,,,,,2.0,140.184,0.014663591053001745,-0.014663591053001745,0.003290087709546974,-0.004841725890815773,-10.000000000000053
2023-01-05,133.57,1.0522,2606.89,122.1017,3.71,1.49,2.22,4.31,4.4,,,,22.46,,,,,,2.0,140.542354,0.0025530498974655202,-0.0025530498974655202,-0.0031711649957442134,0.004933456912591616,-9.000000000000075
2023-01-06,132.21,1.0619,2624.99,121.0852,3.55,1.34,2.21,4.31,4.4,,,,21.13,,,,,,2.0,140.39379900000003,-0.0010575713539155984,0.0010575713539155984,0.006919146544179355,-0.008359873990302802,-9.000000000000075
2023-01-07,,,,,,,,,4.4,,,,,,,,,,2.0,,,,,,
2023-01-08,,,,,,,,,4.4,,,,,,,,,,2.0,,,,,,
2023-01-09,131.58,1.0759,2627.52,120.1508,3.53,1.31,2.22,4.31,4.4,,,,21.97,,,,,,2.0,141.56692200000003,,,,,-9.000000000000075
2023-01-10,132.25,1.0737,2630.3,120.2483,3.61,1.37,2.24,4.31,4.4,,,,20.58,,,,,,2.0,141.996825,0.003032145920783158,-0.003032145920783158,0.0010574725871412838,0.0008111511677544314,-9.000000000000075
2023-01-11,132.58,1.074,2629.39,120.1614,3.54,1.31,2.23,4.3,4.4,8508587.0,,191.0,21.09,,,,,,2.0,142.39092000000002,0.002771534703557066,-0.002771534703557066,-0.00034602800130034694,-0.00072293259202727,-10.000000000000053
2023-01-12,129.75,1.0823,2639.98,119.4218,3.43,1.22,2.21,4.3,4.4,,,,18.83,,,,,,2.0,140.428425,-0.013878304534957309,0.013878304534957309,0.004019461247825262,-0.006174075222404873,-10.000000000000053
2023-01-13,127.85,1.0811,2651.99,119.1673,3.49,1.31,2.18,4.3,4.4,,,,18.35,,,,,,2.0,138.21863499999998,-0.015861185311177195,0.015861185311177195,0.004538960205489495,-0.002133375720226205,-10.000000000000053
2023-01-14,,,,,,,,,4.4,,,,,,,,,,2.0,,,,,,
2023-01-15,,,,,,,,,4.4,,,,,,,,,,2.0,,,,,,
2023-01-16,,,,,,,,,4.4,,,,19.49,,,,,,2.0,,,,,,
2023-01-17,128.18,1.0793,2614.08,119.2121,3.53,1.36,2.17,4.31,4.4,,,,19.36,,,,,,2.0,138.344674,,,,,-9.000000000000075
2023-01-18,128.45,1.0827,2610.84,119.0755,3.37,1.25,2.12,4.3,4.4,8489039.0,,198.0,20.34,,,,,,2.0,139.072815,0.005249435965363425,-0.005249435965363425,-0.001240210535392805,-0.00114651383423503,-10.000000000000053
2023-01-19,128.48,1.081,2633.68,119.6107,3.39,1.19,2.2,4.31,4.4,,,,20.52,,,,,,2.0,138.88688,-0.001337856035084961,0.001337856035084961,0.008710099073994115,0.004484556685400598,-9.000000000000075
2023-01-20,129.97,1.0831,2630.66,119.3486,3.48,1.25,2.23,4.3,4.4,,,,19.85,,,,,,2.0,140.77050699999998,0.01347116559752859,-0.01347116559752859,-0.001147342432781251,-0.002193679886969946,-10.000000000000053
2023-01-21,,,,,,,,,4.4,,,,,,,,,,2.0,,,,,,
2023-01-22,,,,,,,,,4.4,,,,,,,,,,2.0,,,,,,
2023-01-23,130.69,1.0865,2635.82,119.1434,3.52,1.24,2.28,4.3,4.4,,,,19.81,,,,,,2.0,141.994685,,,,,-10.000000000000053
2023-01-24,130.07,1.0873,2641.64,119.0958,3.46,1.19,2.27,4.3,4.4,,,,19.2,,,,,,2.0,141.425111,-0.0040193012260765215,0.0040193012260765215,0.002205607379072383,-0.00039959839214898096,-10.000000000000053
2023-01-25,129.64,1.0901,2648.72,118.9686,3.46,1.17,2.29,4.31,4.4,8470557.0,,387.0,19.08,,,,,,2.0,141.320564,-0.0007395126716929212,0.0007395126716929212,0.002676568031955817,-0.0010686185091479672,-9.000000000000075
2023-01-26,130.4,1.0866,2639.51,119.021,3.49,1.16,2.33,4.3,4.4,,,,18.73,,,,,,2.0,141.69264,0.002629391202315645,-0.002629391202315645,-0.003483210568332673,0.00044035538398912166,-10.000000000000053
2023-01-27,129.94,1.0857,2638.99,118.9223,3.52,1.19,2.33,4.3,4.4,,,,18.51,,,,,,2.0,141.075858,-0.004362458919784373,0.004362458919784373,-0.00019702567080859268,-0.0008296094545281463,-10.000000000000053
2023-01-28,,,,,,,,,4.4,,,,,,,,,,2.0,,,,,,
2023-01-29,,,,,,,,,4.4,,,,,,,,,,2.0,,,,,,
2023-01-30,130.34,1.0867,2636.34,118.8953,3.55,1.26,2.29,4.3,4.4,,,,19.94,,,,,,2.0,141.640478,,,,,-10.000000000000053
2023-01-31,130.17,1.0858,2642.97,118.9802,3.52,1.28,2.24,4.31,4.4,,,,19.4,,,,,,2.0,141.338586,-0.0021336710233201828,0.0021336710233201828,0.002511693189261699,0.0007138188136641688,-9.000000000000075
2023-02-01,129.27,1.0917,2660.66,118.6259,3.39,1.14,2.25,4.31,4.4,8433610.0,21240.2,427.0,17.87,,0.5,2.3705,4.27,3.5553,2.0,141.124059,-0.0015189763676399792,0.0015189763676399792,0.006670927497674839,-0.0029822488782036416,-9.000000000000075
2023-02-02,128.45,1.0918,2634.05,118.3421,3.4,1.18,2.22,4.56,4.65,,,,18.73,,,,,,2.0,140.24171,-0.006271920678529774,0.006271920678529774,-0.010051626640618316,-0.0023952612646986893,-9.000000000000075
2023-02-03,131.07,1.0825,2583.42,119.5095,3.53,1.31,2.22,4.55,4.65,,,,18.33,,,,,,2.0,141.883275,0.01163727860454955,-0.01163727860454955,-0.01940848315548216,0.009816283549497484,-10.000000000000053
2023-02-04,,,,,,,,,4.65,,,,,,,,,,2.0,,,,,,
2023-02-05,,,,,,,,,4.65,,,,,,,,,,2.0,,,,,,
2023-02-06,132.76,1.0722,2589.02,120.541,3.63,1.38,2.25,4.55,4.65,,,,19.43,,,,,,2.0,142.345272,,,,,-10.000000000000053
2023-02-07,131.37,1.0705,2591.0,120.3475,3.67,1.36,2.31,4.55,4.65,,,,18.66,,,,,,2.0,140.631585,-0.012112000734057382,0.012112000734057382,0.0007644758500662263,-0.0016065527546462732,-10.000000000000053
2023-02-08,131.27,1.0734,2596.82,120.1436,3.63,1.29,2.34,4.55,4.65,8435369.0,,438.0,19.63,,,,,,2.5,140.905218,0.001943853046890709,-0.001943853046890709,0.0022437179553724818,-0.001695697253309092,-10.000000000000053
2023-02-09,130.98,1.0761,2579.3,119.9781,3.67,1.34,2.33,4.55,4.65,,,,20.71,,,,,,2.5,140.947578,0.000300582438209851,-0.000300582438209851,-0.006769575244617521,-0.001378467886963719,-10.000000000000053
2023-02-10,131.5,1.067,2583.75,120.1419,3.74,1.41,2.33,4.55,4.65,,,,20.53,,,,,,2.5,140.3105,-0.004530210076682195,0.004530210076682195,0.0017237877231135457,0.0013643180527038723,-10.000000000000053
2023-02-11,,,,,,,,,4.65,,,,,,,,,,2.5,,,,,,
2023-02-12,,,,,,,,,4.65,,,,,,,,,,2.5,,,,,,
2023-02-13,132.71,1.0718,2543.06,119.9828,3.72,1.41,2.31,4.55,4.65,,,,20.34,,,,,,2.5,142.23857800000002,,,,,-10.000000000000053
2023-02-14,133.05,1.0722,2546.67,119.9229,3.77,1.46,2.31,4.55,4.65,,,,18.91,,,,,,2.5,142.65621000000002,0.002931835307227182,-0.002931835307227182,0.0014185430682402966,-0.0004993628850389342,-10.000000000000053
2023-02-15,134.22,1.0683,2525.1,120.4557,3.81,1.46,2.35,4.55,4.65,8384767.0,,391.0,18.23,,,,,,2.5,143.387226,0.005111234864799918,-0.005111234864799918,-0.00850595750648342,0.004433014191207896,-10.000000000000053
2023-02-16,133.95,1.0684,2523.41,120.4651,3.86,1.49,2.37,4.55,4.65,,,,20.17,,,,,,2.5,143.11218,-0.0019200464555115815,0.0019200464555115815,-0.0006695044926630089,7.803394314453982e-05,-10.000000000000053
2023-02-17,134.21,1.0678,2530.92,120.5526,3.82,1.46,2.36,4.55,4.65,,,,20.02,,,,,,2.5,143.30943800000003,0.0013773962493770497,-0.0013773962493770497,0.002971711592546278,0.0007260877839607716,-10.000000000000053
2023-02-18,,,,,,,,,4.65,,,,,,,,,,2.5,,,,,,
2023-02-19,,,,,,,,,4.65,,,,,,,,,,2.5,,,,,,
2023-02-20,,,,,,,,,4.65,,,,21.23,,,,,,2.5,,,,,,
2023-02-21,134.87,1.0657,2522.6,120.6256,3.95,1.53,2.42,4.55,4.65,,,,22.87,,,,,,2.5,143.730959,,,,,-10.000000000000053
2023-02-22,134.77,1.0623,2510.16,120.8389,3.93,1.52,2.41,4.55,4.65,8382190.0,,393.0,22.29,,,,,,2.5,143.16617100000002,-0.00393722118864126,0.00393722118864126,-0.0049436195389702675,0.0017667197909512211,-10.000000000000053
2023-02-23,134.8,1.0583,2509.72,121.0896,3.88,1.49,2.39,4.55,4.65,,,,21.14,,,,,,2.5,142.65884000000003,-0.003549944989150511,0.003549944989150511,-0.00017530299574008978,0.0020725139017212513,-10.000000000000053
2023-02-24,136.36,1.0545,2492.79,121.5681,3.95,1.57,2.38,4.55,4.65,,,,21.67,,,,,,2.5,143.79162000000002,0.00790912261064669,-0.00790912261064669,-0.006768628003272603,0.003943832157051297,-10.000000000000053
2023-02-25,,,,,,,,,4.65,,,,,,,,,,2.5,,,,,,
2023-02-26,,,,,,,,,4.65,,,,,,,,,,2.5,,,,,,
2023-02-27,136.18,1.0596,2502.65,121.3941,3.92,1.56,2.36,4.55,4.65,,,,20.95,,,,,,2.5,144.29632800000002,,,,,-10.000000000000053
2023-02-28,136.09,1.0602,2513.84,121.3341,3.92,1.49,2.43,4.55,4.65,,,,20.7,,,,,,2.5,144.282618,-9.501732680305963e-05,9.501732680305963e-05,0.004461294076008038,-0.000494380143897466,-10.000000000000053
2023-03-01,135.82,1.0674,2527.97,120.6347,4.01,1.57,2.44,4.55,4.65,8339684.0,20942.3,419.0,20.58,,0.32,2.3834782609,4.24,3.5638,2.5,144.97426799999997,0.004782263459556901,-0.004782263459556901,0.005605144578735732,-0.005780926696138167,-10.000000000000053
2023-03-02,136.84,1.0595,2526.94,121.1302,4.08,1.6,2.48,4.55,4.65,,,,19.59,,,,,,2.5,144.98198000000002,5.319423226879394e-05,-5.319423226879394e-05,-0.00040752457086501437,0.004099029212131455,-10.000000000000053
2023-03-03,136.09,1.0616,2552.71,120.7742,3.97,1.45,2.52,4.55,4.65,,,,18.49,,,,,,2.5,144.47314400000002,-0.00351582322753341,0.00351582322753341,0.010146455399857146,-0.0029433136148426797,-10.000000000000053
2023-03-04,,,,,,,,,4.65,,,,,,,,,,2.5,,,,,,
2023-03-05,,,,,,,,,4.65,,,,,,,,,,2.5,,,,,,
2023-03-06,135.93,1.0694,2541.08,120.485,3.98,1.49,2.49,4.55,4.65,,,,18.61,,,,,,2.5,145.363542,,,,,-10.000000000000053
2023-03-07,136.9,1.0573,2497.29,121.4623,3.97,1.59,2.38,4.55,4.65,,,,19.59,,,,,,2.5,144.74437,-0.004268569828903779,0.004268569828903779,-0.017383043589051184,0.008078662710992113,-10.000000000000053
2023-03-08,137.18,1.0549,2496.14,121.4511,3.98,1.66,2.32,4.55,4.65,8342283.0,,411.0,19.11,,,,,,2.5,144.711182,-0.00022931327394548617,0.00022931327394548617,-0.00046060524342284026,-9.221393309655213e-05,-10.000000000000053
2023-03-09,136.41,1.0577,2518.02,121.4458,3.93,1.63,2.3,4.55,4.65,,,,22.61,,,,,,2.5,144.280857,-0.002978111919902382,0.002978111919902382,0.008727339724567074,-4.363991472011719e-05,-10.000000000000053
2023-03-10,135.05,1.0659,2557.07,121.2421,3.7,1.44,2.26,4.55,4.65,,,,24.8,,,,,,2.5,143.94979500000002,-0.002297202905320539,0.002297202905320539,0.015389193363023246,-0.0016786996618796124,-10.000000000000053
2023-03-11,,,,,,,,,4.65,,,,,,,,,,2.5,,,,,,
2023-03-12,,,,,,,,,4.65,,,,,,,,,,2.5,,,,,,
2023-03-13,133.13,1.0733,2568.7,120.8897,3.55,1.31,2.24,4.55,4.65,,,,26.52,,,,,,2.5,142.88842899999997,,,,,-10.000000000000053
2023-03-14,134.33,1.0722,2565.69,121.0141,3.64,1.33,2.31,4.55,4.65,,,,23.73,,,,,,2.5,144.02862600000003,0.00794796253705421,-0.00794796253705421,-0.001172486057672728,0.001028508117409288,-10.000000000000053
2023-03-15,132.81,1.0535,2573.11,122.1079,3.51,1.22,2.29,4.58,4.65,8639300.0,,472.0,26.14,,,,,,2.5,139.91533500000003,-0.02897458181195578,0.02897458181195578,0.0028878357424497736,0.008998012354943796,-7.000000000000028
2023-03-16,133.01,1.0622,2583.91,121.7221,3.56,1.34,2.22,4.57,4.65,,,,22.99,,,,,,2.5,141.283222,0.009729052697100116,-0.009729052697100116,0.00418847155487434,-0.0031645024972526414,-8.000000000000007
2023-03-17,132.01,1.0647,2594.92,121.5643,3.39,1.29,2.1,4.55,4.65,,,,25.51,,,,,,2.5,140.55104699999998,-0.0051957957402750665,0.0051957957402750665,0.004251932033841221,-0.0012972366900001475,-10.000000000000053
2023-03-18,,,,,,,,,4.65,,,,,,,,,,2.5,,,,,,
2023-03-19,,,,,,,,,4.65,,,,,,,,,,2.5,,,,,,
2023-03-20,131.59,1.0722,2597.05,121.0141,3.47,1.33,2.14,4.55,4.65,,,,24.15,,,,,,2.5,141.090798,,,,,-10.000000000000053
2023-03-21,132.27,1.0769,2590.88,120.8958,3.59,1.36,2.23,4.55,4.65,,,,21.38,,,,,,2.5,142.441563,0.009528190817304605,-0.009528190817304605,-0.00237859913646421,-0.0009780501701692756,-10.000000000000053
2023-03-22,132.67,1.0792,2606.97,120.6217,3.48,1.2,2.28,4.55,4.65,8733787.0,,587.0,22.26,,,,,,3.0,143.177464,0.005153036449580206,-0.005153036449580206,0.006191041062267644,-0.002269815791250629,-10.000000000000053
2023-03-23,130.99,1.089,2608.44,119.7587,3.38,1.19,2.19,4.8,4.9,,,,22.61,,,,,,3.0,142.64811,-0.003704039479853094,0.003704039479853094,0.0005637140853460565,-0.007180316762936734,-10.000000000000053
2023-03-24,130.64,1.0762,2604.18,120.4598,3.38,1.16,2.22,4.8,4.9,,,,21.74,,,,,,3.0,140.594768,-0.014499061624989373,0.014499061624989373,-0.001634495109334111,0.005837202302985567,-10.000000000000053
2023-03-25,,,,,,,,,4.9,,,,,,,,,,3.0,,,,,,
2023-03-26,,,,,,,,,4.9,,,,,,,,,,3.0,,,,,,
2023-03-27,131.49,1.0789,2602.34,120.2541,3.53,1.29,2.24,4.81,4.9,,,,20.6,,,,,,3.0,141.864561,,,,,-9.000000000000075
2023-03-28,130.97,1.0844,2609.54,119.7138,3.55,1.24,2.31,4.84,4.9,,,,19.97,,,,,,3.0,142.023868,0.001122321309699359,-0.001122321309699359,0.002762920320589224,-0.004503109899420821,-6.00000000000005
2023-03-29,132.69,1.0826,2609.03,119.7258,3.57,1.24,2.33,4.83,4.9,8705942.0,,585.0,19.12,,,,,,3.0,143.650194,0.011386007945400678,-0.011386007945400678,-0.00019545584388946935,0.00010023404658277002,-7.000000000000028
2023-03-30,132.71,1.0899,2613.8,119.4078,3.55,1.21,2.34,4.82,4.9,,,,19.02,,,,,,3.0,144.64062900000002,0.006871109433201461,-0.006871109433201461,0.0018265964338262108,-0.002659602727909771,-8.000000000000007
2023-03-31,132.75,1.0872,2616.6,119.3602,3.48,1.16,2.32,4.87,4.9,,,,18.7,,,,,,3.0,144.3258,-0.0021790013854419144,0.0021790013854419144,0.001070663913840697,-0.0003987134007115145,-3.000000000000025
2023-04-01,,,,,,,,,4.9,,20758.3,,,,0.385,2.3594444444,4.234,3.6503,3.0,,,,,,
2023-04-02,,,,,,,,,4.9,,,,,,,,,,3.0,,,,,,
2023-04-03,132.35,1.0891,2616.89,119.3204,3.43,1.14,2.29,4.84,4.9,,,,18.55,,,,,,3.0,144.142385,,,,,-6.00000000000005
2023-04-04,131.6,1.0951,2620.42,119.142,3.35,1.1,2.25,4.83,4.9,,,,19.0,,,,,,3.0,144.11515999999997,-0.00018889358182150318,0.00018889358182150318,0.0013480204664411133,-0.0014962529378479417,-7.000000000000028
2023-04-05,131.11,1.0918,2622.62,119.2953,3.3,1.07,2.23,4.81,4.9,8632384.0,,478.0,19.08,,,,,,3.0,143.14589800000002,-0.006748326313961606,0.006748326313961606,0.000839207837100453,0.0012858728153952725,-9.000000000000075
2023-04-06,131.67,1.0927,2620.56,119.3072,3.3,1.06,2.24,4.81,4.9,,,,18.4,,,,,,3.0,143.87580899999998,0.005086114085983695,-0.005086114085983695,-0.0007857827143054052,9.97474880595206e-05,-9.000000000000075
2023-04-07,132.11,1.0913,,119.3547,3.39,1.14,2.25,,4.9,,,,,,,,,,3.0,144.17164300000002,0.002054065064355015,-0.002054065064355015,,0.0003980526479274715,
2023-04-08,,,,,,,,,4.9,,,,,,,,,,3.0,,,,,,
2023-04-09,,,,,,,,,4.9,,,,,,,,,,3.0,,,,,,
2023-04-10,133.75,1.084,2622.33,119.7948,3.41,1.14,2.27,4.81,4.9,,,,18.97,,,,,,3.0,144.985,,,,,-9.000000000000075
2023-04-11,133.63,1.0906,2622.68,119.5248,3.43,1.14,2.29,4.8,4.9,,,,19.1,,,,,,3.0,145.736878,0.005172501509223437,-0.005172501509223437,0.00013346018425863804,-0.0022563978425074183,-10.000000000000053
2023-04-12,133.25,1.0987,2625.53,119.003,3.41,1.14,2.27,4.8,4.9,8614797.0,,484.0,19.09,,,,,,3.0,146.40177500000001,0.004551935467858037,-0.004551935467858037,0.0010860846956006753,-0.0043751783428662705,-10.000000000000053
2023-04-13,132.37,1.1054,2634.39,118.3915,3.45,1.16,2.29,4.8,4.9,,,,17.8,,,,,,3.0,146.321798,-0.0005464336279468185,0.0005464336279468185,0.003368875716582842,-0.0051517735454940095,-10.000000000000053
2023-04-14,133.74,1.098,2618.33,118.8567,3.52,1.22,2.3,4.8,4.9,,,,17.07,,,,,,3.0,146.84652000000003,0.0035796675704666825,-0.0035796675704666825,-0.006114946177861569,0.003921636465115341,-10.000000000000053
2023-04-15,,,,,,,,,4.9,,,,,,,,,,3.0,,,,,,
2023-04-16,,,,,,,,,4.9,,,,,,,,,,3.0,,,,,,
2023-04-17,134.51,1.0915,2584.66,119.2787,3.6,1.28,2.32,4.8,4.9,,,,16.95,,,,,,3.0,146.81766499999998,,,,,-10.000000000000053
2023-04-18,134.11,1.0958,2592.57,119.1049,3.58,1.3,2.28,4.8,4.9,,,,16.83,,,,,,3.0,146.95773800000003,0.0009536061166759424,-0.0009536061166759424,0.003055690457947513,-0.001458154258888733,-10.000000000000053
2023-04-19,134.79,1.0953,2584.38,119.303,3.6,1.32,2.28,4.8,4.9,8593263.0,,480.0,16.46,,,,,,3.0,147.63548699999998,0.00460126125271465,-0.00460126125271465,-0.003164027789550161,0.0016618580642022707,-10.000000000000053
2023-04-20,134.1,1.097,2591.67,119.1199,3.54,1.28,2.26,4.8,4.9,,,,17.17,,,,,,3.0,147.1077,-0.0035813385170166967,0.0035813385170166967,0.002816821638198519,-0.001535926590905845,-10.000000000000053
2023-04-21,134.28,1.0973,2576.54,119.3117,3.57,1.29,2.28,4.8,4.9,,,,16.77,,,,,,3.0,147.345444,0.0016148175457244562,-0.0016148175457244562,-0.005855041967433472,0.0016088474964819355,-10.000000000000053
2023-04-22,,,,,,,,,4.9,,,,,,,,,,3.0,,,,,,
2023-04-23,,,,,,,,,4.9,,,,,,,,,,3.0,,,,,,
2023-04-24,134.41,1.1027,2583.13,119.2039,3.52,1.24,2.28,4.8,4.9,,,,16.89,,,,,,3.0,148.213907,,,,,-10.000000000000053
2023-04-25,133.96,1.0968,2592.64,119.613,3.4,1.15,2.25,4.8,4.9,,,,18.76,,,,,,3.0,146.92732800000002,-0.008718450673581124,0.008718450673581124,0.0036748196701763547,0.003426059044931762,-10.000000000000053
2023-04-26,133.72,1.1052,2582.3,119.3228,3.43,1.18,2.25,4.8,4.9,8562768.0,,418.0,18.84,,,,,,3.0,147.787344,0.005836278427050701,-0.005836278427050701,-0.0039961869163276376,-0.0024291055814575913,-10.000000000000053
2023-04-27,134.04,1.1017,2584.8,119.4298,3.53,1.26,2.27,4.81,4.9,,,,17.03,,,,,,3.0,147.671868,-0.0007816713860302471,0.0007816713860302471,0.0009676608523454533,0.000896325377513385,-9.000000000000075
2023-04-28,135.99,1.104,2587.36,119.2248,3.44,1.26,2.18,4.81,4.9,,,,15.78,,,,,,3.0,150.13296000000003,0.016528597242779774,-0.016528597242779774,0.0009899153193444477,-0.0017179643754596796,-9.000000000000075
2023-04-29,,,,,,,,,4.9,,,,,,,,,,3.0,,,,,,
2023-04-30,,,,,,,,,4.9,,,,,,,,,,3.0,,,,,,
2023-05-01,137.35,1.097,2579.11,119.4435,3.59,1.36,2.23,4.81,4.9,,20829.6,,16.08,,0.43,2.3422727273,4.313,3.9621,3.0,150.67295,,,,,-9.000000000000075
2023-05-02,136.46,1.0997,2614.15,119.6105,3.44,1.24,2.2,4.81,4.9,,,,17.78,,,,,,3.0,150.06506199999998,-0.004042647112346032,0.004042647112346032,0.013494618695851557,0.0013971740875842187,-9.000000000000075
2023-05-03,135.31,1.1049,2632.32,119.1233,3.38,1.18,2.2,4.81,4.9,8503994.0,,410.0,18.34,,,,,,3.0,149.504019,-0.003745671309484777,0.003745671309484777,0.0069265897436157076,-0.0040815391566138,-9.000000000000075
2023-05-04,133.76,1.1009,2637.11,119.0465,3.37,1.18,2.19,5.06,5.15,,,,20.09,,,,,,3.0,147.256384,-0.015148098981932812,0.015148098981932812,0.0018180339502924525,-0.0006449180598204762,-9.000000000000075
2023-05-05,134.85,1.1026,2618.31,118.5548,3.44,1.23,2.21,5.06,5.15,,,,17.19,,,,,,3.0,148.68561,0.009658900328573417,-0.009658900328573417,-0.007154549091716866,-0.004138872151897566,-9.000000000000075
2023-05-06,,,,,,,,,5.15,,,,,,,,,,3.0,,,,,,
2023-05-07,,,,,,,,,5.15,,,,,,,,,,3.0,,,,,,
2023-05-08,134.83,1.102,2622.68,118.5759,3.52,1.29,2.23,5.06,5.15,,,,16.98,,,,,,3.0,148.58266000000003,,,,,-9.000000000000075
2023-05-09,135.15,1.0953,2636.27,118.8239,3.53,1.3,2.23,5.06,5.15,,,,17.71,,,,,,3.0,148.029795,-0.0037278653066854517,0.0037278653066854517,0.00516834358610474,0.0020893032783844134,-9.000000000000075
2023-05-10,134.52,1.0966,2637.05,118.5864,3.43,1.26,2.17,5.06,5.15,8503017.0,,422.0,16.94,,,,,,3.25,147.514632,-0.0034862002101405665,0.0034862002101405665,0.00029582881588385845,-0.002000756321242747,-9.000000000000075
2023-05-11,134.46,1.0916,2622.88,119.0303,3.39,1.23,2.16,5.05,5.15,,,,16.93,,,,,,3.25,146.776536,-0.005016103966942964,0.005016103966942964,-0.0053879174358471005,0.0037362737248178846,-10.000000000000053
2023-05-12,135.63,1.0856,2620.96,119.3671,3.46,1.28,2.18,5.05,5.15,,,,17.03,,,,,,3.25,147.239928,0.003152152620208959,-0.003152152620208959,-0.0007322878218252171,0.0028255360509348293,-10.000000000000053
2023-05-13,,,,,,,,,5.15,,,,,,,,,,3.25,,,,,,
2023-05-14,,,,,,,,,5.15,,,,,,,,,,3.25,,,,,,
2023-05-15,136.07,1.0874,2591.69,119.1608,3.5,1.31,2.19,5.06,5.15,,,,17.12,,,,,,3.25,147.962518,,,,,-9.000000000000075
2023-05-16,136.62,1.0866,2567.1,119.1743,3.54,1.35,2.19,5.05,5.15,,,,17.99,,,,,,3.25,148.451292,0.0032979195065383493,-0.0032979195065383493,-0.00953331546211178,0.00011328587366676857,-10.000000000000053
2023-05-17,137.51,1.083,2561.16,119.607,3.57,1.35,2.22,5.05,5.15,8456760.0,,410.0,16.87,,,,,,3.25,148.92333,0.003174705314718196,-0.003174705314718196,-0.0023165762486421215,0.003624240873389084,-10.000000000000053
2023-05-18,138.5,1.0776,2533.12,120.0886,3.65,1.42,2.23,5.05,5.15,,,,16.05,,,,,,3.25,149.24759999999998,0.0021750619877032307,-0.0021750619877032307,-0.011008536309385697,0.004018435449509639,-10.000000000000053
2023-05-19,137.67,1.0819,2554.74,119.7751,3.7,1.46,2.24,5.05,5.15,,,,16.81,,,,,,3.25,148.945173,-0.0020283999551677923,0.0020283999551677923,0.008498712673239872,-0.00261398601380769,-10.000000000000053
2023-05-20,,,,,,,,,5.15,,,,,,,,,,3.25,,,,,,
2023-05-21,,,,,,,,,5.15,,,,,,,,,,3.25,,,,,,
2023-05-22,138.65,1.0806,2550.18,120.0875,3.72,1.48,2.24,5.05,5.15,,,,17.21,,,,,,3.25,149.82519000000002,,,,,-10.000000000000053
2023-05-23,138.74,1.0771,2552.67,120.3204,3.7,1.44,2.26,5.05,5.15,,,,18.53,,,,,,3.25,149.436854,-0.002595292157872464,0.002595292157872464,0.0009759252957186604,0.00193754092823184,-10.000000000000053
2023-05-24,139.14,1.0758,2534.57,120.4752,3.73,1.48,2.25,5.05,5.15,8436255.0,,391.0,20.03,,,,,,3.25,149.686812,0.0016712690207576486,-0.0016712690207576486,-0.007115872801506384,0.0012857379563859794,-10.000000000000053
2023-05-25,139.81,1.0725,2513.36,120.8413,3.83,1.58,2.25,5.06,5.15,,,,19.14,,,,,,3.25,149.946225,0.0017315384672675904,-0.0017315384672675904,-0.008403494033564662,0.0030341918672727175,-9.000000000000075
2023-05-26,140.53,1.0713,2523.93,120.6304,3.8,1.57,2.23,5.06,5.15,,,,17.95,,,,,,3.25,150.54978899999998,0.004017123579260762,-0.004017123579260762,0.004196707163391267,-0.0017467889912241574,-9.000000000000075
2023-05-27,,,,,,,,,5.15,,,,,,,,,,3.25,,,,,,
2023-05-28,,,,,,,,,5.15,,,,,,,,,,3.25,,,,,,
2023-05-29,,,,,,,,,5.15,,,,17.46,,,,,,3.25,,,,,,
2023-05-30,139.83,1.0722,2540.23,120.5546,3.69,1.47,2.22,5.06,5.15,,,,17.46,,,,,,3.25,149.92572600000003,,,,,-9.000000000000075
2023-05-31,139.78,1.0654,2544.31,120.9662,3.64,1.46,2.18,5.08,5.15,8385854.0,,392.0,17.94,,,,,,3.25,148.92161199999998,-0.006719937914315466,0.006719937914315466,0.0016048652879909753,0.003408405391757796,-7.000000000000028
2023-06-01,138.74,1.0752,2563.99,120.0491,3.61,1.45,2.16,5.08,5.15,,20798.9,,15.65,,0.395,2.3763636364,4.074,4.3659,3.25,149.173248,0.0016882951941585844,-0.0016882951941585844,0.007705145494783849,-0.0076103419685455975,-7.000000000000028
2023-06-02,139.76,1.0724,2528.49,120.0049,3.69,1.51,2.18,5.07,5.15,,,,14.6,,,,,,3.25,149.878624,0.004717424461565756,-0.004717424461565756,-0.013942352278712988,-0.000368250481137089,-8.000000000000007
2023-06-03,,,,,,,,,5.15,,,,,,,,,,3.25,,,,,,
2023-06-04,,,,,,,,,5.15,,,,,,,,,,3.25,,,,,,
2023-06-05,139.64,1.0721,2543.62,120.0048,3.69,1.5,2.19,5.06,5.15,,,,14.73,,,,,,3.25,149.708044,,,,,-9.000000000000075
2023-06-06,139.67,1.0695,2546.27,119.9718,3.7,1.5,2.2,5.05,5.15,,,,13.96,,,,,,3.25,149.37706499999996,-0.0022132772588898675,0.0022132772588898675,0.0010412799645731496,-0.0002750268168476566,-10.000000000000053
2023-06-07,139.98,1.0702,2517.28,119.859,3.79,1.58,2.21,5.05,5.15,8389325.0,,343.0,13.94,,,,,,3.25,149.80659599999998,0.002871355298458056,-0.002871355298458056,-0.011450589706321068,-0.000940663236895567,-10.000000000000053
2023-06-08,138.83,1.078,2546.7,119.5712,3.73,1.53,2.2,5.05,5.15,,,,13.65,,,,,,3.25,149.65874000000002,-0.0009874666229441331,0.0009874666229441331,0.011619449919917813,-0.0024040420849971156,-10.000000000000053
2023-06-09,139.35,1.0749,2541.37,119.4322,3.75,1.55,2.2,5.05,5.15,,,,13.83,,,,,,3.25,149.78731499999998,0.0008587523913208273,-0.0008587523913208273,-0.0020950977284668326,-0.00116316350036616,-10.000000000000053
2023-06-10,,,,,,,,,5.15,,,,,,,,,,3.25,,,,,,
2023-06-11,,,,,,,,,5.15,,,,,,,,,,3.25,,,,,,
2023-06-12,139.72,1.0747,2511.64,119.6376,3.73,1.56,2.17,5.05,5.15,,,,15.01,,,,,,3.25,150.157084,,,,,-10.000000000000053
2023-06-13,140.0,1.0792,2498.73,119.1899,3.84,1.64,2.2,5.05,5.15,,,,14.61,,,,,,3.25,151.088,0.006180475717111555,-0.006180475717111555,-0.0051533234354410595,-0.0037491538822926884,-10.000000000000053
2023-06-14,139.33,1.0859,2501.35,118.776,3.83,1.62,2.21,5.05,5.15,8388323.0,,337.0,13.88,,,,,,3.25,151.29844700000004,0.001391907845505358,-0.001391907845505358,0.0010479833281822337,-0.003478653180010838,-10.000000000000053
2023-06-15,140.49,1.0933,2516.06,118.5521,3.72,1.51,2.21,5.06,5.15,,,,14.5,,,,,,3.25,153.597717,0.015082600955643954,-0.015082600955643954,0.00586359980401685,-0.0018868399184643891,-9.000000000000075
2023-06-16,141.82,1.0925,2514.2,118.4184,3.77,1.55,2.22,5.05,5.15,,,,13.54,,,,,,3.25,154.93834999999999,0.008690338541596176,-0.008690338541596176,-0.0007395244320447247,-0.001128410618088438,-10.000000000000053
2023-06-17,,,,,,,,,5.15,,,,,,,,,,3.25,,,,,,
2023-06-18,,,,,,,,,5.15,,,,,,,,,,3.25,,,,,,
2023-06-19,,,,,,,,,5.15,,,,14.19,,,,,,3.25,,,,,,
2023-06-20,141.46,1.09,2494.1,118.938,3.74,1.52,2.22,5.05,5.15,,,,13.88,,,,,,3.25,154.19140000000002,,,,,-10.000000000000053
2023-06-21,142.09,1.0951,2490.86,118.727,3.72,1.51,2.21,5.05,5.15,8362060.0,,289.0,13.2,,,,,,3.5,155.602759,0.009111655100664251,-0.009111655100664251,-0.0012999103127153688,-0.0017756089911138417,-10.000000000000053
2023-06-22,142.89,1.0953,2468.9,118.7552,3.8,1.56,2.24,5.05,5.15,,,,12.91,,,,,,3.5,156.50741699999998,0.005797058878882488,-0.005797058878882488,-0.008855325057068875,0.00023749148468876768,-10.000000000000053
2023-06-23,143.78,1.0887,2475.53,119.152,3.74,1.53,2.21,5.05,5.15,,,,13.44,,,,,,3.5,156.533286,0.000165275632280526,-0.000165275632280526,0.002681807194613306,0.0033357575385855043,-10.000000000000053
2023-06-24,,,,,,,,,5.15,,,,,,,,,,3.5,,,,,,
2023-06-25,,,,,,,,,5.15,,,,,,,,,,3.5,,,,,,
2023-06-26,143.55,1.091,2479.88,119.0761,3.72,1.54,2.18,5.05,5.15,,,,14.25,,,,,,3.5,156.61305000000002,,,,,-10.000000000000053
2023-06-27,144.0,1.0961,2469.8,118.8949,3.77,1.57,2.2,5.05,5.15,,,,13.74,,,,,,3.5,157.8384,0.007793611397534761,-0.007793611397534761,-0.004072996207838742,-0.0015228749302984568,-10.000000000000053
2023-06-28,144.23,1.0904,2464.69,119.3382,3.71,1.53,2.18,5.06,5.15,8340914.0,,310.0,13.43,,,,,,3.5,157.268392,-0.0036178758199367778,0.0036178758199367778,-0.002071136764552506,0.0037215694346821593,-9.000000000000075
2023-06-29,144.72,1.0881,2462.34,119.527,3.85,1.65,2.2,5.06,5.15,,,,13.54,,,,,,3.5,157.469832,0.00128004806626425,-0.00128004806626425,-0.0009539216031573261,0.0015808082493133924,-9.000000000000075
2023-06-30,144.47,1.092,2478.5,119.3606,3.81,1.59,2.22,5.09,5.15,,,,13.59,,,,,,3.5,157.76124000000002,0.0018488538021346201,-0.0018488538021346201,0.006541421144616422,-0.0013931240207725182,-6.00000000000005
2023-07-01,,,,,,,,,5.15,,20792.2,,,,0.595,2.4566666667,4.157,4.4372,3.5,,,,,,
2023-07-02,,,,,,,,,5.15,,,,,,,,,,3.5,,,,,,
2023-07-03,144.5,1.0919,2481.47,119.2119,3.86,1.61,2.25,5.06,5.15,,,,13.57,,,,,,3.5,157.77955,,,,,-9.000000000000075
2023-07-04,,,,,,,,,5.15,,,,13.7,,,,,,3.5,,,,,,
2023-07-05,144.56,1.0868,2472.84,119.3483,3.95,1.69,2.26,5.06,5.15,8298312.0,,219.0,14.18,,,,,,3.5,157.107808,,,,,-9.000000000000075
2023-07-06,144.09,1.0873,2466.07,119.8193,4.05,1.78,2.27,5.06,5.15,,,,15.44,,,,,,3.5,156.66905699999998,-0.0027965814876189654,0.0027965814876189654,-0.0027414973102031226,0.003938665679536157,-9.000000000000075
2023-07-07,142.21,1.0964,2484.16,119.0761,4.06,1.79,2.27,5.06,5.15,,,,14.83,,,,,,3.5,155.919044,-0.004798739535310403,0.004798739535310403,0.007308783845617839,-0.006221990022692303,-9.000000000000075
2023-07-08,,,,,,,,,5.15,,,,,,,,,,3.5,,,,,,
2023-07-09,,,,,,,,,5.15,,,,,,,,,,3.5,,,,,,
2023-07-10,141.56,1.0991,2486.23,118.9548,4.01,1.76,2.25,5.06,5.15,,,,15.07,,,,,,3.5,155.588596,,,,,-9.000000000000075
2023-07-11,140.51,1.0992,2494.99,118.7344,3.99,1.75,2.24,5.06,5.15,,,,14.84,,,,,,3.5,154.448592,-0.007354015465783625,0.007354015465783625,0.003517214269066038,-0.0018545231602251633,-9.000000000000075
2023-07-12,138.21,1.1123,2525.25,117.6385,3.86,1.6,2.26,5.05,5.15,8296923.0,,243.0,13.54,,,,,,3.5,153.730983,-0.004657091872415364,0.004657091872415364,0.012055346547739099,-0.00927270302465466,-10.000000000000053
2023-07-13,138.14,1.1194,2527.28,117.1831,3.76,1.52,2.24,5.06,5.15,,,,13.61,,,,,,3.5,154.63391599999997,0.005856279904167039,-0.005856279904167039,0.0008035578647653807,-0.0038786940462873787,-9.000000000000075
2023-07-14,138.74,1.1237,2521.98,117.0463,3.83,1.59,2.24,5.05,5.15,,,,13.34,,,,,,3.5,155.902138,0.008167998752925953,-0.008167998752925953,-0.0020993182947544042,-0.0011680857787652599,-10.000000000000053
2023-07-15,,,,,,,,,5.15,,,,,,,,,,3.5,,,,,,
2023-07-16,,,,,,,,,5.15,,,,,,,,,,3.5,,,,,,
2023-07-17,138.92,1.1236,2506.17,117.1267,3.81,1.56,2.25,5.06,5.15,,,,13.48,,,,,,3.5,156.090512,,,,,-9.000000000000075
2023-07-18,138.94,1.1223,2522.93,117.0264,3.8,1.57,2.23,5.06,5.15,,,,13.3,,,,,,3.5,155.932362,-0.0010137078190171067,0.0010137078190171067,0.006665233161932349,-0.0008567044906468979,-9.000000000000075
2023-07-19,139.76,1.1195,2524.31,117.3462,3.75,1.53,2.22,5.05,5.15,8274552.0,,235.0,13.76,,,,,,3.5,156.46131999999997,0.00338648657766516,-0.00338648657766516,0.0005468335305582883,0.0027289896384878887,-10.000000000000053
2023-07-20,140.39,1.1135,2517.62,117.5947,3.85,1.5,2.35,5.06,5.15,,,,13.99,,,,,,3.5,156.32426499999997,-0.0008763511833285165,0.0008763511833285165,-0.002653747246044169,0.0021154264129439326,-9.000000000000075
2023-07-21,141.75,1.112,2514.79,117.9418,3.84,1.49,2.35,5.05,5.15,,,,13.6,,,,,,3.5,157.626,0.008292666737107268,-0.008292666737107268,-0.0011247097507247616,0.0029473160317987634,-10.000000000000053
2023-07-22,,,,,,,,,5.15,,,,,,,,,,3.5,,,,,,
2023-07-23,,,,,,,,,5.15,,,,,,,,,,3.5,,,,,,
2023-07-24,141.19,1.1083,2508.51,117.8124,3.86,1.48,2.38,5.05,5.15,,,,13.91,,,,,,3.5,156.480877,,,,,-10.000000000000053
2023-07-25,140.91,1.105,2518.52,117.8565,3.91,1.52,2.39,5.06,5.15,,,,13.86,,,,,,3.5,155.70555,-0.004967087144174265,0.004967087144174265,0.003982476026590298,0.00037425388343326205,-9.000000000000075
2023-07-26,140.41,1.1078,2528.11,117.76,3.86,1.5,2.36,5.06,5.15,8243344.0,,255.0,13.19,,,,,,3.5,155.54619799999998,-0.0010239429333127603,0.0010239429333127603,0.0038005605892923455,-0.000819127738470371,-9.000000000000075
2023-07-27,141.03,1.0998,2500.72,117.8938,4.01,1.64,2.37,5.31,5.4,,,,14.41,,,,,,3.5,155.10479400000003,-0.00284180194769057,0.00284180194769057,-0.010893297586075157,0.0011355642419337286,-9.000000000000075
2023-07-28,140.72,1.1039,2517.62,117.788,3.96,1.58,2.38,5.3,5.4,,,,13.33,,,,,,3.5,155.340808,0.0015204856757451424,-0.0015204856757451424,0.0067353204001108224,-0.000897820766023294,-10.000000000000053
2023-07-29,,,,,,,,,5.4,,,,,,,,,,3.5,,,,,,
2023-07-30,,,,,,,,,5.4,,,,,,,,,,3.5,,,,,,
2023-07-31,142.18,1.102,2522.73,117.8241,3.97,1.6,2.37,5.31,5.4,,,,13.63,,,,,,3.5,156.68236000000002,,,,,-9.000000000000075
2023-08-01,143.34,1.0971,2504.58,118.5738,4.05,1.68,2.37,5.31,5.4,,20782.0,,13.93,,0.64,2.5456521739,4.221,4.5298,3.5,157.25831399999998,0.0036691941750213175,-0.0036691941750213175,-0.007220592665691861,0.006342717201560433,-9.000000000000075
2023-08-02,143.21,1.0939,2493.82,119.1268,4.08,1.72,2.36,5.3,5.4,8206764.0,,235.0,16.09,,,,,,3.75,156.65741900000003,-0.003828388772861402,0.003828388772861402,-0.004305384371361853,0.004652920503260383,-10.000000000000053
2023-08-03,142.42,1.0947,2493.4,119.3963,4.2,1.83,2.37,5.3,5.4,,,,15.92,,,,,,3.75,155.907174,-0.00480058495186686,0.00480058495186686,-0.00016843050877834997,0.0022597401650550353,-10.000000000000053
2023-08-04,141.79,1.1036,2502.72,118.821,4.05,1.67,2.38,5.3,5.4,,,,17.1,,,,,,3.75,156.47944399999997,0.0036638614281079285,-0.0036638614281079285,0.0037308995023721536,-0.0048300532199005985,-10.000000000000053
2023-08-05,,,,,,,,,5.4,,,,,,,,,,3.75,,,,,,
2023-08-06,,,,,,,,,5.4,,,,,,,,,,3.75,,,,,,
2023-08-07,142.45,1.1,2498.58,119.0809,4.09,1.68,2.41,5.3,5.4,,,,15.77,,,,,,3.75,156.695,,,,,-10.000000000000053
2023-08-08,143.17,1.0951,2483.61,119.6407,4.02,1.66,2.36,5.3,5.4,,,,15.99,,,,,,3.75,156.78546699999998,0.000577177923569927,-0.000577177923569927,-0.0060094235872796276,0.004689990567368518,-10.000000000000053
2023-08-09,143.58,1.0975,2472.24,119.476,4.0,1.66,2.34,5.3,5.4,8208241.0,,229.0,15.96,,,,,,3.75,157.57905,0.005048818443714076,-0.005048818443714076,-0.004588524652355375,-0.0013775702495548714,-10.000000000000053
2023-08-10,144.4,1.1016,2470.17,119.1581,4.09,1.76,2.33,5.3,5.4,,,,15.85,,,,,,3.75,159.07103999999998,0.009423657775507799,-0.009423657775507799,-0.0008376480789884511,-0.002664331611076598,-10.000000000000053
2023-08-11,144.94,1.0957,2470.3,119.6268,4.16,1.8,2.36,5.3,5.4,,,,14.84,3.83,,,,,3.75,158.810758,-0.001637602780688141,0.001637602780688141,5.2626571978464654e-05,0.0039257139118662465,-10.000000000000053
2023-08-12,,,,,,,,,5.4,,,,,,,,,,3.75,,,,,,
2023-08-13,,,,,,,,,5.4,,,,,,,,,,3.75,,,,,,
2023-08-14,145.3,1.0922,2443.15,120.0725,4.19,1.83,2.36,5.3,5.4,,,,14.82,3.79,,,,,3.75,158.69666,,,,,-10.000000000000053
2023-08-15,145.4,1.0928,2437.22,120.2127,4.21,1.89,2.32,5.3,5.4,,,,16.46,3.85,,,,,3.75,158.89312,0.00123719362165442,-0.00123719362165442,-0.0024301448121155644,0.0011669467442017023,-10.000000000000053
2023-08-16,145.81,1.0904,2424.12,120.3551,4.28,1.96,2.32,5.3,5.4,8145727.0,,229.0,16.78,3.81,,,,,3.75,158.99122400000002,0.0006172307945719879,-0.0006172307945719879,-0.005389473564489933,0.0011838659756762127,-10.000000000000053
2023-08-17,146.16,1.0874,2420.39,120.5242,4.3,1.97,2.33,5.3,5.4,,,,17.89,3.95,,,,,3.75,158.934384,-0.00035756792894492406,0.00035756792894492406,-0.0015398877232435382,0.0014040229092211476,-10.000000000000053
2023-08-18,145.15,1.0875,2421.15,120.4321,4.26,1.94,2.32,5.3,5.4,,,,17.3,4.02,,,,,3.75,157.85062499999998,-0.006842263348094235,0.006842263348094235,0.0003139496962711874,-0.0007644540066822358,-10.000000000000053
2023-08-19,,,,,,,,,5.4,,,,,,,,,,3.75,,,,,,
2023-08-20,,,,,,,,,5.4,,,,,,,,,,3.75,,,,,,
2023-08-21,146.26,1.0888,2427.91,120.4627,4.34,2.0,2.34,5.3,5.4,,,,17.13,3.97,,,,,3.75,159.247888,,,,,-10.000000000000053
2023-08-22,145.79,1.0846,2432.05,120.3554,4.34,1.99,2.35,5.3,5.4,,,,16.97,3.93,,,,,3.75,158.123834,-0.007083546656370565,0.007083546656370565,0.0017037181381809319,-0.0008911290895543544,-10.000000000000053
2023-08-23,144.62,1.0862,2455.42,120.0307,4.19,1.84,2.35,5.3,5.4,8139066.0,,230.0,15.98,3.92,,,,,3.75,157.08624400000002,-0.006583506176140119,0.006583506176140119,0.009563302940692964,-0.0027014889585785795,-10.000000000000053
2023-08-24,145.75,1.0826,2455.35,120.2354,4.23,1.91,2.32,5.3,5.4,,,,17.2,3.91,,,,,3.75,157.78895,0.004463401245928367,-0.004463401245928367,-2.8508767465851292e-05,0.001703944497601917,-10.000000000000053
2023-08-25,146.38,1.0787,2452.87,120.5137,4.25,1.92,2.33,5.3,5.4,,,,15.68,3.9,,,,,3.75,157.900106,0.000704211960985468,-0.000704211960985468,-0.0010105497353629644,0.0023119515210003883,-10.000000000000053
2023-08-26,,,,,,,,,5.4,,,,,,,,,,3.75,,,,,,
2023-08-27,,,,,,,,,5.4,,,,,,,,,,3.75,,,,,,
2023-08-28,146.4,1.081,2459.97,120.3155,4.2,1.9,2.3,5.3,5.4,,,,15.08,3.86,,,,,3.75,158.2584,,,,,-10.000000000000053
2023-08-29,146.01,1.0851,2482.25,120.2669,4.12,1.83,2.29,5.3,5.4,,,,14.45,3.87,,,,,3.75,158.43545099999997,0.0011181209732153974,-0.0011181209732153974,0.009016252183607243,-0.00040401958465086096,-10.000000000000053
2023-08-30,145.94,1.0926,2488.25,119.7937,4.12,1.86,2.26,5.3,5.4,8121316.0,,232.0,13.88,3.8,,,,,3.75,159.454044,0.006408494159456879,-0.006408494159456879,0.002414245212469801,-0.003942342999020632,-10.000000000000053
2023-08-31,145.68,1.0839,2485.56,120.225,4.09,1.85,2.24,5.31,5.4,,,,13.57,3.85,,,,,3.75,157.90255200000001,-0.009777672058034703,0.009777672058034703,-0.0010816658707408777,0.0035938905112331554,-9.000000000000075
2023-09-01,146.2,1.0787,2487.49,120.759,4.18,1.92,2.26,5.31,5.4,,20753.6,,13.09,3.81,0.765,2.6614285714,4.513,4.4199,3.75,157.70594,-0.0012459235439949978,0.0012459235439949978,0.0007761836687327772,0.004431836752913476,-9.000000000000075
2023-09-02,,,,,,,,,5.4,,,,,,,,,,3.75,,,,,,
2023-09-03,,,,,,,,,5.4,,,,,,,,,,3.75,,,,,,
2023-09-04,,,,,,,,,5.4,,,,13.82,3.81,,,,,3.75,,,,,,
2023-09-05,147.63,1.0727,2468.12,121.4345,4.27,1.98,2.29,5.31,5.4,,,,14.01,3.83,,,,,3.75,158.362701,,,,,-9.000000000000075
2023-09-06,147.65,1.0714,2457.3,121.8671,4.3,2.0,2.3,5.3,5.4,8101318.0,,232.0,14.45,3.86,,,,,3.75,158.19221,-0.0010771655125880741,0.0010771655125880741,-0.004393541019871883,0.0035560839376200803,-10.000000000000053
2023-09-07,147.13,1.0704,2459.79,121.9528,4.27,1.95,2.32,5.31,5.4,,,,14.4,3.9,,,,,3.75,157.487952,-0.0044618525529722675,0.0044618525529722675,0.001012794239211523,0.0007029779236988887,-9.000000000000075
2023-09-08,147.7,1.0709,2460.52,121.9475,4.26,1.93,2.33,5.3,5.4,,,,13.84,3.85,,,,,3.75,158.17192999999997,0.004333645860343793,-0.004333645860343793,0.000296729273300933,-4.346038115432549e-05,-10.000000000000053
2023-09-09,,,,,,,,,5.4,,,,,,,,,,3.75,,,,,,
2023-09-10,,,,,,,,,5.4,,,,,,,,,,3.75,,,,,,
2023-09-11,146.46,1.0744,2459.32,121.3386,4.29,1.94,2.35,5.3,5.4,,,,13.8,3.82,,,,,3.75,157.356624,,,,,-10.000000000000053
2023-09-12,147.12,1.0726,2448.43,121.2913,4.27,1.93,2.34,5.3,5.4,,,,14.23,3.84,,,,,3.75,157.800912,0.002819468002939196,-0.002819468002939196,-0.004437886148664916,-0.0003898942430362595,-10.000000000000053
2023-09-13,147.45,1.0737,2444.29,121.0549,4.25,1.9,2.35,5.3,5.4,8098779.0,,230.0,13.48,3.85,,,,,3.75,158.317065,0.003265574856484932,-0.003265574856484932,-0.0016923106117054942,-0.001950928671302421,-10.000000000000053
2023-09-14,147.17,1.066,2445.74,121.2395,4.29,1.95,2.34,5.3,5.4,,,,12.82,3.78,,,,,3.75,156.88322,-0.009098055799563909,0.009098055799563909,0.0005930434138434748,0.0015237664239702298,-10.000000000000053
2023-09-15,147.83,1.0673,2460.35,121.199,4.33,1.98,2.35,5.31,5.4,,,,13.79,3.79,,,,,3.75,157.77895900000001,0.00569335293110651,-0.00569335293110651,0.005955880625002408,-0.00033410535353706194,-9.000000000000075
2023-09-16,,,,,,,,,5.4,,,,,,,,,,3.75,,,,,,
2023-09-17,,,,,,,,,5.4,,,,,,,,,,3.75,,,,,,
2023-09-18,147.63,1.0695,2472.76,121.1938,4.32,1.96,2.36,5.31,5.4,,,,14.0,3.82,,,,,3.75,157.89028499999998,,,,,-9.000000000000075
2023-09-19,147.8,1.0684,2471.31,121.1645,4.37,2.0,2.37,5.31,5.4,,,,14.11,3.82,,,,,3.75,157.90952000000001,0.00012181768145058669,-0.00012181768145058669,-0.0005865612912332452,-0.00024179077129016235,-9.000000000000075
2023-09-20,147.74,1.0715,2473.65,120.9648,4.35,2.0,2.35,5.3,5.4,8024090.0,,247.0,15.14,3.77,,,,,4.0,158.30340999999999,0.0024912972643162945,-0.0024912972643162945,0.0009464182418712497,-0.001649532256370989,-10.000000000000053
2023-09-21,147.42,1.0664,2457.32,121.5528,4.49,2.11,2.38,5.3,5.4,,,,17.54,3.89,,,,,4.0,157.208688,-0.006939362388582282,0.006939362388582282,-0.006623467471978728,0.004849142100980863,-10.000000000000053
2023-09-22,148.24,1.066,2465.11,121.5306,4.44,2.07,2.37,5.3,5.4,,,,17.2,3.93,,,,,4.0,158.02384,0.005171762077252673,-0.005171762077252673,0.0031651060566764144,-0.00018265336145351085,-10.000000000000053
2023-09-23,,,,,,,,,5.4,,,,,,,,,,4.0,,,,,,
2023-09-24,,,,,,,,,5.4,,,,,,,,,,4.0,,,,,,
2023-09-25,148.74,1.0591,2453.73,122.1143,4.55,2.18,2.37,5.31,5.4,,,,16.9,3.97,,,,,4.0,157.530534,,,,,-9.000000000000075
2023-09-26,148.9,1.0573,2434.92,122.4742,4.56,2.23,2.33,5.31,5.4,,,,18.94,4.04,,,,,4.0,157.43196999999998,-0.0006258776963337098,0.0006258776963337098,-0.007695414000312262,0.0029429041819080126,-9.000000000000075
2023-09-27,149.48,1.051,2405.56,122.9895,4.61,2.27,2.34,5.32,5.4,8002064.0,,238.0,18.22,4.03,,,,,4.0,157.10348,-0.0020887319342097754,0.0020887319342097754,-0.012131177099766077,0.00419859031687686,-8.000000000000007
2023-09-28,149.18,1.0578,2393.84,122.5342,4.59,2.2,2.39,5.31,5.4,,,,17.34,4.09,,,,,4.0,157.80260400000003,0.004440213664662629,-0.004440213664662629,-0.004883953534367436,-0.0037088111811458546,-9.000000000000075
2023-09-29,149.43,1.0584,2369.65,122.3077,4.59,2.24,2.35,5.31,5.4,,,,17.52,4.03,,,,,4.0,158.156712,0.002241479395150847,-0.002241479395150847,-0.01015650623478237,-0.0018501740479210937,-9.000000000000075
2023-09-30,,,,,,,,,5.4,,,,,4.03,,,,,4.0,,,,,,
2023-10-01,,,,,,,,,5.4,,20737.5,,,,0.95,2.8231818182,4.885,4.5695,4.0,,,,,,
2023-10-02,149.8,1.05,2344.83,123.0545,4.69,2.34,2.35,5.32,5.4,,,,17.61,4.11,,,,,4.0,157.29000000000002,,,,,-8.000000000000007
2023-10-03,149.16,1.0453,2338.28,123.7848,4.81,2.45,2.36,5.33,5.4,,,,19.78,4.26,,,,,4.0,155.916948,-0.008767754385406334,0.008767754385406334,-0.0027972882426627876,0.0059172273691165955,-7.000000000000028
2023-10-04,148.83,1.0518,2338.08,123.5946,4.73,2.4,2.33,5.32,5.4,7955782.0,,229.0,18.58,4.37,,,,,4.0,156.53939400000002,0.003984216287029163,-0.003984216287029163,-8.553661399979262e-05,-0.0015377192884979962,-8.000000000000007
2023-10-05,148.49,1.0527,2333.8,123.8993,4.72,2.41,2.31,5.32,5.4,,,,18.49,4.38,,,,,4.0,156.315423,-0.0014317889710611098,0.0014317889710611098,-0.0018322393543348525,0.00246228415282701,-8.000000000000007
2023-10-06,149.08,1.0596,2345.94,123.3563,4.78,2.47,2.31,5.31,5.4,,,,17.45,4.33,,,,,4.0,157.96516800000003,0.010498644843722538,-0.010498644843722538,0.005188334066786204,-0.004392223051334021,-9.000000000000075
2023-10-07,,,,,,,,,5.4,,,,,,,,,,4.0,,,,,,
2023-10-08,,,,,,,,,5.4,,,,,,,,,,4.0,,,,,,
2023-10-09,,,2388.39,,,,,,5.4,,,,17.7,4.34,,,,,4.0,,,,,,
2023-10-10,148.62,1.0618,2384.33,122.9282,4.66,2.34,2.32,5.31,5.4,,,,17.03,4.26,,,,,4.0,157.804716,,,-0.0017013363362279321,,-9.000000000000075
2023-10-11,149.17,1.062,2400.61,122.7697,4.58,2.26,2.32,5.31,5.4,7952054.0,,230.0,16.09,4.25,,,,,4.0,158.41854,0.0038822240888292114,-0.0038822240888292114,0.0068047092833500855,-0.0012902024965368852,-9.000000000000075
2023-10-12,149.71,1.0553,2394.48,123.2101,4.7,2.36,2.34,5.31,5.4,,,,16.69,4.25,,,,,4.0,157.98896299999998,-0.002715341828933404,0.002715341828933404,-0.0025567834344668583,0.0035807856626295376,-9.000000000000075
2023-10-13,149.62,1.0502,2445.04,123.5954,4.63,2.29,2.34,5.31,5.4,,,,19.32,4.3,,,,,4.0,157.13092400000002,-0.005445807490771948,0.005445807490771948,0.020895394419989444,0.0031222992438673103,-9.000000000000075
2023-10-14,,,,,,,,,5.4,,,,,,,,,,4.0,,,,,,
2023-10-15,,,,,,,,,5.4,,,,,,,,,,4.0,,,,,,
2023-10-16,149.57,1.0546,2437.46,123.3185,4.71,2.33,2.38,5.31,5.4,,,,17.21,4.27,,,,,4.0,157.73652199999998,,,,,-9.000000000000075
2023-10-17,149.71,1.0593,2439.8,123.1202,4.83,2.42,2.41,5.31,5.4,,,,17.88,4.25,,,,,4.0,158.587803,0.005382343296591152,-0.005382343296591152,0.0009595552336953972,-0.001609325506087167,-9.000000000000075
2023-10-18,149.86,1.0532,2455.36,123.8148,4.91,2.47,2.44,5.3,5.4,7933162.0,,231.0,19.22,4.32,,,,,4.0,157.832552,-0.004773728505877095,0.004773728505877095,0.0063573212746632635,0.00562578680200243,-10.000000000000053
2023-10-19,149.92,1.057,2462.86,123.798,4.98,2.49,2.49,5.3,5.4,,,,21.4,4.37,,,,,4.0,158.46543999999997,0.0040018518020312754,-0.0040018518020312754,0.0030498862652041936,-0.00013569573160854276,-10.000000000000053
2023-10-20,149.85,1.0592,2465.96,123.612,4.93,2.46,2.47,5.3,5.4,,,,21.71,4.52,,,,,4.0,158.72111999999998,0.0016121745850661284,-0.0016121745850661284,0.001257907738066777,-0.0015035773415910114,-10.000000000000053
2023-10-21,,,,,,,,,5.4,,,,,,,,,,4.0,,,,,,
2023-10-22,,,,,,,,,5.4,,,,,,,,,,4.0,,,,,,
2023-10-23,149.78,1.0646,2468.44,123.2846,4.86,2.45,2.41,5.3,5.4,,,,20.37,4.51,,,,,4.0,159.455788,,,,,-10.000000000000053
2023-10-24,149.84,1.0595,2470.58,123.6416,4.83,2.43,2.4,5.3,5.4,,,,18.97,4.41,,,,,4.0,158.75548,-0.004401535715691018,0.004401535715691018,0.0008665687257458643,0.0028915542274754458,-10.000000000000053
2023-10-25,149.94,1.0583,2473.26,123.7871,4.95,2.52,2.43,5.3,5.4,7907830.0,,252.0,20.19,4.37,,,,,4.0,158.681502,-0.0004660956695925478,0.0004660956695925478,0.00108417758767132,0.0011760965221201403,-10.000000000000053
2023-10-26,150.44,1.0532,2474.5,124.0064,4.86,2.44,2.42,5.31,5.4,,,,20.68,4.5,,,,,4.0,158.44340799999998,-0.0015015789503047827,0.0015015789503047827,0.0005012369338697198,0.0017700226781993678,-9.000000000000075
2023-10-27,149.6,1.0592,2481.25,123.62,4.84,2.42,2.42,5.31,5.4,,,,21.27,4.53,,,,,4.0,158.45631999999998,8.14894988305781e-05,-8.14894988305781e-05,0.0027241100435597687,-0.003120832945234575,-9.000000000000075
2023-10-28,,,,,,,,,5.4,,,,,,,,,,4.0,,,,,,
2023-10-29,,,,,,,,,5.4,,,,,,,,,,4.0,,,,,,
2023-10-30,149.01,1.062,2479.18,123.4076,4.88,2.44,2.44,5.31,5.4,,,,19.75,4.5,,,,,4.0,158.24862,,,,,-9.000000000000075
2023-10-31,151.46,1.0568,2478.7,123.8364,4.88,2.46,2.42,5.35,5.4,,,,18.14,4.42,,,,,4.0,160.062928,0.01139969730453938,-0.01139969730453938,-0.00019363114940240678,0.003468641746004586,-5.000000000000071
2023-11-01,150.96,1.0538,2480.01,123.7922,4.77,2.36,2.41,5.32,5.4,7866664.0,20749.7,246.0,16.87,4.47,0.66,2.6013636364,4.428,4.2721,4.0,159.08164800000003,-0.006149458058311907,0.006149458058311907,0.0005283632357917512,-0.0003569862323606898,-8.000000000000007
2023-11-02,150.48,1.0618,2483.59,122.8818,4.67,2.27,2.4,5.33,5.4,,,,15.66,4.15,,,,,4.0,159.779664,0.0043781863068650395,-0.0043781863068650395,0.0014425016603976104,-0.0073814356895054445,-7.000000000000028
2023-11-03,149.36,1.0733,2484.9,121.7564,4.57,2.18,2.39,5.32,5.4,,,,14.91,4.04,,,,,4.0,160.308088,0.003301747578600356,-0.003301747578600356,0.0005273232029674446,-0.009200590413344756,-8.000000000000007
2023-11-04,,,,,,,,,5.4,,,,,,,,,,4.0,,,,,,
2023-11-05,,,,,,,,,5.4,,,,,,,,,,4.0,,,,,,
2023-11-06,149.77,1.0747,2483.66,121.6484,4.67,2.25,2.42,5.32,5.4,,,,14.89,4.0,,,,,4.0,160.957819,,,,,-8.000000000000007
2023-11-07,150.47,1.0687,2484.42,122.0777,4.58,2.19,2.39,5.32,5.4,,,,14.81,4.08,,,,,4.0,160.807289,-0.0009356515497742635,0.0009356515497742635,0.0003059532076497007,0.003522810597425874,-8.000000000000007
2023-11-08,150.77,1.0715,2474.96,122.0926,4.49,2.15,2.34,5.32,5.4,7860691.0,,236.0,14.45,4.08,,,,,4.0,161.550055,0.0046083474028213445,-0.0046083474028213445,-0.0038149976301733446,0.00012204596561105063,-8.000000000000007
2023-11-09,151.04,1.071,2480.16,122.1281,4.62,2.29,2.33,5.32,5.4,,,,15.29,4.04,,,,,4.0,161.76384,0.0013224611404805131,-0.0013224611404805131,0.002098839950955167,0.00029072064939672515,-8.000000000000007
2023-11-10,,,2463.96,,4.61,2.29,2.32,5.32,5.4,,,,14.17,4.03,,,,,4.0,,,,-0.0065532624515762805,,-8.000000000000007
2023-11-11,,,,,,,,,5.4,,,,,,,,,,4.0,,,,,,
2023-11-12,,,,,,,,,5.4,,,,,,,,,,4.0,,,,,,
2023-11-13,151.56,1.07,2448.7,122.4264,4.63,2.32,2.31,5.32,5.4,,,,14.76,4.03,,,,,4.0,162.16920000000002,,,,,-8.000000000000007
2023-11-14,150.75,1.0861,2467.95,121.35,4.44,2.16,2.28,5.32,5.4,,,,14.16,3.92,,,,,4.0,163.729575,0.00957589928693281,-0.00957589928693281,0.007830575031388953,-0.008831100923185176,-8.000000000000007
2023-11-15,151.07,1.0853,2463.88,121.0749,4.53,2.22,2.31,5.32,5.4,7814991.0,,287.0,14.18,3.89,,,,,4.0,163.956271,0.0013836181143176418,-0.0013836181143176418,-0.0016505033320060036,-0.0022695698179964197,-8.000000000000007
2023-11-16,150.59,1.0851,2487.0,121.1754,4.45,2.18,2.27,5.32,5.4,,,,14.32,4.02,,,,,4.0,163.40520899999999,-0.0033666912827126083,0.0033666912827126083,0.009339821634641865,0.0008297203823124377,-8.000000000000007
2023-11-17,149.82,1.0879,2487.81,120.8477,4.44,2.16,2.28,5.32,5.4,,,,13.8,3.99,,,,,4.0,162.989178,-0.0025492547781160724,0.0025492547781160724,0.00032564058010642327,-0.002708007626217146,-8.000000000000007
2023-11-18,,,,,,,,,5.4,,,,,,,,,,4.0,,,,,,
2023-11-19,,,,,,,,,5.4,,,,,,,,,,4.0,,,,,,
2023-11-20,148.26,1.0945,2486.73,120.2533,4.42,2.12,2.3,5.31,5.4,,,,13.41,3.92,,,,,4.0,162.27057,,,,,-9.000000000000075
2023-11-21,147.88,1.0923,2505.7,120.2241,4.41,2.16,2.25,5.31,5.4,,,,13.35,3.95,,,,,4.0,161.529324,-0.004578428273562807,0.004578428273562807,0.007599542226068401,-0.00024285026487724792,-9.000000000000075
2023-11-22,149.67,1.0871,2499.74,120.6802,4.42,2.16,2.26,5.31,5.4,7810814.0,,237.0,12.85,3.9,,,,,4.0,162.706257,0.007259771833081352,-0.007259771833081352,-0.0023814101524148867,0.003786570393037536,-9.000000000000075
2023-11-23,,,,,,,,,5.4,,,,12.8,3.9,,,,,4.0,,,,,,
2023-11-24,149.57,1.0934,2511.53,120.2105,4.47,2.21,2.26,5.32,5.4,,,,12.46,3.85,,,,,4.0,163.53983799999997,,,,,-8.000000000000007
2023-11-25,,,,,,,,,5.4,,,,,,,,,,4.0,,,,,,
2023-11-26,,,,,,,,,5.4,,,,,,,,,,4.0,,,,,,
2023-11-27,148.89,1.0937,2523.73,120.173,4.39,2.18,2.21,5.32,5.4,,,,12.69,3.89,,,,,4.0,162.84099299999997,,,,,-8.000000000000007
2023-11-28,147.41,1.1007,2539.93,119.5904,4.34,2.12,2.22,5.32,5.4,,,,12.69,3.9,,,,,4.0,162.254187,-0.003610060520106373,0.003610060520106373,0.006398555697264996,-0.004859800508643097,-8.000000000000007
2023-11-29,147.39,1.0969,2543.05,119.8159,4.27,2.06,2.21,5.31,5.4,7796145.0,,234.0,12.98,3.8,,,,,4.0,161.672091,-0.003594006822577711,0.003594006822577711,0.00122762646787411,0.0018838273402828065,-9.000000000000075
2023-11-30,147.87,1.0908,2540.61,120.2434,4.37,2.14,2.23,5.33,5.4,,,,12.92,3.84,,,,,4.0,161.296596,-0.002325272909125431,0.002325272909125431,-0.0009599383858747146,0.0035616237480393664,-7.000000000000028
2023-12-01,147.0,1.0878,2554.17,119.9424,4.22,2.0,2.22,5.39,5.4,,20779.9,,12.63,3.87,0.62,2.1021052632,3.821,3.8622,4.0,159.90660000000003,-0.00865498658923336,0.00865498658923336,0.005323107972896146,-0.002506394279543578,-1.0000000000000675
2023-12-02,,,,,,,,,5.4,,,,,,,,,,4.0,,,,,,
2023-12-03,,,,,,,,,5.4,,,,,,,,,,4.0,,,,,,
2023-12-04,147.15,1.0824,2530.04,120.4727,4.28,2.07,2.21,5.37,5.4,,,,13.08,3.8,,,,,4.0,159.27516,,,,,-3.000000000000025
2023-12-05,147.26,1.0787,2528.95,120.7913,4.18,2.01,2.17,5.33,5.4,,,,12.85,3.8,,,,,4.0,158.84936199999999,-0.0026769282141065887,0.0026769282141065887,-0.0004309160590816319,0.0026410917931896094,-7.000000000000028
2023-12-06,147.16,1.079,2536.24,120.5334,4.12,1.98,2.14,5.32,5.4,7737385.0,,238.0,12.97,3.79,,,,,4.0,158.78564,-0.00040122782724516526,0.00040122782724516526,0.0028784724890886793,-0.002137370092506252,-8.000000000000007
2023-12-07,144.1,1.0794,2541.27,120.6013,4.14,1.97,2.17,5.32,5.4,,,,13.06,3.77,,,,,4.0,155.54153999999997,-0.02064228230469034,0.02064228230469034,0.001981286750962319,0.0005631707240363326,-8.000000000000007
2023-12-08,144.88,1.0746,2517.98,120.7607,4.23,2.02,2.21,5.32,5.4,,,,12.35,3.75,,,,,4.0,155.688048,0.000941478679861163,-0.000941478679861163,-0.009206963293240555,0.0013208377720950182,-8.000000000000007
2023-12-09,,,,,,,,,5.4,,,,,,,,,,4.0,,,,,,
2023-12-10,,,,,,,,,5.4,,,,,,,,,,4.0,,,,,,
2023-12-11,146.41,1.0747,2484.44,120.9279,4.23,2.04,2.19,5.32,5.4,,,,12.63,3.79,,,,,4.0,157.346827,,,,,-8.000000000000007
2023-12-12,145.45,1.079,2485.52,120.6817,4.2,2.04,2.16,5.31,5.4,,,,12.07,3.76,,,,,4.0,156.94054999999997,-0.0025853868531529045,0.0025853868531529045,0.0004346111505926231,-0.002037999195518836,-9.000000000000075
2023-12-13,145.17,1.0793,2530.08,121.1571,4.04,1.88,2.16,5.31,5.4,7739566.0,,340.0,12.19,3.79,,,,,4.0,156.68198099999998,-0.0016489188947081956,0.0016489188947081956,0.017769029601963915,0.003931549547532498,-9.000000000000075
2023-12-14,141.53,1.0997,2542.36,119.5683,3.92,1.7,2.22,5.31,5.4,,,,12.48,3.47,,,,,4.0,155.64054099999998,-0.006669028242001218,0.006669028242001218,0.00484186071816417,-0.013200294363103104,-9.000000000000075
2023-12-15,141.8,1.0906,2526.17,119.7382,3.91,1.69,2.22,5.32,5.4,,,,12.28,3.51,,,,,4.0,154.64708000000002,-0.0064035064726475355,0.0064035064726475355,-0.006388461768106701,0.0014199365963420973,-8.000000000000007
2023-12-16,,,,,,,,,5.4,,,,,,,,,,4.0,,,,,,
2023-12-17,,,,,,,,,5.4,,,,,,,,,,4.0,,,,,,
2023-12-18,143.04,1.092,2536.89,119.9102,3.95,1.74,2.21,5.32,5.4,,,,12.56,3.51,,,,,4.0,156.19968,,,,,-8.000000000000007
2023-12-19,143.62,1.0977,2550.38,119.4632,3.93,1.74,2.19,5.31,5.4,,,,12.53,3.46,,,,,4.0,157.65167399999999,0.009252815645387713,-0.009252815645387713,0.0053034462959145046,-0.0037347551530597656,-9.000000000000075
2023-12-20,143.77,1.0957,2539.66,119.5435,3.86,1.67,2.19,5.31,5.4,7724063.0,,235.0,13.67,3.43,,,,,4.0,157.528789,-0.0007797755295930742,0.0007797755295930742,-0.0042121538729480434,0.0006719477154524256,-9.000000000000075
2023-12-21,142.16,1.099,2553.68,119.3168,3.89,1.7,2.19,5.31,5.4,,,,13.65,3.41,,,,,4.0,156.23384,-0.008254369595832145,0.008254369595832145,0.005505242300521296,-0.0018981812219811545,-9.000000000000075
2023-12-22,142.6,1.1008,2560.9,119.0625,3.9,1.71,2.19,5.32,5.4,,,,13.03,3.39,,,,,4.0,156.97408,0.004726836909258125,-0.004726836909258125,0.002823303104422692,-0.002133575326947579,-8.000000000000007
2023-12-23,,,,,,,,,5.4,,,,,,,,,,4.0,,,,,,
2023-12-24,,,,,,,,,5.4,,,,,,,,,,4.0,,,,,,
2023-12-25,,,,,,,,,5.4,,,,,,,,,,4.0,,,,,,
2023-12-26,142.48,1.1035,2575.53,118.8875,3.89,1.71,2.18,5.35,5.4,,,,12.99,3.37,,,,,4.0,157.22668,,,,,-5.000000000000071
2023-12-27,142.05,1.1114,2581.26,118.4729,3.79,1.64,2.15,5.39,5.4,7712781.0,,1359.0,12.43,3.34,,,,,4.0,157.87437,0.004111004467820756,-0.004111004467820756,0.0022223136324024395,-0.003493425370439951,-1.0000000000000675
2023-12-28,141.08,1.1073,2575.73,118.4104,3.84,1.68,2.16,5.4,5.4,,,,12.47,3.32,,,,,4.0,156.217884,-0.010547865074104656,0.010547865074104656,-0.0021446627275363284,-0.0005276860078380352,0.0
2023-12-29,140.92,1.1062,2574.04,118.4208,3.88,1.72,2.16,5.38,5.4,,,,12.45,3.34,,,,,4.0,155.885704,-0.0021286530382989,0.0021286530382989,-0.0006563400154444565,8.782626619030509e-05,-2.000000000000046
2023-12-30,,,,,,,,,5.4,,,,,,,,,,4.0,,,,,,
2023-12-31,,,,,,,,,5.4,,,,,3.39,,,,,4.0,,,,,,
2024-01-01,,,,,,,,,5.4,,20835.5,,,,0.73,2.1745454545,3.811,3.9319,4.0,,,,,,
2024-01-02,141.89,1.0957,2572.76,119.2686,3.95,1.74,2.21,5.4,5.4,,,,13.2,3.54,,,,,4.0,155.46887299999997,,,,,0.0
2024-01-03,143.55,1.0909,2559.14,119.6958,3.91,1.71,2.2,5.39,5.4,7681024.0,,1357.0,14.04,3.71,,,,,4.0,156.59869500000002,0.007240912240214392,-0.007240912240214392,-0.00530798806614019,0.0035754317806331315,-1.0000000000000675
2024-01-04,144.59,1.0957,2563.19,119.6208,3.99,1.77,2.22,5.32,5.4,,,,14.13,3.69,,,,,4.0,158.42726299999998,0.011609129280598651,-0.011609129280598651,0.0015813119591800984,-0.0006267847901506585,-8.000000000000007
2024-01-05,144.52,1.0957,2564.81,119.388,4.05,1.83,2.22,5.31,5.4,,,,13.35,3.68,,,,,4.0,158.350564,-0.0004842447605959421,0.0004842447605959421,0.0006318252940298308,-0.001948046043667162,-9.000000000000075
2024-01-06,,,,,,,,,5.4,,,,,,,,,,4.0,,,,,,
2024-01-07,,,,,,,,,5.4,,,,,,,,,,4.0,,,,,,
2024-01-08,143.89,1.0976,2548.49,119.2506,4.01,1.79,2.22,5.31,5.4,,,,13.08,3.63,,,,,4.0,157.93366399999996,,,,,-9.000000000000075
2024-01-09,144.35,1.0935,2549.68,119.6666,4.02,1.8,2.22,5.31,5.4,,,,12.76,3.59,,,,,4.0,157.846725,-0.0005506295211796797,0.0005506295211796797,0.0004668341862323899,0.0034823815146163284,-9.000000000000075
2024-01-10,145.68,1.096,2544.32,119.7614,4.04,1.82,2.22,5.31,5.4,7686710.0,,223.0,12.69,3.5,,,,,4.0,159.66528000000002,0.01145515670154662,-0.01145515670154662,-0.00210443736872179,0.0007918873728547382,-9.000000000000075
2024-01-11,146.03,1.0943,2549.43,119.8916,3.98,1.76,2.22,5.31,5.4,,,,12.44,3.55,,,,,4.0,159.80062900000001,0.0008473455494639737,-0.0008473455494639737,0.0020063810411663496,0.0010865711074758977,-9.000000000000075
2024-01-12,144.86,1.0959,2568.4,119.534,3.96,1.69,2.27,5.31,5.4,,,,12.7,3.56,,,,,4.0,158.75207400000002,-0.006583267240250379,0.006583267240250379,0.007413332165608466,-0.0029871514650690045,-9.000000000000075
2024-01-13,,,,,,,,,5.4,,,,,,,,,,4.0,,,,,,
2024-01-14,,,,,,,,,5.4,,,,,,,,,,4.0,,,,,,
2024-01-15,,,,,,,,,5.4,,,,13.25,3.54,,,,,4.0,,,,,,
2024-01-16,147.01,1.0882,2533.2,120.5759,4.07,1.77,2.3,5.32,5.4,,,,13.84,3.58,,,,,4.0,159.976282,,,,,-8.000000000000007
2024-01-17,148.39,1.0858,2510.57,121.0402,4.1,1.8,2.3,5.32,5.4,7673741.0,,216.0,14.79,3.62,,,,,4.0,161.121862,0.0071354187616856635,-0.0071354187616856635,-0.008973506664380793,0.0038432916640092074,-8.000000000000007
2024-01-18,148.15,1.0863,2529.22,120.8895,4.14,1.8,2.34,5.31,5.4,,,,14.13,3.58,,,,,4.0,160.935345,-0.0011582850301055103,0.0011582850301055103,0.007401135814077975,-0.001245816611116446,-9.000000000000075
2024-01-19,148.21,1.0887,2536.02,120.6442,4.15,1.81,2.34,5.31,5.4,,,,13.3,3.54,,,,,4.0,161.35622700000002,0.002611810396678571,-0.002611810396678571,0.0026849681693779104,-0.0020311872367013706,-9.000000000000075
2024-01-20,,,,,,,,,5.4,,,,,,,,,,4.0,,,,,,
2024-01-21,,,,,,,,,5.4,,,,,,,,,,4.0,,,,,,
2024-01-22,147.95,1.0895,2529.76,120.6178,4.11,1.8,2.31,5.31,5.4,,,,13.19,3.49,,,,,4.0,161.19152499999998,,,,,-9.000000000000075
2024-01-23,148.55,1.0829,2538.52,121.1001,4.14,1.85,2.29,5.31,5.4,,,,12.55,3.51,,,,,4.0,160.86479500000002,-0.0020290246879426377,0.0020290246879426377,0.0034567974630821396,0.003990607564024806,-9.000000000000075
2024-01-24,147.31,1.0901,2520.87,120.4916,4.18,1.88,2.3,5.31,5.4,7677230.0,,224.0,13.14,3.44,,,,,4.0,160.58263100000002,-0.0017555845817911475,0.0017555845817911475,-0.006977154005168629,-0.005037435365219167,-9.000000000000075
2024-01-25,147.69,1.0837,2530.1,120.8311,4.14,1.85,2.29,5.32,5.4,,,,13.45,3.45,,,,,4.0,160.05165300000002,-0.0033120505939914224,0.0033120505939914224,0.003654747612397813,0.0028136617398724084,-8.000000000000007
2024-01-26,147.94,1.0866,2530.16,120.6173,4.15,1.85,2.3,5.32,5.4,,,,13.26,3.39,,,,,4.0,160.751604,0.004363746909976207,-0.004363746909976207,2.3714196504265317e-05,-0.0017709792724209805,-8.000000000000007
2024-01-27,,,,,,,,,5.4,,,,,,,,,,4.0,,,,,,
2024-01-28,,,,,,,,,5.4,,,,,,,,,,4.0,,,,,,
2024-01-29,147.65,1.0807,2544.38,120.8538,4.08,1.78,2.3,5.31,5.4,,,,13.6,3.41,,,,,4.0,159.565355,,,,,-9.000000000000075
2024-01-30,147.71,1.0844,2547.94,120.6025,4.06,1.8,2.26,5.31,5.4,,,,13.31,3.42,,,,,4.0,160.176724,0.0038241431779670876,-0.0038241431779670876,0.0013981841596599764,-0.0020815368307722792,-9.000000000000075
2024-01-31,146.26,1.0855,2546.19,120.4331,3.99,1.73,2.26,5.32,5.4,7630124.0,,219.0,14.35,3.59,,,,,4.0,158.76522999999997,-0.008851160515867207,0.008851160515867207,-0.0006870653355299794,-0.0014056017276331545,-8.000000000000007
2024-02-01,146.18,1.0865,2568.35,120.3335,3.87,1.68,2.19,5.32,5.4,,20921.7,,13.88,3.56,0.71,2.3319047619,3.872,4.123,4.0,158.82457000000002,0.0003736895875787738,-0.0003736895875787738,0.008665545159140642,-0.0008273573301407211,-8.000000000000007
2024-02-02,148.54,1.0787,2550.98,120.902,4.03,1.82,2.21,5.32,5.4,,,,13.85,3.47,,,,,4.0,160.230098,0.008810634873803735,-0.008810634873803735,-0.006786070309360959,0.004713245375744357,-8.000000000000007
2024-02-03,,,,,,,,,5.4,,,,,,,,,,4.0,,,,,,
2024-02-04,,,,,,,,,5.4,,,,,,,,,,4.0,,,,,,
2024-02-05,148.79,1.0736,2539.8,121.349,4.17,1.9,2.27,5.31,5.4,,,,13.67,3.5,,,,,4.0,159.740944,,,,,-9.000000000000075
2024-02-06,148.03,1.0751,2552.15,120.9588,4.09,1.85,2.24,5.31,5.4,,,,13.06,3.52,,,,,4.0,159.147053,-0.0037247666404409685,0.0037247666404409685,0.0048508034118892596,-0.0032206997652766134,-9.000000000000075
2024-02-07,148.04,1.0769,2551.86,120.9049,4.09,1.86,2.23,5.31,5.4,7631300.0,,230.0,12.83,3.43,,,,,4.0,159.424276,0.001740414436207871,-0.001740414436207871,-0.00011363614111736808,-0.00044570558452772246,-9.000000000000075
2024-02-08,149.25,1.0774,2550.12,121.0798,4.15,1.91,2.24,5.31,5.4,,,,12.79,3.38,,,,,4.0,160.80194999999998,0.008604432666354356,-0.008604432666354356,-0.0006820881569353787,0.0014455461891271781,-9.000000000000075
2024-02-09,149.38,1.0782,2542.33,121.039,4.17,1.92,2.25,5.31,5.4,,,,12.93,3.33,,,,,4.0,161.061516,0.0016128954273435525,-0.0016128954273435525,-0.0030594335050064814,-0.0003370246373783914,-9.000000000000075
2024-02-10,,,,,,,,,5.4,,,,,,,,,,4.0,,,,,,
2024-02-11,,,,,,,,,5.4,,,,,,,,,,4.0,,,,,,
2024-02-12,149.37,1.0774,2520.8,120.9378,4.17,1.93,2.24,5.31,5.4,,,,13.93,3.35,,,,,4.0,160.93123799999998,,,,,-9.000000000000075
2024-02-13,150.72,1.072,2490.18,121.5202,4.31,2.02,2.29,5.31,5.4,,,,15.85,3.36,,,,,4.0,161.57184,0.003972692890165774,-0.003972692890165774,-0.012221314440420628,0.00480414026460263,-9.000000000000075
2024-02-14,150.5,1.0735,2489.03,121.4002,4.27,1.97,2.3,5.3,5.4,7633874.0,,227.0,14.38,3.38,,,,,4.0,161.56175,-6.245095103452059e-05,6.245095103452059e-05,-0.0004619206743425863,-0.0009879780352823886,-10.000000000000053
2024-02-15,150.19,1.0761,2504.65,121.2121,4.24,1.94,2.3,5.31,5.4,,,,14.01,3.35,,,,,4.0,161.619459,0.00035713091607014746,-0.00035713091607014746,0.006255927869954547,-0.0015506224349666198,-9.000000000000075
2024-02-16,150.34,1.0769,2512.86,121.1505,4.3,1.97,2.33,5.3,5.4,,,,14.24,3.34,,,,,4.0,161.901146,0.0017413856603223365,-0.0017413856603223365,0.0032725424870525543,-0.0005083292663679018,-10.000000000000053
2024-02-17,,,,,,,,,5.4,,,,,,,,,,4.0,,,,,,
2024-02-18,,,,,,,,,5.4,,,,,,,,,,4.0,,,,,,
2024-02-19,,,,,,,,,5.4,,,,14.71,3.34,,,,,4.0,,,,,,
2024-02-20,149.87,1.0814,2527.79,121.0199,4.27,1.95,2.32,5.3,5.4,,,,15.42,3.37,,,,,4.0,162.06941799999998,,,,,-10.000000000000053
2024-02-21,150.29,1.0818,2528.87,121.0379,4.32,1.98,2.34,5.3,5.4,7581683.0,,215.0,15.34,3.34,,,,,4.0,162.583722,0.0031683317785198284,-0.0031683317785198284,0.0004271594358415953,0.0001487248089766524,-10.000000000000053
2024-02-22,150.62,1.0815,2530.69,121.102,4.33,2.02,2.31,5.3,5.4,,,,14.54,3.22,,,,,4.0,162.89552999999998,0.0019159936829895585,-0.0019159936829895585,0.0007194301791066948,0.0005294460061922024,-10.000000000000053
2024-02-23,150.36,1.0828,2543.27,121.0369,4.26,1.96,2.3,5.31,5.4,,,,13.75,3.23,,,,,4.0,162.809808,-0.0005263776301953627,0.0005263776301953627,0.0049586617855688075,-0.0005377079153214837,-9.000000000000075
2024-02-24,,,,,,,,,5.4,,,,,,,,,,4.0,,,,,,
2024-02-25,,,,,,,,,5.4,,,,,,,,,,4.0,,,,,,
2024-02-26,150.79,1.0855,2539.5,121.0592,4.28,1.97,2.31,5.31,5.4,,,,13.74,3.23,,,,,4.0,163.68254499999998,,,,,-9.000000000000075
2024-02-27,150.46,1.0857,2537.69,120.9647,4.31,1.99,2.32,5.31,5.4,,,,13.43,3.26,,,,,4.0,163.35442200000003,-0.0020066423261679844,0.0020066423261679844,-0.0007129928470979152,-0.0007809146518376053,-9.000000000000075
2024-02-28,150.68,1.0843,2542.13,121.128,4.27,1.94,2.33,5.31,5.4,7567807.0,,217.0,13.84,3.31,,,,,4.0,163.382324,0.0001707919320947937,-0.0001707919320947937,0.001748093881538182,0.0013490702096108365,-9.000000000000075
2024-02-29,149.9,1.0807,2554.04,121.1824,4.25,1.92,2.33,5.32,5.4,,,,13.4,3.29,,,,,4.0,161.99693,-0.008515615884305383,0.008515615884305383,0.004674106901227049,0.00044901086304083293,-8.000000000000007
2024-03-01,150.2,1.0832,2584.12,121.0111,4.19,1.87,2.32,5.31,5.4,,20965.9,,13.11,3.32,0.725,2.3495,3.696,4.033,4.0,162.69663999999997,0.004309978070373255,-0.004309978070373255,0.011708605275721595,-0.0014145716426279265,-9.000000000000075
2024-03-02,,,,,,,,,5.4,,,,,,,,,,4.0,,,,,,
2024-03-03,,,,,,,,,5.4,,,,,,,,,,4.0,,,,,,
2024-03-04,150.44,1.0862,2604.91,120.872,4.22,1.88,2.34,5.31,5.4,,,,13.49,3.26,,,,,4.0,163.407928,,,,,-9.000000000000075
2024-03-05,150.14,1.0861,2608.86,120.8846,4.13,1.81,2.32,5.31,5.4,,,,14.46,3.31,,,,,4.0,163.06705399999998,-0.0020882097720340553,0.0020882097720340553,0.0015152186443705418,0.00010423707159468165,-9.000000000000075
2024-03-06,149.17,1.0913,2615.22,120.4649,4.11,1.81,2.3,5.31,5.4,7538857.0,,183.0,14.5,3.27,,,,,4.0,162.78922099999997,-0.0017052491459637054,0.0017052491459637054,0.0024348796887405655,-0.0034779473175756692,-9.000000000000075
2024-03-07,148.08,1.0941,2620.51,120.1909,4.09,1.81,2.28,5.31,5.4,,,,14.44,3.27,,,,,4.0,162.01432800000003,-0.004771465536896891,0.004771465536896891,0.0020207313211644262,-0.0022771121111251347,-9.000000000000075
2024-03-08,147.17,1.0941,2627.94,119.975,4.09,1.81,2.28,5.31,5.4,,,,14.74,3.26,,,,,4.0,161.018697,-0.006164287089220899,0.006164287089220899,0.002831313993064022,-0.001797924336124801,-9.000000000000075
2024-03-09,,,,,,,,,5.4,,,,,,,,,,4.0,,,,,,
2024-03-10,,,,,,,,,5.4,,,,,,,,,,4.0,,,,,,
2024-03-11,146.86,1.0928,2620.44,120.0394,4.1,1.83,2.27,5.31,5.4,,,,15.22,3.26,,,,,4.0,160.48860800000003,,,,,-9.000000000000075
2024-03-12,147.69,1.0918,2607.16,120.1668,4.16,1.86,2.3,5.31,5.4,,,,13.84,3.2,,,,,4.0,161.24794200000002,0.00472023094588625,-0.00472023094588625,-0.005080736310103973,0.0010607554005348518,-9.000000000000075
2024-03-13,147.73,1.0944,2619.34,119.9642,4.19,1.89,2.3,5.31,5.4,7541969.0,,179.0,13.75,3.15,,,,,4.0,161.675712,0.002649358415926173,-0.002649358415926173,0.004660871347773821,-0.0016874126878496654,-9.000000000000075
2024-03-14,148.19,1.0888,2615.17,120.241,4.29,1.99,2.3,5.31,5.4,,,,14.4,3.15,,,,,4.0,161.34927199999998,-0.0020211446624589513,0.0020211446624589513,-0.0015932726777228012,0.0023046971715983133,-9.000000000000075
2024-03-15,149.14,1.0888,2609.44,120.4003,4.31,1.99,2.32,5.31,5.4,,,,14.41,3.16,,,,,4.0,162.38363199999998,0.006390227913561475,-0.006390227913561475,-0.002193466037615721,0.0013239624558991636,-9.000000000000075
2024-03-16,,,,,,,,,5.4,,,,,,,,,,4.0,,,,,,
2024-03-17,,,,,,,,,5.4,,,,,,,,,,4.0,,,,,,
2024-03-18,149.13,1.0886,2613.02,120.5752,4.34,2.03,2.31,5.31,5.4,,,,14.33,3.13,,,,,4.0,162.342918,,,,,-9.000000000000075
2024-03-19,150.73,1.0859,2611.85,120.9332,4.3,2.0,2.3,5.31,5.4,,,,13.82,3.1,,,,,4.0,163.677707,0.008188417270502235,-0.008188417270502235,-0.00044785804031732823,0.0029647023641325987,-9.000000000000075
2024-03-20,151.66,1.0856,2634.18,120.9289,4.27,1.96,2.31,5.31,5.4,7514348.0,,173.0,13.04,3.14,,,,,4.0,164.64209599999998,0.0058747097481557375,-0.0058747097481557375,0.00851315560968402,-3.555745195704674e-05,-9.000000000000075
2024-03-21,151.59,1.0861,2633.66,120.8086,4.27,1.93,2.34,5.31,5.4,,,,12.92,3.05,,,,,4.0,164.64189900000002,-1.196535531100551e-06,1.196535531100551e-06,-0.00019742437192071804,-0.0009952945648139533,-9.000000000000075
2024-03-22,151.35,1.0817,2621.03,121.1842,4.22,1.87,2.35,5.31,5.4,,,,13.06,3.08,,,,,4.0,163.715295,-0.005643893153946422,0.005643893153946422,-0.004807143455397345,0.0031042270812502437,-9.000000000000075
2024-03-23,,,,,,,,,5.4,,,,,,,,,,4.0,,,,,,
2024-03-24,,,,,,,,,5.4,,,,,,,,,,4.0,,,,,,
2024-03-25,151.42,1.0837,2630.01,121.0295,4.25,1.92,2.33,5.31,5.4,,,,13.19,3.11,,,,,4.0,164.093854,,,,,-9.000000000000075
2024-03-26,151.58,1.0829,2635.74,121.0742,4.24,1.92,2.32,5.32,5.4,,,,13.24,3.15,,,,,4.0,164.145982,0.00031762141410673905,-0.00031762141410673905,0.002176329017379963,0.0003692632579177513,-8.000000000000007
2024-03-27,151.35,1.0821,2646.87,121.0089,4.2,1.88,2.32,5.33,5.4,7484739.0,,179.0,12.78,3.15,,,,,4.0,163.775835,-0.0022575329728864446,0.0022575329728864446,0.004213832355233649,-0.0005394841819503782,-7.000000000000028
2024-03-28,151.35,1.0801,2662.43,121.0635,4.2,1.88,2.32,5.34,5.4,,,,13.01,3.12,,,,,4.0,163.473135,-0.00184996815317362,0.00184996815317362,0.005861429773687199,0.0004511047184720951,-6.00000000000005
2024-03-29,151.22,1.0791,,121.0191,,,,,5.4,,,,,,,,,,4.0,163.181502,-0.0017855743923451683,0.0017855743923451683,,-0.0003668169500645746,
2024-03-30,,,,,,,,,5.4,,,,,,,,,,4.0,,,,,,
2024-03-31,,,,,,,,,5.4,,,,,3.15,,,,,4.0,,,,,,
2024-04-01,151.72,1.0733,2673.82,121.5151,4.33,1.98,2.35,5.35,5.4,,20955.5,,13.65,3.12,0.87,2.4457142857,3.856,4.2172,4.0,162.841076,,,,,-5.000000000000071
2024-04-02,151.55,1.0769,2684.82,121.3035,4.36,2.0,2.36,5.34,5.4,,,,14.61,3.23,,,,,4.0,163.204195,0.0022274155304700116,-0.0022274155304700116,0.004105525077527261,-0.001742865279370065,-6.00000000000005
2024-04-03,151.67,1.0827,2686.12,121.0198,4.36,2.0,2.36,5.32,5.4,7439558.0,,187.0,14.33,3.23,,,,,4.0,164.21310899999997,0.006162882541510761,-0.006162882541510761,0.0004840865939241823,-0.002341501041117411,-8.000000000000007
2024-04-04,151.66,1.0865,2681.95,120.7613,4.31,1.97,2.34,5.32,5.4,,,,16.35,3.24,,,,,4.0,164.77859,0.003437664589116096,-0.003437664589116096,-0.0015536313195561036,-0.0021382986386893066,-8.000000000000007
2024-04-05,151.59,1.0841,2690.68,120.9646,4.39,2.02,2.37,5.32,5.4,,,,16.03,3.18,,,,,4.0,164.33871900000003,-0.002673036330101297,0.002673036330101297,0.003249807890477463,0.0016820708739455625,-8.000000000000007
2024-04-06,,,,,,,,,5.4,,,,,,,,,,4.0,,,,,,
2024-04-07,,,,,,,,,5.4,,,,,,,,,,4.0,,,,,,
2024-04-08,151.78,1.0853,2690.87,120.7359,4.42,2.04,2.38,5.31,5.4,,,,15.19,3.15,,,,,4.0,164.726834,,,,,-9.000000000000075
2024-04-09,151.73,1.0856,2688.8,120.7048,4.36,2.0,2.36,5.31,5.4,,,,14.98,3.14,,,,,4.0,164.71808799999997,-5.309536992648134e-05,5.309536992648134e-05,-0.0007695639703397816,-0.00025762019553443594,-9.000000000000075
2024-04-10,152.9,1.0737,2683.1,121.5727,4.55,2.15,2.4,5.31,5.4,7438176.0,,150.0,15.8,3.1,,,,,4.0,164.16873,-0.0033407146827029166,0.0033407146827029166,-0.0021221549690730868,0.007164542415101671,-9.000000000000075
2024-04-11,153.19,1.0722,2702.17,121.6081,4.56,2.16,2.4,5.31,5.4,,,,14.91,3.16,,,,,4.0,164.250318,0.0004968530429358964,-0.0004968530429358964,0.007082311457423884,0.00029114140795627463,-9.000000000000075
2024-04-12,153.12,1.0647,2682.79,122.2885,4.5,2.11,2.39,5.31,5.4,,,,17.31,3.25,,,,,4.0,163.026864,-0.00747659639283782,0.00747659639283782,-0.007197856129545599,0.00557942804509004,-9.000000000000075
2024-04-13,,,,,,,,,5.4,,,,,,,,,,4.0,,,,,,
2024-04-14,,,,,,,,,5.4,,,,,,,,,,4.0,,,,,,
2024-04-15,154.25,1.0644,2680.77,122.425,4.63,2.2,2.43,5.32,5.4,,,,19.23,3.28,,,,,4.0,164.18370000000002,,,,,-8.000000000000007
2024-04-16,154.57,1.0628,2687.12,123.1234,4.67,2.24,2.43,5.31,5.4,,,,18.4,3.36,,,,,4.0,164.276996,0.0005680801608543007,-0.0005680801608543007,0.0023659214186784183,0.005688506895578982,-9.000000000000075
2024-04-17,154.61,1.0644,2678.82,123.0207,4.59,2.2,2.39,5.31,5.4,7405506.0,,174.0,18.21,3.42,,,,,4.0,164.56688400000002,0.0017630741681511353,-0.0017630741681511353,-0.003093589052226342,-0.0008344705882405989,-9.000000000000075
2024-04-18,154.61,1.066,2687.42,123.0017,4.64,2.24,2.4,5.3,5.4,,,,18.0,3.39,,,,,4.0,164.81426000000002,0.00150206562225641,-0.00150206562225641,0.003205226513408377,-0.00015445748060205489,-10.000000000000053
2024-04-19,154.55,1.0655,2694.01,123.1075,4.62,2.21,2.41,5.31,5.4,,,,18.71,3.37,,,,,4.0,164.673025,-0.0008573017234967395,0.0008573017234967395,0.002449164364908718,0.0008597809957331393,-9.000000000000075
2024-04-20,,,,,,,,,5.4,,,,,,,,,,4.0,,,,,,
2024-04-21,,,,,,,,,5.4,,,,,,,,,,4.0,,,,,,
2024-04-22,154.77,1.0655,2648.51,123.0609,4.62,2.21,2.41,5.31,5.4,,,,16.94,3.29,,,,,4.0,164.907435,,,,,-9.000000000000075
2024-04-23,154.81,1.0695,2643.2,122.7227,4.61,2.2,2.41,5.31,5.4,,,,15.69,3.2,,,,,4.0,165.56929499999998,0.004005491611493994,-0.004005491611493994,-0.0020069133729014865,-0.002752016110505906,-9.000000000000075
2024-04-24,155.11,1.0687,2639.79,122.89,4.65,2.24,2.41,5.31,5.4,7402434.0,,137.0,15.97,3.19,,,,,4.0,165.76605700000002,0.0011876910926762463,-0.0011876910926762463,-0.0012909358047501485,0.0013623076158033598,-9.000000000000075
2024-04-25,155.52,1.0721,2654.12,122.8384,4.7,2.28,2.42,5.31,5.4,,,,15.37,3.24,,,,,4.0,166.73299200000002,0.005816183406812669,-0.005816183406812669,0.005413781118245531,-0.0004199758819769528,-9.000000000000075
2024-04-26,157.62,1.0686,2662.84,122.9471,4.67,2.24,2.43,5.32,5.4,,,,15.03,3.16,,,,,4.0,168.43273200000002,0.010142770874852047,-0.010142770874852047,0.003280072755152297,0.0008845111455872967,-8.000000000000007
2024-04-27,,,,,,,,,5.4,,,,,,,,,,4.0,,,,,,
2024-04-28,,,,,,,,,5.4,,,,,,,,,,4.0,,,,,,
2024-04-29,156.71,1.0717,2659.91,122.5449,4.63,2.22,2.41,5.32,5.4,,,,14.67,3.12,,,,,4.0,167.946107,,,,,-8.000000000000007
2024-04-30,157.54,1.0684,2613.74,122.9853,4.69,2.28,2.41,5.34,5.4,,,,15.65,3.18,,,,,4.0,168.315736,0.0021984602569080636,-0.0021984602569080636,-0.01751014180196364,0.003587342594052245,-6.00000000000005
2024-05-01,157.65,1.068,2635.7,123.0168,4.63,2.25,2.38,5.32,5.4,7362474.0,21021.7,124.0,15.39,3.21,1.07,2.5195454545,3.844,4.2229,4.0,168.3702,0.00032353000022578016,-0.00032353000022578016,0.008366655529559175,0.000256095376196086,-8.000000000000007
2024-05-02,153.77,1.0706,2629.48,122.4384,4.58,2.21,2.37,5.31,5.4,,,,14.68,3.16,,,,,4.0,164.62616200000002,-0.022487908024327652,0.022487908024327652,-0.002362693352744749,-0.004712885044469317,-9.000000000000075
2024-05-03,152.85,1.077,2627.96,122.1375,4.5,2.15,2.35,5.31,5.4,,,,13.49,3.08,,,,,4.0,164.61945,-4.0771993650601246e-05,4.0771993650601246e-05,-0.0005782282032136266,-0.0024605870964089505,-9.000000000000075
2024-05-04,,,,,,,,,5.4,,,,,,,,,,4.0,,,,,,
2024-05-05,,,,,,,,,5.4,,,,,,,,,,4.0,,,,,,
2024-05-06,153.85,1.0779,2654.24,121.8913,4.49,2.14,2.35,5.31,5.4,,,,13.49,3.03,,,,,4.0,165.834915,,,,,-9.000000000000075
2024-05-07,154.59,1.0767,2643.32,122.093,4.47,2.15,2.32,5.31,5.4,,,,13.23,3.06,,,,,4.0,166.447053,0.0036844532742801306,-0.0036844532742801306,-0.00412265853209437,0.0016533854510205614,-9.000000000000075
2024-05-08,155.42,1.0755,2636.64,122.1926,4.48,2.17,2.31,5.31,5.4,7353408.0,,125.0,13.0,3.1,,,,,4.0,167.15420999999998,0.004239540658967478,-0.004239540658967478,-0.002530323549450486,0.000815439023168274,-9.000000000000075
2024-05-09,155.68,1.0771,2671.02,122.1634,4.45,2.13,2.32,5.31,5.4,,,,12.69,3.14,,,,,4.0,167.682928,0.003158063305538583,-0.003158063305538583,0.012955042651779713,-0.0002389955649872988,-9.000000000000075
2024-05-10,155.85,1.0773,2689.36,122.014,4.5,2.16,2.34,5.31,5.4,,,,12.55,3.12,,,,,4.0,167.89720499999999,0.001277054319073656,-0.001277054319073656,0.006842825159043109,-0.0012237006262099115,-9.000000000000075
2024-05-11,,,,,,,,,5.4,,,,,,,,,,4.0,,,,,,
2024-05-12,,,,,,,,,5.4,,,,,,,,,,4.0,,,,,,
2024-05-13,156.17,1.0796,2634.52,122.0261,4.48,2.15,2.33,5.31,5.4,,,,13.6,3.14,,,,,4.0,168.60113199999998,,,,,-9.000000000000075
2024-05-14,156.5,1.0818,2651.34,121.9256,4.45,2.12,2.33,5.31,5.4,,,,13.42,3.14,,,,,4.0,169.3017,0.004146570773930769,-0.004146570773930769,0.006364170360621202,-0.0008239336367443784,-9.000000000000075
2024-05-15,155.02,1.086,2674.18,121.3543,4.36,2.05,2.31,5.31,5.4,7304272.0,,130.0,12.45,3.13,,,,,4.0,168.35172000000003,-0.005626968070288285,0.005626968070288285,0.008577618725913005,-0.0046966564041825976,-9.000000000000075
2024-05-16,155.25,1.0875,2670.34,121.2236,4.38,2.07,2.31,5.31,5.4,,,,12.42,3.08,,,,,4.0,168.834375,0.0028628424291810006,-0.0028628424291810006,-0.0014369861693017683,-0.0010775920860677246,-9.000000000000075
2024-05-17,155.57,1.0869,2695.44,121.2354,4.42,2.1,2.32,5.31,5.4,,,,11.99,3.09,,,,,4.0,169.089033,0.0015071938917436967,-0.0015071938917436967,0.009355651211779836,9.733604452222266e-05,-9.000000000000075
2024-05-18,,,,,,,,,5.4,,,,,,,,,,4.0,,,,,,
2024-05-19,,,,,,,,,5.4,,,,,,,,,,4.0,,,,,,
2024-05-20,156.09,1.0861,2702.75,121.2289,4.44,2.11,2.33,5.31,5.4,,,,12.15,3.07,,,,,4.0,169.52934900000002,,,,,-9.000000000000075
2024-05-21,156.08,1.0855,2702.38,121.3793,4.41,2.09,2.32,5.31,5.4,,,,11.86,3.07,,,,,4.0,169.42484,-0.0006166556231104181,0.0006166556231104181,-0.00013690697562473986,0.0012398593227009869,-9.000000000000075
2024-05-22,156.49,1.0836,2674.54,121.5462,4.43,2.1,2.33,5.31,5.4,7299566.0,,123.0,12.29,3.11,,,,,4.0,169.572564,0.000871534752818981,-0.000871534752818981,-0.01035546327123793,0.0013740840402549637,-9.000000000000075
2024-05-23,157.05,1.0827,2635.8,121.7477,4.47,2.17,2.3,5.31,5.4,,,,12.77,3.1,,,,,4.0,170.038035,0.0027412059154876545,-0.0027412059154876545,-0.01459066171622947,0.0016564331951807176,-9.000000000000075
2024-05-24,156.9,1.0852,2640.37,121.6172,4.46,2.14,2.32,5.32,5.4,,,,11.93,3.11,,,,,4.0,170.26788,0.0013508142222553587,-0.0013508142222553587,0.001732317625418034,-0.0010724637160759443,-8.000000000000007
2024-05-25,,,,,,,,,5.4,,,,,,,,,,4.0,,,,,,
2024-05-26,,,,,,,,,5.4,,,,,,,,,,4.0,,,,,,
2024-05-27,,,,,,,,,5.4,,,,12.36,3.12,,,,,4.0,,,,,,
2024-05-28,156.9,1.0879,2663.03,121.43,4.54,2.2,2.34,5.32,5.4,,,,12.92,3.09,,,,,4.0,170.69151000000002,,,,,-8.000000000000007
2024-05-29,157.62,1.0811,2643.78,122.1641,4.61,2.25,2.36,5.33,5.4,7284319.0,,112.0,14.28,3.15,,,,,4.0,170.402982,-0.0016917779417946477,0.0016917779417946477,-0.007254860992589762,0.0060272578223701245,-7.000000000000028
2024-05-30,156.63,1.0837,2649.27,121.9601,4.55,2.19,2.36,5.33,5.4,,,,14.47,3.19,,,,,4.0,169.739931,-0.0038986662047086895,0.0038986662047086895,0.0020744190849208977,-0.0016712808274155222,-7.000000000000028
2024-05-31,157.19,1.0846,2636.96,122.098,4.51,2.16,2.35,5.34,5.4,,,,12.92,3.2,,,,,4.0,170.488274,0.004399072127585946,-0.004399072127585946,-0.004657391846987657,0.0011300589054430432,-6.00000000000005
2024-06-01,,,,,,,,,5.4,,21070.7,,,,1.05,2.4845,3.942,4.1644,4.0,,,,,,
2024-06-02,,,,,,,,,5.4,,,,,,,,,,4.0,,,,,,
2024-06-03,156.04,1.089,2657.43,122.3509,4.41,2.08,2.33,5.35,5.4,,,,13.11,3.17,,,,,4.0,169.92756,,,,,-5.000000000000071
2024-06-04,154.87,1.0878,2637.27,122.7256,4.33,2.02,2.31,5.33,5.4,,,,13.16,3.22,,,,,4.0,168.467586,-0.008628865254473261,0.008628865254473261,-0.0076151991331778746,0.0030578231039086745,-7.000000000000028
2024-06-05,156.21,1.0865,2664.37,122.5339,4.29,1.99,2.3,5.33,5.4,7255687.0,,129.0,12.63,3.2,,,,,4.0,169.72216500000002,0.007419413222458537,-0.007419413222458537,0.010223340714618168,-0.0015632425169140873,-7.000000000000028
2024-06-06,155.98,1.0883,2680.21,122.3713,4.28,2.0,2.28,5.33,5.4,,,,12.58,3.2,,,,,4.0,169.75303399999999,0.000181863064966592,-0.000181863064966592,0.005927517739014121,-0.001327860934692282,-7.000000000000028
2024-06-07,156.58,1.0807,2596.7,123.549,4.43,2.13,2.3,5.33,5.4,,,,12.22,3.15,,,,,4.0,169.21600600000002,-0.0031685988154803724,0.0031685988154803724,-0.03165374155924816,0.009577973052765643,-7.000000000000028
2024-06-08,,,,,,,,,5.4,,,,,,,,,,4.0,,,,,,
2024-06-09,,,,,,,,,5.4,,,,,,,,,,4.0,,,,,,
2024-06-10,156.93,1.0751,2620.27,123.9125,4.47,2.16,2.31,5.32,5.4,,,,12.74,3.15,,,,,4.0,168.715443,,,,,-8.000000000000007
2024-06-11,157.32,1.0733,2627.69,124.0349,4.39,2.12,2.27,5.32,5.4,,,,12.85,3.19,,,,,4.0,168.851556,0.0008064355092756159,-0.0008064355092756159,0.0028277673398262593,0.0009873062588487969,-8.000000000000007
2024-06-12,155.88,1.0843,2634.52,123.8295,4.31,2.09,2.22,5.31,5.4,7258974.0,,114.0,12.04,3.09,,,,,3.75,169.020684,0.0010011358975576812,-0.0010011358975576812,0.0025958689734348894,-0.0016573581927588066,-9.000000000000075
2024-06-13,156.77,1.0756,2616.32,124.0235,4.24,2.03,2.21,5.31,5.4,,,,11.94,3.2,,,,,3.75,168.621812,-0.002362689473495827,0.002362689473495827,-0.006932251938756906,0.0015654443530506157,-9.000000000000075
2024-06-14,157.28,1.0699,2643.35,124.1694,4.2,2.03,2.17,5.31,5.4,,,,12.66,3.29,,,,,3.75,168.273872,-0.0020655659317316832,0.0020655659317316832,0.010278301856025074,0.0011756985538751152,-9.000000000000075
2024-06-15,,,,,,,,,5.4,,,,,,,,,,3.75,,,,,,
2024-06-16,,,,,,,,,5.4,,,,,,,,,,3.75,,,,,,
2024-06-17,157.8,1.0723,2614.7,124.239,4.28,2.06,2.22,5.33,5.4,,,,12.75,3.26,,,,,3.75,169.20894,,,,,-7.000000000000028
2024-06-18,157.81,1.0739,2622.19,123.9776,4.22,2.01,2.21,5.33,5.4,,,,12.3,3.24,,,,,3.75,169.472159,0.0015543769863386458,-0.0015543769863386458,0.002860478301870195,-0.002106225745055035,-7.000000000000028
2024-06-19,,,,,,,,,5.4,7252542.0,,120.0,12.48,3.24,,,,,3.75,,,,,,
2024-06-20,158.77,1.0708,2642.58,124.192,4.25,2.0,2.25,5.32,5.4,,,,13.28,3.23,,,,,3.75,170.010916,,,,,-8.000000000000007
2024-06-21,159.45,1.0694,2618.54,124.1086,4.25,2.02,2.23,5.31,5.4,,,,13.2,3.21,,,,,3.75,170.51582999999997,0.0029654902350797485,-0.0029654902350797485,-0.00913880212333762,-0.0006717664245377009,-9.000000000000075
2024-06-22,,,,,,,,,5.4,,,,,,,,,,3.75,,,,,,
2024-06-23,,,,,,,,,5.4,,,,,,,,,,3.75,,,,,,
2024-06-24,159.71,1.0727,2627.55,123.7125,4.25,2.03,2.22,5.31,5.4,,,,13.33,3.19,,,,,3.75,171.320917,,,,,-9.000000000000075
2024-06-25,159.68,1.0705,2622.07,123.9417,4.23,2.01,2.22,5.33,5.4,,,,12.84,3.19,,,,,3.75,170.93744,-0.0022408636787103475,0.0022408636787103475,-0.0020877709207569595,0.0018509685314294089,-7.000000000000028
2024-06-26,160.68,1.0682,2603.32,124.26,4.32,2.06,2.26,5.34,5.4,7231163.0,,124.0,12.55,3.18,,,,,3.75,171.63837600000002,0.004092156803859659,-0.004092156803859659,-0.007176528631426926,0.0025648508813089776,-6.00000000000005
2024-06-27,160.7,1.0708,2625.96,124.3379,4.29,2.03,2.26,5.34,5.4,,,,12.24,3.21,,,,,3.75,172.07755999999998,0.002555506992912626,-0.002555506992912626,0.008658989940687256,0.0006267148881766715,-6.00000000000005
2024-06-28,160.88,1.0711,2628.28,124.2103,4.36,2.08,2.28,5.33,5.4,,,,12.44,3.18,,,,,3.75,172.318568,0.0013995978453165137,-0.0013995978453165137,0.0008830963757926469,-0.0010267627060676077,-7.000000000000028
2024-06-29,,,,,,,,,5.4,,,,,,,,,,3.75,,,,,,
2024-06-30,,,,,,,,,5.4,,,,,3.21,,,,,3.75,,,,,,
2024-07-01,161.55,1.0728,2634.67,124.4667,4.48,2.16,2.32,5.4,5.4,,21098.8,,12.22,3.21,1.045,2.4582608696,3.83,4.1386,3.75,173.31084,,,,,0.0
2024-07-02,161.53,1.0737,2637.59,124.2917,4.43,2.13,2.3,5.35,5.4,,,,12.03,3.23,,,,,3.75,173.434761,0.0007147661277802086,-0.0007147661277802086,0.0011076844839070787,-0.0014069878956401993,-5.000000000000071
2024-07-03,161.48,1.0799,2657.56,123.7768,4.36,2.09,2.27,5.33,5.4,7221520.0,,211.0,12.09,3.25,,,,,3.75,174.382252,0.005448228857697579,-0.005448228857697579,0.007542787146881835,-0.004151278694748406,-7.000000000000028
2024-07-04,,,,,,,,,5.4,,,,12.26,3.25,,,,,3.75,,,,,,
2024-07-05,160.73,1.0828,2676.3,123.4762,4.28,2.0,2.28,5.32,5.4,,,,12.48,3.27,,,,,3.75,174.038444,,,,,-8.000000000000007
2024-07-06,,,,,,,,,5.4,,,,,,,,,,3.75,,,,,,
2024-07-07,,,,,,,,,5.4,,,,,,,,,,3.75,,,,,,
2024-07-08,160.77,1.0835,2662.79,123.3576,4.28,2.01,2.27,5.32,5.4,,,,12.37,3.2,,,,,3.75,174.19429499999998,,,,,-8.000000000000007
2024-07-09,161.4,1.0813,2666.88,123.4071,4.3,2.04,2.26,5.34,5.4,,,,12.51,3.21,,,,,3.75,174.52182,0.0018784626360579537,-0.0018784626360579537,0.0015348045199328197,0.0004011919100577188,-6.00000000000005
2024-07-10,161.73,1.0823,2673.25,123.1895,4.28,2.01,2.27,5.34,5.4,7224079.0,,122.0,12.85,3.17,,,,,3.75,175.040379,0.002966907645447492,-0.002966907645447492,0.0023857108427325358,-0.0017648260882614508,-6.00000000000005
2024-07-11,158.58,1.087,2695.72,122.769,4.2,1.95,2.25,5.34,5.4,,,,12.92,3.18,,,,,3.75,172.37646,-0.015335878467324982,0.015335878467324982,0.00837036943509517,-0.003419279347438575,-6.00000000000005
2024-07-12,157.88,1.0902,2697.57,122.4404,4.18,1.94,2.24,5.34,5.4,,,,12.46,3.19,,,,,3.75,172.120776,-0.0014843895406357888,0.0014843895406357888,0.0006860376773945021,-0.0026801598690875394,-6.00000000000005
2024-07-13,,,,,,,,,5.4,,,,,,,,,,3.75,,,,,,
2024-07-14,,,,,,,,,5.4,,,,,,,,,,3.75,,,,,,
2024-07-15,157.89,1.0912,2673.97,122.6347,4.23,1.96,2.27,5.34,5.4,,,,13.12,3.13,,,,,3.75,172.28956799999997,,,,,-6.00000000000005
2024-07-16,158.57,1.0885,2696.28,122.7264,4.17,1.91,2.26,5.35,5.4,,,,13.19,3.08,,,,,3.75,172.603445,0.0018201417530834263,-0.0018201417530834263,0.0083087857545312,0.0007474697844891409,-5.000000000000071
2024-07-17,156.56,1.0933,2693.17,122.518,4.16,1.9,2.26,5.35,5.4,7208247.0,,163.0,14.48,3.09,,,,,3.75,171.167048,-0.008356769347818371,0.008356769347818371,-0.0011541067623603851,-0.0016995295318622539,-5.000000000000071
2024-07-18,156.97,1.0913,2687.77,122.7909,4.2,1.89,2.31,5.34,5.4,,,,15.93,3.09,,,,,3.75,171.30136099999999,0.0007843818779003087,-0.0007843818779003087,-0.0020070849378637234,0.0022249507668128388,-6.00000000000005
2024-07-19,157.38,1.0888,2662.81,123.147,4.25,1.93,2.32,5.34,5.4,,,,16.52,3.09,,,,,3.75,171.355344,0.00031508503793364895,-0.00031508503793364895,-0.009329897341022964,0.0028958550012321282,-6.00000000000005
2024-07-20,,,,,,,,,5.4,,,,,,,,,,3.75,,,,,,
2024-07-21,,,,,,,,,5.4,,,,,,,,,,3.75,,,,,,
2024-07-22,157.08,1.088,2667.37,123.2172,4.26,1.96,2.3,5.33,5.4,,,,14.91,3.05,,,,,3.75,170.90304000000003,,,,,-7.000000000000028
2024-07-23,156.02,1.0855,2674.93,123.3843,4.25,1.96,2.29,5.34,5.4,,,,14.72,3.02,,,,,3.75,169.35971,-0.009071463647183364,0.009071463647183364,0.002830243545466793,0.0013552231075237842,-6.00000000000005
2024-07-24,153.39,1.0853,2668.63,123.5575,4.28,2.0,2.28,5.34,5.4,7205455.0,,159.0,18.04,3.1,,,,,3.75,166.47416699999997,-0.017184770266527316,0.017184770266527316,-0.0023579796686235,0.0014027599086183784,-6.00000000000005
2024-07-25,153.97,1.0861,2641.58,123.5286,4.27,1.99,2.28,5.35,5.4,,,,18.46,3.08,,,,,3.75,167.226817,0.00451093231583144,-0.00451093231583144,-0.010188009126576247,-0.00023392655541432106,-5.000000000000071
2024-07-26,153.86,1.0859,2663.83,123.672,4.2,1.93,2.27,5.35,5.4,,,,16.39,3.1,,,,,3.75,167.07657400000002,-0.0008988422741742497,0.0008988422741742497,0.008387713842063604,0.0011601914888981213,-5.000000000000071
2024-07-27,,,,,,,,,5.4,,,,,,,,,,3.75,,,,,,
2024-07-28,,,,,,,,,5.4,,,,,,,,,,3.75,,,,,,
2024-07-29,153.96,1.0819,2662.33,124.1392,4.17,1.92,2.25,5.33,5.4,,,,16.6,3.13,,,,,3.75,166.56932400000002,,,,,-7.000000000000028
2024-07-30,153.72,1.0809,2677.81,124.2855,4.15,1.9,2.25,5.33,5.4,,,,17.69,3.2,,,,,3.75,166.155948,-0.0024847899902722403,0.0024847899902722403,0.005797617051210402,0.0011778218261957463,-7.000000000000028
2024-07-31,150.38,1.0823,2702.7,123.6373,4.09,1.85,2.24,5.38,5.4,7178391.0,,155.0,16.36,3.25,,,,,3.75,162.756274,-0.0206729628678195,0.0206729628678195,0.0092519770603543,-0.00522905902143922,-2.000000000000046
2024-08-01,150.06,1.0789,2699.04,123.8693,3.99,1.79,2.2,5.35,5.4,,21191.9,,18.59,3.35,0.89,2.2077272727,3.682,3.9444,3.75,161.899734,-0.005276612576103901,0.005276612576103901,-0.00135511911350239,0.0018746980318651296,-5.000000000000071
2024-08-02,146.98,1.0914,2695.69,123.4681,3.8,1.76,2.04,5.35,5.4,,,,23.39,3.72,,,,,3.75,160.41397199999997,-0.009219418822020486,0.009219418822020486,-0.0012419529543086227,-0.003244154356520923,-5.000000000000071
2024-08-03,,,,,,,,,5.4,,,,,,,,,,3.75,,,,,,
2024-08-04,,,,,,,,,5.4,,,,,,,,,,3.75,,,,,,
2024-08-05,143.95,1.0957,2674.03,123.5787,3.78,1.71,2.07,5.32,5.4,,,,38.57,3.93,,,,,3.75,157.72601499999996,,,,,-8.000000000000007
2024-08-06,145.11,1.0926,2667.05,123.6532,3.9,1.78,2.12,5.33,5.4,,,,27.71,3.67,,,,,3.75,158.547186,0.0051928069950868405,-0.0051928069950868405,-0.002613705083477136,0.0006026730551758064,-7.000000000000028
2024-08-07,147.42,1.0925,2668.23,123.5698,3.96,1.85,2.11,5.33,5.4,7175256.0,,149.0,27.85,3.57,,,,,3.75,161.05634999999998,0.01570205126626867,-0.01570205126626867,0.0004423385536425073,-0.0006746945321731701,-7.000000000000028
2024-08-08,147.08,1.0914,2696.55,123.4466,3.99,1.87,2.12,5.34,5.4,,,,23.79,3.48,,,,,3.75,160.523112,-0.0033163715456847598,0.0033163715456847598,0.010557846944069915,-0.0009975047018375705,-6.00000000000005
2024-08-09,146.49,1.0925,2703.16,122.9276,3.94,1.84,2.1,5.34,5.4,,,,20.37,3.49,,,,,3.75,160.04032500000002,-0.0030121174737791634,0.0030121174737791634,0.002448280852763496,-0.004213109714410024,-6.00000000000005
2024-08-10,,,,,,,,,5.4,,,,,,,,,,3.75,,,,,,
2024-08-11,,,,,,,,,5.4,,,,,,,,,,3.75,,,,,,
2024-08-12,147.54,1.0928,2686.92,123.2204,3.9,1.79,2.11,5.34,5.4,,,,20.71,3.52,,,,,3.75,161.231712,,,,,-6.00000000000005
2024-08-13,146.97,1.0954,2690.48,123.0146,3.85,1.76,2.09,5.34,5.4,,,,18.12,3.54,,,,,3.75,160.990938,-0.0014944576044673141,0.0014944576044673141,0.0013240601480628555,-0.0016715742921995513,-6.00000000000005
2024-08-14,146.86,1.1024,2680.27,122.4297,3.83,1.77,2.06,5.33,5.4,7177688.0,,151.0,16.19,3.46,,,,,3.75,161.89846400000002,0.005621295614644417,-0.005621295614644417,-0.0038020806403151752,-0.004766059812205903,-7.000000000000028
2024-08-15,148.91,1.0986,2686.32,122.5844,3.92,1.8,2.12,5.35,5.4,,,,15.23,3.31,,,,,3.75,163.592526,0.010409365227775247,-0.010409365227775247,0.0022546915501271414,0.001262784636128167,-5.000000000000071
2024-08-16,148.13,1.0996,2712.8,122.3972,3.89,1.81,2.08,5.32,5.4,,,,14.8,3.29,,,,,3.75,162.88374799999997,-0.0043419946255829345,0.0043419946255829345,0.009809084562307113,-0.0015282783395642596,-8.000000000000007
2024-08-17,,,,,,,,,5.4,,,,,,,,,,3.75,,,,,,
2024-08-18,,,,,,,,,5.4,,,,,,,,,,3.75,,,,,,
2024-08-19,146.42,1.107,2717.79,121.8788,3.86,1.79,2.07,5.32,5.4,,,,14.65,3.21,,,,,3.75,162.08693999999997,,,,,-8.000000000000007
2024-08-20,145.7,1.1106,2721.05,121.7728,3.82,1.75,2.07,5.32,5.4,,,,15.88,3.25,,,,,3.75,161.81441999999998,-0.001682734918468043,0.001682734918468043,0.0011987851786079418,-0.0008700948952311549,-8.000000000000007
2024-08-21,145.19,1.1143,2721.52,121.8535,3.79,1.72,2.07,5.31,5.4,7139952.0,,151.0,16.27,3.27,,,,,3.75,161.78521700000002,-0.0001804884600611345,0.0001804884600611345,0.00017271252410822058,0.0006624900755918262,-9.000000000000075
2024-08-22,145.97,1.1114,2708.41,122.3626,3.86,1.76,2.1,5.31,5.4,,,,17.55,3.21,,,,,3.75,162.231058,0.002751968439702601,-0.002751968439702601,-0.004828800914251197,0.004169264331578049,-9.000000000000075
2024-08-23,144.86,1.1176,2725.62,121.4597,3.81,1.68,2.13,5.33,5.4,,,,15.86,3.19,,,,,3.75,161.895536,-0.002070315278374757,0.002070315278374757,0.006334178332225271,-0.007406247313634928,-7.000000000000028
2024-08-24,,,,,,,,,5.4,,,,,,,,,,3.75,,,,,,
2024-08-25,,,,,,,,,5.4,,,,,,,,,,3.75,,,,,,
2024-08-26,144.51,1.1164,2729.95,121.6943,3.82,1.67,2.15,5.34,5.4,,,,16.15,3.15,,,,,3.75,161.330964,,,,,-6.00000000000005
2024-08-27,144.26,1.116,2734.76,121.8672,3.83,1.68,2.15,5.35,5.4,,,,15.43,3.17,,,,,3.75,160.99416,-0.0020898409556231456,0.0020898409556231456,0.0017603866416209257,0.001419764856460226,-5.000000000000071
2024-08-28,144.47,1.1127,2729.24,121.8943,3.84,1.69,2.15,5.35,5.4,7123238.0,,145.0,17.11,3.19,,,,,3.75,160.751769,-0.0015067233118379875,0.0015067233118379875,-0.0020204984911824653,0.00022234848498747795,-5.000000000000071
2024-08-29,144.98,1.1086,2734.88,122.2333,3.87,1.71,2.16,5.33,5.4,,,,15.65,3.15,,,,,3.75,160.724828,-0.00016760784650937666,0.00016760784650937666,0.002064377064550982,0.002777237951740119,-7.000000000000028
2024-08-30,145.95,1.106,2731.79,122.3262,3.91,1.76,2.15,5.32,5.4,,,,15.0,3.13,,,,,3.75,161.4207,0.0043202405239686215,-0.0043202405239686215,-0.0011304872359536589,0.0007597333529751893,-8.000000000000007
2024-08-31,,,,,,,,,5.4,,,,,3.17,,,,,3.75,,,,,,
2024-09-01,,,,,,,,,5.4,,21275.5,,,,0.855,2.1671428571,3.565,3.9053,3.75,,,,,,
2024-09-02,,,,,,,,,5.4,,,,15.55,3.17,,,,,3.75,,,,,,
2024-09-03,145.82,1.1043,2730.01,122.7811,3.84,1.73,2.11,5.34,5.4,,,,20.72,3.31,,,,,3.75,161.029026,,,,,-6.00000000000005
2024-09-04,144.31,1.1081,2731.08,122.5144,3.77,1.7,2.07,5.35,5.4,7112567.0,,137.0,21.32,3.35,,,,,3.75,159.90991100000002,-0.006974034041102861,0.006974034041102861,0.0003918631678629936,-0.0021745209764700846,-5.000000000000071
2024-09-05,143.43,1.1096,2741.41,122.4533,3.73,1.7,2.03,5.35,5.4,,,,19.9,3.29,,,,,3.75,159.149928,-0.004763899083522816,0.004763899083522816,0.0037752512180171394,-0.0004988412861530733,-5.000000000000071
2024-09-06,142.13,1.1086,2737.02,122.4991,3.72,1.69,2.03,5.34,5.4,,,,22.38,3.39,,,,,3.75,157.565318,-0.010006611570118729,0.010006611570118729,-0.0016026492771237244,0.00037395020856045846,-6.00000000000005
2024-09-07,,,,,,,,,5.4,,,,,,,,,,3.75,,,,,,
2024-09-08,,,,,,,,,5.4,,,,,,,,,,3.75,,,,,,
2024-09-09,142.92,1.1042,2744.97,122.7156,3.7,1.66,2.04,5.34,5.4,,,,19.45,3.36,,,,,3.75,157.812264,,,,,-6.00000000000005
2024-09-10,142.28,1.1025,2750.66,123.0071,3.65,1.63,2.02,5.33,5.4,,,,19.08,3.46,,,,,3.75,156.8637,-0.006028848603897963,0.006028848603897963,0.002070736943062812,0.0023725942840666647,-7.000000000000028
2024-09-11,141.72,1.1012,2752.25,122.7754,3.65,1.61,2.04,5.32,5.4,7115001.0,,137.0,17.69,3.44,,,,,3.75,156.062064,-0.005123501135532393,0.005123501135532393,0.0005778760852885867,-0.0018854073714482666,-8.000000000000007
2024-09-12,142.24,1.1041,2767.54,122.4423,3.68,1.63,2.05,5.33,5.4,,,,17.07,3.39,,,,,3.75,157.04718400000002,0.006292520944962909,-0.006292520944962909,0.005540080005697057,-0.0027167713006033267,-7.000000000000028
2024-09-13,140.66,1.1085,2778.16,121.6551,3.66,1.58,2.08,5.33,5.4,,,,16.56,3.37,,,,,3.75,155.92161000000002,-0.007192914274448015,0.007192914274448015,0.00382999909189774,-0.006449906709724118,-7.000000000000028
2024-09-14,,,,,,,,,5.4,,,,,,,,,,3.75,,,,,,
2024-09-15,,,,,,,,,5.4,,,,,,,,,,3.75,,,,,,
2024-09-16,140.79,1.1123,2739.32,121.4976,3.63,1.54,2.09,5.38,5.4,,,,17.14,3.32,,,,,3.75,156.600717,,,,,-2.000000000000046
2024-09-17,141.77,1.1118,2731.59,121.6031,3.65,1.53,2.12,5.38,5.4,,,,17.61,3.25,,,,,3.75,157.619886,0.006486987576489689,-0.006486987576489689,-0.002825857176949498,0.0008679531290791687,-2.000000000000046
2024-09-18,141.93,1.1116,2719.42,121.5618,3.7,1.58,2.12,5.33,5.4,7109137.0,,157.0,18.23,3.21,,,,,3.5,157.769388,0.0009480475306062885,-0.0009480475306062885,-0.0044652349640808,-0.0003396871867371587,-7.000000000000028
2024-09-19,142.88,1.1147,2746.36,121.3059,3.73,1.56,2.17,4.82,4.9,,,,16.33,3.1,,,,,3.5,159.268336,0.009456030344251687,-0.009456030344251687,0.009857776258543893,-0.0021073209381086144,-8.000000000000007
2024-09-20,143.9,1.1159,2760.95,121.4052,3.73,1.58,2.15,4.83,4.9,,,,16.15,3.15,,,,,3.5,160.57800999999998,0.008189440561210404,-0.008189440561210404,0.005298424868927398,0.0008182568126509082,-7.000000000000028
2024-09-21,,,,,,,,,4.9,,,,,,,,,,3.5,,,,,,
2024-09-22,,,,,,,,,4.9,,,,,,,,,,3.5,,,,,,
2024-09-23,143.59,1.113,2762.91,121.4303,3.75,1.58,2.17,4.83,4.9,,,,15.89,3.15,,,,,3.5,159.81567,,,,,-7.000000000000028
2024-09-24,143.77,1.115,2780.39,121.1291,3.74,1.55,2.19,4.84,4.9,,,,15.39,3.21,,,,,3.5,160.30355,0.003048116746890095,-0.003048116746890095,0.006306733512064788,-0.0024835166545864595,-6.00000000000005
2024-09-25,144.41,1.1143,2772.43,121.4447,3.79,1.61,2.18,4.84,4.9,7080059.0,,153.0,15.41,3.19,,,,,3.5,160.916063,0.003813675862762267,-0.003813675862762267,-0.002867013680416086,0.002602096170936541,-6.00000000000005
2024-09-26,144.68,1.1184,2778.78,121.0785,3.79,1.63,2.16,4.83,4.9,,,,15.37,3.14,,,,,3.5,161.810112,0.005540618371960626,-0.005540618371960626,0.002287790506808385,-0.0030199195648847876,-7.000000000000028
2024-09-27,142.6,1.1159,2774.91,121.1111,3.75,1.6,2.15,4.84,4.9,,,,16.96,3.14,,,,,3.5,159.12733999999998,-0.016718737391592242,0.016718737391592242,-0.0013936682192898786,0.00026921057053552744,-6.00000000000005
2024-09-28,,,,,,,,,4.9,,,,,,,,,,3.5,,,,,,
2024-09-29,,,,,,,,,4.9,,,,,,,,,,3.5,,,,,,
2024-09-30,143.25,1.1145,2771.62,121.2864,3.81,1.63,2.18,4.96,4.9,,,,16.73,3.03,,,,,3.5,159.652125,,,,,5.999999999999961
2024-10-01,143.66,1.1067,2779.41,121.6881,3.74,1.55,2.19,5.05,4.9,,21336.7,,19.26,3.07,0.935,2.2295652174,3.501,4.1993,3.5,158.988522,-0.0041652185033767,0.0041652185033767,0.0028066881691541923,0.00330652283252153,14.999999999999947
2024-10-02,146.05,1.105,2782.58,121.5724,3.79,1.58,2.21,4.92,4.9,7046925.0,,157.0,18.9,3.06,,,,,3.5,161.38525,0.014962352868208129,-0.014962352868208129,0.0011398799146480343,-0.0009512436973890814,1.9999999999999574
2024-10-03,146.82,1.1015,2783.79,122.1197,3.85,1.64,2.21,4.85,4.9,,,,20.49,3.04,,,,,3.5,161.72222999999997,0.002085870139429069,-0.002085870139429069,0.0004347537152797898,0.004491741178162201,-5.000000000000071
2024-10-04,148.69,1.0961,2786.51,122.2197,3.98,1.75,2.23,4.83,4.9,,,,19.21,2.89,,,,,3.5,162.97910900000002,0.00774179300577682,-0.00774179300577682,0.0009766081597710752,0.0008185336100794416,-7.000000000000028
2024-10-05,,,,,,,,,4.9,,,,,,,,,,3.5,,,,,,
2024-10-06,,,,,,,,,4.9,,,,,,,,,,3.5,,,,,,
2024-10-07,148.13,1.0976,2785.58,122.4241,4.03,1.76,2.27,4.83,4.9,,,,22.64,2.95,,,,,3.5,162.58748799999998,,,,,-7.000000000000028
2024-10-08,148.22,1.097,2782.2,122.6625,4.04,1.77,2.27,4.84,4.9,,,,21.42,2.99,,,,,3.5,162.59734,6.059323286145002e-05,-6.059323286145002e-05,-0.0012141285809450508,0.001945435410909191,-6.00000000000005
2024-10-09,149.2,1.0951,2778.13,122.8821,4.06,1.77,2.29,4.83,4.9,7046840.0,,155.0,20.86,2.94,,,,,3.5,163.38891999999998,0.004856533252930895,-0.004856533252930895,-0.0014639421497921745,0.0017886775644706532,-7.000000000000028
2024-10-10,148.56,1.0925,2788.09,123.0951,4.09,1.76,2.33,4.82,4.9,,,,20.93,2.99,,,,,3.5,162.30180000000001,-0.006675806037177878,0.006675806037177878,0.003578734088875102,0.0017318682645282024,-8.000000000000007
2024-10-11,149.12,1.0942,2804.01,122.9805,4.08,1.75,2.33,4.81,4.9,,,,20.46,2.98,,,,,3.5,163.16710400000002,0.005317288552810773,-0.005317288552810773,0.005693761917377138,-0.0009314211428117503,-9.000000000000075
2024-10-12,,,,,,,,,4.9,,,,,,,,,,3.5,,,,,,
2024-10-13,,,,,,,,,4.9,,,,,,,,,,3.5,,,,,,
2024-10-14,,,2760.55,,,,,,4.9,,,,19.7,2.97,,,,,3.5,,,,,,
2024-10-15,149.22,1.0899,2768.61,123.5124,4.03,1.75,2.28,4.86,4.9,,,,20.64,2.93,,,,,3.5,162.63487800000001,,,0.002915453960123493,,-4.0000000000000036
2024-10-16,149.71,1.0873,2778.71,123.9235,4.02,1.75,2.27,4.86,4.9,7039284.0,,159.0,19.58,2.9,,,,,3.5,162.779683,0.0008899725268154413,-0.0008899725268154413,0.0036414020320938434,0.003322883852062475,-4.0000000000000036
2024-10-17,150.12,1.0837,2789.48,124.1122,4.09,1.79,2.3,4.85,4.9,,,,19.11,2.89,,,,,3.5,162.68504400000003,-0.0005815622696800915,0.0005815622696800915,0.0038684073031642896,0.0015215554567786782,-5.000000000000071
2024-10-18,149.58,1.0854,2804.88,123.9185,4.08,1.77,2.31,4.84,4.9,,,,18.03,2.88,,,,,3.5,162.354132,-0.0020361368029435667,0.0020361368029435667,0.005505558776812691,-0.0015619037431928717,-6.00000000000005
2024-10-19,,,,,,,,,4.9,,,,,,,,,,3.5,,,,,,
2024-10-20,,,,,,,,,4.9,,,,,,,,,,3.5,,,,,,
2024-10-21,150.47,1.082,2806.29,124.4757,4.19,1.88,2.31,4.82,4.9,,,,18.37,2.88,,,,,3.5,162.80854000000002,,,,,-8.000000000000007
2024-10-22,151.11,1.0805,2820.78,124.4107,4.2,1.87,2.33,4.83,4.9,,,,18.2,2.92,,,,,3.5,163.274355,0.002857036195395679,-0.002857036195395679,0.005150116144760908,-0.0005223266637131019,-7.000000000000028
2024-10-23,152.81,1.0779,2805.16,124.6931,4.24,1.93,2.31,4.83,4.9,7029408.0,,163.0,19.24,2.95,,,,,3.25,164.71389900000003,0.00877807803213937,-0.00877807803213937,-0.005552864103051114,0.00226732888843717,-7.000000000000028
2024-10-24,151.87,1.0806,2817.34,124.5127,4.21,1.91,2.3,4.83,4.9,,,,19.08,2.93,,,,,3.25,164.110722,-0.003668689252604551,0.003668689252604551,0.0043325990406328785,-0.001447799621932866,-7.000000000000028
2024-10-25,152.08,1.0813,2819.26,124.6105,4.25,1.96,2.29,4.83,4.9,,,,20.33,2.89,,,,,3.25,164.444104,0.0020293849795214314,-0.0020293849795214314,0.0006812617798885867,0.0007851537313596779,-7.000000000000028
2024-10-26,,,,,,,,,4.9,,,,,,,,,,3.25,,,,,,
2024-10-27,,,,,,,,,4.9,,,,,,,,,,3.25,,,,,,
2024-10-28,153.21,1.0819,2823.88,124.8076,4.28,1.99,2.29,4.82,4.9,,,,19.8,2.82,,,,,3.25,165.757899,,,,,-8.000000000000007
2024-10-29,153.47,1.0798,2835.84,124.8612,4.28,1.98,2.3,4.82,4.9,,,,19.34,2.85,,,,,3.25,165.71690600000002,-0.0002473370500002403,0.0002473370500002403,0.004226363778633946,0.0004293688344194635,-8.000000000000007
2024-10-30,153.15,1.0864,2841.88,124.8153,4.29,1.95,2.34,4.81,4.9,7013490.0,,157.0,20.35,2.8,,,,,3.25,166.38216,0.004006364112026262,-0.004006364112026262,0.002127615408460848,-0.0003676757765918026,-9.000000000000075
2024-10-31,152.35,1.0855,2824.22,124.7988,4.28,1.95,2.33,4.9,4.9,,,,23.16,2.88,,,,,3.25,165.37592499999997,-0.006066095333151722,0.006066095333151722,-0.006233584718012608,-0.00013220407039504778,0.0
2024-11-01,152.94,1.0848,2822.92,124.8076,4.37,2.04,2.33,4.86,4.9,,21454.8,,21.88,2.83,1.05,2.3057142857,3.569,4.4164,3.25,165.909312,0.0032201100521458415,-0.0032201100521458415,-0.0004604100564051805,7.05110125673869e-05,-4.0000000000000036
2024-11-02,,,,,,,,,4.9,,,,,,,,,,3.25,,,,,,
2024-11-03,,,,,,,,,4.9,,,,,,,,,,3.25,,,,,,
2024-11-04,152.02,1.0884,2827.27,124.5903,4.31,2.03,2.28,4.82,4.9,,,,21.98,2.87,,,,,3.25,165.458568,,,,,-8.000000000000007
2024-11-05,151.96,1.092,2830.92,124.5532,4.26,1.99,2.27,4.82,4.9,,,,20.49,2.86,,,,,3.25,165.94032,0.002907386577289728,-0.002907386577289728,0.0012901654084771508,-0.0002978203346604147,-8.000000000000007
2024-11-06,154.58,1.0732,2781.98,125.7035,4.42,2.04,2.38,4.81,4.9,6994299.0,,151.0,16.27,2.74,,,,,3.25,165.895256,-0.00027160439408202564,0.00027160439408202564,-0.01743884276180463,0.009193025410635158,-9.000000000000075
2024-11-07,153.13,1.0792,2818.81,124.775,4.31,1.98,2.33,4.82,4.9,,,,15.2,2.73,,,,,3.25,165.257896,-0.003849341509531534,0.003849341509531534,0.013151905670549802,-0.0074138439260797995,-8.000000000000007
2024-11-08,152.58,1.071,2807.34,125.5811,4.3,1.95,2.35,4.6,4.65,,,,14.94,2.63,,,,,3.25,163.41318,-0.011225419610830123,0.011225419610830123,-0.004077394271700285,0.006439649648513068,-5.000000000000071
2024-11-09,,,,,,,,,4.65,,,,,,,,,,3.25,,,,,,
2024-11-10,,,,,,,,,4.65,,,,,,,,,,3.25,,,,,,
2024-11-11,,,2722.52,,,,,,4.65,,,,14.97,2.63,,,,,3.25,,,,,,
2024-11-12,154.73,1.0598,2699.82,126.7762,4.43,2.08,2.35,4.6,4.65,,,,14.71,2.61,,,,,3.25,163.982854,,,-0.008372817865863524,,-5.000000000000071
2024-11-13,155.28,1.0567,2673.32,126.9572,4.44,2.09,2.35,4.59,4.65,6967108.0,,128.0,14.02,2.64,,,,,3.25,164.084376,0.0006189097474971206,-0.0006189097474971206,-0.009863958454592314,0.0014266945597345426,-6.00000000000005
2024-11-14,155.96,1.0562,2666.65,127.0015,4.43,2.1,2.33,4.58,4.65,,,,14.31,2.6,,,,,3.25,164.724952,0.003896342079489301,-0.003896342079489301,-0.002498142674508763,0.0003488756278038352,-7.000000000000028
2024-11-15,154.59,1.0552,2662.5,126.8848,4.43,2.1,2.33,4.57,4.65,,,,16.14,2.72,,,,,3.25,163.123368,-0.00977035197588183,0.00977035197588183,-0.0015574719566515682,-0.0009193092200634467,-8.000000000000007
2024-11-16,,,,,,,,,4.65,,,,,,,,,,3.25,,,,,,
2024-11-17,,,,,,,,,4.65,,,,,,,,,,3.25,,,,,,
2024-11-18,154.78,1.0586,2711.59,126.6045,4.42,2.08,2.34,4.57,4.65,,,,15.58,2.72,,,,,3.25,163.850108,,,,,-8.000000000000007
2024-11-19,154.34,1.0578,2733.67,126.3994,4.39,2.05,2.34,4.57,4.65,,,,16.35,2.69,,,,,3.25,163.26085200000003,-0.0036027936048634857,0.0036027936048634857,0.008109850040606936,-0.0016213192360154949,-8.000000000000007
2024-11-20,155.38,1.0521,2747.23,126.88,4.41,2.06,2.35,4.56,4.65,6923731.0,,132.0,17.16,2.67,,,,,3.25,163.475298,0.001312655675180352,-0.001312655675180352,0.004948102562203793,0.0037950230204897295,-9.000000000000075
2024-11-21,154.66,1.0475,2770.1,127.1047,4.43,2.09,2.34,4.57,4.65,,,,16.87,2.61,,,,,3.25,162.00635,-0.009026364359335126,0.009026364359335126,0.008290289319534239,0.0017693983820574744,-8.000000000000007
2024-11-22,154.73,1.0399,2802.82,127.4712,4.41,2.07,2.34,4.57,4.65,,,,15.24,2.61,,,,,3.25,160.903727,-0.0068293148094138445,0.0068293148094138445,0.011742632579552215,0.0028793004616840534,-8.000000000000007
2024-11-23,,,,,,,,,4.65,,,,,,,,,,3.25,,,,,,
2024-11-24,,,,,,,,,4.65,,,,,,,,,,3.25,,,,,,
2024-11-25,154.29,1.0478,2727.28,126.9948,4.27,1.98,2.29,4.58,4.65,,,,14.6,2.64,,,,,3.25,161.665062,,,,,-7.000000000000028
2024-11-26,153.49,1.0481,2733.0,127.4301,4.3,2.02,2.28,4.58,4.65,,,,14.1,2.68,,,,,3.25,160.872869,-0.004912256927605441,0.004912256927605441,0.00209513141903539,0.0034218382300084116,-7.000000000000028
2024-11-27,150.69,1.0575,2739.39,126.8205,4.25,1.99,2.26,4.57,4.65,6905140.0,,128.0,14.1,2.69,,,,,3.25,159.35467500000001,-0.009482041150952192,0.009482041150952192,0.0023353609315881485,-0.004795278108526979,-8.000000000000007
2024-11-28,,,,,,,,,4.65,,,,13.9,2.69,,,,,3.25,,,,,,
2024-11-29,150.41,1.0547,2762.75,126.5798,4.18,1.92,2.26,4.59,4.65,,,,13.51,2.72,,,,,3.25,158.637427,,,,,-6.00000000000005
2024-11-30,,,,,,,,,4.65,,,,,2.74,,,,,3.25,,,,,,
2024-12-01,,,,,,,,,4.65,,21487.6,,,,1.09,2.1788888889,3.321,4.4345,3.25,,,,,,
2024-12-02,149.26,1.0484,2739.55,127.1272,4.19,1.93,2.26,4.64,4.65,,,,13.34,2.68,,,,,3.25,156.484184,,,,,-1.0000000000000675
2024-12-03,149.12,1.0518,2745.05,126.9565,4.23,1.95,2.28,4.64,4.65,,,,13.3,2.66,,,,,3.25,156.84441600000002,0.00229938894003201,-0.00229938894003201,0.0020056163963255713,-0.0013436519200711317,-1.0000000000000675
2024-12-04,150.18,1.0527,2753.51,126.7574,4.19,1.9,2.29,4.59,4.65,6895827.0,,101.0,13.45,2.66,,,,,3.25,158.094486,0.007938533836491679,-0.007938533836491679,0.0030771717233726292,-0.0015694846901954662,-6.00000000000005
2024-12-05,150.19,1.0571,2733.61,126.4286,4.17,1.92,2.25,4.59,4.65,,,,13.54,2.66,,,,,3.25,158.76584899999997,0.004237602063089874,-0.004237602063089874,-0.007253381463280917,-0.002597301468798996,-6.00000000000005
2024-12-06,149.78,1.0563,2734.85,126.688,4.15,1.91,2.24,4.6,4.65,,,,12.77,2.67,,,,,3.25,158.212614,-0.00349068234176908,0.00349068234176908,0.0004535097710336444,0.0020496489824282094,-5.000000000000071
2024-12-07,,,,,,,,,4.65,,,,,,,,,,3.25,,,,,,
2024-12-08,,,,,,,,,4.65,,,,,,,,,,3.25,,,,,,
2024-12-09,151.24,1.057,2761.69,126.5981,4.2,1.93,2.27,4.63,4.65,,,,14.19,2.67,,,,,3.25,159.86068,,,,,-2.000000000000046
2024-12-10,152.05,1.0512,2796.92,126.957,4.22,1.93,2.29,4.64,4.65,,,,14.18,2.67,,,,,3.25,159.83496,-0.00016090303924976013,0.00016090303924976013,0.012676000558176526,0.0028309447508076957,-1.0000000000000675
2024-12-11,152.34,1.0508,2820.13,126.8483,4.26,1.96,2.3,4.62,4.65,6897485.0,,97.0,13.58,2.64,,,,,3.25,160.078872,0.001524860902306635,-0.001524860902306635,0.008264171441137336,-0.0008565621493801245,-3.000000000000025
2024-12-12,152.07,1.0514,2786.78,126.9556,4.32,2.0,2.32,4.62,4.65,,,,13.92,2.66,,,,,3.25,159.88639799999999,-0.0012030932183106913,0.0012030932183106913,-0.011896175720298885,0.000845534732859754,-3.000000000000025
2024-12-13,153.74,1.0498,2759.31,127.3096,4.4,2.07,2.33,4.6,4.65,,,,13.81,2.68,,,,,3.25,161.39625200000003,0.00939898320146959,-0.00939898320146959,-0.009906158984114732,0.002784496098764855,-5.000000000000071
2024-12-14,,,,,,,,,4.65,,,,,,,,,,3.25,,,,,,
2024-12-15,,,,,,,,,4.65,,,,,,,,,,3.25,,,,,,
2024-12-16,154.18,1.0512,2754.48,127.2687,4.39,2.07,2.32,4.65,4.65,,,,14.69,2.69,,,,,3.25,162.074016,,,,,0.0
2024-12-17,153.41,1.0506,2746.7,127.5043,4.4,2.09,2.31,4.62,4.65,,,,15.87,2.75,,,,,3.25,161.17254599999998,-0.005577614384919549,0.005577614384919549,-0.002828485956424487,0.0018494900727947794,-3.000000000000025
2024-12-18,154.0,1.0469,2701.95,127.6418,4.5,2.18,2.32,4.57,4.65,6889332.0,,84.0,27.62,2.73,,,,,3.0,161.2226,0.00031051336239507066,-0.00031051336239507066,-0.016426456546421164,0.001077813952954365,-8.000000000000007
2024-12-19,157.73,1.0357,2706.65,128.6366,4.57,2.28,2.29,4.3,4.4,,,,24.09,2.91,,,,,3.0,163.360961,0.013176218355277491,-0.013176218355277491,0.0017379732955102867,0.007763471260169297,-10.000000000000053
2024-12-20,156.11,1.043,2732.02,127.893,4.52,2.23,2.29,4.3,4.4,,,,18.36,2.86,,,,,3.0,162.82273,-0.0033001741248677163,0.0033001741248677163,0.009329554474914126,-0.005797397904081514,-10.000000000000053
2024-12-21,,,,,,,,,4.4,,,,,,,,,,3.0,,,,,,
2024-12-22,,,,,,,,,4.4,,,,,,,,,,3.0,,,,,,
2024-12-23,157.04,1.0409,2722.28,128.3021,4.59,2.27,2.32,4.31,4.4,,,,16.78,2.85,,,,,3.0,163.46293599999998,,,,,-9.000000000000075
2024-12-24,157.29,1.0388,2726.98,128.3377,4.59,2.24,2.35,4.4,4.4,,,,14.27,2.86,,,,,3.0,163.39285199999998,-0.00042883744848420946,0.00042883744848420946,0.001725005290795778,0.00027743163942872684,0.0
2024-12-25,,,,,,,,,4.4,6885963.0,,1121.0,,,,,,,3.0,,,,,,
2024-12-26,158.01,1.0423,2744.68,128.3329,4.58,2.23,2.35,4.53,4.4,,,,14.73,2.86,,,,,3.0,164.69382299999998,,,,,12.99999999999999
2024-12-27,157.73,1.0423,2728.77,128.45,4.62,2.28,2.34,4.46,4.4,,,,15.95,2.84,,,,,3.0,164.40197899999998,-0.001773611664025232,0.001773611664025232,-0.005813534355627148,0.0009120545652958612,5.999999999999961
2024-12-28,,,,,,,,,4.4,,,,,,,,,,3.0,,,,,,
2024-12-29,,,,,,,,,4.4,,,,,,,,,,3.0,,,,,,
2024-12-30,157.26,1.0386,2721.27,128.8205,4.55,2.24,2.31,4.37,4.4,,,,17.4,2.94,,,,,3.0,163.33023599999999,,,,,-3.000000000000025
2024-12-31,157.37,1.0351,2738.07,129.2775,4.58,2.24,2.34,4.49,4.4,,,,17.35,2.92,,,,,3.0,162.893687,-0.002676377971111421,0.002676377971111421,0.00615460954286462,0.0035412942184285257,8.999999999999986
2025-01-01,,,,,,,,,4.4,6852491.0,21539.2,1120.0,,,1.245,2.4836363636,3.676,4.6627,3.0,,,,,,
2025-01-02,157.65,1.0261,2771.56,129.4598,4.57,2.23,2.34,4.4,4.4,,,,17.93,2.88,,,,,3.0,161.764665,,,,,0.0
2025-01-03,157.2,1.0292,2753.7,129.4535,4.6,2.26,2.34,4.31,4.4,,,,16.13,2.81,,,,,3.0,161.79023999999998,0.00015808754346124942,-0.00015808754346124942,-0.006464876658943908,-4.866493919930548e-05,-9.000000000000075
2025-01-04,,,,,,,,,4.4,,,,,,,,,,3.0,,,,,,
2025-01-05,,,,,,,,,4.4,,,,,,,,,,3.0,,,,,,
2025-01-06,157.54,1.0397,2751.06,128.538,4.62,2.28,2.34,4.27,4.4,,,,16.04,2.76,,,,,3.0,163.794338,,,,,-13.000000000000078
2025-01-07,157.82,1.0369,2765.72,128.613,4.67,2.29,2.38,4.27,4.4,,,,17.82,2.79,,,,,3.0,163.64355799999998,-0.000920968601980654,0.000920968601980654,0.005314706951270232,0.0005833148782352637,-13.000000000000078
2025-01-08,158.31,1.0313,2778.74,129.0785,4.67,2.27,2.4,4.29,4.4,6853554.0,,1120.0,17.7,2.84,,,,,3.0,163.265103,-0.002315357249412564,0.002315357249412564,0.004696588642667088,0.0036128510745259135,-11.000000000000032
2025-01-09,158.01,1.0298,,129.2827,4.68,2.29,2.39,4.3,4.4,,,,18.07,2.82,,,,,3.0,162.718698,-0.003352347632260333,0.003352347632260333,,0.0015807330397894503,-10.000000000000053
2025-01-10,157.68,1.0238,2795.8,129.8664,4.77,2.34,2.43,4.3,4.4,,,,19.54,2.81,,,,,3.0,161.43278400000003,-0.007934072907501033,0.007934072907501033,,0.0045047502543829054,-10.000000000000053
2025-01-11,,,,,,,,,4.4,,,,,,,,,,3.0,,,,,,
2025-01-12,,,,,,,,,4.4,,,,,,,,,,3.0,,,,,,
2025-01-13,157.51,1.0209,2780.43,130.0413,4.79,2.34,2.45,4.29,4.4,,,,19.19,2.85,,,,,3.0,160.80195899999998,,,,,-11.000000000000032
2025-01-14,157.95,1.0292,2761.81,129.3812,4.78,2.34,2.44,4.28,4.4,,,,18.71,2.8,,,,,3.0,162.56213999999997,0.010886789167069644,-0.010886789167069644,-0.006719330110843913,-0.005089006733067336,-12.00000000000001
2025-01-15,156.6,1.0282,2773.55,129.2092,4.66,2.24,2.42,4.28,4.4,6834070.0,,98.0,16.12,2.72,,,,,3.0,161.01612,-0.009555844477575626,0.009555844477575626,0.004241826223853273,-0.001330289332978296,-12.00000000000001
2025-01-16,155.44,1.0303,2787.76,129.436,4.61,2.19,2.42,4.29,4.4,,,,16.6,2.73,,,,,3.0,160.149832,-0.00539465715790044,0.00539465715790044,0.005110317865723246,0.001753754240402472,-11.000000000000032
2025-01-17,156.3,1.0287,2778.19,129.4859,4.61,2.2,2.41,4.29,4.4,,,,15.97,2.64,,,,,3.0,160.78581,0.003963279544208831,-0.003963279544208831,-0.0034387694573414507,0.00038544441870502766,-11.000000000000032
2025-01-18,,,,,,,,,4.4,,,,,,,,,,3.0,,,,,,
2025-01-19,,,,,,,,,4.4,,,,,,,,,,3.0,,,,,,
2025-01-20,,,,,,,,,4.4,,,,15.81,2.64,,,,,3.0,,,,,,
2025-01-21,155.49,1.0423,2803.19,128.4151,4.57,2.19,2.38,4.29,4.4,,,,15.06,2.61,,,,,3.0,162.067227,,,,,-11.000000000000032
2025-01-22,156.62,1.042,2807.67,128.3402,4.6,2.2,2.4,4.3,4.4,6831760.0,,105.0,15.1,2.59,,,,,3.0,163.19804000000002,0.006953202021102278,-0.006953202021102278,0.0015969034878926536,-0.0005834349057227683,-10.000000000000053
2025-01-23,156.0,1.042,2807.56,128.2162,4.65,2.23,2.42,4.35,4.4,,,,15.02,2.61,,,,,3.0,162.552,-0.0039664820732543404,0.0039664820732543404,-3.9179160965296944e-05,-0.0009666491239785913,-5.000000000000071
2025-01-24,155.58,1.0515,2816.84,127.4611,4.63,2.2,2.43,4.34,4.4,,,,14.85,2.6,,,,,3.0,163.59237000000002,0.006379834358533287,-0.006379834358533287,0.0032999105401962936,-0.005906681550391646,-6.00000000000005
2025-01-25,,,,,,,,,4.4,,,,,,,,,,3.0,,,,,,
2025-01-26,,,,,,,,,4.4,,,,,,,,,,3.0,,,,,,
2025-01-27,154.22,1.0492,2801.35,128.0912,4.53,2.13,2.4,4.34,4.4,,,,17.9,2.66,,,,,3.0,161.80762399999998,,,,,-6.00000000000005
2025-01-28,155.65,1.0427,2816.9,128.2817,4.55,2.13,2.42,4.35,4.4,,,,16.41,2.66,,,,,3.0,162.296255,0.0030152762856321402,-0.0030152762856321402,0.0055355456618162435,0.0014861167858271074,-5.000000000000071
2025-01-29,155.22,1.0416,2811.81,128.3418,4.55,2.15,2.4,4.35,4.4,6818186.0,,78.0,16.56,2.68,,,,,3.0,161.677152,-0.0038219418028671015,0.0038219418028671015,-0.001808585408536345,0.00046839047163516057,-5.000000000000071
2025-01-30,154.42,1.042,2823.27,128.1004,4.52,2.14,2.38,4.36,4.4,,,,15.84,2.67,,,,,3.0,160.90564,-0.004783351686316273,0.004783351686316273,0.00406738353284819,-0.0018826860111458288,-4.0000000000000036
2025-01-31,154.91,1.04,2824.78,128.4828,4.58,2.16,2.42,4.38,4.4,,,,16.43,2.68,,,,,3.0,161.1064,0.0012469100597085614,-0.0012469100597085614,0.0005346978288001125,0.002980711777886391,-2.000000000000046
2025-02-01,,,,,,,,,4.4,,21607.2,,,,1.37,2.4055,3.575,4.5063,3.0,,,,,,
2025-02-02,,,,,,,,,4.4,,,,,,,,,,3.0,,,,,,
2025-02-03,154.68,1.0277,2830.71,129.109,4.54,2.09,2.45,4.35,4.4,,,,18.62,2.73,,,,,3.0,158.964636,,,,,-5.000000000000071
2025-02-04,154.56,1.0379,2834.18,128.1083,4.52,2.08,2.44,4.33,4.4,,,,17.21,2.71,,,,,3.0,160.417824,0.00910004906532702,-0.00910004906532702,0.0012250901373169754,-0.007781008889123697,-7.000000000000028
2025-02-05,152.33,1.0419,2842.34,127.9751,4.43,2.01,2.42,4.33,4.4,6810935.0,,76.0,15.77,2.69,,,,,2.75,158.71262700000003,-0.01068662186870295,0.01068662186870295,0.002875002861132181,-0.0010402861881120273,-7.000000000000028
2025-02-06,152.04,1.0368,2836.47,128.2017,4.45,2.03,2.42,4.36,4.4,,,,15.5,2.66,,,,,2.75,157.63507199999998,-0.006812498847690307,0.006812498847690307,-0.002067335265888204,0.0017690911831111933,-4.0000000000000036
2025-02-07,151.3,1.0329,2837.53,128.4292,4.49,2.07,2.42,4.35,4.4,,,,16.54,2.67,,,,,2.75,156.27777,-0.00864768991216014,0.00864768991216014,0.00037363412489721526,0.0017729748022894398,-5.000000000000071
2025-02-08,,,,,,,,,4.4,,,,,,,,,,2.75,,,,,,
2025-02-09,,,,,,,,,4.4,,,,,,,,,,2.75,,,,,,
2025-02-10,151.72,1.0312,2847.27,128.6382,4.51,2.07,2.44,4.35,4.4,,,,15.81,2.66,,,,,2.75,156.45366399999997,,,,,-5.000000000000071
2025-02-11,152.37,1.0346,2837.84,128.4322,4.54,2.08,2.46,4.34,4.4,,,,16.02,2.66,,,,,2.75,157.642002,0.007566762605002886,-0.007566762605002886,-0.0033174410515961483,-0.0016026741631378627,-6.00000000000005
2025-02-12,154.62,1.0392,2835.07,128.3288,4.62,2.16,2.46,4.32,4.4,6813513.0,,73.0,15.89,2.65,,,,,2.75,160.68110399999998,0.01909502819804043,-0.01909502819804043,-0.0009765711848572778,-0.0008054183118897384,-8.000000000000007
2025-02-13,153.18,1.0428,2845.08,127.8931,4.52,2.08,2.44,4.33,4.4,,,,15.1,2.65,,,,,2.75,159.736104,-0.0058985767079242635,0.0058985767079242635,0.0035245584579435274,-0.003400961588074125,-7.000000000000028
2025-02-14,152.25,1.0498,2818.21,127.1491,4.47,2.04,2.43,4.33,4.4,,,,14.77,2.62,,,,,2.75,159.83205,0.0006004728674113835,-0.0006004728674113835,-0.00948925505408127,-0.005834345143298059,-7.000000000000028
2025-02-15,,,,,,,,,4.4,,,,,,,,,,2.75,,,,,,
2025-02-16,,,,,,,,,4.4,,,,,,,,,,2.75,,,,,,
2025-02-17,,,,,,,,,4.4,,,,15.37,2.62,,,,,2.75,,,,,,
2025-02-18,151.79,1.0457,2810.92,127.2906,4.55,2.1,2.45,4.37,4.4,,,,15.35,2.62,,,,,2.75,158.726803,,,,,-3.000000000000025
2025-02-19,151.67,1.0406,2814.36,127.7317,4.53,2.08,2.45,4.35,4.4,6782332.0,,91.0,15.27,2.68,,,,,2.75,157.827802,-0.005679926323801432,0.005679926323801432,0.0012230503828467576,0.003459308773233971,-5.000000000000071
2025-02-20,149.63,1.0475,2816.96,127.1126,4.5,2.05,2.45,4.33,4.4,,,,15.66,2.66,,,,,2.75,156.737425,-0.0069326249278880425,0.0069326249278880425,0.0009234070110553105,-0.004858662468836705,-7.000000000000028
2025-02-21,149.49,1.0455,2815.97,127.1408,4.42,2.0,2.42,4.34,4.4,,,,18.21,2.78,,,,,2.75,156.29179500000004,-0.002847212161509738,0.002847212161509738,-0.000351504460447849,0.00022182594306041636,-6.00000000000005
2025-02-22,,,,,,,,,4.4,,,,,,,,,,2.75,,,,,,
2025-02-23,,,,,,,,,4.4,,,,,,,,,,2.75,,,,,,
2025-02-24,149.57,1.0478,2828.77,127.1921,4.4,1.98,2.42,4.34,4.4,,,,18.98,2.78,,,,,2.75,156.719446,,,,,-6.00000000000005
2025-02-25,149.09,1.0498,2798.75,127.3752,4.3,1.92,2.38,4.33,4.4,,,,19.43,2.84,,,,,2.75,156.51468200000002,-0.0013074183868475586,0.0013074183868475586,-0.010669099270504745,0.0014385196494179908,-7.000000000000028
2025-02-26,149.13,1.0514,2804.73,127.2822,4.25,1.89,2.36,4.33,4.4,6766101.0,,96.0,19.1,2.81,,,,,2.75,156.795282,0.0017911979015314827,-0.0017911979015314827,0.002134388726368286,-0.000730393101746607,-7.000000000000028
2025-02-27,149.8,1.0414,2766.97,127.9704,4.29,1.92,2.37,4.36,4.4,,,,21.13,2.81,,,,,2.75,156.00172000000003,-0.0050739853481207575,0.0050739853481207575,-0.013554418978403149,0.00539231857047362,-4.0000000000000036
2025-02-28,150.64,1.0402,2751.67,128.2805,4.24,1.86,2.38,4.39,4.4,,,,19.63,2.87,,,,,2.75,156.69572799999997,0.004438853875951665,-0.004438853875951665,-0.005544858588506507,0.002420285363873731,-1.0000000000000675
2025-03-01,,,,,,,,,4.4,,21684.1,,,,1.485,2.7414285714,3.887,4.6448,2.75,,,,,,
2025-03-02,,,,,,,,,4.4,,,,,,,,,,2.75,,,,,,
2025-03-03,150.16,1.0496,2786.11,127.75,4.16,1.8,2.36,4.33,4.4,,,,22.78,2.94,,,,,2.75,157.60793600000002,,,,,-7.000000000000028
2025-03-04,148.81,1.0534,2807.44,127.9966,4.22,1.87,2.35,4.33,4.4,,,,23.51,2.99,,,,,2.75,156.756454,-0.00541717897683025,0.00541717897683025,0.007626678367176787,0.0019284719830139352,-7.000000000000028
2025-03-05,148.82,1.0768,2813.73,126.504,4.28,1.94,2.34,4.34,4.4,6756764.0,,133.0,21.93,2.88,,,,,2.75,160.24937599999998,0.02203784936833042,-0.02203784936833042,0.002237969186233535,-0.011729772845812114,-6.00000000000005
2025-03-06,147.9,1.0818,2801.77,126.1099,4.29,1.95,2.34,4.35,4.4,,,,24.87,2.99,,,,,2.75,159.99822000000003,-0.0015685117054973219,0.0015685117054973219,-0.004259644941353891,-0.0031201792120754135,-5.000000000000071
2025-03-07,147.13,1.0859,2804.21,125.9814,4.32,1.99,2.33,4.34,4.4,,,,23.37,2.97,,,,,2.75,159.76846700000002,-0.001437004221370941,0.001437004221370941,0.0008704990578198846,-0.0010194720018450454,-6.00000000000005
2025-03-08,,,,,,,,,4.4,,,,,,,,,,2.75,,,,,,
2025-03-09,,,,,,,,,4.4,,,,,,,,,,2.75,,,,,,
2025-03-10,147.15,1.0837,2782.26,126.268,4.22,1.91,2.31,4.33,4.4,,,,27.86,3.16,,,,,2.75,159.46645500000002,,,,,-7.000000000000028
2025-03-11,147.48,1.0927,2813.13,126.0457,4.28,1.97,2.31,4.32,4.4,,,,26.92,3.22,,,,,2.75,161.15139599999998,0.010510684334212428,-0.010510684334212428,0.011034195368029742,-0.0017620926451442642,-8.000000000000007
2025-03-12,148.32,1.0925,2823.7,125.8664,4.32,1.99,2.33,4.31,4.4,6759571.0,,142.0,24.23,3.2,,,,,2.5,162.0396,0.005496478844646546,-0.005496478844646546,0.0037503392470439323,-0.0014235126480839355,-9.000000000000075
2025-03-13,147.71,1.0859,2858.78,126.0031,4.27,1.98,2.29,4.3,4.4,,,,24.66,3.4,,,,,2.5,160.39828900000003,-0.010180721511926727,0.010180721511926727,0.012346878703533903,0.0010854828665047833,-10.000000000000053
2025-03-14,148.51,1.0872,2861.42,125.6942,4.31,2.01,2.3,4.3,4.4,,,,21.77,3.25,,,,,2.5,161.46007199999997,0.006597851604424498,-0.006597851604424498,0.0009230447143249165,-0.0024545368987842764,-10.000000000000053
2025-03-15,,,,,,,,,4.4,,,,,,,,,,2.5,,,,,,
2025-03-16,,,,,,,,,4.4,,,,,,,,,,2.5,,,,,,
2025-03-17,148.56,1.0922,2853.54,125.3688,4.31,2.02,2.29,4.32,4.4,,,,20.51,3.18,,,,,2.5,162.25723200000002,,,,,-8.000000000000007
2025-03-18,149.49,1.0927,2867.87,125.488,4.29,1.99,2.3,4.31,4.4,,,,21.7,3.23,,,,,2.5,163.347723,0.006698270775618909,-0.006698270775618909,0.00500926518634337,0.0009503430560489079,-9.000000000000075
2025-03-19,150.02,1.0877,2875.13,125.8006,4.25,1.94,2.31,4.29,4.4,6755982.0,,113.0,19.9,3.19,,,,,2.5,163.176754,-0.0010472048968273029,0.0010472048968273029,0.002528296662835494,0.0024879772600137073,-11.000000000000032
2025-03-20,148.84,1.0848,2874.25,125.985,4.24,1.93,2.31,4.29,4.4,,,,19.8,3.17,,,,,2.5,161.461632,-0.010566451976742108,0.010566451976742108,-0.00030611996663054697,0.0014647385153763182,-11.000000000000032
2025-03-21,148.98,1.0806,2869.47,126.2679,4.25,1.92,2.33,4.3,4.4,,,,19.28,3.21,,,,,2.5,160.987788,-0.002939030506457385,0.002939030506457385,-0.0016644269231465003,0.0022429880378433964,-10.000000000000053
2025-03-22,,,,,,,,,4.4,,,,,,,,,,2.5,,,,,,
2025-03-23,,,,,,,,,4.4,,,,,,,,,,2.5,,,,,,
2025-03-24,150.74,1.0794,2867.76,126.1956,4.34,1.98,2.36,4.31,4.4,,,,17.48,3.05,,,,,2.5,162.708756,,,,,-9.000000000000075
2025-03-25,149.77,1.0804,2874.71,126.0535,4.31,1.96,2.35,4.33,4.4,,,,17.15,3.09,,,,,2.5,161.811508,-0.005529702677101511,0.005529702677101511,0.002420562368948609,-0.0011266641984573056,-7.000000000000028
2025-03-26,150.69,1.0781,2873.88,126.2364,4.35,1.98,2.37,4.35,4.4,6740253.0,,86.0,18.33,3.19,,,,,2.5,162.458889,0.0039928520523702105,-0.0039928520523702105,-0.0002887664647390764,0.0014499195730151015,-5.000000000000071
2025-03-27,150.97,1.08,2885.61,126.3626,4.38,1.99,2.39,4.36,4.4,,,,18.69,3.27,,,,,2.5,163.04760000000002,0.0036172037227748532,-0.0036172037227748532,0.0040732829532883486,0.0009992122732089825,-4.0000000000000036
2025-03-28,150.26,1.0826,2886.8,126.4187,4.27,1.9,2.37,4.34,4.4,,,,21.65,3.47,,,,,2.5,162.67147599999998,-0.002309500394018116,0.002309500394018116,0.00041230613101284064,0.00044386195435386355,-6.00000000000005
2025-03-29,,,,,,,,,4.4,,,,,,,,,,2.5,,,,,,
2025-03-30,,,,,,,,,4.4,,,,,,,,,,2.5,,,,,,
2025-03-31,149.9,1.0796,2896.2,126.7075,4.23,1.85,2.38,4.41,4.4,,,,22.28,3.55,,,,,2.5,161.83203999999998,,,,,0.9999999999999787
2025-04-01,149.4,1.08,2893.65,126.4338,4.17,1.84,2.33,4.39,4.4,,21770.9,,21.77,3.5,1.31,2.5105,3.712,4.5762,2.5,161.352,-0.002970693435419669,0.002970693435419669,-0.0008808518924938724,-0.0021624294941533506,-1.0000000000000675
2025-04-02,149.98,1.0868,2901.33,126.3811,4.2,1.88,2.32,4.37,4.4,6723452.0,,95.0,21.51,3.42,,,,,2.5,162.99826399999998,0.010151236608454184,-0.010151236608454184,0.00265057152788728,-0.0004169058134095849,-3.000000000000025
2025-04-03,146.04,1.1052,2893.13,124.7316,4.06,1.78,2.28,4.39,4.4,,,,30.02,4.01,,,,,2.5,161.40340799999998,-0.009832679588738458,0.009832679588738458,-0.0028302915108140425,-0.013137716453083925,-1.0000000000000675
2025-04-04,145.93,1.1014,2870.04,125.8129,4.01,1.83,2.18,4.35,4.4,,,,45.31,4.45,,,,,2.5,160.727302,-0.004197718328661892,0.004197718328661892,-0.008012994080307756,0.008631653966090447,-5.000000000000071
2025-04-05,,,,,,,,,4.4,,,,,,,,,,2.5,,,,,,
2025-04-06,,,,,,,,,4.4,,,,,,,,,,2.5,,,,,,
2025-04-07,147.96,1.0912,2844.49,126.8282,4.15,1.96,2.19,4.33,4.4,,,,46.98,4.61,,,,,2.5,161.453952,,,,,-7.000000000000028
2025-04-08,147.02,1.0912,2855.6,126.8668,4.26,2.04,2.22,4.4,4.4,,,,52.33,4.57,,,,,2.5,160.428224,-0.006373335018311721,0.006373335018311721,0.0038981890001190678,0.0003043024127231675,0.0
2025-04-09,145.09,1.104,2897.87,126.628,4.34,2.07,2.27,4.42,4.4,6727416.0,,94.0,33.62,4.37,,,,,2.5,160.17936000000003,-0.0015524526705039676,0.0015524526705039676,0.01469400572302959,-0.001884062873391379,1.9999999999999574
2025-04-10,144.34,1.1192,2912.79,125.089,4.4,2.21,2.19,4.37,4.4,,,,40.72,4.42,,,,,2.5,161.545328,0.008491584630763604,-0.008491584630763604,0.005135400381226951,-0.012228170341593625,-3.000000000000025
2025-04-11,143.57,1.1325,2871.87,124.0163,4.48,2.28,2.2,4.33,4.4,,,,37.56,4.26,,,,,2.5,162.593025,0.006464527501393036,-0.006464527501393036,-0.01414799921287635,-0.008612475371617023,-7.000000000000028
2025-04-12,,,,,,,,,4.4,,,,,,,,,,2.5,,,,,,
2025-04-13,,,,,,,,,4.4,,,,,,,,,,2.5,,,,,,
2025-04-14,142.96,1.1358,2883.26,123.6598,4.38,2.15,2.23,4.33,4.4,,,,30.89,4.14,,,,,2.5,162.373968,,,,,-7.000000000000028
2025-04-15,143.1,1.129,2892.43,123.776,4.35,2.16,2.19,4.36,4.4,,,,30.12,4.09,,,,,2.5,161.5599,-0.005026147582436913,0.005026147582436913,0.0031753808480461387,0.0009392335995217493,-4.0000000000000036
2025-04-16,142.56,1.1382,2904.96,123.2724,4.29,2.12,2.17,4.31,4.4,6727113.0,,103.0,32.64,4.16,,,,,2.5,162.261792,0.004335059179455314,-0.004335059179455314,0.0043226415716342,-0.004076939559584325,-9.000000000000075
2025-04-17,142.33,1.1364,2908.18,123.1298,4.34,2.11,2.23,4.32,4.4,,,,29.65,4.02,,,,,2.5,161.74381200000002,-0.0031973548289556675,0.0031973548289556675,0.0011078351215774163,-0.0011574573272499222,-8.000000000000007
2025-04-18,142.22,1.139,,122.9865,,,,,4.4,,,,,,,,,,2.5,161.98858,0.001512162839986786,-0.001512162839986786,,-0.0011644902527248036,
2025-04-19,,,,,,,,,4.4,,,,,,,,,,2.5,,,,,,
2025-04-20,,,,,,,,,4.4,,,,,,,,,,2.5,,,,,,
2025-04-21,140.81,1.1508,2914.57,122.3145,4.42,2.2,2.22,4.32,4.4,,,,33.82,4.16,,,,,2.5,162.044148,,,,,-8.000000000000007
2025-04-22,140.87,1.1466,2903.13,122.4175,4.41,2.14,2.27,4.3,4.4,,,,30.57,3.99,,,,,2.5,161.521542,-0.003230295860115362,0.003230295860115362,-0.003932830756261829,0.0008417371335296409,-10.000000000000053
2025-04-23,142.64,1.135,2907.49,123.0252,4.4,2.11,2.29,4.28,4.4,6726930.0,,73.0,28.45,3.75,,,,,2.25,161.8964,0.00231810372389063,-0.00231810372389063,0.0015007007232492597,0.004951878721909608,-12.00000000000001
2025-04-24,142.64,1.1363,2914.62,122.9251,4.32,2.02,2.3,4.29,4.4,,,,26.47,3.73,,,,,2.25,162.081832,0.0011447190084599157,-0.0011447190084599157,0.0024492850751371975,-0.0008139856347151309,-11.000000000000032
2025-04-25,143.75,1.1381,2914.47,122.8858,4.29,2.02,2.27,4.33,4.4,,,,24.84,3.67,,,,,2.25,163.60187499999998,0.009334541486455628,-0.009334541486455628,-5.146600928540579e-05,-0.00031975799555539197,-7.000000000000028
2025-04-26,,,,,,,,,4.4,,,,,,,,,,2.25,,,,,,
2025-04-27,,,,,,,,,4.4,,,,,,,,,,2.25,,,,,,
2025-04-28,142.7,1.1387,2920.31,122.7176,4.23,1.98,2.25,4.36,4.4,,,,25.15,3.73,,,,,2.25,162.49249,,,,,-4.0000000000000036
2025-04-29,142.29,1.1396,2916.5,122.5944,4.19,1.96,2.23,4.36,4.4,,,,24.17,3.74,,,,,2.25,162.15368399999997,-0.0020872331179973003,0.0020872331179973003,-0.0013055078171575474,-0.0010044352527227574,-4.0000000000000036
2025-04-30,142.63,1.1349,2918.83,122.5921,4.17,1.94,2.23,4.41,4.4,6709277.0,,62.0,24.7,3.94,,,,,2.25,161.870787,-0.0017461463389283338,0.0017461463389283338,0.0007985838414708013,-1.876122869770569e-05,0.9999999999999787
2025-05-01,145.48,1.1279,2903.13,123.1405,4.25,2.0,2.25,4.39,4.4,,21836.2,,24.6,3.78,1.5,2.5628571429,3.629,4.6004,2.25,164.08689199999998,0.013597710922234718,-0.013597710922234718,-0.0053933857524191,0.004463395662036795,-1.0000000000000675
2025-05-02,144.52,1.133,2910.75,122.4962,4.33,2.06,2.27,4.36,4.4,,,,22.68,3.6,,,,,2.25,163.74116,-0.0021092284572130637,0.0021092284572130637,0.0026213146343812,-0.005245970798379851,-4.0000000000000036
2025-05-03,,,,,,,,,4.4,,,,,,,,,,2.25,,,,,,
2025-05-04,,,,,,,,,4.4,,,,,,,,,,2.25,,,,,,
2025-05-05,143.98,1.1315,2921.16,122.2613,4.36,2.08,2.28,4.33,4.4,,,,23.64,3.6,,,,,2.25,162.91337,,,,,-7.000000000000028
2025-05-06,142.76,1.1345,2925.86,122.0417,4.3,2.04,2.26,4.32,4.4,,,,24.76,3.66,,,,,2.25,161.96122,-0.005861663272892947,0.005861663272892947,0.0016076568960894377,-0.0017977680105856209,-8.000000000000007
2025-05-07,143.47,1.1348,2920.53,122.117,4.26,2.01,2.25,4.3,4.4,6710889.0,,60.0,23.55,3.67,,,,,2.25,162.809756,0.005225454203138469,-0.005225454203138469,-0.0018233479041516176,0.0006168119537601768,-10.000000000000053
2025-05-08,145.46,1.1249,2904.15,122.7568,4.37,2.08,2.29,4.29,4.4,,,,22.48,3.51,,,,,2.25,163.62795400000002,0.005012899480179911,-0.005012899480179911,-0.005624358137983343,0.005225560724667844,-11.000000000000032
2025-05-09,145.15,1.127,2912.74,122.5191,4.37,2.08,2.29,4.28,4.4,,,,21.9,3.53,,,,,2.25,163.58405000000002,-0.0002683520147588325,0.0002683520147588325,0.002953470409171821,-0.0019382260908171745,-12.00000000000001
2025-05-10,,,,,,,,,4.4,,,,,,,,,,2.25,,,,,,
2025-05-11,,,,,,,,,4.4,,,,,,,,,,2.25,,,,,,
2025-05-12,148.09,1.1106,2798.51,123.4863,4.45,2.16,2.29,4.28,4.4,,,,18.39,3.15,,,,,2.25,164.46875400000002,,,,,-12.00000000000001
2025-05-13,147.75,1.1176,2812.99,122.9583,4.49,2.17,2.32,4.3,4.4,,,,18.22,3.09,,,,,2.25,165.12539999999998,0.003984578372040026,-0.003984578372040026,0.005160841892076995,-0.004284945240212501,-10.000000000000053
2025-05-14,146.54,1.1206,2762.35,122.6746,4.53,2.16,2.37,4.29,4.4,6713270.0,,30.0,18.62,3.1,,,,,2.25,164.212724,-0.005542500365956826,0.005542500365956826,-0.01816620785071965,-0.0023099521778151555,-11.000000000000032
2025-05-15,145.61,1.1189,2797.21,122.8174,4.45,2.11,2.34,4.31,4.4,,,,17.83,3.2,,,,,2.25,162.923029,-0.007884810326514113,0.007884810326514113,0.012540725117647256,0.0011633781639002194,-9.000000000000075
2025-05-16,146.02,1.1141,2769.64,123.0737,4.43,2.09,2.34,4.3,4.4,,,,17.24,3.16,,,,,2.25,162.68088200000003,-0.0014873718432779626,0.0014873718432779626,-0.009905143990469156,0.0020846634369400263,-10.000000000000053
2025-05-17,,,,,,,,,4.4,,,,,,,,,,2.25,,,,,,
2025-05-18,,,,,,,,,4.4,,,,,,,,,,2.25,,,,,,
2025-05-19,144.99,1.1236,2802.5,122.4186,4.46,2.1,2.36,4.29,4.4,,,,18.14,3.21,,,,,2.25,162.910764,,,,,-11.000000000000032
2025-05-20,144.72,1.1254,2841.82,122.3199,4.48,2.13,2.35,4.27,4.4,,,,18.09,3.2,,,,,2.25,162.867888,-0.00026322166897330135,0.00026322166897330135,0.013932816025842953,-0.0008065752249919456,-13.000000000000078
2025-05-21,143.68,1.1343,2857.74,121.7496,4.58,2.23,2.35,4.26,4.4,6688726.0,,15.0,20.87,3.25,,,,,2.25,162.97622400000003,0.0006649560326685844,-0.0006649560326685844,0.00558641067119936,-0.0046732675563196935,-14.000000000000057
2025-05-22,143.89,1.1281,2841.96,122.0429,4.54,2.2,2.34,4.26,4.4,,,,20.28,3.32,,,,,2.25,162.322309,-0.004020404732686167,0.004020404732686167,-0.005537147680715115,0.0024061457305366574,-14.000000000000057
2025-05-23,142.61,1.135,2885.18,121.3837,4.51,2.18,2.33,4.26,4.4,,,,22.29,3.4,,,,,2.25,161.86235000000002,-0.002837637722021391,0.002837637722021391,0.015093334714387119,-0.0054160195424275415,-14.000000000000057
2025-05-24,,,,,,,,,4.4,,,,,,,,,,2.25,,,,,,
2025-05-25,,,,,,,,,4.4,,,,,,,,,,2.25,,,,,,
2025-05-26,,,,,,,,,4.4,,,,20.57,3.4,,,,,2.25,,,,,,
2025-05-27,144.37,1.1326,2857.74,121.6099,4.43,2.11,2.32,4.31,4.4,,,,18.96,3.24,,,,,2.25,163.513462,,,,,-9.000000000000075
2025-05-28,145.04,1.1286,2857.23,121.9888,4.47,2.15,2.32,4.33,4.4,6673244.0,,17.0,19.31,3.23,,,,,2.25,163.69214399999998,0.0010921696602075315,-0.0010921696602075315,-0.00017847862765840716,0.0031108565486164252,-7.000000000000028
2025-05-29,144.09,1.137,2871.25,121.5617,4.43,2.11,2.32,4.33,4.4,,,,19.18,3.22,,,,,2.25,163.83033,0.00084382611374334,-0.00084382611374334,0.004894850987609445,-0.003507284426142121,-7.000000000000028
2025-05-30,144.18,1.1347,2857.7,121.7674,4.41,2.07,2.34,4.35,4.4,,,,18.57,3.31,,,,,2.25,163.60104600000003,-0.001400501322001979,0.001400501322001979,-0.0047303695325222606,0.001690714748048272,-5.000000000000071
2025-05-31,,,,,,,,,4.4,,,,,3.32,,,,,2.25,,,,,,
2025-06-01,,,,,,,,,4.4,,21942.7,,,,1.42,2.519047619,3.501,4.5248,2.25,,,,,,
2025-06-02,142.76,1.1432,2912.28,121.1881,4.46,2.13,2.33,4.35,4.4,,,,18.36,3.27,,,,,2.25,163.20323199999999,,,,,-5.000000000000071
2025-06-03,143.93,1.1373,2896.78,121.4592,4.46,2.14,2.32,4.32,4.4,,,,17.69,3.19,,,,,2.25,163.691589,0.0029878562273610854,-0.0029878562273610854,-0.005336504282767329,0.002234519920905065,-8.000000000000007
2025-06-04,142.91,1.1424,2912.33,121.0539,4.37,2.06,2.31,4.28,4.4,6672885.0,,16.0,17.61,3.23,,,,,2.25,163.26038400000002,-0.002637728385955107,0.002637728385955107,0.005353672814222499,-0.003342502960419047,-12.00000000000001
2025-06-05,143.87,1.144,2903.6,120.9596,4.4,2.11,2.29,4.29,4.4,,,,18.48,3.18,,,,,2.25,164.58728,0.008094632909661392,-0.008094632909661392,-0.0030021016610151108,-0.000779295409325087,-11.000000000000032
2025-06-06,144.87,1.1397,2876.36,121.161,4.51,2.2,2.31,4.29,4.4,,,,16.77,3.09,,,,,2.25,165.108339,0.003160851426565081,-0.003160851426565081,-0.009425740550768502,0.0016636341265536814,-11.000000000000032
2025-06-07,,,,,,,,,4.4,,,,,,,,,,2.25,,,,,,
2025-06-08,,,,,,,,,4.4,,,,,,,,,,2.25,,,,,,
2025-06-09,144.37,1.1425,2889.07,120.9103,4.49,2.18,2.31,4.29,4.4,,,,17.16,3.12,,,,,2.25,164.94272500000002,,,,,-11.000000000000032
2025-06-10,144.91,1.1423,2891.22,121.0485,4.47,2.18,2.29,4.28,4.4,,,,16.95,3.12,,,,,2.25,165.530693,0.003558341387650543,-0.003558341387650543,0.0007439073469148738,0.0011423433661317262,-12.00000000000001
2025-06-11,144.48,1.149,2901.92,120.587,4.41,2.14,2.27,4.28,4.4,6677155.0,,45.0,17.26,3.12,,,,,2.0,166.00752,0.002876454719697108,-0.002876454719697108,0.003694028512186698,-0.0038198076122313296,-12.00000000000001
2025-06-12,143.64,1.1578,2926.68,120.1723,4.36,2.11,2.25,4.28,4.4,,,,18.02,3.17,,,,,2.0,166.306392,0.0017987334853550863,-0.0017987334853550863,0.00849608789021783,-0.0034449378289798105,-12.00000000000001
2025-06-13,144.04,1.1557,2945.05,120.3245,4.41,2.13,2.28,4.28,4.4,,,,20.82,3.18,,,,,2.0,166.46702799999997,0.0009654377592838159,-0.0009654377592838159,0.006257120110925385,0.0012657134757647626,-12.00000000000001
2025-06-14,,,,,,,,,4.4,,,,,,,,,,2.0,,,,,,
2025-06-15,,,,,,,,,4.4,,,,,,,,,,2.0,,,,,,
2025-06-16,144.14,1.1581,2876.88,120.1565,4.46,2.16,2.3,4.32,4.4,,,,19.11,3.1,,,,,2.0,166.92853399999998,,,,,-8.000000000000007
2025-06-17,145.04,1.1535,2877.89,120.5048,4.39,2.08,2.31,4.31,4.4,,,,21.6,3.17,,,,,2.0,167.30363999999997,0.0022445843737770588,-0.0022445843737770588,0.0003510131631214719,0.0028945264002118165,-9.000000000000075
2025-06-18,144.58,1.1521,2872.77,120.7305,4.38,2.07,2.31,4.28,4.4,6681056.0,,21.0,20.14,3.16,,,,,2.0,166.570618,-0.004391013444244862,0.004391013444244862,-0.0017806656463292825,0.0018712026461757958,-12.00000000000001
2025-06-19,,,,,,,,,4.4,,,,22.17,3.16,,,,,2.0,,,,,,
2025-06-20,145.92,1.152,2875.03,121.0408,4.38,2.05,2.33,4.29,4.4,,,,20.62,3.13,,,,,2.0,168.09983999999997,,,,,-11.000000000000032
2025-06-21,,,,,,,,,4.4,,,,,,,,,,2.0,,,,,,
2025-06-22,,,,,,,,,4.4,,,,,,,,,,2.0,,,,,,
2025-06-23,146.47,1.1538,2884.03,121.1694,4.34,2.04,2.3,4.29,4.4,,,,19.83,3.12,,,,,2.0,168.997086,,,,,-11.000000000000032
2025-06-24,144.9,1.1608,2855.84,120.3645,4.3,2.01,2.29,4.3,4.4,,,,17.48,3.06,,,,,2.0,168.19992000000002,-0.004728200256390203,0.004728200256390203,-0.00982260108867905,-0.006664927611021554,-10.000000000000053
2025-06-25,145.59,1.162,2866.13,120.3336,4.29,2.01,2.28,4.36,4.4,6662200.0,,19.0,16.76,3.04,,,,,2.0,169.17558,0.005783838600476265,-0.005783838600476265,0.003596667264116782,-0.0002567531706292314,-4.0000000000000036
2025-06-26,144.34,1.1717,2865.76,119.6451,4.26,1.98,2.28,4.4,4.4,,,,16.59,3.04,,,,,2.0,169.123178,-0.00030979717885415425,0.00030979717885415425,-0.00012910226836648775,-0.00573802499194187,0.0
2025-06-27,144.74,1.1724,2823.96,119.659,4.29,2.0,2.29,4.39,4.4,,,,16.32,3.02,,,,,2.0,169.69317600000002,0.0033646459564824482,-0.0033646459564824482,-0.01469343027007941,0.0001161701785772351,-1.0000000000000675
2025-06-28,,,,,,,,,4.4,,,,,,,,,,2.0,,,,,,
2025-06-29,,,,,,,,,4.4,,,,,,,,,,2.0,,,,,,
2025-06-30,144.17,1.177,2854.36,119.4088,4.24,1.95,2.29,4.45,4.4,,,,16.73,2.96,,,,,2.0,169.68809,,,,,4.999999999999982
2025-07-01,143.58,1.1776,2876.14,119.3436,4.26,1.97,2.29,4.44,4.4,,22025.5,,16.83,2.91,1.545,2.6313043478,3.537,4.5924,2.0,169.079808,-0.003591146961140268,0.003591146961140268,0.0076014675420257305,-0.0005461725337276846,4.0000000000000036
2025-07-02,143.76,1.179,2888.37,119.3037,4.3,2.0,2.3,4.4,4.4,6659598.0,,37.0,16.64,2.88,,,,,2.0,169.49304,0.0024410238897250025,-0.0024410238897250025,0.0042432117733968155,-0.00033438467874358224,0.0
2025-07-03,144.96,1.1758,2876.6,119.2382,4.35,2.02,2.33,4.35,4.4,,,,16.38,2.8,,,,,2.0,170.443968,0.005594745250149913,-0.005594745250149913,-0.00408328798021973,-0.0005491697822996855,-5.000000000000071
2025-07-04,,,,,,,,,4.4,,,,17.48,2.8,,,,,2.0,,,,,,
2025-07-05,,,,,,,,,4.4,,,,,,,,,,2.0,,,,,,
2025-07-06,,,,,,,,,4.4,,,,,,,,,,2.0,,,,,,
2025-07-07,145.86,1.1733,2879.69,119.6201,4.4,2.05,2.35,4.33,4.4,,,,17.79,2.86,,,,,2.0,171.137538,,,,,-7.000000000000028
2025-07-08,146.81,1.1707,2854.9,119.8371,4.42,2.07,2.35,4.34,4.4,,,,16.81,2.92,,,,,2.0,171.87046700000002,0.004273545251330724,-0.004273545251330724,-0.008645833240647605,0.0018124329475348588,-6.00000000000005
2025-07-09,146.53,1.1707,2867.41,119.7311,4.34,2.01,2.33,4.32,4.4,6661912.0,,55.0,15.94,2.94,,,,,2.0,171.542671,-0.0019090481014352179,0.0019090481014352179,0.004372367079059636,-0.000884925519475388,-8.000000000000007
2025-07-10,146.46,1.1688,2872.34,119.8343,4.35,2.01,2.34,4.31,4.4,,,,15.78,2.92,,,,,2.0,171.18244800000002,-0.0021021110661472164,0.0021021110661472164,0.001717845276314911,0.0008615601951174057,-9.000000000000075
2025-07-11,147.29,1.1696,2891.51,119.9214,4.43,2.06,2.37,4.31,4.4,,,,16.4,2.97,,,,,2.0,172.27038399999998,0.006335307427552728,-0.006335307427552728,0.006651828442532981,0.0007265729559859935,-9.000000000000075
2025-07-12,,,,,,,,,4.4,,,,,,,,,,2.0,,,,,,
2025-07-13,,,,,,,,,4.4,,,,,,,,,,2.0,,,,,,
2025-07-14,147.69,1.1672,2834.25,120.2209,4.43,2.04,2.39,4.33,4.4,,,,17.2,2.95,,,,,2.0,172.383768,,,,,-7.000000000000028
2025-07-15,148.75,1.1619,2829.18,120.5105,4.5,2.09,2.41,4.37,4.4,,,,17.38,2.95,,,,,2.0,172.83262499999998,0.0026004399677601597,-0.0026004399677601597,-0.0017904348970114725,0.0024060022058121078,-3.000000000000025
2025-07-16,148.08,1.1629,2836.83,120.4175,4.46,2.05,2.41,4.34,4.4,6659273.0,,63.0,17.16,3.0,,,,,2.0,172.202232,-0.0036540870503154466,0.0036540870503154466,0.002700314559437089,-0.0007720149141565713,-6.00000000000005
2025-07-17,148.55,1.1597,2835.03,120.6384,4.47,2.04,2.43,4.34,4.4,,,,16.52,2.91,,,,,2.0,172.273435,0.0004133993070345454,-0.0004133993070345454,-0.000634712443687846,0.0018327704224159191,-6.00000000000005
2025-07-18,148.55,1.1645,2841.25,120.356,4.44,2.03,2.41,4.3,4.4,,,,16.41,2.93,,,,,2.0,172.986475,0.004130459361737948,-0.004130459361737948,0.0021915770503069254,-0.002343623995068711,-10.000000000000053
2025-07-19,,,,,,,,,4.4,,,,,,,,,,2.0,,,,,,
2025-07-20,,,,,,,,,4.4,,,,,,,,,,2.0,,,,,,
2025-07-21,147.27,1.1705,2870.09,119.9961,4.38,1.98,2.4,4.28,4.4,,,,16.65,2.89,,,,,2.0,172.37953500000003,,,,,-12.00000000000001
2025-07-22,146.36,1.1749,2882.49,119.681,4.35,1.96,2.39,4.28,4.4,,,,16.5,2.9,,,,,2.0,171.95836400000002,-0.002446266944502895,0.002446266944502895,0.0043111157794371024,-0.0026293724476769142,-12.00000000000001
2025-07-23,146.55,1.1748,2865.26,119.5697,4.4,2.03,2.37,4.28,4.4,6657715.0,,84.0,15.37,2.83,,,,,2.0,172.16694,0.0012122097568330048,-0.0012122097568330048,-0.005995407458873281,-0.0009304048684413146,-12.00000000000001
2025-07-24,146.92,1.1765,2856.32,119.5664,4.43,1.98,2.45,4.3,4.4,,,,15.39,2.82,,,,,2.0,172.85138,0.003967562637517297,-0.003967562637517297,-0.0031250134667182294,-2.7599346148043935e-05,-10.000000000000053
2025-07-25,147.77,1.173,2840.56,119.9857,4.4,1.96,2.44,4.36,4.4,,,,14.93,2.84,,,,,2.0,173.33421,0.002789430450134134,-0.002789430450134134,-0.005532867185038981,0.0035007034228247136,-4.0000000000000036
2025-07-26,,,,,,,,,4.4,,,,,,,,,,2.0,,,,,,
2025-07-27,,,,,,,,,4.4,,,,,,,,,,2.0,,,,,,
2025-07-28,148.45,1.1609,2828.17,120.6149,4.42,1.98,2.44,4.36,4.4,,,,15.03,2.82,,,,,2.0,172.335605,,,,,-4.0000000000000036
2025-07-29,148.57,1.1534,2835.63,120.9674,4.34,1.91,2.43,4.36,4.4,,,,15.98,2.86,,,,,2.0,171.360638,-0.005673437723185515,0.005673437723185515,0.0026342753324613,0.0029182622250463197,-4.0000000000000036
2025-07-30,149.07,1.147,2793.38,121.4042,4.38,1.96,2.42,4.32,4.4,6642578.0,,57.0,15.48,2.89,,,,,2.0,170.98328999999998,-0.002204497418864193,0.002204497418864193,-0.015011802583992484,0.0036043865939268116,-8.000000000000007
2025-07-31,150.6,1.1431,2811.67,121.721,4.37,1.98,2.39,4.39,4.4,,,,16.72,2.86,,,,,2.0,172.15086,0.006805352985816526,-0.006805352985816526,0.0065262807353301255,0.0026060661691813536,-1.0000000000000675
2025-08-01,148.06,1.1555,2858.25,121.2122,4.23,1.9,2.33,4.34,4.4,,22092.5,,20.38,3.13,1.6,2.6733333333,3.538,4.6369,2.0,171.08333,-0.006220437668138068,0.006220437668138068,0.016430936574367117,-0.0041888119364204,-6.00000000000005
2025-08-02,,,,,,,,,4.4,,,,,,,,,,2.0,,,,,,
2025-08-03,,,,,,,,,4.4,,,,,,,,,,2.0,,,,,,
2025-08-04,147.09,1.1568,2875.67,120.9859,4.22,1.85,2.37,4.33,4.4,,,,17.52,3.02,,,,,2.0,170.153712,,,,,-7.000000000000028
2025-08-05,147.49,1.158,2878.64,120.9082,4.22,1.86,2.36,4.34,4.4,,,,17.85,2.98,,,,,2.0,170.79342,0.0037525392685999748,-0.0037525392685999748,0.0010322698164442201,-0.0006424299118696908,-6.00000000000005
2025-08-06,147.25,1.1647,2876.05,120.5082,4.22,1.88,2.34,4.34,4.4,6640843.0,,50.0,16.77,2.98,,,,,2.0,171.50207500000002,0.004140609635950199,-0.004140609635950199,-0.000900135428625326,-0.0033137795612701026,-6.00000000000005
2025-08-07,147.35,1.1641,2891.32,120.5043,4.23,1.88,2.35,4.35,4.4,,,,16.57,2.95,,,,,2.0,171.53013499999997,0.00016359979759705823,-0.00016359979759705823,0.0052953202868604166,-3.23634666283823e-05,-5.000000000000071
2025-08-08,147.7,1.166,2895.87,120.3329,4.27,1.88,2.39,4.35,4.4,,,,15.15,2.94,,,,,2.0,172.21819999999997,0.004003312009873028,-0.004003312009873028,0.0015724387613031965,-0.001423368391076707,-5.000000000000071
2025-08-09,,,,,,,,,4.4,,,,,,,,,,2.0,,,,,,
2025-08-10,,,,,,,,,4.4,,,,,,,,,,2.0,,,,,,
2025-08-11,147.99,1.1607,2840.56,120.6892,4.27,1.87,2.4,4.34,4.4,,,,16.25,2.94,,,,,2.0,171.771993,,,,,-6.00000000000005
2025-08-12,147.8,1.1673,2840.65,120.2736,4.29,1.91,2.38,4.36,4.4,,,,14.73,2.93,,,,,2.0,172.52694000000002,0.00438542288438537,-0.00438542288438537,3.168339139314469e-05,-0.0034494985292612412,-4.0000000000000036
2025-08-13,147.25,1.1715,2848.22,120.13,4.24,1.87,2.37,4.33,4.4,6643615.0,,46.0,14.49,2.9,,,,,2.0,172.503375,-0.00013659669317256373,0.00013659669317256373,0.0026613385322624694,-0.0011946577928023672,-7.000000000000028
2025-08-14,147.69,1.1644,2836.52,120.6446,4.29,1.9,2.39,4.34,4.4,,,,14.83,2.89,,,,,2.0,171.970236,-0.003095386169859715,0.003095386169859715,-0.004116289054638678,0.004274543772908146,-6.00000000000005
2025-08-15,147.0,1.1708,2838.9,120.3377,4.33,1.95,2.38,4.36,4.4,,,,15.09,2.88,,,,,2.0,172.10760000000002,0.0007984472867805792,-0.0007984472867805792,0.0008387044974691449,-0.00254707641117502,-4.0000000000000036
2025-08-16,,,,,,,,,4.4,,,,,,,,,,2.0,,,,,,
2025-08-17,,,,,,,,,4.4,,,,,,,,,,2.0,,,,,,
2025-08-18,147.76,1.1667,2837.62,120.5622,4.34,1.96,2.38,4.34,4.4,,,,14.99,2.88,,,,,2.0,172.391592,,,,,-6.00000000000005
2025-08-19,147.72,1.166,2825.27,120.7224,4.3,1.95,2.35,4.33,4.4,,,,15.57,2.9,,,,,2.0,172.24151999999998,-0.0008709088259957198,0.0008709088259957198,-0.004361737409568356,0.001327892650754059,-7.000000000000028
2025-08-20,147.19,1.1649,2848.4,120.7757,4.29,1.94,2.35,4.31,4.4,6618415.0,,46.0,15.69,2.94,,,,,2.0,171.461631,-0.004538162284573488,0.004538162284573488,0.008153497873209403,0.0004414113474631165,-9.000000000000075
2025-08-21,148.35,1.1605,2841.11,121.0843,4.33,1.94,2.39,4.32,4.4,,,,16.6,2.95,,,,,2.0,172.160175,0.004065777841096185,-0.004065777841096185,-0.0025626122423334508,0.0025518909077213436,-8.000000000000007
2025-08-22,146.82,1.1713,2867.32,120.2774,4.26,1.85,2.41,4.36,4.4,,,,14.22,2.88,,,,,2.0,171.97026599999998,-0.0011037036928582822,0.0011037036928582822,0.009182974717748316,-0.006686255574970268,-4.0000000000000036
2025-08-23,,,,,,,,,4.4,,,,,,,,,,2.0,,,,,,
2025-08-24,,,,,,,,,4.4,,,,,,,,,,2.0,,,,,,
2025-08-25,147.61,1.167,2863.87,120.4214,4.28,1.87,2.41,4.37,4.4,,,,14.79,2.8,,,,,2.0,172.26087,,,,,-3.000000000000025
2025-08-26,147.3,1.1657,2878.56,120.5274,4.26,1.84,2.42,4.38,4.4,,,,14.62,2.78,,,,,2.0,171.70761000000002,-0.0032169254410900905,0.0032169254410900905,0.005116312099430864,0.0008798550301003516,-2.000000000000046
2025-08-27,147.75,1.1611,2884.3,120.7274,4.24,1.81,2.43,4.36,4.4,6603384.0,,40.0,14.85,2.78,,,,,2.0,171.552525,-0.0009036004752029925,0.0009036004752029925,0.0019920670979978183,0.001657998479748457,-4.0000000000000036
2025-08-28,146.98,1.1672,2898.94,120.2595,4.22,1.81,2.41,4.34,4.4,,,,14.43,2.75,,,,,2.0,171.55505599999998,1.4753390132682398e-05,-1.4753390132682398e-05,0.0050629167291695865,-0.0038832035099476414,-6.00000000000005
2025-08-29,146.9,1.1695,2915.23,120.2082,4.23,1.82,2.41,4.34,4.4,,,,15.36,2.82,,,,,2.0,171.79955,0.0014241488947641656,-0.0014241488947641656,0.005603565986344705,-0.00042666853617578937,-6.00000000000005
2025-08-30,,,,,,,,,4.4,,,,,,,,,,2.0,,,,,,
2025-08-31,,,,,,,,,4.4,,,,,2.84,,,,,2.0,,,,,,
2025-09-01,,,,,,,,,4.4,,22176.1,,16.12,2.84,1.645,2.6931818182,3.559,4.6885,2.0,,,,,,
2025-09-02,148.23,1.1653,2944.56,120.6837,4.28,1.87,2.41,4.39,4.4,,,,17.17,2.92,,,,,2.0,172.732419,,,,,-1.0000000000000675
2025-09-03,147.97,1.1676,2951.91,120.5052,4.22,1.82,2.4,4.39,4.4,6602071.0,,41.0,16.35,2.88,,,,,2.0,172.769772,0.00021622438941637512,-0.00021622438941637512,0.002493018299685623,-0.0014801678898948012,-1.0000000000000675
2025-09-04,148.63,1.1648,2952.6,120.7629,4.17,1.79,2.38,4.41,4.4,,,,15.3,2.84,,,,,2.0,173.124224,0.0020494841088227744,-0.0020494841088227744,0.0002337196492643301,0.002136213598061154,0.9999999999999787
2025-09-05,146.84,1.1759,2968.52,120.1282,4.1,1.73,2.37,4.42,4.4,,,,15.18,2.83,,,,,2.0,172.669156,-0.0026320241452220117,0.0026320241452220117,0.005377373997513146,-0.005269613271214446,1.9999999999999574
2025-09-06,,,,,,,,,4.4,,,,,,,,,,2.0,,,,,,
2025-09-07,,,,,,,,,4.4,,,,,,,,,,2.0,,,,,,
2025-09-08,147.58,1.1751,2968.94,120.0971,4.05,1.7,2.35,4.4,4.4,,,,15.11,2.84,,,,,2.0,173.42125800000002,,,,,0.0
2025-09-09,147.23,1.1723,2969.36,120.1569,4.08,1.72,2.36,4.4,4.4,,,,15.04,2.87,,,,,2.0,172.597729,-0.0047600310150164304,0.0047600310150164304,0.00014145462529668862,0.0004978064984131336,0.0
2025-09-10,147.37,1.1714,2971.89,120.1223,4.04,1.69,2.35,4.39,4.4,6605962.0,,49.0,15.35,2.84,,,,,2.0,172.629218,0.0001824249257538213,-0.0001824249257538213,0.000851672679294424,-0.0002879982973071904,-1.0000000000000675
2025-09-11,147.17,1.1732,2972.63,119.9534,4.01,1.67,2.34,4.41,4.4,,,,14.71,2.78,,,,,2.0,172.659844,0.00017739339846389868,-0.00017739339846389868,0.0002489687994398082,-0.0014070564231678517,0.9999999999999787
2025-09-12,147.85,1.1714,2975.77,120.0611,4.06,1.7,2.36,4.42,4.4,,,,14.76,2.79,,,,,2.0,173.19149,0.0030744216748503916,-0.0030744216748503916,0.0010557461810414281,0.0008974458395520912,1.9999999999999574
2025-09-13,,,,,,,,,4.4,,,,,,,,,,2.0,,,,,,
2025-09-14,,,,,,,,,4.4,,,,,,,,,,2.0,,,,,,
2025-09-15,147.27,1.1772,2957.41,119.5644,4.05,1.68,2.37,4.51,4.4,,,,15.69,2.75,,,,,2.0,173.36624400000002,,,,,10.999999999999943
2025-09-16,146.56,1.1848,2958.99,119.1348,4.04,1.67,2.37,4.39,4.4,,,,16.36,2.79,,,,,2.0,173.64428800000002,0.0016025107820203388,-0.0016025107820203388,0.0005341085922383471,-0.0035995132270443264,-1.0000000000000675
2025-09-17,146.36,1.1845,2950.06,119.1582,4.06,1.68,2.38,4.38,4.4,6608597.0,,51.0,15.72,2.79,,,,,2.0,173.36342000000002,-0.0016188001295631693,0.0016188001295631693,-0.003022484764308331,0.00019639687338912637,-2.000000000000046
2025-09-18,148.02,1.178,2945.51,119.6616,4.11,1.73,2.38,4.14,4.15,,,,15.7,2.71,,,,,2.0,174.36756,0.005775400231006422,-0.005775400231006422,-0.0015435321447672123,0.004215737100136785,-1.0000000000000675
2025-09-19,147.83,1.1753,2967.44,119.7858,4.14,1.75,2.39,4.14,4.15,,,,15.45,2.72,,,,,2.0,173.74459900000002,-0.0035790859290454335,0.0035790859290454335,0.007417651274504777,0.0010373886802561572,-1.0000000000000675
2025-09-20,,,,,,,,,4.15,,,,,,,,,,2.0,,,,,,
2025-09-21,,,,,,,,,4.15,,,,,,,,,,2.0,,,,,,
2025-09-22,147.83,1.1773,2994.53,119.8152,4.15,1.78,2.37,4.14,4.15,,,,16.1,2.69,,,,,2.0,174.04025900000002,,,,,-1.0000000000000675
2025-09-23,147.83,1.18,2998.12,119.6202,4.12,1.75,2.37,4.12,4.15,,,,16.64,2.71,,,,,2.0,174.4394,0.0022907573755590604,-0.0022907573755590604,0.0011981345246141473,-0.0016288321869923905,-3.000000000000025
2025-09-24,148.71,1.1742,2987.7,120.1707,4.16,1.78,2.38,4.13,4.15,6608395.0,,52.0,16.18,2.7,,,,,2.0,174.615282,0.0010077619579691444,-0.0010077619579691444,-0.0034815649402499815,0.004591508411153633,-2.000000000000046
2025-09-25,149.78,1.1673,2993.0,120.5419,4.18,1.8,2.38,4.18,4.15,,,,16.74,2.76,,,,,2.0,174.83819400000002,0.0012757751491605518,-0.0012757751491605518,0.0017723682469963364,0.003084178345816646,2.999999999999936
2025-09-26,149.52,1.1692,3006.7,120.4349,4.2,1.82,2.38,4.16,4.15,,,,15.29,2.75,,,,,2.0,174.81878400000002,-0.00011102309544064326,0.00011102309544064326,0.00456690294890727,-0.0008880523521934691,0.9999999999999787
2025-09-27,,,,,,,,,4.15,,,,,,,,,,2.0,,,,,,
2025-09-28,,,,,,,,,4.15,,,,,,,,,,2.0,,,,,,
2025-09-29,148.57,1.173,3023.94,120.115,4.15,1.8,2.35,4.13,4.15,,,,16.12,2.74,,,,,2.0,174.27261,,,,,-2.000000000000046
2025-09-30,147.97,1.1735,3033.22,120.1368,4.16,1.8,2.36,4.24,4.15,,,,16.28,2.8,,,,,2.0,173.642795,-0.0036205104972157898,0.0036205104972157898,0.0030641446687269536,0.0001814762683141069,8.999999999999986
2025-10-01,147.16,1.1723,3038.34,120.1502,4.12,1.77,2.35,4.2,4.15,6587119.0,22249.8,40.0,16.29,2.81,1.655,2.617826087,3.442,4.5721,2.0,172.51566799999998,-0.006512225491165147,0.006512225491165147,0.0016865521261877348,0.00011153329155444425,4.999999999999982
2025-10-02,147.35,1.1696,3031.21,120.4296,4.1,1.76,2.34,4.2,4.15,,,,16.63,2.81,,,,,2.0,172.34055999999998,-0.0010155421351383254,0.0010155421351383254,-0.0023494339052181346,0.0023227230683087186,4.999999999999982
2025-10-03,147.33,1.1747,3040.62,120.0881,4.13,1.8,2.33,4.18,4.15,,,,16.65,2.8,,,,,2.0,173.068551,0.004215245369885601,-0.004215245369885601,0.0030995622518137367,-0.002839709755137143,2.999999999999936
2025-10-04,,,,,,,,,4.15,,,,,,,,,,2.0,,,,,,
2025-10-05,,,,,,,,,4.15,,,,,,,,,,2.0,,,,,,
2025-10-06,150.02,1.1707,3042.28,120.2722,4.18,1.84,2.34,4.15,4.15,,,,16.37,2.76,,,,,2.0,175.62841400000002,,,,,0.0
2025-10-07,151.17,1.1674,3042.31,120.4884,4.14,1.79,2.35,4.14,4.15,,,,17.24,2.82,,,,,2.0,176.475858,0.00481360610319026,-0.00481360610319026,9.86097666455521e-06,0.0017959754055549837,-1.0000000000000675
2025-10-08,152.72,1.1606,3051.66,120.7766,4.13,1.78,2.35,4.12,4.15,6590815.0,,45.0,16.3,2.84,,,,,2.0,177.246832,0.004359207043692415,-0.004359207043692415,0.003068609572057568,0.0023890753907895856,-3.000000000000025
2025-10-09,153.05,1.1559,3027.8,121.0902,4.14,1.8,2.34,4.13,4.15,,,,16.43,2.95,,,,,2.0,176.910495,-0.0018993654823562522,0.0018993654823562522,-0.007849421661756395,0.0025931643014551753,-2.000000000000046
2025-10-10,151.94,1.1613,3038.69,121.1163,4.05,1.75,2.3,4.15,4.15,,,,21.66,3.18,,,,,2.0,176.447922,-0.002618153364855935,0.002618153364855935,0.0035902182966989216,0.00021551857692525545,0.0
2025-10-11,,,,,,,,,4.15,,,,,,,,,,2.0,,,,,,
2025-10-12,,,,,,,,,4.15,,,,,,,,,,2.0,,,,,,
2025-10-13,,,3042.58,,,,,,4.15,,,,19.03,3.18,,,,,2.0,,,,,,
2025-10-14,151.77,1.1608,3046.04,121.1822,4.03,1.73,2.3,4.19,4.15,,,,20.81,3.11,,,,,2.0,176.17461600000001,,,0.0011365466632664578,,4.0000000000000036
2025-10-15,151.21,1.1638,3069.41,120.8642,4.05,1.76,2.29,4.29,4.15,6596454.0,,30.0,20.64,2.95,,,,,2.0,175.978198,-0.0011155271947851375,0.0011155271947851375,0.0076429743561678976,-0.0026275968819442497,13.999999999999968
2025-10-16,150.75,1.1665,3071.52,120.6698,3.99,1.71,2.28,4.3,4.15,,,,25.31,3.04,,,,,2.0,175.84987500000003,-0.0007294642783675087,0.0007294642783675087,0.0006871923578462003,-0.0016097116097695263,14.999999999999947
2025-10-17,150.33,1.1674,3059.86,120.7028,4.02,1.75,2.27,4.18,4.15,,,,20.78,3.04,,,,,2.0,175.49524200000002,-0.0020187166593457206,0.0020187166593457206,-0.0038033897934575123,0.0002734361746581371,2.999999999999936
2025-10-18,,,,,,,,,4.15,,,,,,,,,,2.0,,,,,,
2025-10-19,,,,,,,,,4.15,,,,,,,,,,2.0,,,,,,
2025-10-20,150.59,1.1656,3111.77,120.6209,4.0,1.74,2.26,4.16,4.15,,,,18.23,2.99,,,,,2.0,175.527704,,,,,0.9999999999999787
2025-10-21,151.72,1.1616,3021.45,120.8895,3.98,1.7,2.28,4.23,4.15,,,,17.87,2.97,,,,,2.0,176.237952,0.004038193911506838,-0.004038193911506838,-0.029454847519437166,0.002224335769766661,8.000000000000007
2025-10-22,151.79,1.1612,3037.62,120.8958,3.97,1.68,2.29,4.21,4.15,6589533.0,,37.0,18.6,3.01,,,,,2.0,176.258548,0.0001168578980133006,-0.0001168578980133006,0.005337465448752354,5.2112349273159e-05,5.999999999999961
2025-10-23,152.72,1.1612,3049.9,120.9531,4.01,1.71,2.3,4.24,4.15,,,,17.3,2.96,,,,,2.0,177.338464,0.0061081927787238754,-0.0061081927787238754,0.004034489137415775,0.0004738495901550621,8.999999999999986
2025-10-24,152.82,1.1626,3052.79,120.9345,4.02,1.73,2.29,4.24,4.15,,,,16.37,2.88,,,,,2.0,177.668532,0.0018595019187044315,-0.0018595019187044315,0.0009471233885509633,-0.00015379043850671792,8.999999999999986
2025-10-25,,,,,,,,,4.15,,,,,,,,,,2.0,,,,,,
2025-10-26,,,,,,,,,4.15,,,,,,,,,,2.0,,,,,,
2025-10-27,153.09,1.1636,3003.32,120.7988,4.01,1.73,2.28,4.27,4.15,,,,15.79,2.8,,,,,2.0,178.135524,,,,,11.999999999999922
2025-10-28,152.14,1.1659,2990.27,120.6361,3.99,1.71,2.28,4.31,4.15,,,,16.42,2.82,,,,,2.0,177.380026,-0.004250160856635432,0.004250160856635432,-0.004354659101579728,-0.0013477755256481316,15.999999999999925
2025-10-29,151.91,1.1664,2978.85,120.5312,4.08,1.78,2.3,4.27,4.15,6587034.0,,26.0,16.92,2.76,,,,,2.0,177.187824,-0.0010841480344359056,0.0010841480344359056,-0.003826364332902621,-0.000869935572655578,11.999999999999922
2025-10-30,154.17,1.1564,3021.98,121.2832,4.11,1.82,2.29,4.04,3.9,,,,16.91,2.85,,,,,2.0,178.282188,0.006157298340474071,-0.006157298340474071,0.0143749256988146,0.006219666192015971,14.000000000000012
2025-10-31,154.05,1.1541,3019.25,121.3859,4.11,1.81,2.3,4.22,3.9,,,,17.44,2.94,,,,,2.0,177.789105,-0.0027695763454023137,0.0027695763454023137,-0.0009037895216135183,0.0008464201345077527,31.999999999999986
2025-11-01,,,,,,,,,3.9,,22279.8,,,,1.805,2.6575,3.459,4.4985,2.0,,,,,,
2025-11-02,,,,,,,,,3.9,,,,,,,,,,2.0,,,,,,
2025-11-03,154.13,1.1531,3030.8,121.4512,4.13,1.82,2.31,4.13,3.9,,,,17.17,3.04,,,,,2.0,177.727303,,,,,23.0
2025-11-04,153.55,1.1491,2989.78,121.8271,4.1,1.81,2.29,4.0,3.9,,,,19.0,3.13,,,,,2.0,176.444305,-0.007245095785279432,0.007245095785279432,-0.013626804974840923,0.0030902904134926246,10.000000000000009
2025-11-05,154.11,1.1485,3022.34,121.8482,4.17,1.87,2.3,3.91,3.9,6572732.0,,86.0,18.01,3.05,,,,,2.0,176.99533500000004,0.003118102126019373,-0.003118102126019373,0.010831559694393533,0.00017318127896182034,1.000000000000023
2025-11-06,152.97,1.1539,3020.72,121.6948,4.11,1.83,2.28,3.92,3.9,,,,19.5,3.13,,,,,2.0,176.512083,-0.0027340433406433107,0.0027340433406433107,-0.0005361522271183361,-0.0012597366402342658,2.0000000000000018
2025-11-07,153.06,1.1578,3037.34,121.388,4.11,1.83,2.28,3.93,3.9,,,,19.08,3.15,,,,,2.0,177.212868,0.003962321090883236,-0.003962321090883236,0.005486918814661124,-0.0025242441086401612,3.000000000000025
2025-11-08,,,,,,,,,3.9,,,,,,,,,,2.0,,,,,,
2025-11-09,,,,,,,,,3.9,,,,,,,,,,2.0,,,,,,
2025-11-10,153.99,1.1545,3088.03,121.2984,4.13,1.84,2.29,3.95,3.9,,,,17.6,3.02,,,,,2.0,177.78145500000002,,,,,5.000000000000027
2025-11-11,,,3095.02,,,,,,3.9,,,,17.28,3.02,,,,,2.0,,,,0.0022610210099749395,,
2025-11-12,154.64,1.1592,3113.76,121.0458,4.08,1.81,2.27,3.98,3.9,6580462.0,,31.0,17.51,3.02,,,,,2.0,179.25868799999998,,,0.00603663099949614,,8.000000000000007
2025-11-13,154.4,1.1649,3098.36,120.7725,4.11,1.83,2.28,4.0,3.9,,,,20.0,3.09,,,,,2.0,179.86056000000002,0.0033519370898593692,-0.0033519370898593692,-0.004958059904620171,-0.0022603757975661054,10.000000000000009
2025-11-14,154.64,1.1617,3076.74,120.9666,4.14,1.86,2.28,3.95,3.9,,,,19.83,3.07,,,,,2.0,179.64528799999997,-0.00119759957690313,0.00119759957690313,-0.007002344363893798,0.0016058638566303074,5.000000000000027
2025-11-15,,,,,,,,,3.9,,,,,,,,,,2.0,,,,,,
2025-11-16,,,,,,,,,3.9,,,,,,,,,,2.0,,,,,,
2025-11-17,155.2,1.1598,2998.27,121.1146,4.13,1.85,2.28,4.0,3.9,,,,22.38,3.13,,,,,2.0,180.00095999999996,,,,,10.000000000000009
2025-11-18,155.44,1.1579,3016.27,121.2127,4.12,1.85,2.27,3.94,3.9,,,,24.69,3.2,,,,,2.0,179.98397599999998,-9.435950404590443e-05,9.435950404590443e-05,0.005985513019954425,0.0008096488126509982,4.0000000000000036
2025-11-19,156.63,1.154,3022.36,121.4978,4.13,1.86,2.27,3.91,3.9,6555283.0,,47.0,23.66,3.17,,,,,2.0,180.75101999999998,0.0042526794712030025,-0.0042526794712030025,0.0020170144766904485,0.0023493019966380757,1.000000000000023
2025-11-20,157.41,1.1534,3024.88,121.6889,4.1,1.86,2.24,3.91,3.9,,,,26.42,3.17,,,,,2.0,181.556694,0.004447464389427225,-0.004447464389427225,0.0008334381125507662,0.001571632324754546,1.000000000000023
2025-11-21,156.58,1.1506,3027.84,121.8653,4.06,1.82,2.24,3.93,3.9,,,,23.43,3.19,,,,,2.0,180.16094800000002,-0.0077173616390808775,0.0077173616390808775,0.0009780727461254912,0.0014485484614503719,3.000000000000025
2025-11-22,,,,,,,,,3.9,,,,,,,,,,2.0,,,,,,
2025-11-23,,,,,,,,,3.9,,,,,,,,,,2.0,,,,,,
2025-11-24,156.94,1.1518,3060.09,121.9171,4.04,1.81,2.23,3.96,3.9,,,,20.52,3.15,,,,,2.0,180.76349199999999,,,,,6.000000000000005
2025-11-25,156.3,1.1553,3060.93,121.6335,4.01,1.79,2.22,4.01,3.9,,,,18.56,3.1,,,,,2.0,180.57339000000002,-0.0010522148554947819,0.0010522148554947819,0.0002744640616345606,-0.002328880554428814,10.999999999999988
2025-11-26,156.38,1.1591,3079.06,121.2437,4.0,1.77,2.23,4.05,3.9,6552419.0,,46.0,17.19,3.0,,,,,2.0,181.260058,0.00379549667466339,-0.00379549667466339,0.005905564240762828,-0.0032098553069728197,14.999999999999991
2025-11-27,,,,,,,,,3.9,,,,17.21,3.0,,,,,2.0,,,,,,
2025-11-28,156.17,1.16,3101.74,121.0527,4.02,1.79,2.23,4.12,3.9,,,,16.35,2.95,,,,,2.0,181.15719999999996,,,,,22.00000000000002
2025-11-29,,,,,,,,,3.9,,,,,,,,,,2.0,,,,,,
2025-11-30,,,,,,,,,3.9,,,,,2.92,,,,,2.0,,,,,,
2025-12-01,155.28,1.1623,3111.11,120.9862,4.09,1.85,2.24,4.12,3.9,,22355.3,,17.24,2.94,2.06,2.8142105263,3.552,4.4826,2.0,180.48194400000003,,,,,22.00000000000002
2025-12-02,155.92,1.1596,3104.82,121.1467,4.09,1.85,2.24,4.01,3.9,,,,16.59,2.92,,,,,2.0,180.80483199999998,0.0017874337363883441,-0.0017874337363883441,-0.0020238330054986875,0.001325718425764677,10.999999999999988
2025-12-03,155.17,1.166,3105.14,120.7336,4.06,1.82,2.24,3.95,3.9,6535781.0,,29.0,16.08,2.89,,,,,2.0,180.92821999999998,0.0006822047590251401,-0.0006822047590251401,0.00010306024524453505,-0.00341574242835474,5.000000000000027
2025-12-04,154.9,1.1659,3115.15,120.6766,4.11,1.85,2.26,3.92,3.9,,,,15.78,2.88,,,,,2.0,180.59790999999998,-0.0018273096437617653,0.0018273096437617653,0.0032185022373329986,-0.0004722252917170877,2.0000000000000018
2025-12-05,155.3,1.1635,3116.83,120.6863,4.14,1.88,2.26,3.93,3.9,,,,15.41,2.85,,,,,2.0,180.69155,0.0005183655349192406,-0.0005183655349192406,0.0005391545032864542,8.037689309503548e-05,3.000000000000025
2025-12-06,,,,,,,,,3.9,,,,,,,,,,2.0,,,,,,
2025-12-07,,,,,,,,,3.9,,,,,,,,,,2.0,,,,,,
2025-12-08,155.89,1.1626,3115.87,120.776,4.17,1.91,2.26,3.95,3.9,,,,16.66,2.89,,,,,2.0,181.23771399999998,,,,,5.000000000000027
2025-12-09,156.85,1.1639,3124.82,120.6832,4.18,1.92,2.26,3.93,3.9,,,,16.93,2.89,,,,,2.0,182.55771499999997,0.007256862992777613,-0.007256862992777613,0.002868274545273053,-0.0007686599191014665,3.000000000000025
2025-12-10,156.33,1.165,3135.79,120.6752,4.13,1.88,2.25,3.9,3.9,6539303.0,,24.0,15.77,2.91,,,,,2.0,182.12445000000002,-0.002376124995583595,0.002376124995583595,0.003504454430817816,-6.629145704462047e-05,0.0
2025-12-11,155.15,1.1756,3151.62,119.98,4.14,1.89,2.25,3.66,3.65,,,,14.85,2.88,,,,,2.0,182.39434,0.0014808018501177855,-0.0014808018501177855,0.005035470392014574,-0.005777576664342199,1.000000000000023
2025-12-12,155.81,1.1731,3157.99,120.1442,4.19,1.93,2.26,3.67,3.65,,,,15.74,2.91,,,,,2.0,182.780711,0.0021160873017862514,-0.0021160873017862514,0.0020191429150688833,0.0013676258002588426,2.0000000000000018
2025-12-13,,,,,,,,,3.65,,,,,,,,,,2.0,,,,,,
2025-12-14,,,,,,,,,3.65,,,,,,,,,,2.0,,,,,,
2025-12-15,155.29,1.1756,3103.72,119.9561,4.18,1.93,2.25,3.75,3.65,,,,16.5,2.91,,,,,2.0,182.558924,,,,,10.000000000000009
2025-12-16,154.8,1.177,3110.73,119.8902,4.15,1.92,2.23,3.69,3.65,,,,16.48,2.98,,,,,2.0,182.19960000000003,-0.0019702027099564035,0.0019702027099564035,0.0022560332686634155,-0.000549518601357768,4.0000000000000036
2025-12-17,155.6,1.1748,3119.39,120.155,4.16,1.92,2.24,3.69,3.65,6556861.0,,89.0,17.62,2.99,,,,,2.0,182.79888,0.0032837426528526947,-0.0032837426528526947,0.00278004455050862,0.002206252050951818,4.0000000000000036
2025-12-18,155.53,1.1729,3119.63,120.0528,4.12,1.88,2.24,3.66,3.65,,,,16.87,2.95,,,,,2.0,182.42113700000002,-0.0020685784848284428,0.0020685784848284428,7.693515972739817e-05,-0.0008509299545371718,1.000000000000023
2025-12-19,157.43,1.1721,3124.35,120.1652,4.16,1.92,2.24,3.66,3.65,,,,14.91,2.9,,,,,2.0,184.52370299999998,0.011459973171744409,-0.011459973171744409,0.0015118565078822144,0.000935816701519876,1.000000000000023
2025-12-20,,,,,,,,,3.65,,,,,,,,,,2.0,,,,,,
2025-12-21,,,,,,,,,3.65,,,,,,,,,,2.0,,,,,,
2025-12-22,156.93,1.175,3142.35,119.9912,4.17,1.94,2.23,3.68,3.65,,,,14.08,2.88,,,,,2.0,184.39275,,,,,3.000000000000025
2025-12-23,156.33,1.1776,3156.99,119.7057,4.18,1.94,2.24,3.66,3.65,,,,14.0,2.83,,,,,2.0,184.094208,-0.0016203670650440927,0.0016203670650440927,0.004648114360568556,-0.0023821762818965198,1.000000000000023
2025-12-24,155.83,1.178,3155.93,119.4372,4.15,1.91,2.24,3.66,3.65,6581231.0,,481.0,13.47,2.84,,,,,2.0,183.56774000000001,-0.00286387189478976,0.00286387189478976,-0.0003358192436966334,-0.002245520254398947,1.000000000000023
2025-12-25,,,,,,,,,3.65,,,,,,,,,,2.0,,,,,,
2025-12-26,156.63,1.1766,3162.5,119.4723,4.14,1.91,2.23,3.76,3.65,,,,13.6,2.86,,,,,2.0,184.29085800000001,,,,,10.999999999999988
2025-12-27,,,,,,,,,3.65,,,,,,,,,,2.0,,,,,,
2025-12-28,,,,,,,,,3.65,,,,,,,,,,2.0,,,,,,
2025-12-29,156.1,1.1756,3119.87,119.5899,4.12,1.9,2.22,3.77,3.65,,,,14.2,2.87,,,,,2.0,183.51116,,,,,12.00000000000001
2025-12-30,156.26,1.1765,3124.51,119.4939,4.14,1.9,2.24,3.71,3.65,,,,14.33,2.84,,,,,2.0,183.83989,0.001789732669866595,-0.001789732669866595,0.001486136607315558,-0.0008030657464814794,6.000000000000005
2025-12-31,156.8,1.1736,3122.7,119.7456,4.18,1.93,2.25,3.87,3.65,6640618.0,,481.0,14.95,2.81,,,,,2.0,184.02048000000002,0.0009818400090644275,-0.0009818400090644275,-0.0005794586865643936,0.0021041683573770342,22.00000000000002
2026-01-01,,,,,,,,,3.65,,22420.1,,,,2.24,2.8066666667,3.492,4.451,2.0,,,,,,
2026-01-02,156.72,1.1738,3134.87,119.6059,4.19,1.94,2.25,3.75,3.65,,,,14.51,2.83,,,,,2.0,183.957936,,,,,10.000000000000009
2026-01-03,,,,,,,,,3.65,,,,,,,,,,2.0,,,,,,
2026-01-04,,,,,,,,,3.65,,,,,,,,,,2.0,,,,,,
2026-01-05,156.32,1.1715,3163.06,119.6192,4.17,1.91,2.26,3.7,3.65,,,,14.9,2.81,,,,,2.0,183.12887999999998,,,,,5.000000000000027
2026-01-06,156.7,1.1689,3171.1,119.7807,4.18,1.91,2.27,3.66,3.65,,,,14.75,2.79,,,,,2.0,183.16663,0.00020611773337630979,-0.00020611773337630979,0.0025386173755848063,0.001349207117455009,1.000000000000023
2026-01-07,156.73,1.169,3165.0,119.8719,4.15,1.88,2.27,3.65,3.65,6573602.0,,481.0,15.38,2.79,,,,,2.0,183.21737,0.0002769771623460926,-0.0002769771623460926,-0.001925475255953657,0.0007611017314435031,0.0
2026-01-08,156.9,1.1655,3171.82,120.0904,4.19,1.92,2.27,3.64,3.65,,,,15.45,2.76,,,,,2.0,182.86695,-0.001914422923246839,0.001914422923246839,0.002152500034160454,0.0018211199041484605,-0.9999999999999787
2026-01-09,158.07,1.1634,3184.62,120.2215,4.18,1.9,2.28,3.64,3.65,,,,14.49,2.74,,,,,2.0,183.89863799999998,0.005625886151166881,-0.005625886151166881,0.004027417013745094,0.0010910821561953554,-0.9999999999999787
2026-01-10,,,,,,,,,3.65,,,,,,,,,,2.0,,,,,,
2026-01-11,,,,,,,,,3.65,,,,,,,,,,2.0,,,,,,
2026-01-12,158.15,1.1672,3143.22,119.9958,4.19,1.9,2.29,3.64,3.65,,,,15.12,2.74,,,,,2.0,184.59268,,,,,-0.9999999999999787
2026-01-13,159.06,1.1646,3150.17,120.1401,4.18,1.88,2.3,3.65,3.65,,,,15.98,2.75,,,,,2.0,185.24127600000003,0.0035075019717751843,-0.0035075019717751843,0.002208667451181867,0.001201819614381705,0.0
2026-01-14,158.13,1.1655,3167.15,119.9537,4.15,1.86,2.29,3.64,3.65,6581700.0,,122.0,16.75,2.76,,,,,2.0,184.300515,-0.005091510920971487,0.005091510920971487,0.00537571023504313,-0.0015527267880326434,-0.9999999999999787
2026-01-15,158.5,1.1605,3159.37,119.9951,4.17,1.88,2.29,3.66,3.65,,,,15.84,2.71,,,,,2.0,183.93925000000002,-0.001962118979210281,0.001962118979210281,-0.0024594892363651866,0.00034507361912883283,1.000000000000023
2026-01-16,158.02,1.1599,3154.56,120.0838,4.24,1.91,2.33,3.65,3.65,,,,15.86,2.65,,,,,2.0,183.287398,-0.003550138249408974,0.003550138249408974,-0.0015236155391331607,0.0007389237791066705,0.0
2026-01-17,,,,,,,,,3.65,,,,,,,,,,2.0,,,,,,
2026-01-18,,,,,,,,,3.65,,,,,,,,,,2.0,,,,,,
2026-01-19,,,,,,,,,3.65,,,,18.84,2.65,,,,,2.0,,,,,,
2026-01-20,157.89,1.1739,3197.87,119.4455,4.3,1.97,2.33,3.64,3.65,,,,20.09,2.73,,,,,2.0,185.34707099999997,,,,,-0.9999999999999787
2026-01-21,158.16,1.1705,3211.54,119.3431,4.26,1.92,2.34,3.63,3.65,6584580.0,,79.0,16.9,2.69,,,,,2.0,185.12628,-0.0011919401249471662,0.0011919401249471662,0.004265609698121509,-0.0008576624367915286,-2.0000000000000018
2026-01-22,158.36,1.1738,3215.6,119.1962,4.26,1.95,2.31,3.64,3.65,,,,15.64,2.64,,,,,2.0,185.882968,0.00407908456883721,-0.00407908456883721,0.0012633925945397806,-0.001231663030540453,-0.9999999999999787
2026-01-23,157.57,1.1771,3219.24,118.8976,4.24,1.92,2.32,3.65,3.65,,,,16.09,2.68,,,,,2.0,185.475647,-0.0021936809697749027,0.0021936809697749027,0.001131341381681139,-0.002508256464887282,0.0
2026-01-24,,,,,,,,,3.65,,,,,,,,,,2.0,,,,,,
2026-01-25,,,,,,,,,3.65,,,,,,,,,,2.0,,,,,,
2026-01-26,153.88,1.1886,3235.58,118.0525,4.22,1.9,2.32,3.66,3.65,,,,16.15,2.69,,,,,2.0,182.901768,,,,,1.000000000000023
2026-01-27,153.03,1.198,3230.32,117.4523,4.24,1.9,2.34,3.66,3.65,,,,16.35,2.71,,,,,2.0,183.32994,0.0023382584616848945,-0.0023382584616848945,-0.001626997374014394,-0.0050971470600842395,1.000000000000023
2026-01-28,153.6,1.1941,3224.95,117.5117,4.26,1.9,2.36,3.64,3.65,6587568.0,,32.0,16.35,2.72,,,,,2.0,183.41376,0.00045710397457110474,-0.00045710397457110474,-0.0016637572831879055,0.0005056093807178641,-0.9999999999999787
2026-01-29,152.88,1.1943,3227.5,117.4396,4.24,1.89,2.35,3.65,3.65,,,,16.88,2.77,,,,,2.0,182.58458399999998,-0.00453104464651144,0.00453104464651144,0.0007903974870799857,-0.0006137442292359907,0.0
2026-01-30,154.34,1.1885,3174.73,117.8996,4.26,1.9,2.36,3.68,3.65,,,,17.44,2.8,,,,,2.0,183.43309,0.004636429223306315,-0.004636429223306315,-0.016485254380135927,0.003909255966032532,3.000000000000025
2026-01-31,,,,,,,,,3.65,,,,,2.88,,,,,2.0,,,,,,
2026-02-01,,,,,,,,,3.65,,22620.3,,,,2.11,2.745,3.388,4.4324,2.0,,,,,,
2026-02-02,155.5,1.1807,3146.04,118.3609,4.29,1.94,2.35,3.69,3.65,,,,16.34,2.81,,,,,2.0,183.59885,,,,,4.0000000000000036
2026-02-03,155.7,1.1819,3196.07,117.9764,4.28,1.92,2.36,3.69,3.65,,,,18.0,2.85,,,,,2.0,184.02182999999997,0.002301177325794157,-0.002301177325794157,0.01577741092872209,-0.003253826960344597,4.0000000000000036
2026-02-04,156.61,1.1803,3206.24,118.2602,4.29,1.94,2.35,3.65,3.65,6605909.0,,22.0,18.64,2.86,,,,,2.0,184.846783,0.00447289005521867,-0.00447289005521867,0.0031769809815500594,0.002402677117162355,0.0
2026-02-05,156.91,1.1802,3202.56,118.5034,4.21,1.89,2.32,3.65,3.65,,,,21.77,2.97,,,,,2.0,185.18518199999997,0.0018290262806788249,-0.0018290262806788249,-0.0011484210474517198,0.0020543705665412304,0.0
2026-02-06,157.1,1.1812,3228.7,118.2407,4.22,1.88,2.34,3.64,3.65,,,,17.76,2.87,,,,,2.0,185.56652,0.002057107937297964,-0.002057107937297964,0.008129089462615369,-0.0022192748019520536,-0.9999999999999787
2026-02-07,,,,,,,,,3.65,,,,,,,,,,2.0,,,,,,
2026-02-08,,,,,,,,,3.65,,,,,,,,,,2.0,,,,,,
2026-02-09,156.08,1.1898,3250.07,117.6392,4.22,1.87,2.35,3.63,3.65,,,,17.36,2.84,,,,,2.0,185.70398400000002,,,,,-2.0000000000000018
2026-02-10,154.28,1.1898,3239.21,117.5216,4.16,1.84,2.32,3.65,3.65,,,,17.79,2.86,,,,,2.0,183.562344,-0.011599562974828892,0.011599562974828892,-0.003347061658164563,-0.0010001667778247736,0.0
2026-02-11,152.93,1.1884,3243.53,117.4601,4.18,1.86,2.32,3.65,3.65,6622382.0,,24.0,17.65,2.84,,,,,2.0,181.742012,-0.009966194145347274,0.009966194145347274,0.001332769982894888,-0.0005234450291595749,0.0
2026-02-12,152.64,1.187,3205.56,117.5376,4.09,1.8,2.29,3.65,3.65,,,,20.82,2.92,,,,,2.0,181.18367999999998,-0.0030768416388404773,0.0030768416388404773,-0.011775440797233472,0.0006595809474703174,0.0
2026-02-13,152.77,1.187,3241.5,117.5258,4.04,1.77,2.27,3.66,3.65,,,,20.6,2.95,,,,,2.0,181.33799000000002,0.0008513146776554237,-0.0008513146776554237,0.011149383534181823,-0.00010039844578013657,1.000000000000023
2026-02-14,,,,,,,,,3.65,,,,,,,,,,2.0,,,,,,
2026-02-15,,,,,,,,,3.65,,,,,,,,,,2.0,,,,,,
2026-02-16,,,,,,,,,3.65,,,,21.2,2.94,,,,,2.0,,,,,,
2026-02-17,153.57,1.1831,3105.88,117.7375,4.05,1.79,2.26,3.71,3.65,,,,20.29,2.94,,,,,2.0,181.688667,,,,,6.000000000000005
2026-02-18,154.45,1.181,3155.5,117.8426,4.09,1.8,2.29,3.73,3.65,6613395.0,,58.0,19.62,2.86,,,,,2.0,182.40545,0.003937355164734591,-0.003937355164734591,0.015849872962203193,0.0008922655773790922,8.000000000000007
2026-02-19,154.96,1.1762,3164.49,118.2354,4.08,1.79,2.29,3.67,3.65,,,,20.23,2.88,,,,,2.0,182.263952,-0.000776034437357076,0.000776034437357076,0.0028449431291903693,0.0033277167925778173,2.0000000000000018
2026-02-20,154.99,1.1781,3194.18,117.9917,4.08,1.8,2.28,3.66,3.65,,,,19.09,2.86,,,,,2.0,182.593719,0.0018076478364372761,-0.0018076478364372761,0.009338498700426356,-0.0020632695101809873,1.000000000000023
2026-02-21,,,,,,,,,3.65,,,,,,,,,,2.0,,,,,,
2026-02-22,,,,,,,,,3.65,,,,,,,,,,2.0,,,,,,
2026-02-23,154.3,1.1804,3240.04,117.9395,4.03,1.77,2.26,3.66,3.65,,,,21.01,2.95,,,,,2.0,182.13572,,,,,1.000000000000023
2026-02-24,155.66,1.1789,3222.0,117.9463,4.04,1.78,2.26,3.67,3.65,,,,19.55,2.97,,,,,2.0,183.507574,0.007503818391424666,-0.007503818391424666,-0.005583390652260434,5.765501782573068e-05,2.0000000000000018
2026-02-25,156.3,1.1804,3223.45,117.769,4.05,1.77,2.28,3.67,3.65,6613797.0,,55.0,17.93,2.94,,,,,2.0,184.49652,0.005374659666891546,-0.005374659666891546,0.00044992980302716035,-0.001504357446776794,2.0000000000000018
2026-02-26,156.13,1.1792,3250.2,117.9042,4.02,1.74,2.28,3.67,3.65,,,,18.63,2.98,,,,,2.0,184.108496,-0.0021053655077141187,0.0021053655077141187,0.008264318351960398,0.0011473516278606155,2.0000000000000018
2026-02-27,156.05,1.1822,3273.58,117.8223,3.97,1.72,2.25,3.68,3.65,,,,19.86,3.1,,,,,2.0,184.48231,0.0020283421185567363,-0.0020283421185567363,0.007167654364820919,-0.0006948731118088247,3.000000000000025
2026-02-28,,,,,,,,,3.65,,,,,3.12,,,,,2.0,,,,,,
2026-03-01,,,,,,,,,3.65,,22676.1,,,,2.345,2.91,3.733,4.7007,2.0,,,,,,
2026-03-02,157.48,1.169,3288.74,118.667,4.05,1.76,2.29,3.71,3.65,,,,21.44,3.03,,,,,2.0,184.09412,,,,,6.000000000000005
2026-03-03,157.69,1.1604,3201.37,119.4341,4.06,1.77,2.29,3.7,3.65,,,,23.57,3.08,,,,,2.0,182.98347600000002,-0.006051294882860603,0.006051294882860603,-0.026925669512474215,0.006443503655241933,5.000000000000027
2026-03-04,156.93,1.1638,3227.27,119.0705,4.09,1.8,2.29,3.67,3.65,6628894.0,,30.0,21.15,2.97,,,,,2.0,182.635134,-0.001905494391546192,0.001905494391546192,0.008057735425898827,-0.003049000159165871,2.0000000000000018
2026-03-05,157.58,1.1585,3210.95,119.5683,4.13,1.82,2.31,3.66,3.65,,,,23.75,3.0,,,,,2.0,182.55643000000003,-0.0004310285832254124,0.0004310285832254124,-0.005069735099141326,0.004172001552488425,1.000000000000023
2026-03-06,157.64,1.1606,3246.97,119.491,4.15,1.8,2.35,3.65,3.65,,,,29.49,3.13,,,,,2.0,182.956984,0.002191734393337086,-0.002191734393337086,0.011155410267134513,-0.0006467014894973033,0.0
2026-03-07,,,,,,,,,3.65,,,,,,,,,,2.0,,,,,,
2026-03-08,,,,,,,,,3.65,,,,,,,,,,2.0,,,,,,
2026-03-09,158.08,1.1592,3256.06,119.5151,4.12,1.78,2.34,3.65,3.65,,,,25.5,3.19,,,,,2.0,183.246336,,,,,0.0
2026-03-10,157.6,1.1648,3282.98,118.7255,4.15,1.82,2.33,3.64,3.65,,,,24.93,3.06,,,,,2.0,183.57248,0.0017782298601698443,-0.0017782298601698443,0.00823367102292849,-0.006628617382223645,-0.9999999999999787
2026-03-11,158.83,1.1566,3285.79,119.2885,4.21,1.85,2.36,3.64,3.65,6646344.0,,17.0,24.23,3.09,,,,,2.0,183.70277800000002,0.0007095387049806945,-0.0007095387049806945,0.0008555635747349299,0.004730822977024651,-0.9999999999999787
2026-03-12,159.21,1.1522,3244.26,119.8227,4.27,1.89,2.38,3.65,3.65,,,,27.29,3.17,,,,,2.0,183.44176199999998,-0.0014218707649851225,0.0014218707649851225,-0.012719829079635758,0.004468221386326299,0.0
2026-03-13,159.54,1.1444,3213.5,120.5518,4.28,1.92,2.36,3.65,3.65,,,,27.19,3.28,,,,,2.0,182.577576,-0.004722087147257525,0.004722087147257525,-0.009526595177760555,0.00606638587677466,0.0
2026-03-14,,,,,,,,,3.65,,,,,,,,,,2.0,,,,,,
2026-03-15,,,,,,,,,3.65,,,,,,,,,,2.0,,,,,,
2026-03-16,159.3,1.1487,3167.66,120.097,4.23,1.87,2.36,3.7,3.65,,,,23.51,3.27,,,,,2.0,182.98791000000003,,,,,5.000000000000027
2026-03-17,159.03,1.1525,3170.49,119.8328,4.2,1.83,2.37,3.65,3.65,,,,22.37,3.22,,,,,2.0,183.28207500000002,0.0016062744712659338,-0.0016062744712659338,0.000893005116026302,-0.0022023117327210073,0.0
2026-03-18,159.48,1.1513,3088.15,119.9276,4.26,1.86,2.4,3.62,3.65,6655939.0,,18.0,25.09,3.2,,,,,2.0,183.609324,0.0017839016541447705,-0.0017839016541447705,-0.026313943964002107,0.0007907895126981757,-2.9999999999999805
2026-03-19,158.19,1.1515,2970.64,120.1802,4.25,1.88,2.37,3.62,3.65,,,,24.06,3.27,,,,,2.0,182.15578499999998,-0.007947978721544402,0.007947978721544402,-0.03879478829648342,0.002104055704891472,-2.9999999999999805
2026-03-20,159.26,1.1543,2883.45,120.2757,4.39,2.01,2.38,3.62,3.65,,,,26.78,3.24,,,,,2.0,183.833818,0.009169903978937022,-0.009169903978937022,-0.02978992393100377,0.0007943244896155832,-2.9999999999999805
2026-03-21,,,,,,,,,3.65,,,,,,,,,,2.0,,,,,,
2026-03-22,,,,,,,,,3.65,,,,,,,,,,2.0,,,,,,
2026-03-23,158.7,1.1587,2819.55,119.9371,4.34,2.01,2.33,3.62,3.65,,,,26.15,3.19,,,,,2.0,183.88569,,,,,-2.9999999999999805
2026-03-24,158.9,1.1578,2820.61,120.1295,4.39,2.06,2.33,3.63,3.65,,,,26.95,3.19,,,,,2.0,183.97442,0.0004824116521948696,-0.0004824116521948696,0.00037587586610321466,0.0016028888749515247,-2.0000000000000018
2026-03-25,159.2,1.157,2902.78,120.1282,4.33,2.02,2.31,3.64,3.65,6657161.0,,28.0,25.33,3.17,,,,,2.0,184.1944,0.001194995416384792,-0.001194995416384792,0.028715724884022187,-1.0821713518183174e-05,-0.9999999999999787
2026-03-26,159.65,1.1542,2798.51,120.389,4.42,2.08,2.34,3.65,3.65,,,,27.44,3.21,,,,,2.0,184.26802999999998,0.0003996608336969132,-0.0003996608336969132,-0.03658176581294725,0.002168660721260096,0.0
2026-03-27,160.16,1.152,2890.14,120.8851,4.44,2.13,2.31,3.63,3.65,,,,31.05,3.42,,,,,2.0,184.50431999999998,0.0012814953850899258,-0.0012814953850899258,0.03221781117184008,0.004112341102034733,-2.0000000000000018
2026-03-28,,,,,,,,,3.65,,,,,,,,,,2.0,,,,,,
2026-03-29,,,,,,,,,3.65,,,,,,,,,,2.0,,,,,,
2026-03-30,159.49,1.1454,2892.29,121.2851,4.35,2.04,2.31,3.63,3.65,,,,30.61,3.46,,,,,2.0,182.679846,,,,,-2.0000000000000018
2026-03-31,159.08,1.1518,2997.44,121.035,4.3,2.0,2.3,3.68,3.65,,,,25.25,3.28,,,,,2.0,183.228344,0.0029980111176417523,-0.0029980111176417523,0.03571001514430172,-0.0020642124925318583,3.000000000000025
2026-04-01,158.63,1.1614,3050.28,120.1198,4.33,2.02,2.31,3.65,3.65,6675344.0,22799.9,180.0,24.54,3.16,2.515,3.001,3.818,4.8207,2.0,184.232882,0.005467463946251527,-0.005467463946251527,0.01747479864571666,-0.007590181856500955,0.0
2026-04-02,159.34,1.1546,2996.01,120.503,4.31,1.97,2.34,3.66,3.65,,,,23.87,3.17,,,,,2.0,183.97396400000002,-0.0014063727792592573,0.0014063727792592573,-0.017951986251230068,0.0031850707742844264,1.000000000000023
2026-04-03,159.64,1.1523,,120.6565,4.35,1.99,2.36,,3.65,,,,,3.13,,,,,2.0,183.953172,-0.00011302237855215225,0.00011302237855215225,,0.00127301657807255,
2026-04-04,,,,,,,,,3.65,,,,,,,,,,2.0,,,,,,
2026-04-05,,,,,,,,,3.65,,,,,,,,,,2.0,,,,,,
2026-04-06,159.71,1.1545,2985.63,120.4302,4.34,1.98,2.36,3.65,3.65,,,,24.17,3.05,,,,,2.0,184.385195,,,,,0.0
2026-04-07,159.9,1.1571,3012.49,120.32,4.33,1.96,2.37,3.62,3.65,,,,25.78,3.12,,,,,2.0,185.02029000000002,0.0034384742594317785,-0.0034384742594317785,0.008956199457273328,-0.0009154717852482008,-2.9999999999999805
2026-04-08,158.39,1.1686,3032.12,119.0596,4.29,1.96,2.33,3.59,3.65,6693871.0,,105.0,21.04,2.94,,,,,2.0,185.094554,0.0004013024724658365,-0.0004013024724658365,0.006495065524166677,-0.010530652132525908,-6.000000000000005
2026-04-09,158.87,1.1706,3053.56,118.8998,4.29,1.95,2.34,3.57,3.65,,,,19.49,2.9,,,,,2.0,185.97322200000002,0.004735898394386595,-0.004735898394386595,0.007046078237092246,-0.0013430864594692338,-8.000000000000007
2026-04-10,159.22,1.1723,3054.53,118.8552,4.31,1.95,2.36,3.61,3.65,,,,19.23,2.94,,,,,2.0,186.653606,0.003651829149162289,-0.003651829149162289,0.00031761156373200095,-0.00037517613108573045,-4.0000000000000036
2026-04-11,,,,,,,,,3.65,,,,,,,,,,2.0,,,,,,
2026-04-12,,,,,,,,,3.65,,,,,,,,,,2.0,,,,,,
2026-04-13,159.74,1.171,2983.4,118.9916,4.3,1.92,2.38,3.63,3.65,,,,19.12,2.95,,,,,2.0,187.05554,,,,,-2.0000000000000018
2026-04-14,158.91,1.1791,3015.5,118.3581,4.26,1.89,2.37,3.66,3.65,,,,18.36,2.84,,,,,2.0,187.370781,0.0016838617202123984,-0.0016838617202123984,0.010702064171210779,-0.005338127702120055,1.000000000000023
2026-04-15,159.02,1.1799,3004.55,118.3623,4.29,1.9,2.39,3.72,3.65,6705696.0,,106.0,18.17,2.85,,,,,2.0,187.627698,0.0013702297720383783,-0.0013702297720383783,-0.003637847551420492,3.54849011783287e-05,7.000000000000028
2026-04-16,159.07,1.1783,3009.29,118.3616,4.32,1.93,2.39,3.67,3.65,,,,17.94,2.86,,,,,2.0,187.43218099999999,-0.001042590949646538,0.001042590949646538,0.001576364180472467,-5.914062754186489e-06,2.0000000000000018
2026-04-17,158.1,1.1801,3033.18,118.0795,4.26,1.9,2.36,3.65,3.65,,,,17.48,2.83,,,,,2.0,186.57380999999998,-0.004590153782435102,0.004590153782435102,0.007907403588522044,-0.0023862190952197437,0.0
2026-04-18,,,,,,,,,3.65,,,,,,,,,,2.0,,,,,,
2026-04-19,,,,,,,,,3.65,,,,,,,,,,2.0,,,,,,
2026-04-20,158.66,1.1785,3021.65,118.2374,4.26,1.91,2.35,3.63,3.65,,,,18.87,2.87,,,,,2.0,186.98081000000002,,,,,-2.0000000000000018
2026-04-21,159.39,1.1752,2968.11,118.4331,4.3,1.92,2.38,3.63,3.65,,,,19.5,2.85,,,,,2.0,187.315128,0.0017863837405860394,-0.0017863837405860394,-0.01787765319072765,0.0016537764073083494,-2.0000000000000018
2026-04-22,159.49,1.1714,3005.58,118.6004,4.3,1.92,2.38,3.64,3.65,6707419.0,,101.0,18.92,2.84,,,,,2.0,186.82658600000002,-0.002611536000284076,0.002611536000284076,0.01254517439710856,0.0014116150483447498,-0.9999999999999787
2026-04-23,159.44,1.1704,2986.67,118.7155,4.34,1.92,2.42,3.65,3.65,,,,19.31,2.86,,,,,2.0,186.60857600000003,-0.001167592379890614,0.001167592379890614,-0.006311506620537699,0.0009700151487956887,0.0
2026-04-24,159.35,1.1718,3005.0,118.7294,4.31,1.89,2.42,3.66,3.65,,,,18.71,2.86,,,,,2.0,186.72633,0.0006308223635791421,-0.0006308223635791421,0.0061185135976344895,0.00011707979422492798,1.000000000000023
2026-04-25,,,,,,,,,3.65,,,,,,,,,,2.0,,,,,,
2026-04-26,,,,,,,,,3.65,,,,,,,,,,2.0,,,,,,
2026-04-27,159.29,1.1731,2993.22,118.5458,4.35,1.91,2.44,3.66,3.65,,,,18.02,2.84,,,,,2.0,186.863099,,,,,1.000000000000023
2026-04-28,159.53,1.1715,2947.03,118.7717,4.36,1.92,2.44,3.64,3.65,,,,17.83,2.85,,,,,2.0,186.889395,0.00014071344253530071,-0.00014071344253530071,-0.015551847466197977,0.001903779268102035,-0.9999999999999787
2026-04-29,160.23,1.1695,2918.84,119.0975,4.42,1.96,2.46,3.63,3.65,6699950.0,,20.0,18.81,2.82,,,,,2.0,187.388985,0.0026696187832655482,-0.0026696187832655482,-0.009611606470200762,0.002739322314368131,-2.0000000000000018
2026-04-30,156.66,1.1729,2958.49,118.671,4.4,1.94,2.46,3.66,3.65,,,,16.89,2.83,,,,,2.0,183.746514,-0.019629423577470995,0.019629423577470995,0.013492725960185581,-0.0035875270057514896,1.000000000000023
2026-05-01,156.76,1.1755,2957.4,118.3926,4.39,1.91,2.48,3.64,3.65,,23055.6,,16.99,2.77,2.65,3.0465,3.839,4.9416,2.0,184.27138,0.002852395845003741,-0.002852395845003741,-0.0003684990803867194,-0.002348737874430462,-0.9999999999999787
2026-05-02,,,,,,,,,3.65,,,,,,,,,,2.0,,,,,,
2026-05-03,,,,,,,,,3.65,,,,,,,,,,2.0,,,,,,
2026-05-04,157.21,1.1698,2905.74,118.8264,4.45,1.95,2.5,3.63,3.65,,,,18.29,2.78,,,,,2.0,183.904258,,,,,-2.0000000000000018
2026-05-05,157.68,1.1707,2929.75,118.6207,4.43,1.96,2.47,3.62,3.65,,,,17.38,2.77,,,,,2.0,184.595976,0.003754238117744002,-0.003754238117744002,0.008229004073109003,-0.001732596872797032,-2.9999999999999805
2026-05-06,156.44,1.1753,2998.87,118.0982,4.36,1.94,2.42,3.61,3.65,6709505.0,,206.0,17.39,2.75,,,,,2.0,183.863932,-0.003973539303969709,0.003973539303969709,0.023318455888160727,-0.004414525824016913,-4.0000000000000036
2026-05-07,156.48,1.1764,2999.75,118.0116,4.41,1.96,2.45,3.6,3.65,,,,17.08,2.79,,,,,2.0,184.08307199999996,0.001191149940225067,-0.001191149940225067,0.00029340081762541104,-0.0007335570474698017,-4.999999999999982
2026-05-08,156.64,1.1773,3015.26,118.0392,4.38,1.93,2.45,3.6,3.65,,,,17.19,2.81,,,,,2.0,184.41227199999997,0.0017867259000041713,-0.0017867259000041713,0.00515711008794284,0.00023384796938419328,-4.999999999999982
2026-05-09,,,,,,,,,3.65,,,,,,,,,,2.0,,,,,,
2026-05-10,,,,,,,,,3.65,,,,,,,,,,2.0,,,,,,
2026-05-11,157.04,1.178,2937.38,118.0562,4.42,1.95,2.47,3.6,3.65,,,,18.38,2.79,,,,,2.0,184.99311999999998,,,,,-4.999999999999982
2026-05-12,157.71,1.1733,2935.37,118.5238,4.46,1.99,2.47,3.6,3.65,,,,17.99,2.82,,,,,2.0,185.041143,0.00025955974930713666,-0.00025955974930713666,-0.000684517501506221,0.003953002019628116,-4.999999999999982
2026-05-13,157.84,1.1711,2930.75,118.4737,4.46,1.99,2.47,3.59,3.65,6728502.0,,42.0,17.87,2.82,,,,,2.0,184.846424,-0.0010528551665931474,0.0010528551665931474,-0.0015751471007137141,-0.0004227892762269647,-6.000000000000005
2026-05-14,158.08,1.1678,2924.7,118.6696,4.47,2.0,2.47,3.56,3.65,,,,17.26,2.76,,,,,2.0,184.605824,-0.0013024689134564227,0.0013024689134564227,-0.0020664516486021967,0.001652165965149166,-8.999999999999986
2026-05-15,158.69,1.1627,2887.87,119.2825,4.59,2.1,2.49,3.55,3.65,,,,18.43,2.8,,,,,2.0,184.50886300000002,-0.0005253705996812741,0.0005253705996812741,-0.012672705154187724,0.0051514683451721055,-10.000000000000009
2026-05-16,,,,,,,,,3.65,,,,,,,,,,2.0,,,,,,
2026-05-17,,,,,,,,,3.65,,,,,,,,,,2.0,,,,,,
2026-05-18,158.83,1.1649,2895.28,119.0574,4.61,2.13,2.48,3.53,3.65,,,,17.82,2.83,,,,,2.0,185.02106700000002,,,,,-12.00000000000001
2026-05-19,159.11,1.1602,2865.17,119.451,4.67,2.18,2.49,3.51,3.65,,,,18.06,2.86,,,,,2.0,184.599422,-0.0022815033010665786,0.0022815033010665786,-0.010454139598087941,0.0033005156824970072,-14.000000000000012
2026-05-20,158.84,1.162,2897.96,119.1624,4.57,2.13,2.44,3.5,3.65,6713643.0,,16.0,17.44,2.8,,,,,2.0,184.57208,-0.00014812627682125878,0.00014812627682125878,0.0113793559506572,-0.0024189768112545806,-14.999999999999991
2026-05-21,159.16,1.1589,2899.08,119.369,4.57,2.18,2.39,3.51,3.65,,,,16.76,2.78,,,,,2.0,184.450524,-0.0006587997758344954,0.0006587997758344954,0.000386404100691351,0.0017322671284603075,-14.000000000000012
2026-05-22,159.2,1.1603,2886.88,119.2868,4.56,2.16,2.4,3.55,3.65,,,,16.7,2.74,,,,,2.0,184.71976,0.0014586008647095028,-0.0014586008647095028,-0.004217111103574922,-0.0006888582070949667,-10.000000000000009
2026-05-23,,,,,,,,,3.65,,,,,,,,,,2.0,,,,,,
2026-05-24,,,,,,,,,3.65,,,,,,,,,,2.0,,,,,,
2026-05-25,,,,,,,,,3.65,,,,16.59,2.74,,,,,2.0,,,,,,
2026-05-26,159.36,1.162,2891.67,119.1696,4.5,2.1,2.4,3.63,3.65,,,,17.01,2.72,,,,,2.0,185.17632,,,,,-2.0000000000000018
2026-05-27,159.47,1.1631,2862.55,119.1829,4.48,2.09,2.39,3.63,3.65,6704383.0,,50.0,16.29,2.71,,,,,2.0,185.479557,0.0016362188567295988,-0.0016362188567295988,-0.010121353925185872,0.00011159941694582898,-2.0000000000000018
2026-05-28,159.29,1.1649,2885.69,119.0318,4.45,2.06,2.39,3.62,3.65,,,,15.74,2.72,,,,,2.0,185.556921,0.0004170156074039255,-0.0004170156074039255,0.008051203498133042,-0.001268603661021217,-2.9999999999999805
2026-05-29,159.23,1.1679,2908.29,118.8783,4.45,2.07,2.38,3.63,3.65,,,,15.32,2.72,,,,,2.0,185.96471699999998,0.0021952754405765162,-0.0021952754405765162,0.00780124012106409,-0.0012904035709278006,-2.0000000000000018
2026-05-30,,,,,,,,,3.65,,,,,,,,,,2.0,,,,,,
2026-05-31,,,,,,,,,3.65,,,,,2.74,,,,,2.0,,,,,,
2026-06-01,159.66,1.1624,2880.12,119.1653,4.47,2.07,2.4,3.65,3.65,,23155.2,,16.05,2.72,2.67,2.97,3.734,4.796,2.0,185.588784,,,,,0.0
2026-06-02,159.86,1.1642,2887.94,119.0359,4.46,2.07,2.39,3.63,3.65,,,,15.77,2.71,,,,,2.0,186.109012,0.002799200561782733,-0.002799200561782733,0.0027114852450056404,-0.0010864765813858313,-2.0000000000000018
2026-06-03,159.97,1.1605,2865.0,119.3848,4.49,2.11,2.38,3.61,3.65,6711495.0,,116.0,16.06,2.75,,,,,2.0,185.64518500000003,-0.002495343667512806,0.002495343667512806,-0.007975095024792545,0.0029267613848498186,-4.0000000000000036
2026-06-04,159.97,1.1629,2887.15,119.3615,4.47,2.11,2.36,3.62,3.65,,,,15.4,2.74,,,,,2.0,186.029113,0.0020659385845060996,-0.0020659385845060996,0.007701506213214415,-0.00019518627156944746,-2.9999999999999805
2026-06-05,160.26,1.1533,2790.34,120.0831,4.55,2.19,2.36,3.63,3.65,,,,21.51,2.76,,,,,2.0,184.827858,-0.006478288370684204,0.006478288370684204,-0.03410640417214861,0.0060272997139465545,-2.0000000000000018
2026-06-06,,,,,,,,,3.65,,,,,,,,,,2.0,,,,,,
2026-06-07,,,,,,,,,3.65,,,,,,,,,,2.0,,,,,,
2026-06-08,160.12,1.1545,2797.56,120.034,4.56,2.21,2.35,3.63,3.65,,,,18.92,2.75,,,,,2.0,184.85854,,,,,-2.0000000000000018
2026-06-09,160.23,1.1556,2756.69,119.9617,4.53,2.2,2.33,3.6,3.65,,,,19.87,2.78,,,,,2.0,185.16178799999997,0.0016390886929453785,-0.0016390886929453785,-0.01471692403455549,-0.0006025108132119428,-4.999999999999982
2026-06-10,160.47,1.155,2652.79,119.9134,4.55,2.21,2.34,3.59,3.65,6725397.0,,28.0,22.22,2.8,,,,,2.0,185.34285,0.0009773805552937276,-0.0009773805552937276,-0.038418768310764406,-0.00040270958221810815,-6.000000000000005
2026-06-11,160.51,1.1515,2725.14,120.1174,4.45,2.16,2.29,3.6,3.65,,,,19.44,2.78,,,,,2.0,184.82726499999998,-0.002785666981296231,0.002785666981296231,0.026907886592483443,0.0016997822705873133,-4.999999999999982
2026-06-12,160.24,1.1573,2629.92,119.5073,4.48,2.17,2.31,3.65,3.65,,,,17.68,2.71,,,,,2.0,185.445752,0.0033407110257286377,-0.0033407110257286377,-0.035566375466208555,-0.00509214048734119,0.0
2026-06-13,,,,,,,,,3.65,,,,,,,,,,2.0,,,,,,
2026-06-14,,,,,,,,,3.65,,,,,,,,,,2.0,,,,,,
2026-06-15,160.2,1.1599,2682.78,119.3158,4.47,2.15,2.32,3.69,3.65,,,,16.2,2.66,,,,,2.0,185.81597999999997,,,,,4.0000000000000036
2026-06-16,160.39,1.1615,2691.82,119.256,4.43,2.14,2.29,3.63,3.65,,,,16.41,2.71,,,,,2.0,186.292985,0.0025637934376607774,-0.0025637934376607774,0.0033639744445963515,-0.0005013165952751919,-2.0000000000000018
2026-06-17,160.22,1.1593,2642.38,119.3871,4.49,2.23,2.26,3.63,3.65,6736424.0,,49.0,18.44,2.63,,,,,2.25,185.743046,-0.0029563770964236014,0.0029563770964236014,-0.01853751857336583,0.0010987119526042477,-2.0000000000000018
2026-06-18,161.37,1.147,2638.85,120.3958,4.46,2.21,2.25,3.62,3.65,,,,16.4,2.66,,,,,2.25,185.09139000000002,-0.0035145423806950404,0.0035145423806950404,-0.0013368099952826284,0.008413493624606083,-2.9999999999999805
2026-06-19,,,,,,,,,3.65,,,,16.78,2.66,,,,,2.25,,,,,,
2026-06-20,,,,,,,,,3.65,,,,,,,,,,2.25,,,,,,
2026-06-21,,,,,,,,,3.65,,,,,,,,,,2.25,,,,,,
2026-06-22,161.51,1.1432,2628.9,120.5463,4.51,2.28,2.23,3.61,3.65,,,,17.28,2.65,,,,,2.25,184.638232,,,,,-4.0000000000000036
2026-06-23,161.55,1.1383,2584.01,121.0552,4.5,2.29,2.21,3.62,3.65,,,,19.49,2.71,,,,,2.25,183.89236500000004,-0.004047794264400828,0.004047794264400828,-0.017223051865870254,0.004212728419515699,-2.9999999999999805
2026-06-24,161.76,1.1348,2508.81,121.412,4.41,2.23,2.18,3.62,3.65,6735645.0,,35.0,18.63,2.76,,,,,2.25,183.565248,-0.0017804343948206736,0.0017804343948206736,-0.029533918746512455,0.0029430806108363683,-2.9999999999999805
2026-06-25,161.67,1.1385,2532.64,121.0559,4.4,2.19,2.21,3.64,3.65,,,,18.89,2.78,,,,,2.25,184.061295,0.0026986479104511574,-0.0026986479104511574,0.009453699819895967,-0.0029372981415480837,-0.9999999999999787
2026-06-26,161.67,1.1403,2561.64,120.8866,4.38,2.18,2.2,3.62,3.65,,,,18.41,2.83,,,,,2.25,184.352301,0.0015797791595186794,-0.0015797791595186794,0.011385441423580112,-0.0013995063094149884,-2.9999999999999805
2026-06-27,,,,,,,,,3.65,,,,,,,,,,2.25,,,,,,
2026-06-28,,,,,,,,,3.65,,,,,,,,,,2.25,,,,,,
2026-06-29,161.93,1.1425,2528.87,120.9525,4.38,2.16,2.22,3.62,3.65,,,,17.65,2.8,,,,,2.25,185.00502500000002,,,,,-2.9999999999999805
2026-06-30,162.61,1.1417,2527.55,120.9248,4.44,2.2,2.24,3.68,3.65,,,,16.45,2.75,,,,,2.25,185.651837,0.0034900886661732855,-0.0034900886661732855,-0.0005221085392372871,-0.00022904175068205745,3.000000000000025
2026-07-01,162.41,1.1384,2542.69,121.1455,4.48,2.25,2.23,3.66,3.65,6724564.0,,250.0,16.59,2.74,,,,,2.25,184.88754400000002,-0.004125305557757919,0.004125305557757919,0.005972121634823857,0.0018234377463972606,1.000000000000023
2026-07-02,160.9,1.1448,2593.52,120.6902,4.49,2.26,2.23,3.64,3.65,,,,16.15,2.75,,,,,2.25,184.19832000000002,-0.0037347667215756886,0.0037347667215756886,0.019793450620928965,-0.003765370769802878,-0.9999999999999787
2026-07-03,,,,,,,,,3.65,,,,15.81,2.74,,,,,2.25,,,,,,
2026-07-04,,,,,,,,,3.65,,,,,,,,,,2.25,,,,,,
2026-07-05,,,,,,,,,3.65,,,,,,,,,,2.25,,,,,,
2026-07-06,162.28,1.1426,2621.23,120.835,4.48,2.24,2.24,3.63,3.65,,,,15.57,2.72,,,,,2.25,185.421128,,,,,-2.0000000000000018
2026-07-07,161.91,1.1423,2589.84,120.8145,4.55,2.3,2.25,3.62,3.65,,,,16.13,2.67,,,,,2.25,184.949793,-0.0025452065900468668,0.0025452065900468668,-0.012047575515889974,-0.00016966722504463405,-2.9999999999999805
2026-07-08,162.67,1.1396,2569.93,121.1307,4.56,2.31,2.25,3.58,3.65,6735609.0,,170.0,16.9,2.7,,,,,2.25,185.37873199999999,0.002316533363552864,-0.002316533363552864,-0.007717436559350865,0.0026138165173286154,-6.999999999999984
2026-07-09,162.29,1.1439,2593.55,120.753,4.54,2.31,2.23,3.53,3.65,,,,15.84,2.7,,,,,2.25,185.64353099999997,0.0014274024573026622,-0.0014274024573026622,0.00914893240802872,-0.00312299098267399,-12.00000000000001
2026-07-10,161.31,1.1438,2588.79,120.5046,4.56,2.32,2.24,3.55,3.65,,,,15.03,2.69,,,,,2.25,184.50637799999998,-0.006144302888505315,0.006144302888505315,-0.001837008509125937,-0.0020592104686043555,-10.000000000000009
2026-07-11,,,,,,,,,3.65,,,,,,,,,,2.25,,,,,,
2026-07-12,,,,,,,,,3.65,,,,,,,,,,2.25,,,,,,
2026-07-13,162.32,1.1402,2503.69,120.7413,4.62,2.36,2.26,3.6,3.65,,,,17.16,2.69,,,,,2.25,185.077264,,,,,-4.999999999999982
2026-07-14,162.14,1.1428,2534.74,120.4728,4.58,2.33,2.25,3.63,3.65,,,,16.5,2.72,,,,,2.25,185.293592,0.0011681698011374309,-0.0011681698011374309,0.012325424023695852,-0.0022262389378866487,-2.0000000000000018
2026-07-15,162.13,1.1436,2536.94,120.3088,4.55,2.32,2.23,3.64,3.65,6743028.0,,135.0,15.67,2.71,,,,,2.25,185.411868,0.0006381130939558943,-0.0006381130939558943,0.0008675626766629918,-0.0013622305471914231,-0.9999999999999787
2026-07-16,162.42,1.1447,2494.8,120.331,4.57,2.35,2.22,3.62,3.65,,,,16.73,2.71,,,,,2.25,185.92217399999998,0.0027485027685605345,-0.0027485027685605345,-0.016750064687357735,0.00018450813259462961,-2.9999999999999805
2026-07-17,162.43,1.144,2516.55,120.5315,4.55,2.31,2.24,3.59,3.65,,,,18.77,2.73,,,,,2.25,185.81992,-0.0005501341076472599,0.0005501341076472599,0.008680350232552314,0.0016648506621903536,-6.000000000000005
2026-07-18,,,,,,,,,3.65,,,,,,,,,,2.25,,,,,,
2026-07-19,,,,,,,,,3.65,,,,,,,,,,2.25,,,,,,
2026-07-20,162.59,1.1411,2514.14,120.5401,4.6,2.35,2.25,3.57,3.65,,,,18.65,2.69,,,,,2.25,185.531449,,,,,-8.000000000000007
2026-07-21,163.01,1.1408,2555.84,120.5779,4.63,2.37,2.26,3.61,3.65,,,,17.05,2.69,,,,,2.25,185.961808,0.0023169152301321105,-0.0023169152301321105,0.01645013998297884,0.0003135394313957818,-4.0000000000000036
2026-07-22,163.08,1.1414,2577.8,120.5736,4.67,2.39,2.28,3.62,3.65,6747378.0,,378.0,16.64,2.68,,,,,2.25,186.139512,0.0009551377754304369,-0.0009551377754304369,0.00855538524165489,-3.566222893436333e-05,-2.9999999999999805
2026-07-23,163.8,1.1373,2538.57,120.9075,4.71,2.43,2.28,3.64,3.65,,,,18.7,2.77,,,,,2.25,186.28974000000002,0.0008067465557077824,-0.0008067465557077824,-0.015335391623655603,0.002765435578978348,-0.9999999999999787
2026-07-24,163.71,1.1385,2542.24,120.7105,4.69,2.43,2.26,3.64,3.65,,,,18.58,2.79,,,,,2.25,186.38383500000003,0.0005049727606767362,-0.0005049727606767362,0.0014446517930331026,-0.0016306735727757982,-0.9999999999999787
2026-07-25,,,,,,,,,3.65,,,,,,,,,,2.25,,,,,,
2026-07-26,,,,,,,,,3.65,,,,,,,,,,2.25,,,,,,
2026-07-27,163.71,1.1376,2560.19,120.7739,4.65,2.44,2.21,3.64,3.65,,,,18.67,2.81,,,,,2.25,186.236496,,,,,-0.9999999999999787
2026-07-28,163.65,1.1401,2529.72,120.6247,4.61,2.41,2.2,3.65,3.65,,,,18.21,2.84,,,,,2.25,186.577365,0.0018286288716371502,-0.0018286288716371502,-0.011972849809316344,-0.0012361299444014762,0.0
2026-07-29,163.86,1.1384,2539.35,120.7892,4.67,2.41,2.26,3.65,3.65,6738190.0,,132.0,20.66,2.87,,,,,2.25,186.53822400000004,-0.00020980629755218416,0.00020980629755218416,0.0037995180911520876,0.0013628049210057114,0.0
2026-07-30,159.47,1.1522,2573.79,119.6753,4.68,2.41,2.27,3.65,3.65,,,,17.09,2.84,,,,,2.25,183.741334,-0.0151071974311483,0.0151071974311483,0.013471377994874523,-0.009264635465779492,0.0
2026-07-31,159.16,1.1519,2545.53,119.7034,4.75,2.47,2.28,3.66,3.65,,,,15.99,2.85,,,,,2.25,183.336404,-0.0022062365669750506,0.0022062365669750506,-0.011040640969470772,0.00023477444007369286,1.000000000000023
2026-08-01,,,,,,,,,3.65,,,,,,,,,,2.25,,,,,,
2026-08-02,,,,,,,,,3.65,,,,,,,,,,2.25,,,,,,
2026-08-03,,,2548.38,,4.7,2.43,2.27,3.65,3.65,,,,15.86,2.78,,,,,2.25,,,,,,0.0
2026-08-04,,,2562.36,,4.63,2.4,2.23,3.66,3.65,,,,16.5,2.73,,,,,2.25,,,,0.005470845657814749,,1.000000000000023
2026-08-05,,,2635.95,,4.63,2.41,2.22,3.64,3.65,6748567.0,,145.0,15.81,2.75,,,,,2.25,,,,0.02831493950114261,,-0.9999999999999787
2026-08-06,,,2641.25,,4.69,2.43,2.26,3.65,3.65,,,,15.15,2.71,,,,,2.25,,,,0.0020086416213009883,,0.0
2026-08-07,,,2671.27,,,,2.25,3.62,3.65,,,,14.9,2.7,,,,,2.25,,,,0.011301724806555669,,-2.9999999999999805
2026-08-08,,,,,,,,,3.65,,,,,,,,,,2.25,,,,,,
2026-08-09,,,,,,,,,3.65,,,,,,,,,,2.25,,,,,,
2026-08-10,,,,,,,,,3.65,,,,,,,,,,2.25,,,,,,
