country,country_code,date,for_treas_pos,for_treas_net,for_lt_treas_pos,for_lt_treas_net,for_lt_treas_valchg,for_st_treas_pos,for_st_treas_net
All Countries,69995.0,2020-01-01,6958428.0,,6261205.0,,,697223.0,-10494.0
All Countries,69995.0,2020-02-01,7153091.0,,6425488.0,,,727603.0,30380.0
All Countries,69995.0,2020-03-01,6892372.0,,6173708.0,,,718664.0,-8939.0
All Countries,69995.0,2020-04-01,6829860.0,,5966985.0,,,862875.0,144211.0
All Countries,69995.0,2020-05-01,6906037.0,,5965445.0,,,940592.0,77717.0
All Countries,69995.0,2020-06-01,6982528.0,,5966298.0,,,1016230.0,75638.0
All Countries,69995.0,2020-07-01,7016865.0,,6007640.0,,,1009225.0,-7005.0
All Countries,69995.0,2020-08-01,7013571.0,,5994176.0,,,1019395.0,10170.0
All Countries,69995.0,2020-09-01,6999078.0,,6011049.0,,,988029.0,-31366.0
All Countries,69995.0,2020-10-01,7005787.0,,6023591.0,,,982196.0,-5833.0
All Countries,69995.0,2020-11-01,6987221.0,,5992415.0,,,994806.0,12610.0
All Countries,69995.0,2020-12-01,7018061.0,,6012401.0,,,1005660.0,10854.0
All Countries,69995.0,2021-01-01,7065504.0,,6071520.0,,,993984.0,-11676.0
All Countries,69995.0,2021-02-01,7048359.0,,6031759.0,,,1016600.0,22616.0
All Countries,69995.0,2021-03-01,6977159.0,,6026659.0,,,950500.0,-66100.0
All Countries,69995.0,2021-04-01,7026091.0,,6135407.0,,,890684.0,-59816.0
All Countries,69995.0,2021-05-01,7089773.0,,6217630.0,,,872143.0,-18541.0
All Countries,69995.0,2021-06-01,7460789.0,,6549488.0,,,911301.0,39158.0
All Countries,69995.0,2021-07-01,7509370.0,,6599485.0,,,909885.0,-1416.0
All Countries,69995.0,2021-08-01,7521169.0,,6611156.0,,,910013.0,128.0
All Countries,69995.0,2021-09-01,7512739.0,,6596607.0,,,916132.0,6119.0
All Countries,69995.0,2021-10-01,7596687.0,,6648085.0,,,948602.0,32470.0
All Countries,69995.0,2021-11-01,7625306.0,,6665766.0,,,959540.0,10938.0
All Countries,69995.0,2021-12-01,7678707.0,,6704352.0,,,974355.0,14815.0
All Countries,69995.0,2022-01-01,7594704.0,,6611235.0,,,983469.0,9114.0
All Countries,69995.0,2022-02-01,7645635.0,,6634640.0,,,1010995.0,27526.0
All Countries,69995.0,2022-03-01,7541383.0,,6548542.0,,,992841.0,-18154.0
All Countries,69995.0,2022-04-01,7378295.0,,6405773.0,,,972522.0,-20319.0
All Countries,69995.0,2022-05-01,7348471.0,,6449674.0,,,898797.0,-73725.0
All Countries,69995.0,2022-06-01,7352672.0,,6471363.0,,,881309.0,-17488.0
All Countries,69995.0,2022-07-01,7427622.0,,6553479.0,,,874143.0,-7166.0
All Countries,69995.0,2022-08-01,7438660.0,,6517787.0,,,920873.0,46730.0
All Countries,69995.0,2022-09-01,7197520.0,,6284835.0,,,912685.0,-8188.0
All Countries,69995.0,2022-10-01,7080500.0,,6185546.0,,,894954.0,-17731.0
All Countries,69995.0,2022-11-01,7131308.0,,6233283.0,,,898025.0,3071.0
All Countries,69995.0,2022-12-01,7137127.0,,6195594.0,,,941533.0,43508.0
All Countries,69995.0,2023-01-01,7252120.0,,6318389.0,,,933731.0,-7802.0
All Countries,69995.0,2023-02-01,7202707.0,76911.0,6242112.0,50047.0,-107487.0,960595.0,26864.0
All Countries,69995.0,2023-03-01,7414943.0,90664.0,6457866.0,94182.0,122518.0,957077.0,-3518.0
All Countries,69995.0,2023-04-01,7455141.0,71296.0,6541499.0,114731.0,20464.0,913642.0,-43435.0
All Countries,69995.0,2023-05-01,7398495.0,36885.0,6503543.0,55575.0,-67370.0,894952.0,-18690.0
All Countries,69995.0,2023-06-01,7489028.0,126526.0,6538323.0,70773.0,-45767.0,950705.0,55753.0
All Countries,69995.0,2023-07-01,7516867.0,23499.0,6533441.0,-9222.0,-19259.0,983426.0,32721.0
All Countries,69995.0,2023-08-01,7545750.0,47131.0,6523830.0,8637.0,-27667.0,1021920.0,38494.0
All Countries,69995.0,2023-09-01,7431258.0,31040.0,6385523.0,7225.0,-141772.0,1045735.0,23815.0
All Countries,69995.0,2023-10-01,7391932.0,-14472.0,6372547.0,11878.0,-51608.0,1019385.0,-26350.0
All Countries,69995.0,2023-11-01,7632361.0,134341.0,6582758.0,104123.0,160271.0,1049603.0,30218.0
All Countries,69995.0,2023-12-01,7846483.0,23999.0,6780760.0,7879.0,137964.0,1065723.0,16120.0
All Countries,69995.0,2024-01-01,7872388.0,37824.0,6835731.0,66890.0,5186.0,1036657.0,-29066.0
All Countries,69995.0,2024-02-01,7909289.0,117563.0,6842248.0,87179.0,-61904.0,1067041.0,30384.0
All Countries,69995.0,2024-03-01,8015371.0,47917.0,6945711.0,45298.0,39367.0,1069660.0,2619.0
All Countries,69995.0,2024-04-01,7940660.0,70224.0,6883168.0,82392.0,-111498.0,1057492.0,-12168.0
All Countries,69995.0,2024-05-01,8027086.0,34220.0,6979209.0,43835.0,51333.0,1047877.0,-9615.0
All Countries,69995.0,2024-06-01,8202035.0,91313.0,7070622.0,7777.0,80833.0,1131413.0,83536.0
All Countries,69995.0,2024-07-01,8325951.0,62986.0,7184133.0,52581.0,91706.0,1141818.0,10405.0
All Countries,69995.0,2024-08-01,8508975.0,92353.0,7297799.0,22995.0,73818.0,1211176.0,69358.0
All Countries,69995.0,2024-09-01,8666442.0,76066.0,7441766.0,62566.0,54006.0,1224676.0,13500.0
All Countries,69995.0,2024-10-01,8582797.0,89531.0,7352905.0,84315.0,-112830.0,1229892.0,5216.0
All Countries,69995.0,2024-11-01,8615470.0,-25121.0,7376134.0,-34565.0,44656.0,1239336.0,9444.0
All Countries,69995.0,2024-12-01,8506419.0,-16609.0,7242215.0,-41477.0,-96288.0,1264204.0,24868.0
All Countries,69995.0,2025-01-01,8526637.0,38748.0,7219875.0,-3810.0,5926.0,1306762.0,42558.0
All Countries,69995.0,2025-02-01,8815057.0,170990.0,7442593.0,105288.0,116094.0,1372464.0,65702.0
All Countries,69995.0,2025-03-01,8966276.0,141801.0,7578038.0,126027.0,-4663.0,1388238.0,15774.0
All Countries,69995.0,2025-04-01,8909169.0,-73494.0,7535596.0,-58829.0,22982.0,1373573.0,-14665.0
All Countries,69995.0,2025-05-01,8933632.0,137522.0,7556587.0,134050.0,-83872.0,1377045.0,3472.0
All Countries,69995.0,2025-06-01,9000133.0,12298.0,7610459.0,-331.0,50865.0,1389674.0,12629.0
All Countries,69995.0,2025-07-01,9019436.0,44884.0,7628155.0,43277.0,-48907.0,1391281.0,1607.0
All Countries,69995.0,2025-08-01,9158650.0,71953.0,7743171.0,47755.0,40834.0,1415479.0,24198.0
All Countries,69995.0,2025-09-01,9143029.0,3295.0,7750275.0,26020.0,32630.0,1392754.0,-22725.0
All Countries,69995.0,2025-10-01,9138456.0,-36878.0,7724331.0,-58249.0,10705.0,1414125.0,21371.0
All Countries,69995.0,2025-11-01,9251507.0,74045.0,7837315.0,73978.0,14915.0,1414192.0,67.0
All Countries,69995.0,2025-12-01,9176304.0,-7875.0,7752512.0,-17475.0,-57987.0,1423792.0,9600.0
All Countries,69995.0,2026-01-01,9201573.0,38136.0,7785661.0,46016.0,-15668.0,1415912.0,-7880.0
All Countries,69995.0,2026-02-01,9393205.0,88756.0,7891245.0,2708.0,76340.0,1501960.0,86048.0
All Countries,69995.0,2026-03-01,9261300.0,2682.0,7769534.0,12876.0,-141752.0,1491766.0,-10194.0
All Countries,69995.0,2026-04-01,9257257.0,26503.0,7785990.0,47002.0,-38464.0,1471267.0,-20499.0
All Countries,69995.0,2026-05-01,9279089.0,17002.0,7849177.0,58357.0,-23146.0,1429912.0,-41355.0
Anguilla,30228.0,2020-01-01,,,79.0,,,,
Anguilla,30228.0,2020-02-01,,,82.0,,,,
Anguilla,30228.0,2020-03-01,,,81.0,,,,
Anguilla,30228.0,2020-04-01,,,82.0,,,,
Anguilla,30228.0,2020-05-01,,,85.0,,,,
Anguilla,30228.0,2020-06-01,,,85.0,,,,
Anguilla,30228.0,2020-07-01,,,85.0,,,,
Anguilla,30228.0,2020-08-01,,,85.0,,,,
Anguilla,30228.0,2020-09-01,,,84.0,,,,
Anguilla,30228.0,2020-10-01,,,79.0,,,,
Anguilla,30228.0,2020-11-01,,,69.0,,,,
Anguilla,30228.0,2020-12-01,,,69.0,,,,
Anguilla,30228.0,2021-01-01,,,70.0,,,,
Anguilla,30228.0,2021-02-01,,,69.0,,,,
Anguilla,30228.0,2021-03-01,,,70.0,,,,
Anguilla,30228.0,2021-04-01,,,75.0,,,,
Anguilla,30228.0,2021-05-01,,,75.0,,,,
Anguilla,30228.0,2021-06-01,,,77.0,,,,
Anguilla,30228.0,2021-07-01,,,0.0,,,,
Anguilla,30228.0,2021-08-01,,,14.0,,,,
Anguilla,30228.0,2021-09-01,,,0.0,,,,
Anguilla,30228.0,2021-10-01,,,49.0,,,,
Anguilla,30228.0,2021-11-01,,,84.0,,,,
Anguilla,30228.0,2021-12-01,,,134.0,,,,
Anguilla,30228.0,2022-01-01,,,87.0,,,,
Anguilla,30228.0,2022-02-01,,,227.0,,,,
Anguilla,30228.0,2022-03-01,,,87.0,,,,
Anguilla,30228.0,2022-04-01,,,87.0,,,,
Anguilla,30228.0,2022-05-01,,,177.0,,,,
Anguilla,30228.0,2022-06-01,,,88.0,,,,
Anguilla,30228.0,2022-07-01,,,88.0,,,,
Anguilla,30228.0,2022-08-01,,,88.0,,,,
Anguilla,30228.0,2022-09-01,,,181.0,,,,
Anguilla,30228.0,2022-10-01,,,89.0,,,,
Anguilla,30228.0,2022-11-01,,,92.0,,,,
Anguilla,30228.0,2022-12-01,,,126.0,,,,
Anguilla,30228.0,2023-01-01,,,100.0,,,,
Anguilla,30228.0,2023-02-01,,,93.0,-19.0,6.0,,
Anguilla,30228.0,2023-03-01,,,93.0,0.0,0.0,,
Anguilla,30228.0,2023-04-01,,,95.0,5.0,0.0,,
Anguilla,30228.0,2023-05-01,,,95.0,-4.0,1.0,,
Anguilla,30228.0,2023-06-01,,,94.0,-1.0,-0.0,,
Anguilla,30228.0,2023-07-01,,,122.0,2.0,0.0,,
Anguilla,30228.0,2023-08-01,,,251.0,-2.0,-1.0,,
Anguilla,30228.0,2023-09-01,,,115.0,0.0,-0.0,,
Anguilla,30228.0,2023-10-01,,,90.0,0.0,-1.0,,
Anguilla,30228.0,2023-11-01,,,87.0,1.0,-4.0,,
Anguilla,30228.0,2023-12-01,,,85.0,1.0,-4.0,,
Anguilla,30228.0,2024-01-01,,,84.0,1.0,-1.0,,
Anguilla,30228.0,2024-02-01,,,82.0,0.0,-1.0,,
Anguilla,30228.0,2024-03-01,,,76.0,-1.0,-6.0,,
Anguilla,30228.0,2024-04-01,,,95.0,19.0,-1.0,,
Anguilla,30228.0,2024-05-01,,,86.0,-9.0,-1.0,,
Anguilla,30228.0,2024-06-01,,,157.0,12.0,-1.0,,
Anguilla,30228.0,2024-07-01,,,133.0,0.0,0.0,,
Anguilla,30228.0,2024-08-01,,,134.0,-3.0,4.0,,
Anguilla,30228.0,2024-09-01,,,123.0,-12.0,1.0,,
Anguilla,30228.0,2024-10-01,,,121.0,2.0,-2.0,,
Anguilla,30228.0,2024-11-01,,,128.0,3.0,-2.0,,
Anguilla,30228.0,2024-12-01,,,120.0,10.0,-17.0,,
Anguilla,30228.0,2025-01-01,,,169.0,5.0,-2.0,,
Anguilla,30228.0,2025-02-01,,,126.0,3.0,0.0,,
Anguilla,30228.0,2025-03-01,,,150.0,11.0,-5.0,,
Anguilla,30228.0,2025-04-01,,,138.0,7.0,-1.0,,
Anguilla,30228.0,2025-05-01,,,196.0,14.0,-7.0,,
Anguilla,30228.0,2025-06-01,,,136.0,4.0,-12.0,,
Anguilla,30228.0,2025-07-01,,,138.0,10.0,-7.0,,
Anguilla,30228.0,2025-08-01,,,144.0,5.0,1.0,,
Anguilla,30228.0,2025-09-01,,,144.0,-0.0,1.0,,
Anguilla,30228.0,2025-10-01,,,148.0,7.0,-2.0,,
Anguilla,30228.0,2025-11-01,,,152.0,-0.0,5.0,,
Anguilla,30228.0,2025-12-01,,,136.0,-12.0,-5.0,,
Anguilla,30228.0,2026-01-01,,,104.0,-32.0,0.0,,
Anguilla,30228.0,2026-02-01,,,100.0,-2.0,-4.0,,
Anguilla,30228.0,2026-03-01,,,106.0,5.0,3.0,,
Anguilla,30228.0,2026-04-01,,,122.0,-8.0,-1.0,,
Anguilla,30228.0,2026-05-01,,,97.0,5.0,-1.0,,
Argentina,30104.0,2020-01-01,6680.0,,1410.0,,,5270.0,-5.0
Argentina,30104.0,2020-02-01,6446.0,,1437.0,,,5009.0,-261.0
Argentina,30104.0,2020-03-01,5956.0,,1342.0,,,4614.0,-395.0
Argentina,30104.0,2020-04-01,5360.0,,1300.0,,,4060.0,-554.0
Argentina,30104.0,2020-05-01,5236.0,,1297.0,,,3939.0,-121.0
Argentina,30104.0,2020-06-01,5070.0,,1240.0,,,3830.0,-109.0
Argentina,30104.0,2020-07-01,4779.0,,1200.0,,,3579.0,-251.0
Argentina,30104.0,2020-08-01,4690.0,,1163.0,,,3527.0,-52.0
Argentina,30104.0,2020-09-01,4404.0,,1092.0,,,3312.0,-215.0
Argentina,30104.0,2020-10-01,4090.0,,1038.0,,,3052.0,-260.0
Argentina,30104.0,2020-11-01,3931.0,,960.0,,,2971.0,-81.0
Argentina,30104.0,2020-12-01,3628.0,,950.0,,,2678.0,-293.0
Argentina,30104.0,2021-01-01,3595.0,,932.0,,,2663.0,-15.0
Argentina,30104.0,2021-02-01,3349.0,,844.0,,,2505.0,-158.0
Argentina,30104.0,2021-03-01,3241.0,,820.0,,,2421.0,-84.0
Argentina,30104.0,2021-04-01,3144.0,,818.0,,,2326.0,-95.0
Argentina,30104.0,2021-05-01,3172.0,,805.0,,,2367.0,41.0
Argentina,30104.0,2021-06-01,3152.0,,830.0,,,2322.0,-45.0
Argentina,30104.0,2021-07-01,3112.0,,809.0,,,2303.0,-19.0
Argentina,30104.0,2021-08-01,3074.0,,803.0,,,2271.0,-32.0
Argentina,30104.0,2021-09-01,3113.0,,770.0,,,2343.0,72.0
Argentina,30104.0,2021-10-01,3121.0,,832.0,,,2289.0,-54.0
Argentina,30104.0,2021-11-01,3111.0,,778.0,,,2333.0,44.0
Argentina,30104.0,2021-12-01,3053.0,,762.0,,,2291.0,-42.0
Argentina,30104.0,2022-01-01,3090.0,,757.0,,,2333.0,42.0
Argentina,30104.0,2022-02-01,3148.0,,726.0,,,2422.0,89.0
Argentina,30104.0,2022-03-01,3455.0,,788.0,,,2667.0,245.0
Argentina,30104.0,2022-04-01,3781.0,,915.0,,,2866.0,199.0
Argentina,30104.0,2022-05-01,3860.0,,934.0,,,2926.0,60.0
Argentina,30104.0,2022-06-01,4381.0,,1093.0,,,3288.0,362.0
Argentina,30104.0,2022-07-01,4892.0,,1205.0,,,3687.0,399.0
Argentina,30104.0,2022-08-01,5225.0,,1301.0,,,3924.0,237.0
Argentina,30104.0,2022-09-01,5536.0,,1337.0,,,4199.0,275.0
Argentina,30104.0,2022-10-01,6208.0,,1510.0,,,4698.0,499.0
Argentina,30104.0,2022-11-01,6759.0,,1769.0,,,4990.0,292.0
Argentina,30104.0,2022-12-01,6542.0,,1829.0,,,4713.0,-277.0
Argentina,30104.0,2023-01-01,6854.0,,1763.0,,,5091.0,378.0
Argentina,30104.0,2023-02-01,7179.0,381.0,1848.0,141.0,-15.0,5331.0,240.0
Argentina,30104.0,2023-03-01,7838.0,867.0,1854.0,214.0,-243.0,5984.0,653.0
Argentina,30104.0,2023-04-01,8056.0,305.0,1855.0,88.0,2.0,6201.0,217.0
Argentina,30104.0,2023-05-01,8230.0,235.0,1916.0,122.0,7.0,6314.0,113.0
Argentina,30104.0,2023-06-01,8400.0,185.0,1987.0,86.0,-13.0,6413.0,99.0
Argentina,30104.0,2023-07-01,8584.0,211.0,2033.0,73.0,-18.0,6551.0,138.0
Argentina,30104.0,2023-08-01,8792.0,234.0,2189.0,182.0,-6.0,6603.0,52.0
Argentina,30104.0,2023-09-01,9084.0,363.0,2306.0,188.0,-46.0,6778.0,175.0
Argentina,30104.0,2023-10-01,7534.0,-1377.0,2306.0,173.0,-3.0,5228.0,-1550.0
Argentina,30104.0,2023-11-01,7468.0,67.0,2419.0,246.0,10.0,5049.0,-179.0
Argentina,30104.0,2023-12-01,7670.0,204.0,2724.0,307.0,27.0,4946.0,-103.0
Argentina,30104.0,2024-01-01,7800.0,232.0,2806.0,184.0,-12.0,4994.0,48.0
Argentina,30104.0,2024-02-01,7679.0,-72.0,2792.0,35.0,-18.0,4887.0,-107.0
Argentina,30104.0,2024-03-01,8569.0,1030.0,2698.0,46.0,10.0,5871.0,984.0
Argentina,30104.0,2024-04-01,8678.0,1217.0,2544.0,954.0,-16.0,6134.0,263.0
Argentina,30104.0,2024-05-01,8802.0,283.0,2516.0,131.0,16.0,6286.0,152.0
Argentina,30104.0,2024-06-01,8836.0,85.0,2576.0,111.0,42.0,6260.0,-26.0
Argentina,30104.0,2024-07-01,9199.0,416.0,2633.0,110.0,18.0,6566.0,306.0
Argentina,30104.0,2024-08-01,10301.0,838.0,3155.0,258.0,16.0,7146.0,580.0
Argentina,30104.0,2024-09-01,10587.0,-187.0,3499.0,-129.0,4.0,7088.0,-58.0
Argentina,30104.0,2024-10-01,10301.0,-173.0,3470.0,84.0,-74.0,6831.0,-257.0
Argentina,30104.0,2024-11-01,10113.0,-155.0,3553.0,116.0,28.0,6560.0,-271.0
Argentina,30104.0,2024-12-01,9390.0,255.0,2803.0,228.0,-27.0,6587.0,27.0
Argentina,30104.0,2025-01-01,9476.0,141.0,2978.0,230.0,-4.0,6498.0,-89.0
Argentina,30104.0,2025-02-01,9415.0,34.0,3054.0,171.0,1.0,6361.0,-137.0
Argentina,30104.0,2025-03-01,9488.0,-3.0,3112.0,-18.0,-2.0,6376.0,15.0
Argentina,30104.0,2025-04-01,9561.0,257.0,3000.0,72.0,-9.0,6561.0,185.0
Argentina,30104.0,2025-05-01,10024.0,524.0,3715.0,776.0,-20.0,6309.0,-252.0
Argentina,30104.0,2025-06-01,9818.0,366.0,3420.0,277.0,-17.0,6398.0,89.0
Argentina,30104.0,2025-07-01,10115.0,510.0,3588.0,381.0,-27.0,6527.0,129.0
Argentina,30104.0,2025-08-01,10545.0,519.0,4039.0,540.0,16.0,6506.0,-21.0
Argentina,30104.0,2025-09-01,9931.0,-448.0,4069.0,196.0,-17.0,5862.0,-644.0
Argentina,30104.0,2025-10-01,11465.0,1636.0,4884.0,917.0,-27.0,6581.0,719.0
Argentina,30104.0,2025-11-01,11513.0,101.0,4863.0,32.0,-11.0,6650.0,69.0
Argentina,30104.0,2025-12-01,10524.0,-42.0,4950.0,1034.0,-28.0,5574.0,-1076.0
Argentina,30104.0,2026-01-01,10054.0,-179.0,4872.0,213.0,-8.0,5182.0,-392.0
Argentina,30104.0,2026-02-01,10215.0,238.0,5265.0,470.0,8.0,4950.0,-232.0
Argentina,30104.0,2026-03-01,10050.0,15.0,5203.0,118.0,-54.0,4847.0,-103.0
Argentina,30104.0,2026-04-01,10320.0,765.0,5968.0,1260.0,9.0,4352.0,-495.0
Argentina,30104.0,2026-05-01,10967.0,667.0,6517.0,569.0,-17.0,4450.0,98.0
Aruba,35254.0,2020-01-01,,,90.0,,,,
Aruba,35254.0,2020-02-01,,,91.0,,,,
Aruba,35254.0,2020-03-01,,,86.0,,,,
Aruba,35254.0,2020-04-01,,,90.0,,,,
Aruba,35254.0,2020-05-01,,,95.0,,,,
Aruba,35254.0,2020-06-01,,,94.0,,,,
Aruba,35254.0,2020-07-01,,,82.0,,,,
Aruba,35254.0,2020-08-01,,,82.0,,,,
Aruba,35254.0,2020-09-01,,,82.0,,,,
Aruba,35254.0,2020-10-01,,,82.0,,,,
Aruba,35254.0,2020-11-01,,,82.0,,,,
Aruba,35254.0,2020-12-01,,,109.0,,,,
Aruba,35254.0,2021-01-01,,,105.0,,,,
Aruba,35254.0,2021-02-01,,,107.0,,,,
Aruba,35254.0,2021-03-01,,,107.0,,,,
Aruba,35254.0,2021-04-01,,,105.0,,,,
Aruba,35254.0,2021-05-01,,,96.0,,,,
Aruba,35254.0,2021-06-01,,,80.0,,,,
Aruba,35254.0,2021-07-01,,,87.0,,,,
Aruba,35254.0,2021-08-01,,,81.0,,,,
Aruba,35254.0,2021-09-01,,,78.0,,,,
Aruba,35254.0,2021-10-01,,,87.0,,,,
Aruba,35254.0,2021-11-01,,,107.0,,,,
Aruba,35254.0,2021-12-01,,,89.0,,,,
Aruba,35254.0,2022-01-01,,,93.0,,,,
Aruba,35254.0,2022-02-01,,,248.0,,,,
Aruba,35254.0,2022-03-01,,,237.0,,,,
Aruba,35254.0,2022-04-01,,,233.0,,,,
Aruba,35254.0,2022-05-01,,,250.0,,,,
Aruba,35254.0,2022-06-01,,,265.0,,,,
Aruba,35254.0,2022-07-01,,,245.0,,,,
Aruba,35254.0,2022-08-01,,,243.0,,,,
Aruba,35254.0,2022-09-01,,,219.0,,,,
Aruba,35254.0,2022-10-01,,,218.0,,,,
Aruba,35254.0,2022-11-01,,,257.0,,,,
Aruba,35254.0,2022-12-01,,,243.0,,,,
Aruba,35254.0,2023-01-01,,,257.0,,,,
Aruba,35254.0,2023-02-01,,,258.0,8.0,-4.0,,
Aruba,35254.0,2023-03-01,,,264.0,1.0,4.0,,
Aruba,35254.0,2023-04-01,,,283.0,18.0,1.0,,
Aruba,35254.0,2023-05-01,,,268.0,-14.0,-2.0,,
Aruba,35254.0,2023-06-01,,,277.0,12.0,-2.0,,
Aruba,35254.0,2023-07-01,,,322.0,-92.0,0.0,,
Aruba,35254.0,2023-08-01,,,323.0,4.0,-1.0,,
Aruba,35254.0,2023-09-01,,,320.0,2.0,-3.0,,
Aruba,35254.0,2023-10-01,,,334.0,16.0,0.0,,
Aruba,35254.0,2023-11-01,,,340.0,11.0,6.0,,
Aruba,35254.0,2023-12-01,,,374.0,23.0,5.0,,
Aruba,35254.0,2024-01-01,,,359.0,-15.0,0.0,,
Aruba,35254.0,2024-02-01,,,402.0,49.0,-5.0,,
Aruba,35254.0,2024-03-01,,,415.0,6.0,1.0,,
Aruba,35254.0,2024-04-01,,,421.0,13.0,-6.0,,
Aruba,35254.0,2024-05-01,,,462.0,39.0,3.0,,
Aruba,35254.0,2024-06-01,,,462.0,-3.0,2.0,,
Aruba,35254.0,2024-07-01,,,512.0,48.0,5.0,,
Aruba,35254.0,2024-08-01,,,534.0,12.0,8.0,,
Aruba,35254.0,2024-09-01,,,589.0,54.0,-6.0,,
Aruba,35254.0,2024-10-01,,,596.0,18.0,-11.0,,
Aruba,35254.0,2024-11-01,,,603.0,4.0,2.0,,
Aruba,35254.0,2024-12-01,,,631.0,25.0,2.0,,
Aruba,35254.0,2025-01-01,,,656.0,-1.0,1.0,,
Aruba,35254.0,2025-02-01,,,631.0,-32.0,6.0,,
Aruba,35254.0,2025-03-01,,,654.0,19.0,4.0,,
Aruba,35254.0,2025-04-01,,,674.0,21.0,5.0,,
Aruba,35254.0,2025-05-01,,,679.0,9.0,-5.0,,
Aruba,35254.0,2025-06-01,,,689.0,3.0,6.0,,
Aruba,35254.0,2025-07-01,,,689.0,3.0,-4.0,,
Aruba,35254.0,2025-08-01,,,795.0,106.0,4.0,,
Aruba,35254.0,2025-09-01,,,798.0,6.0,1.0,,
Aruba,35254.0,2025-10-01,,,805.0,9.0,1.0,,
Aruba,35254.0,2025-11-01,,,796.0,-6.0,3.0,,
Aruba,35254.0,2025-12-01,,,812.0,7.0,-1.0,,
Aruba,35254.0,2026-01-01,,,832.0,4.0,0.0,,
Aruba,35254.0,2026-02-01,,,837.0,-1.0,8.0,,
Aruba,35254.0,2026-03-01,,,782.0,-40.0,-10.0,,
Aruba,35254.0,2026-04-01,,,750.0,-32.0,-1.0,,
Aruba,35254.0,2026-05-01,,,758.0,8.0,-1.0,,
Australia,60089.0,2020-01-01,45109.0,,39473.0,,,5636.0,-230.0
Australia,60089.0,2020-02-01,43709.0,,38422.0,,,5287.0,-349.0
Australia,60089.0,2020-03-01,46283.0,,40647.0,,,5636.0,349.0
Australia,60089.0,2020-04-01,44841.0,,36935.0,,,7906.0,2270.0
Australia,60089.0,2020-05-01,43481.0,,33743.0,,,9738.0,1832.0
Australia,60089.0,2020-06-01,42992.0,,32866.0,,,10126.0,388.0
Australia,60089.0,2020-07-01,43781.0,,34678.0,,,9103.0,-1023.0
Australia,60089.0,2020-08-01,42885.0,,34162.0,,,8723.0,-380.0
Australia,60089.0,2020-09-01,39327.0,,31474.0,,,7853.0,-870.0
Australia,60089.0,2020-10-01,39492.0,,31065.0,,,8427.0,574.0
Australia,60089.0,2020-11-01,40637.0,,30988.0,,,9649.0,1222.0
Australia,60089.0,2020-12-01,39788.0,,32349.0,,,7439.0,-2210.0
Australia,60089.0,2021-01-01,41035.0,,31852.0,,,9183.0,1744.0
Australia,60089.0,2021-02-01,40478.0,,33101.0,,,7377.0,-1806.0
Australia,60089.0,2021-03-01,41253.0,,34184.0,,,7069.0,-308.0
Australia,60089.0,2021-04-01,42877.0,,35964.0,,,6913.0,-156.0
Australia,60089.0,2021-05-01,45380.0,,37022.0,,,8358.0,1445.0
Australia,60089.0,2021-06-01,45118.0,,37179.0,,,7939.0,-419.0
Australia,60089.0,2021-07-01,46297.0,,38652.0,,,7645.0,-294.0
Australia,60089.0,2021-08-01,47077.0,,39170.0,,,7907.0,262.0
Australia,60089.0,2021-09-01,47792.0,,38744.0,,,9048.0,1141.0
Australia,60089.0,2021-10-01,53778.0,,43372.0,,,10406.0,1358.0
Australia,60089.0,2021-11-01,54585.0,,44475.0,,,10110.0,-296.0
Australia,60089.0,2021-12-01,56271.0,,45652.0,,,10619.0,509.0
Australia,60089.0,2022-01-01,59704.0,,47425.0,,,12279.0,1660.0
Australia,60089.0,2022-02-01,60611.0,,48826.0,,,11785.0,-494.0
Australia,60089.0,2022-03-01,59189.0,,47988.0,,,11201.0,-584.0
Australia,60089.0,2022-04-01,60155.0,,49907.0,,,10248.0,-953.0
Australia,60089.0,2022-05-01,57191.0,,49127.0,,,8064.0,-2184.0
Australia,60089.0,2022-06-01,54297.0,,47265.0,,,7032.0,-1032.0
Australia,60089.0,2022-07-01,56290.0,,48888.0,,,7402.0,370.0
Australia,60089.0,2022-08-01,56237.0,,47148.0,,,9089.0,1687.0
Australia,60089.0,2022-09-01,56253.0,,45104.0,,,11149.0,2060.0
Australia,60089.0,2022-10-01,58544.0,,47220.0,,,11324.0,175.0
Australia,60089.0,2022-11-01,58309.0,,46979.0,,,11330.0,6.0
Australia,60089.0,2022-12-01,56444.0,,44811.0,,,11633.0,303.0
Australia,60089.0,2023-01-01,60970.0,,48832.0,,,12138.0,505.0
Australia,60089.0,2023-02-01,57553.0,-1925.0,45894.0,-1446.0,-485.0,11659.0,-479.0
Australia,60089.0,2023-03-01,59160.0,-241.0,46720.0,-1022.0,1476.0,12440.0,781.0
Australia,60089.0,2023-04-01,59003.0,-915.0,47474.0,-4.0,258.0,11529.0,-911.0
Australia,60089.0,2023-05-01,52845.0,-2236.0,43224.0,-328.0,-654.0,9621.0,-1908.0
Australia,60089.0,2023-06-01,56458.0,2964.0,43939.0,66.0,142.0,12519.0,2898.0
Australia,60089.0,2023-07-01,53908.0,-3751.0,41003.0,-4137.0,51.0,12905.0,386.0
Australia,60089.0,2023-08-01,55784.0,2504.0,41327.0,952.0,-284.0,14457.0,1552.0
Australia,60089.0,2023-09-01,55810.0,773.0,43528.0,2948.0,-739.0,12282.0,-2175.0
Australia,60089.0,2023-10-01,56164.0,-753.0,44199.0,-436.0,-504.0,11965.0,-317.0
Australia,60089.0,2023-11-01,56657.0,-397.0,45182.0,93.0,1370.0,11475.0,-490.0
Australia,60089.0,2023-12-01,59723.0,677.0,47143.0,-428.0,1497.0,12580.0,1105.0
Australia,60089.0,2024-01-01,67253.0,7337.0,58902.0,11566.0,177.0,8351.0,-4229.0
Australia,60089.0,2024-02-01,68194.0,46.0,59508.0,-289.0,-784.0,8686.0,335.0
Australia,60089.0,2024-03-01,66668.0,-1026.0,58654.0,-354.0,382.0,8014.0,-672.0
Australia,60089.0,2024-04-01,67794.0,3181.0,60473.0,3874.0,-2309.0,7321.0,-693.0
Australia,60089.0,2024-05-01,65124.0,-3615.0,57719.0,-3699.0,713.0,7405.0,84.0
Australia,60089.0,2024-06-01,64545.0,694.0,56505.0,59.0,265.0,8040.0,635.0
Australia,60089.0,2024-07-01,73333.0,6833.0,67700.0,9240.0,1388.0,5633.0,-2407.0
Australia,60089.0,2024-08-01,73359.0,-2230.0,64880.0,-5076.0,253.0,8479.0,2846.0
Australia,60089.0,2024-09-01,73103.0,969.0,65492.0,1837.0,556.0,7611.0,-868.0
Australia,60089.0,2024-10-01,71375.0,-961.0,63736.0,-989.0,-534.0,7639.0,28.0
Australia,60089.0,2024-11-01,67913.0,-5149.0,60170.0,-5253.0,-196.0,7743.0,104.0
Australia,60089.0,2024-12-01,67314.0,1867.0,60726.0,3022.0,-1785.0,6588.0,-1155.0
Australia,60089.0,2025-01-01,66429.0,-2799.0,58781.0,-3859.0,547.0,7648.0,1060.0
Australia,60089.0,2025-02-01,69784.0,3142.0,61746.0,2752.0,765.0,8038.0,390.0
Australia,60089.0,2025-03-01,67506.0,-3058.0,60190.0,-2336.0,-716.0,7316.0,-722.0
Australia,60089.0,2025-04-01,68225.0,1197.0,60422.0,710.0,153.0,7803.0,487.0
Australia,60089.0,2025-05-01,62437.0,-3526.0,52964.0,-5196.0,-1518.0,9473.0,1670.0
Australia,60089.0,2025-06-01,61609.0,-2032.0,53320.0,-848.0,840.0,8289.0,-1184.0
Australia,60089.0,2025-07-01,71042.0,9980.0,62113.0,9340.0,-443.0,8929.0,640.0
Australia,60089.0,2025-08-01,67396.0,-5178.0,59249.0,-4396.0,791.0,8147.0,-782.0
Australia,60089.0,2025-09-01,72064.0,4392.0,62243.0,2718.0,30.0,9821.0,1674.0
Australia,60089.0,2025-10-01,74056.0,3252.0,65554.0,4571.0,-1038.0,8502.0,-1319.0
Australia,60089.0,2025-11-01,75101.0,1732.0,65206.0,339.0,-657.0,9895.0,1393.0
Australia,60089.0,2025-12-01,72321.0,-2697.0,65068.0,-55.0,-1096.0,7253.0,-2642.0
Australia,60089.0,2026-01-01,69232.0,-3252.0,60005.0,-5226.0,-437.0,9227.0,1974.0
Australia,60089.0,2026-02-01,70537.0,247.0,60784.0,-279.0,830.0,9753.0,526.0
Australia,60089.0,2026-03-01,77918.0,9867.0,68145.0,9847.0,-2460.0,9773.0,20.0
Australia,60089.0,2026-04-01,82811.0,6075.0,67787.0,824.0,-1905.0,15024.0,5251.0
Australia,60089.0,2026-05-01,82164.0,-2147.0,67013.0,-2274.0,-323.0,15151.0,127.0
Austria,10189.0,2020-01-01,4125.0,,3606.0,,,519.0,-205.0
Austria,10189.0,2020-02-01,4503.0,,3925.0,,,578.0,59.0
Austria,10189.0,2020-03-01,4579.0,,3916.0,,,663.0,85.0
Austria,10189.0,2020-04-01,4679.0,,3781.0,,,898.0,235.0
Austria,10189.0,2020-05-01,4621.0,,3559.0,,,1063.0,164.0
Austria,10189.0,2020-06-01,4766.0,,3515.0,,,1251.0,188.0
Austria,10189.0,2020-07-01,4808.0,,3484.0,,,1323.0,72.0
Austria,10189.0,2020-08-01,4744.0,,3412.0,,,1331.0,8.0
Austria,10189.0,2020-09-01,4678.0,,3622.0,,,1057.0,-274.0
Austria,10189.0,2020-10-01,4306.0,,3356.0,,,950.0,-107.0
Austria,10189.0,2020-11-01,4121.0,,3367.0,,,754.0,-196.0
Austria,10189.0,2020-12-01,4550.0,,3615.0,,,935.0,181.0
Austria,10189.0,2021-01-01,4055.0,,3393.0,,,662.0,-273.0
Austria,10189.0,2021-02-01,3665.0,,3087.0,,,578.0,-84.0
Austria,10189.0,2021-03-01,3721.0,,3228.0,,,493.0,-86.0
Austria,10189.0,2021-04-01,3670.0,,3211.0,,,459.0,-34.0
Austria,10189.0,2021-05-01,3636.0,,3241.0,,,395.0,-64.0
Austria,10189.0,2021-06-01,3980.0,,3584.0,,,396.0,1.0
Austria,10189.0,2021-07-01,3606.0,,3214.0,,,393.0,-3.0
Austria,10189.0,2021-08-01,3729.0,,3328.0,,,401.0,8.0
Austria,10189.0,2021-09-01,4182.0,,3808.0,,,374.0,-26.0
Austria,10189.0,2021-10-01,3742.0,,3325.0,,,416.0,42.0
Austria,10189.0,2021-11-01,3740.0,,3369.0,,,371.0,-46.0
Austria,10189.0,2021-12-01,4540.0,,3767.0,,,773.0,402.0
Austria,10189.0,2022-01-01,3579.0,,3001.0,,,578.0,-195.0
Austria,10189.0,2022-02-01,3730.0,,3125.0,,,605.0,27.0
Austria,10189.0,2022-03-01,3700.0,,3372.0,,,329.0,-276.0
Austria,10189.0,2022-04-01,3870.0,,3476.0,,,395.0,66.0
Austria,10189.0,2022-05-01,3684.0,,3185.0,,,499.0,104.0
Austria,10189.0,2022-06-01,5037.0,,4269.0,,,768.0,269.0
Austria,10189.0,2022-07-01,4514.0,,3988.0,,,526.0,-242.0
Austria,10189.0,2022-08-01,4446.0,,3795.0,,,651.0,125.0
Austria,10189.0,2022-09-01,4354.0,,3737.0,,,616.0,-35.0
Austria,10189.0,2022-10-01,4140.0,,3427.0,,,713.0,97.0
Austria,10189.0,2022-11-01,4850.0,,3796.0,,,1054.0,341.0
Austria,10189.0,2022-12-01,6034.0,,4413.0,,,1621.0,567.0
Austria,10189.0,2023-01-01,5392.0,,4196.0,,,1197.0,-424.0
Austria,10189.0,2023-02-01,5597.0,-295.0,4389.0,-306.0,-55.0,1208.0,11.0
Austria,10189.0,2023-03-01,5731.0,216.0,4648.0,341.0,50.0,1083.0,-125.0
Austria,10189.0,2023-04-01,5085.0,-733.0,4236.0,-499.0,16.0,849.0,-234.0
Austria,10189.0,2023-05-01,4368.0,-228.0,3240.0,-507.0,-10.0,1128.0,279.0
Austria,10189.0,2023-06-01,5512.0,1254.0,4693.0,1563.0,-10.0,819.0,-309.0
Austria,10189.0,2023-07-01,6472.0,54.0,5123.0,-476.0,-48.0,1349.0,530.0
Austria,10189.0,2023-08-01,5826.0,329.0,4482.0,334.0,-0.0,1344.0,-5.0
Austria,10189.0,2023-09-01,5802.0,227.0,4447.0,216.0,-41.0,1355.0,11.0
Austria,10189.0,2023-10-01,5712.0,-91.0,4201.0,-247.0,-13.0,1511.0,156.0
Austria,10189.0,2023-11-01,6006.0,357.0,4347.0,209.0,49.0,1660.0,148.0
Austria,10189.0,2023-12-01,5683.0,574.0,3837.0,387.0,51.0,1846.0,186.0
Austria,10189.0,2024-01-01,4857.0,-1023.0,3256.0,-777.0,63.0,1601.0,-245.0
Austria,10189.0,2024-02-01,4254.0,-423.0,2755.0,-321.0,-23.0,1498.0,-102.0
Austria,10189.0,2024-03-01,5115.0,1043.0,3377.0,803.0,-21.0,1738.0,240.0
Austria,10189.0,2024-04-01,5199.0,196.0,3267.0,2.0,-76.0,1932.0,194.0
Austria,10189.0,2024-05-01,5311.0,137.0,3068.0,-174.0,20.0,2243.0,311.0
Austria,10189.0,2024-06-01,5713.0,513.0,3487.0,530.0,12.0,2226.0,-17.0
Austria,10189.0,2024-07-01,5671.0,-74.0,3556.0,37.0,86.0,2115.0,-111.0
Austria,10189.0,2024-08-01,5571.0,-75.0,3605.0,74.0,59.0,1966.0,-148.0
Austria,10189.0,2024-09-01,6571.0,1155.0,4591.0,1141.0,-47.0,1980.0,14.0
Austria,10189.0,2024-10-01,6271.0,-435.0,4820.0,94.0,14.0,1451.0,-530.0
Austria,10189.0,2024-11-01,6672.0,447.0,5407.0,633.0,106.0,1265.0,-186.0
Austria,10189.0,2024-12-01,6766.0,206.0,5313.0,17.0,-44.0,1453.0,189.0
Austria,10189.0,2025-01-01,5133.0,-1539.0,3715.0,-1503.0,31.0,1418.0,-35.0
Austria,10189.0,2025-02-01,5977.0,914.0,4519.0,873.0,27.0,1458.0,40.0
Austria,10189.0,2025-03-01,6016.0,253.0,4670.0,365.0,6.0,1346.0,-112.0
Austria,10189.0,2025-04-01,5289.0,-716.0,4105.0,-554.0,26.0,1184.0,-162.0
Austria,10189.0,2025-05-01,5367.0,67.0,4132.0,17.0,-17.0,1235.0,51.0
Austria,10189.0,2025-06-01,6340.0,873.0,5068.0,836.0,37.0,1272.0,37.0
Austria,10189.0,2025-07-01,5822.0,-505.0,4436.0,-619.0,-7.0,1386.0,113.0
Austria,10189.0,2025-08-01,5828.0,205.0,4504.0,267.0,24.0,1323.0,-62.0
Austria,10189.0,2025-09-01,5919.0,375.0,4742.0,521.0,13.0,1177.0,-146.0
Austria,10189.0,2025-10-01,5400.0,-768.0,4175.0,-816.0,29.0,1225.0,48.0
Austria,10189.0,2025-11-01,6328.0,847.0,5015.0,759.0,12.0,1313.0,88.0
Austria,10189.0,2025-12-01,6193.0,37.0,5100.0,257.0,-12.0,1093.0,-220.0
Austria,10189.0,2026-01-01,5538.0,33.0,4280.0,-132.0,-2.0,1259.0,165.0
Austria,10189.0,2026-02-01,5852.0,358.0,4293.0,58.0,37.0,1559.0,301.0
Austria,10189.0,2026-03-01,6259.0,545.0,4491.0,336.0,-45.0,1768.0,209.0
Austria,10189.0,2026-04-01,6294.0,364.0,4109.0,-53.0,4.0,2185.0,417.0
Austria,10189.0,2026-05-01,5975.0,-344.0,3967.0,-167.0,-19.0,2008.0,-177.0
Bahamas,35319.0,2020-01-01,6218.0,,2726.0,,,3492.0,-540.0
Bahamas,35319.0,2020-02-01,6347.0,,2843.0,,,3504.0,12.0
Bahamas,35319.0,2020-03-01,7350.0,,3648.0,,,3702.0,198.0
Bahamas,35319.0,2020-04-01,6722.0,,2801.0,,,3921.0,219.0
Bahamas,35319.0,2020-05-01,6984.0,,2845.0,,,4139.0,218.0
Bahamas,35319.0,2020-06-01,8386.0,,4165.0,,,4221.0,82.0
Bahamas,35319.0,2020-07-01,7883.0,,3674.0,,,4209.0,-12.0
Bahamas,35319.0,2020-08-01,7756.0,,3618.0,,,4138.0,-71.0
Bahamas,35319.0,2020-09-01,6447.0,,2645.0,,,3802.0,-336.0
Bahamas,35319.0,2020-10-01,6681.0,,2759.0,,,3922.0,120.0
Bahamas,35319.0,2020-11-01,6637.0,,2516.0,,,4121.0,199.0
Bahamas,35319.0,2020-12-01,6595.0,,2868.0,,,3727.0,-394.0
Bahamas,35319.0,2021-01-01,7982.0,,2830.0,,,5152.0,1425.0
Bahamas,35319.0,2021-02-01,8556.0,,2868.0,,,5688.0,536.0
Bahamas,35319.0,2021-03-01,7547.0,,3037.0,,,4510.0,-1178.0
Bahamas,35319.0,2021-04-01,7387.0,,2357.0,,,5030.0,520.0
Bahamas,35319.0,2021-05-01,14528.0,,2361.0,,,12167.0,7137.0
Bahamas,35319.0,2021-06-01,13689.0,,2436.0,,,11253.0,-914.0
Bahamas,35319.0,2021-07-01,16716.0,,2310.0,,,14406.0,3153.0
Bahamas,35319.0,2021-08-01,21554.0,,2743.0,,,18811.0,4405.0
Bahamas,35319.0,2021-09-01,18368.0,,2583.0,,,15785.0,-3026.0
Bahamas,35319.0,2021-10-01,23883.0,,2658.0,,,21225.0,5440.0
Bahamas,35319.0,2021-11-01,28285.0,,2516.0,,,25769.0,4544.0
Bahamas,35319.0,2021-12-01,34877.0,,3107.0,,,31770.0,6001.0
Bahamas,35319.0,2022-01-01,35884.0,,3072.0,,,32812.0,1042.0
Bahamas,35319.0,2022-02-01,33503.0,,2756.0,,,30747.0,-2065.0
Bahamas,35319.0,2022-03-01,36125.0,,2554.0,,,33571.0,2824.0
Bahamas,35319.0,2022-04-01,39467.0,,2096.0,,,37371.0,3800.0
Bahamas,35319.0,2022-05-01,30031.0,,2412.0,,,27619.0,-9752.0
Bahamas,35319.0,2022-06-01,30260.0,,2839.0,,,27421.0,-198.0
Bahamas,35319.0,2022-07-01,35737.0,,3404.0,,,32333.0,4912.0
Bahamas,35319.0,2022-08-01,39990.0,,3413.0,,,36577.0,4244.0
Bahamas,35319.0,2022-09-01,41329.0,,3330.0,,,37999.0,1422.0
Bahamas,35319.0,2022-10-01,45130.0,,3699.0,,,41431.0,3432.0
Bahamas,35319.0,2022-11-01,44053.0,,4189.0,,,39864.0,-1567.0
Bahamas,35319.0,2022-12-01,45990.0,,4663.0,,,41327.0,1463.0
Bahamas,35319.0,2023-01-01,38143.0,,4692.0,,,33451.0,-7876.0
Bahamas,35319.0,2023-02-01,36845.0,-1286.0,4542.0,-138.0,17.0,32303.0,-1148.0
Bahamas,35319.0,2023-03-01,39843.0,2503.0,4733.0,-304.0,519.0,35110.0,2807.0
Bahamas,35319.0,2023-04-01,28038.0,-11491.0,4791.0,372.0,-271.0,23247.0,-11863.0
Bahamas,35319.0,2023-05-01,19449.0,-6259.0,4819.0,2358.0,-2371.0,14630.0,-8617.0
Bahamas,35319.0,2023-06-01,18901.0,1418.0,5360.0,2507.0,329.0,13541.0,-1089.0
Bahamas,35319.0,2023-07-01,17564.0,3520.0,5241.0,4738.0,15.0,12323.0,-1218.0
Bahamas,35319.0,2023-08-01,16900.0,1725.0,5834.0,2982.0,14.0,11066.0,-1257.0
Bahamas,35319.0,2023-09-01,17888.0,1547.0,6273.0,998.0,-77.0,11615.0,549.0
Bahamas,35319.0,2023-10-01,17215.0,2759.0,6432.0,3591.0,-32.0,10783.0,-832.0
Bahamas,35319.0,2023-11-01,17336.0,2574.0,6783.0,2804.0,170.0,10553.0,-230.0
Bahamas,35319.0,2023-12-01,16721.0,-421.0,6652.0,63.0,111.0,10069.0,-484.0
Bahamas,35319.0,2024-01-01,16984.0,2081.0,7061.0,2227.0,-131.0,9923.0,-146.0
Bahamas,35319.0,2024-02-01,16967.0,1900.0,7259.0,2115.0,-29.0,9708.0,-215.0
Bahamas,35319.0,2024-03-01,18449.0,1903.0,7537.0,699.0,40.0,10912.0,1204.0
Bahamas,35319.0,2024-04-01,17575.0,690.0,7503.0,1530.0,-27.0,10072.0,-840.0
Bahamas,35319.0,2024-05-01,16119.0,763.0,7496.0,2212.0,9.0,8623.0,-1449.0
Bahamas,35319.0,2024-06-01,47616.0,25887.0,13098.0,-8.0,57.0,34518.0,25895.0
Bahamas,35319.0,2024-07-01,44453.0,-1331.0,14794.0,3528.0,71.0,29659.0,-4859.0
Bahamas,35319.0,2024-08-01,49851.0,5989.0,16030.0,1827.0,125.0,33821.0,4162.0
Bahamas,35319.0,2024-09-01,38043.0,-4022.0,6994.0,-1250.0,38.0,31049.0,-2772.0
Bahamas,35319.0,2024-10-01,41198.0,3376.0,7320.0,547.0,-121.0,33878.0,2829.0
Bahamas,35319.0,2024-11-01,39306.0,-1894.0,7605.0,283.0,32.0,31701.0,-2177.0
Bahamas,35319.0,2024-12-01,43802.0,4599.0,8081.0,579.0,-76.0,35721.0,4020.0
Bahamas,35319.0,2025-01-01,43905.0,-65.0,7694.0,-555.0,3.0,36211.0,490.0
Bahamas,35319.0,2025-02-01,24623.0,-19570.0,8061.0,79.0,68.0,16562.0,-19649.0
Bahamas,35319.0,2025-03-01,25005.0,373.0,8027.0,-43.0,10.0,16978.0,416.0
Bahamas,35319.0,2025-04-01,25270.0,111.0,8412.0,231.0,28.0,16858.0,-120.0
Bahamas,35319.0,2025-05-01,26509.0,1303.0,8463.0,115.0,-62.0,18046.0,1188.0
Bahamas,35319.0,2025-06-01,25726.0,-695.0,8011.0,-364.0,18.0,17715.0,-331.0
Bahamas,35319.0,2025-07-01,24883.0,-720.0,8110.0,222.0,-51.0,16773.0,-942.0
Bahamas,35319.0,2025-08-01,24884.0,38.0,8214.0,141.0,49.0,16670.0,-103.0
Bahamas,35319.0,2025-09-01,26385.0,1616.0,8215.0,116.0,-83.0,18170.0,1500.0
Bahamas,35319.0,2025-10-01,27348.0,998.0,8964.0,784.0,-20.0,18384.0,214.0
Bahamas,35319.0,2025-11-01,25656.0,-1647.0,9010.0,91.0,14.0,16646.0,-1738.0
Bahamas,35319.0,2025-12-01,26335.0,862.0,8646.0,-181.0,-47.0,17689.0,1043.0
Bahamas,35319.0,2026-01-01,26896.0,535.0,9156.0,484.0,-12.0,17740.0,51.0
Bahamas,35319.0,2026-02-01,26277.0,-708.0,8991.0,-254.0,70.0,17286.0,-454.0
Bahamas,35319.0,2026-03-01,25707.0,-258.0,8676.0,-3.0,-192.0,17031.0,-255.0
Bahamas,35319.0,2026-04-01,26663.0,998.0,8833.0,199.0,-32.0,17830.0,799.0
Bahamas,35319.0,2026-05-01,26184.0,-361.0,8659.0,-56.0,-138.0,17525.0,-305.0
Barbados,30155.0,2020-01-01,2022.0,,1225.0,,,797.0,-33.0
Barbados,30155.0,2020-02-01,2142.0,,1345.0,,,797.0,0.0
Barbados,30155.0,2020-03-01,1705.0,,947.0,,,758.0,-39.0
Barbados,30155.0,2020-04-01,1694.0,,928.0,,,766.0,8.0
Barbados,30155.0,2020-05-01,1631.0,,899.0,,,732.0,-34.0
Barbados,30155.0,2020-06-01,1691.0,,898.0,,,793.0,61.0
Barbados,30155.0,2020-07-01,1572.0,,910.0,,,662.0,-131.0
Barbados,30155.0,2020-08-01,1558.0,,882.0,,,676.0,14.0
Barbados,30155.0,2020-09-01,1603.0,,952.0,,,651.0,-25.0
Barbados,30155.0,2020-10-01,1602.0,,937.0,,,665.0,14.0
Barbados,30155.0,2020-11-01,1698.0,,971.0,,,727.0,62.0
Barbados,30155.0,2020-12-01,2027.0,,1168.0,,,859.0,132.0
Barbados,30155.0,2021-01-01,1832.0,,1067.0,,,765.0,-94.0
Barbados,30155.0,2021-02-01,1940.0,,1060.0,,,880.0,115.0
Barbados,30155.0,2021-03-01,2009.0,,1153.0,,,856.0,-24.0
Barbados,30155.0,2021-04-01,1833.0,,1226.0,,,607.0,-249.0
Barbados,30155.0,2021-05-01,1730.0,,1177.0,,,553.0,-54.0
Barbados,30155.0,2021-06-01,1901.0,,1202.0,,,699.0,146.0
Barbados,30155.0,2021-07-01,1406.0,,1149.0,,,257.0,-442.0
Barbados,30155.0,2021-08-01,1403.0,,1129.0,,,274.0,17.0
Barbados,30155.0,2021-09-01,1365.0,,1168.0,,,197.0,-77.0
Barbados,30155.0,2021-10-01,1401.0,,1139.0,,,262.0,65.0
Barbados,30155.0,2021-11-01,1546.0,,1138.0,,,408.0,146.0
Barbados,30155.0,2021-12-01,1707.0,,1072.0,,,635.0,227.0
Barbados,30155.0,2022-01-01,1470.0,,1018.0,,,452.0,-183.0
Barbados,30155.0,2022-02-01,1318.0,,970.0,,,348.0,-104.0
Barbados,30155.0,2022-03-01,1395.0,,952.0,,,443.0,95.0
Barbados,30155.0,2022-04-01,1312.0,,920.0,,,392.0,-51.0
Barbados,30155.0,2022-05-01,1584.0,,1113.0,,,471.0,79.0
Barbados,30155.0,2022-06-01,1586.0,,1149.0,,,437.0,-34.0
Barbados,30155.0,2022-07-01,1667.0,,1212.0,,,455.0,18.0
Barbados,30155.0,2022-08-01,1801.0,,1195.0,,,606.0,151.0
Barbados,30155.0,2022-09-01,1970.0,,1207.0,,,763.0,157.0
Barbados,30155.0,2022-10-01,1968.0,,1220.0,,,748.0,-15.0
Barbados,30155.0,2022-11-01,2303.0,,1271.0,,,1032.0,284.0
Barbados,30155.0,2022-12-01,2498.0,,1298.0,,,1200.0,168.0
Barbados,30155.0,2023-01-01,2604.0,,1396.0,,,1208.0,8.0
Barbados,30155.0,2023-02-01,2613.0,10.0,1536.0,141.0,-2.0,1077.0,-131.0
Barbados,30155.0,2023-03-01,2766.0,175.0,1406.0,-108.0,18.0,1360.0,283.0
Barbados,30155.0,2023-04-01,2976.0,229.0,1430.0,43.0,6.0,1546.0,186.0
Barbados,30155.0,2023-05-01,2667.0,-364.0,1515.0,30.0,-11.0,1152.0,-394.0
Barbados,30155.0,2023-06-01,3005.0,321.0,1533.0,1.0,-7.0,1472.0,320.0
Barbados,30155.0,2023-07-01,3016.0,16.0,1474.0,-54.0,-11.0,1542.0,70.0
Barbados,30155.0,2023-08-01,3086.0,69.0,1497.0,22.0,-2.0,1589.0,47.0
Barbados,30155.0,2023-09-01,3045.0,-28.0,1515.0,31.0,-17.0,1530.0,-59.0
Barbados,30155.0,2023-10-01,3071.0,37.0,1461.0,-43.0,-17.0,1610.0,80.0
Barbados,30155.0,2023-11-01,3214.0,117.0,1643.0,156.0,25.0,1571.0,-39.0
Barbados,30155.0,2023-12-01,3217.0,-51.0,1779.0,82.0,48.0,1438.0,-133.0
Barbados,30155.0,2024-01-01,3029.0,-53.0,1551.0,-93.0,-3.0,1478.0,40.0
Barbados,30155.0,2024-02-01,3088.0,81.0,1495.0,-34.0,-16.0,1593.0,115.0
Barbados,30155.0,2024-03-01,2847.0,-254.0,1484.0,-24.0,19.0,1363.0,-230.0
Barbados,30155.0,2024-04-01,2779.0,-33.0,1443.0,-6.0,-28.0,1336.0,-27.0
Barbados,30155.0,2024-05-01,2950.0,171.0,1442.0,-1.0,-4.0,1508.0,172.0
Barbados,30155.0,2024-06-01,3348.0,64.0,1796.0,20.0,305.0,1552.0,44.0
Barbados,30155.0,2024-07-01,3053.0,-45.0,1531.0,-15.0,-240.0,1522.0,-30.0
Barbados,30155.0,2024-08-01,3287.0,183.0,1600.0,18.0,51.0,1687.0,165.0
Barbados,30155.0,2024-09-01,3460.0,-93.0,1776.0,-90.0,267.0,1684.0,-3.0
Barbados,30155.0,2024-10-01,3103.0,-144.0,1749.0,186.0,-246.0,1354.0,-330.0
Barbados,30155.0,2024-11-01,3348.0,-11.0,1956.0,-49.0,82.0,1392.0,38.0
Barbados,30155.0,2024-12-01,3293.0,112.0,2014.0,225.0,-115.0,1279.0,-113.0
Barbados,30155.0,2025-01-01,3159.0,-58.0,1893.0,-45.0,-100.0,1266.0,-13.0
Barbados,30155.0,2025-02-01,2802.0,-340.0,1708.0,-168.0,22.0,1094.0,-172.0
Barbados,30155.0,2025-03-01,2644.0,-159.0,1520.0,-189.0,-1.0,1124.0,30.0
Barbados,30155.0,2025-04-01,2891.0,249.0,1592.0,74.0,-10.0,1299.0,175.0
Barbados,30155.0,2025-05-01,2667.0,-231.0,1576.0,-23.0,28.0,1091.0,-208.0
Barbados,30155.0,2025-06-01,2779.0,134.0,1533.0,-21.0,-15.0,1246.0,155.0
Barbados,30155.0,2025-07-01,3070.0,45.0,1836.0,57.0,128.0,1234.0,-12.0
Barbados,30155.0,2025-08-01,2949.0,-6.0,1727.0,6.0,-125.0,1222.0,-12.0
Barbados,30155.0,2025-09-01,3038.0,-46.0,1892.0,30.0,133.0,1146.0,-76.0
Barbados,30155.0,2025-10-01,2864.0,-13.0,1767.0,36.0,-128.0,1097.0,-49.0
Barbados,30155.0,2025-11-01,3100.0,-2.0,1936.0,-69.0,239.0,1164.0,67.0
Barbados,30155.0,2025-12-01,2990.0,239.0,1771.0,184.0,-303.0,1219.0,55.0
Barbados,30155.0,2026-01-01,3661.0,-50.0,2489.0,-3.0,52.0,1172.0,-47.0
Barbados,30155.0,2026-02-01,2852.0,-766.0,1714.0,-732.0,-33.0,1138.0,-34.0
Barbados,30155.0,2026-03-01,2846.0,-180.0,1849.0,-39.0,109.0,997.0,-141.0
Barbados,30155.0,2026-04-01,2753.0,-52.0,1809.0,1.0,-32.0,944.0,-53.0
Barbados,30155.0,2026-05-01,3268.0,453.0,1894.0,23.0,55.0,1374.0,430.0
Belgium,10251.0,2020-01-01,206537.0,,184587.0,,,21950.0,733.0
Belgium,10251.0,2020-02-01,218029.0,,194332.0,,,23697.0,1747.0
Belgium,10251.0,2020-03-01,206100.0,,180372.0,,,25728.0,2030.0
Belgium,10251.0,2020-04-01,210177.0,,175203.0,,,34974.0,9246.0
Belgium,10251.0,2020-05-01,212098.0,,176128.0,,,35970.0,996.0
Belgium,10251.0,2020-06-01,218816.0,,175650.0,,,43166.0,7196.0
Belgium,10251.0,2020-07-01,211833.0,,169771.0,,,42063.0,-1103.0
Belgium,10251.0,2020-08-01,214932.0,,171827.0,,,43104.0,1042.0
Belgium,10251.0,2020-09-01,218079.0,,174373.0,,,43706.0,601.0
Belgium,10251.0,2020-10-01,239514.0,,202787.0,,,36727.0,-6979.0
Belgium,10251.0,2020-11-01,240516.0,,198999.0,,,41517.0,4790.0
Belgium,10251.0,2020-12-01,253461.0,,205293.0,,,48168.0,6651.0
Belgium,10251.0,2021-01-01,248188.0,,207898.0,,,40290.0,-7878.0
Belgium,10251.0,2021-02-01,236710.0,,202319.0,,,34392.0,-5898.0
Belgium,10251.0,2021-03-01,235825.0,,202223.0,,,33602.0,-789.0
Belgium,10251.0,2021-04-01,234814.0,,204320.0,,,30494.0,-3108.0
Belgium,10251.0,2021-05-01,236438.0,,203426.0,,,33011.0,2517.0
Belgium,10251.0,2021-06-01,228488.0,,196965.0,,,31523.0,-1488.0
Belgium,10251.0,2021-07-01,220454.0,,189289.0,,,31165.0,-359.0
Belgium,10251.0,2021-08-01,227728.0,,195213.0,,,32515.0,1350.0
Belgium,10251.0,2021-09-01,220858.0,,185516.0,,,35342.0,2827.0
Belgium,10251.0,2021-10-01,225769.0,,190581.0,,,35188.0,-154.0
Belgium,10251.0,2021-11-01,224881.0,,191585.0,,,33297.0,-1892.0
Belgium,10251.0,2021-12-01,271633.0,,230336.0,,,41297.0,8001.0
Belgium,10251.0,2022-01-01,242983.0,,199372.0,,,43611.0,2314.0
Belgium,10251.0,2022-02-01,258380.0,,220154.0,,,38226.0,-5385.0
Belgium,10251.0,2022-03-01,264484.0,,223655.0,,,40829.0,2603.0
Belgium,10251.0,2022-04-01,255625.0,,216722.0,,,38903.0,-1926.0
Belgium,10251.0,2022-05-01,268216.0,,229459.0,,,38757.0,-145.0
Belgium,10251.0,2022-06-01,273485.0,,232430.0,,,41055.0,2297.0
Belgium,10251.0,2022-07-01,285409.0,,243890.0,,,41520.0,465.0
Belgium,10251.0,2022-08-01,287801.0,,241570.0,,,46231.0,4712.0
Belgium,10251.0,2022-09-01,325004.0,,279303.0,,,45701.0,-530.0
Belgium,10251.0,2022-10-01,327216.0,,279930.0,,,47286.0,1585.0
Belgium,10251.0,2022-11-01,334369.0,,290220.0,,,44149.0,-3137.0
Belgium,10251.0,2022-12-01,351175.0,,301885.0,,,49290.0,5141.0
Belgium,10251.0,2023-01-01,331079.0,,280249.0,,,50830.0,1541.0
Belgium,10251.0,2023-02-01,330890.0,6216.0,272582.0,-1262.0,-5666.0,58308.0,7478.0
Belgium,10251.0,2023-03-01,337013.0,427.0,274677.0,-3602.0,2860.0,62337.0,4029.0
Belgium,10251.0,2023-04-01,336580.0,8316.0,260589.0,-5338.0,-534.0,75991.0,13654.0
Belgium,10251.0,2023-05-01,335567.0,-9808.0,263806.0,-5577.0,-2434.0,71760.0,-4231.0
Belgium,10251.0,2023-06-01,331787.0,8945.0,260337.0,9255.0,-5199.0,71451.0,-310.0
Belgium,10251.0,2023-07-01,318740.0,-14432.0,257873.0,-3848.0,-2879.0,60866.0,-10584.0
Belgium,10251.0,2023-08-01,316726.0,-2464.0,255413.0,-2910.0,-3830.0,61312.0,446.0
Belgium,10251.0,2023-09-01,317070.0,8516.0,249973.0,2731.0,-5704.0,67097.0,5785.0
Belgium,10251.0,2023-10-01,285446.0,-22108.0,226425.0,-14032.0,-1890.0,59021.0,-8076.0
Belgium,10251.0,2023-11-01,296506.0,1560.0,233035.0,-2889.0,3168.0,63470.0,4449.0
Belgium,10251.0,2023-12-01,314417.0,-3285.0,251861.0,-2371.0,4631.0,62556.0,-914.0
Belgium,10251.0,2024-01-01,293089.0,-16591.0,234142.0,-12983.0,-390.0,58948.0,-3608.0
Belgium,10251.0,2024-02-01,320069.0,-1203.0,261591.0,-733.0,-2586.0,58478.0,-470.0
Belgium,10251.0,2024-03-01,317173.0,-13580.0,263968.0,-8308.0,818.0,53205.0,-5273.0
Belgium,10251.0,2024-04-01,312479.0,-2069.0,260021.0,-1321.0,-5257.0,52457.0,-748.0
Belgium,10251.0,2024-05-01,313067.0,353.0,260266.0,9.0,-62.0,52802.0,344.0
Belgium,10251.0,2024-06-01,318033.0,-1458.0,266360.0,-329.0,157.0,51673.0,-1129.0
Belgium,10251.0,2024-07-01,315941.0,-10705.0,263352.0,-11622.0,3235.0,52590.0,917.0
Belgium,10251.0,2024-08-01,325024.0,7047.0,270558.0,5171.0,1001.0,54466.0,1876.0
Belgium,10251.0,2024-09-01,366636.0,32397.0,299997.0,20224.0,1828.0,66639.0,12173.0
Belgium,10251.0,2024-10-01,349657.0,-15016.0,289402.0,-8632.0,-5768.0,60255.0,-6384.0
Belgium,10251.0,2024-11-01,361308.0,4286.0,300565.0,3798.0,1339.0,60743.0,488.0
Belgium,10251.0,2024-12-01,374614.0,15398.0,305371.0,6899.0,-4690.0,69242.0,8499.0
Belgium,10251.0,2025-01-01,377699.0,-13822.0,315775.0,-6503.0,1573.0,61924.0,-7318.0
Belgium,10251.0,2025-02-01,394685.0,-829.0,333329.0,-261.0,5383.0,61356.0,-568.0
Belgium,10251.0,2025-03-01,402097.0,2792.0,339235.0,1285.0,1003.0,62863.0,1507.0
Belgium,10251.0,2025-04-01,411049.0,-17500.0,350210.0,-15476.0,1454.0,60839.0,-2024.0
Belgium,10251.0,2025-05-01,415486.0,3787.0,350826.0,-34.0,-3199.0,64659.0,3821.0
Belgium,10251.0,2025-06-01,430288.0,14866.0,349387.0,-1376.0,1654.0,80901.0,16241.0
Belgium,10251.0,2025-07-01,425383.0,-12165.0,353337.0,-3310.0,-1966.0,72046.0,-8854.0
Belgium,10251.0,2025-08-01,451093.0,670.0,378105.0,-272.0,1238.0,72988.0,942.0
Belgium,10251.0,2025-09-01,463587.0,18192.0,379502.0,7095.0,2154.0,84085.0,11097.0
Belgium,10251.0,2025-10-01,465502.0,-24870.0,391803.0,-14485.0,367.0,73699.0,-10386.0
Belgium,10251.0,2025-11-01,481026.0,18347.0,399089.0,10110.0,-713.0,81936.0,8237.0
Belgium,10251.0,2025-12-01,477289.0,8768.0,393183.0,6598.0,-1405.0,84106.0,2169.0
Belgium,10251.0,2026-01-01,450985.0,-16753.0,377397.0,-6235.0,-3410.0,73588.0,-10518.0
Belgium,10251.0,2026-02-01,454700.0,-10702.0,385051.0,-6763.0,3042.0,69649.0,-3939.0
Belgium,10251.0,2026-03-01,454026.0,9433.0,379996.0,5052.0,-801.0,74030.0,4381.0
Belgium,10251.0,2026-04-01,459890.0,-8746.0,382579.0,-12027.0,-922.0,77311.0,3281.0
Belgium,10251.0,2026-05-01,472030.0,3965.0,390155.0,-599.0,2148.0,81875.0,4564.0
Bermuda,35602.0,2020-01-01,64820.0,,43470.0,,,21350.0,-560.0
Bermuda,35602.0,2020-02-01,65874.0,,43884.0,,,21990.0,640.0
Bermuda,35602.0,2020-03-01,64223.0,,39404.0,,,24819.0,2829.0
Bermuda,35602.0,2020-04-01,65207.0,,37519.0,,,27688.0,2869.0
Bermuda,35602.0,2020-05-01,63854.0,,35459.0,,,28395.0,707.0
Bermuda,35602.0,2020-06-01,70867.0,,39201.0,,,31666.0,3271.0
Bermuda,35602.0,2020-07-01,71055.0,,39379.0,,,31676.0,10.0
Bermuda,35602.0,2020-08-01,74195.0,,38298.0,,,35897.0,4221.0
Bermuda,35602.0,2020-09-01,76139.0,,36702.0,,,39437.0,3540.0
Bermuda,35602.0,2020-10-01,73888.0,,35787.0,,,38101.0,-1336.0
Bermuda,35602.0,2020-11-01,74047.0,,35119.0,,,38928.0,827.0
Bermuda,35602.0,2020-12-01,72594.0,,34752.0,,,37842.0,-1086.0
Bermuda,35602.0,2021-01-01,68163.0,,33828.0,,,34335.0,-3507.0
Bermuda,35602.0,2021-02-01,67111.0,,32783.0,,,34328.0,-7.0
Bermuda,35602.0,2021-03-01,66280.0,,33238.0,,,33042.0,-1286.0
Bermuda,35602.0,2021-04-01,67142.0,,34070.0,,,33072.0,30.0
Bermuda,35602.0,2021-05-01,66250.0,,34373.0,,,31877.0,-1195.0
Bermuda,35602.0,2021-06-01,68004.0,,35380.0,,,32624.0,747.0
Bermuda,35602.0,2021-07-01,68138.0,,36130.0,,,32008.0,-616.0
Bermuda,35602.0,2021-08-01,70205.0,,36895.0,,,33310.0,1302.0
Bermuda,35602.0,2021-09-01,72278.0,,37750.0,,,34528.0,1218.0
Bermuda,35602.0,2021-10-01,70931.0,,36989.0,,,33942.0,-586.0
Bermuda,35602.0,2021-11-01,73200.0,,38044.0,,,35156.0,1214.0
Bermuda,35602.0,2021-12-01,72254.0,,38635.0,,,33619.0,-1537.0
Bermuda,35602.0,2022-01-01,69680.0,,38523.0,,,31157.0,-2462.0
Bermuda,35602.0,2022-02-01,71176.0,,38283.0,,,32893.0,1736.0
Bermuda,35602.0,2022-03-01,72952.0,,37433.0,,,35519.0,2626.0
Bermuda,35602.0,2022-04-01,75202.0,,38550.0,,,36652.0,1133.0
Bermuda,35602.0,2022-05-01,77431.0,,40534.0,,,36897.0,245.0
Bermuda,35602.0,2022-06-01,79517.0,,41333.0,,,38184.0,1287.0
Bermuda,35602.0,2022-07-01,82338.0,,41591.0,,,40747.0,2563.0
Bermuda,35602.0,2022-08-01,82713.0,,42176.0,,,40537.0,-210.0
Bermuda,35602.0,2022-09-01,82602.0,,39274.0,,,43328.0,2791.0
Bermuda,35602.0,2022-10-01,83640.0,,38040.0,,,45600.0,2272.0
Bermuda,35602.0,2022-11-01,83649.0,,40506.0,,,43143.0,-2457.0
Bermuda,35602.0,2022-12-01,81556.0,,41162.0,,,40394.0,-2749.0
Bermuda,35602.0,2023-01-01,77445.0,,42215.0,,,35230.0,-5164.0
Bermuda,35602.0,2023-02-01,77826.0,808.0,41398.0,-390.0,-549.0,36428.0,1198.0
Bermuda,35602.0,2023-03-01,79129.0,1470.0,41587.0,356.0,956.0,37542.0,1114.0
Bermuda,35602.0,2023-04-01,75084.0,-4408.0,42445.0,495.0,223.0,32639.0,-4903.0
Bermuda,35602.0,2023-05-01,73020.0,-1721.0,42431.0,329.0,-449.0,30589.0,-2050.0
Bermuda,35602.0,2023-06-01,84542.0,11391.0,42607.0,45.0,-194.0,41935.0,11346.0
Bermuda,35602.0,2023-07-01,86997.0,3061.0,44247.0,2246.0,-367.0,42750.0,815.0
Bermuda,35602.0,2023-08-01,87820.0,902.0,44737.0,569.0,80.0,43083.0,333.0
Bermuda,35602.0,2023-09-01,88671.0,2134.0,44132.0,678.0,-855.0,44539.0,1456.0
Bermuda,35602.0,2023-10-01,89149.0,634.0,42485.0,-1491.0,-186.0,46664.0,2125.0
Bermuda,35602.0,2023-11-01,89206.0,-778.0,45194.0,1874.0,814.0,44012.0,-2652.0
Bermuda,35602.0,2023-12-01,90616.0,-1234.0,49628.0,1790.0,893.0,40988.0,-3024.0
Bermuda,35602.0,2024-01-01,86762.0,-3817.0,48041.0,-1550.0,318.0,38721.0,-2267.0
Bermuda,35602.0,2024-02-01,87071.0,299.0,47225.0,-826.0,-212.0,39846.0,1125.0
Bermuda,35602.0,2024-03-01,90346.0,2854.0,50613.0,2967.0,623.0,39733.0,-113.0
Bermuda,35602.0,2024-04-01,86897.0,-1475.0,47091.0,-1548.0,-1310.0,39806.0,73.0
Bermuda,35602.0,2024-05-01,87635.0,145.0,47841.0,157.0,158.0,39794.0,-12.0
Bermuda,35602.0,2024-06-01,89040.0,1268.0,48226.0,248.0,204.0,40814.0,1020.0
Bermuda,35602.0,2024-07-01,90982.0,1776.0,49115.0,723.0,309.0,41867.0,1053.0
Bermuda,35602.0,2024-08-01,91925.0,85.0,50835.0,862.0,583.0,41090.0,-777.0
Bermuda,35602.0,2024-09-01,92307.0,-707.0,52134.0,210.0,976.0,40173.0,-917.0
Bermuda,35602.0,2024-10-01,90916.0,-1031.0,51355.0,-419.0,-507.0,39561.0,-612.0
Bermuda,35602.0,2024-11-01,91589.0,1171.0,50830.0,-27.0,-488.0,40759.0,1198.0
Bermuda,35602.0,2024-12-01,90123.0,-1629.0,49457.0,-1536.0,-529.0,40666.0,-93.0
Bermuda,35602.0,2025-01-01,88863.0,-1197.0,49175.0,-219.0,31.0,39688.0,-978.0
Bermuda,35602.0,2025-02-01,92465.0,2436.0,52576.0,2235.0,789.0,39889.0,201.0
Bermuda,35602.0,2025-03-01,95829.0,4238.0,52895.0,1193.0,-41.0,42934.0,3045.0
Bermuda,35602.0,2025-04-01,97717.0,1722.0,52680.0,-381.0,306.0,45037.0,2103.0
Bermuda,35602.0,2025-05-01,94270.0,-2576.0,51576.0,-233.0,-633.0,42694.0,-2343.0
Bermuda,35602.0,2025-06-01,96137.0,1234.0,52886.0,677.0,441.0,43251.0,557.0
Bermuda,35602.0,2025-07-01,97328.0,1746.0,54437.0,2106.0,-326.0,42891.0,-360.0
Bermuda,35602.0,2025-08-01,98893.0,774.0,56260.0,1032.0,322.0,42633.0,-258.0
Bermuda,35602.0,2025-09-01,103382.0,3294.0,58985.0,1530.0,151.0,44397.0,1764.0
Bermuda,35602.0,2025-10-01,105794.0,2239.0,59299.0,141.0,206.0,46495.0,2098.0
Bermuda,35602.0,2025-11-01,104532.0,-1141.0,58519.0,-659.0,163.0,46013.0,-482.0
Bermuda,35602.0,2025-12-01,101379.0,-3040.0,60931.0,2525.0,-292.0,40448.0,-5565.0
Bermuda,35602.0,2026-01-01,100574.0,-824.0,60938.0,-12.0,12.0,39636.0,-812.0
Bermuda,35602.0,2026-02-01,104168.0,3623.0,61286.0,377.0,600.0,42882.0,3246.0
Bermuda,35602.0,2026-03-01,106184.0,-501.0,63357.0,-446.0,-863.0,42827.0,-55.0
Bermuda,35602.0,2026-04-01,104111.0,-1570.0,62315.0,-539.0,-337.0,41796.0,-1031.0
Bermuda,35602.0,2026-05-01,106718.0,2703.0,63951.0,1732.0,112.0,42767.0,971.0
Brazil,30309.0,2020-01-01,283299.0,,279167.0,,,4132.0,-106.0
Brazil,30309.0,2020-02-01,285909.0,,280944.0,,,4965.0,833.0
Brazil,30309.0,2020-03-01,264384.0,,262663.0,,,1721.0,-3244.0
Brazil,30309.0,2020-04-01,259525.0,,255080.0,,,4445.0,2724.0
Brazil,30309.0,2020-05-01,264350.0,,255143.0,,,9207.0,4762.0
Brazil,30309.0,2020-06-01,264064.0,,248341.0,,,15723.0,6516.0
Brazil,30309.0,2020-07-01,265675.0,,251229.0,,,14446.0,-1277.0
Brazil,30309.0,2020-08-01,265020.0,,250524.0,,,14496.0,50.0
Brazil,30309.0,2020-09-01,265114.0,,251759.0,,,13355.0,-1141.0
Brazil,30309.0,2020-10-01,262877.0,,250431.0,,,12446.0,-909.0
Brazil,30309.0,2020-11-01,262208.0,,255102.0,,,7106.0,-5340.0
Brazil,30309.0,2020-12-01,258347.0,,255158.0,,,3189.0,-3917.0
Brazil,30309.0,2021-01-01,260430.0,,258193.0,,,2237.0,-952.0
Brazil,30309.0,2021-02-01,259037.0,,255735.0,,,3302.0,1065.0
Brazil,30309.0,2021-03-01,255462.0,,253932.0,,,1530.0,-1772.0
Brazil,30309.0,2021-04-01,255276.0,,253014.0,,,2262.0,732.0
Brazil,30309.0,2021-05-01,251819.0,,250441.0,,,1378.0,-884.0
Brazil,30309.0,2021-06-01,249051.0,,248445.0,,,606.0,-772.0
Brazil,30309.0,2021-07-01,248541.0,,247902.0,,,639.0,33.0
Brazil,30309.0,2021-08-01,248929.0,,248288.0,,,641.0,2.0
Brazil,30309.0,2021-09-01,248959.0,,248313.0,,,646.0,5.0
Brazil,30309.0,2021-10-01,247665.0,,247041.0,,,624.0,-22.0
Brazil,30309.0,2021-11-01,244862.0,,244289.0,,,573.0,-51.0
Brazil,30309.0,2021-12-01,240551.0,,239989.0,,,562.0,-11.0
Brazil,30309.0,2022-01-01,236059.0,,235230.0,,,829.0,267.0
Brazil,30309.0,2022-02-01,237397.0,,236017.0,,,1380.0,551.0
Brazil,30309.0,2022-03-01,233279.0,,232374.0,,,905.0,-475.0
Brazil,30309.0,2022-04-01,229202.0,,228307.0,,,895.0,-10.0
Brazil,30309.0,2022-05-01,228373.0,,227599.0,,,774.0,-121.0
Brazil,30309.0,2022-06-01,226114.0,,225343.0,,,771.0,-3.0
Brazil,30309.0,2022-07-01,232853.0,,232068.0,,,785.0,14.0
Brazil,30309.0,2022-08-01,227324.0,,226785.0,,,539.0,-246.0
Brazil,30309.0,2022-09-01,221766.0,,221166.0,,,600.0,61.0
Brazil,30309.0,2022-10-01,220087.0,,219238.0,,,849.0,249.0
Brazil,30309.0,2022-11-01,225859.0,,224891.0,,,968.0,119.0
Brazil,30309.0,2022-12-01,217414.0,,216212.0,,,1202.0,234.0
Brazil,30309.0,2023-01-01,213976.0,,212138.0,,,1838.0,636.0
Brazil,30309.0,2023-02-01,215178.0,4505.0,212233.0,3398.0,-2974.0,2945.0,1107.0
Brazil,30309.0,2023-03-01,224437.0,4675.0,220434.0,3617.0,4442.0,4003.0,1058.0
Brazil,30309.0,2023-04-01,229771.0,5055.0,225342.0,4629.0,399.0,4429.0,426.0
Brazil,30309.0,2023-05-01,230017.0,2208.0,225890.0,2510.0,-1976.0,4127.0,-302.0
Brazil,30309.0,2023-06-01,227470.0,-798.0,222729.0,-1412.0,-1944.0,4741.0,614.0
Brazil,30309.0,2023-07-01,224730.0,-2869.0,219694.0,-3164.0,81.0,5036.0,295.0
Brazil,30309.0,2023-08-01,223177.0,-1081.0,218756.0,-466.0,-286.0,4421.0,-615.0
Brazil,30309.0,2023-09-01,222998.0,2680.0,217858.0,1961.0,-1925.0,5140.0,719.0
Brazil,30309.0,2023-10-01,219435.0,-2787.0,213329.0,-3753.0,-823.0,6106.0,966.0
Brazil,30309.0,2023-11-01,224866.0,1456.0,215807.0,-1497.0,3554.0,9059.0,2953.0
Brazil,30309.0,2023-12-01,230291.0,2226.0,221588.0,2582.0,3436.0,8703.0,-356.0
Brazil,30309.0,2024-01-01,226803.0,-2997.0,218259.0,-2838.0,469.0,8544.0,-159.0
Brazil,30309.0,2024-02-01,225588.0,1163.0,217549.0,1668.0,-2099.0,8039.0,-505.0
Brazil,30309.0,2024-03-01,227121.0,809.0,219862.0,1589.0,493.0,7259.0,-780.0
Brazil,30309.0,2024-04-01,223639.0,-477.0,215668.0,-1189.0,-2769.0,7971.0,712.0
Brazil,30309.0,2024-05-01,223211.0,-2297.0,218912.0,1375.0,1684.0,4299.0,-3672.0
Brazil,30309.0,2024-06-01,226999.0,2577.0,223851.0,3728.0,1195.0,3148.0,-1151.0
Brazil,30309.0,2024-07-01,229137.0,-863.0,226049.0,-803.0,3004.0,3088.0,-60.0
Brazil,30309.0,2024-08-01,233308.0,2483.0,230684.0,2947.0,1726.0,2624.0,-464.0
Brazil,30309.0,2024-09-01,234555.0,-239.0,231939.0,-231.0,1560.0,2616.0,-8.0
Brazil,30309.0,2024-10-01,228845.0,-1990.0,227814.0,-405.0,-3489.0,1031.0,-1585.0
Brazil,30309.0,2024-11-01,228980.0,-963.0,227669.0,-1243.0,873.0,1311.0,280.0
Brazil,30309.0,2024-12-01,201637.0,-26626.0,200720.0,-26232.0,-551.0,917.0,-394.0
Brazil,30309.0,2025-01-01,199441.0,-2871.0,198181.0,-3214.0,662.0,1260.0,343.0
Brazil,30309.0,2025-02-01,207252.0,5557.0,202283.0,1848.0,2264.0,4969.0,3709.0
Brazil,30309.0,2025-03-01,208399.0,872.0,202976.0,418.0,424.0,5423.0,454.0
Brazil,30309.0,2025-04-01,212052.0,2335.0,206509.0,2215.0,1371.0,5543.0,120.0
Brazil,30309.0,2025-05-01,212049.0,1408.0,208327.0,3229.0,-1348.0,3722.0,-1821.0
Brazil,30309.0,2025-06-01,215438.0,1915.0,211446.0,1645.0,1292.0,3992.0,270.0
Brazil,30309.0,2025-07-01,201791.0,-12718.0,198623.0,-11894.0,-791.0,3168.0,-824.0
Brazil,30309.0,2025-08-01,184619.0,-18487.0,183112.0,-16826.0,1200.0,1507.0,-1661.0
Brazil,30309.0,2025-09-01,172772.0,-12042.0,171487.0,-11820.0,251.0,1285.0,-222.0
Brazil,30309.0,2025-10-01,167800.0,-5322.0,166325.0,-5512.0,466.0,1475.0,190.0
Brazil,30309.0,2025-11-01,168186.0,-290.0,166424.0,-577.0,699.0,1762.0,287.0
Brazil,30309.0,2025-12-01,168700.0,794.0,167019.0,875.0,-494.0,1681.0,-81.0
Brazil,30309.0,2026-01-01,168035.0,-900.0,166728.0,-526.0,254.0,1307.0,-374.0
Brazil,30309.0,2026-02-01,170555.0,1025.0,169149.0,926.0,1426.0,1406.0,99.0
Brazil,30309.0,2026-03-01,168020.0,-441.0,166691.0,-364.0,-1957.0,1329.0,-77.0
Brazil,30309.0,2026-04-01,168620.0,524.0,167629.0,862.0,-170.0,991.0,-338.0
Brazil,30309.0,2026-05-01,168945.0,891.0,167725.0,662.0,-590.0,1220.0,229.0
British Virgin Islands,35807.0,2020-01-01,39891.0,,31939.0,,,7952.0,1191.0
British Virgin Islands,35807.0,2020-02-01,40705.0,,32909.0,,,7796.0,-156.0
British Virgin Islands,35807.0,2020-03-01,39968.0,,32294.0,,,7674.0,-122.0
British Virgin Islands,35807.0,2020-04-01,38628.0,,32008.0,,,6620.0,-1054.0
British Virgin Islands,35807.0,2020-05-01,40231.0,,32153.0,,,8078.0,1458.0
British Virgin Islands,35807.0,2020-06-01,37838.0,,30680.0,,,7158.0,-920.0
British Virgin Islands,35807.0,2020-07-01,37821.0,,30767.0,,,7054.0,-104.0
British Virgin Islands,35807.0,2020-08-01,38202.0,,31287.0,,,6915.0,-139.0
British Virgin Islands,35807.0,2020-09-01,37159.0,,30741.0,,,6418.0,-497.0
British Virgin Islands,35807.0,2020-10-01,36898.0,,30298.0,,,6600.0,182.0
British Virgin Islands,35807.0,2020-11-01,35188.0,,29333.0,,,5855.0,-745.0
British Virgin Islands,35807.0,2020-12-01,34621.0,,29325.0,,,5296.0,-559.0
British Virgin Islands,35807.0,2021-01-01,34171.0,,29447.0,,,4724.0,-572.0
British Virgin Islands,35807.0,2021-02-01,35088.0,,29755.0,,,5333.0,609.0
British Virgin Islands,35807.0,2021-03-01,35215.0,,30035.0,,,5180.0,-153.0
British Virgin Islands,35807.0,2021-04-01,34381.0,,29771.0,,,4610.0,-570.0
British Virgin Islands,35807.0,2021-05-01,35589.0,,30780.0,,,4809.0,199.0
British Virgin Islands,35807.0,2021-06-01,35822.0,,30591.0,,,5231.0,422.0
British Virgin Islands,35807.0,2021-07-01,36827.0,,31970.0,,,4857.0,-374.0
British Virgin Islands,35807.0,2021-08-01,36746.0,,32156.0,,,4590.0,-267.0
British Virgin Islands,35807.0,2021-09-01,36541.0,,32077.0,,,4464.0,-126.0
British Virgin Islands,35807.0,2021-10-01,37420.0,,32523.0,,,4897.0,433.0
British Virgin Islands,35807.0,2021-11-01,36913.0,,31963.0,,,4950.0,53.0
British Virgin Islands,35807.0,2021-12-01,36526.0,,31703.0,,,4823.0,-127.0
British Virgin Islands,35807.0,2022-01-01,37489.0,,31500.0,,,5989.0,1166.0
British Virgin Islands,35807.0,2022-02-01,36903.0,,30631.0,,,6272.0,283.0
British Virgin Islands,35807.0,2022-03-01,35217.0,,27816.0,,,7401.0,1129.0
British Virgin Islands,35807.0,2022-04-01,38770.0,,31138.0,,,7632.0,231.0
British Virgin Islands,35807.0,2022-05-01,38492.0,,31588.0,,,6904.0,-728.0
British Virgin Islands,35807.0,2022-06-01,41312.0,,33527.0,,,7785.0,881.0
British Virgin Islands,35807.0,2022-07-01,43629.0,,34574.0,,,9055.0,1270.0
British Virgin Islands,35807.0,2022-08-01,44382.0,,33602.0,,,10780.0,1725.0
British Virgin Islands,35807.0,2022-09-01,47784.0,,34284.0,,,13500.0,2720.0
British Virgin Islands,35807.0,2022-10-01,50495.0,,34372.0,,,16123.0,2623.0
British Virgin Islands,35807.0,2022-11-01,50321.0,,33955.0,,,16366.0,243.0
British Virgin Islands,35807.0,2022-12-01,48101.0,,32882.0,,,15219.0,-1147.0
British Virgin Islands,35807.0,2023-01-01,44857.0,,30266.0,,,14591.0,-628.0
British Virgin Islands,35807.0,2023-02-01,49777.0,5092.0,32689.0,2595.0,-50.0,17088.0,2497.0
British Virgin Islands,35807.0,2023-03-01,55995.0,6095.0,34194.0,1382.0,418.0,21801.0,4713.0
British Virgin Islands,35807.0,2023-04-01,56746.0,402.0,34746.0,203.0,49.0,22000.0,199.0
British Virgin Islands,35807.0,2023-05-01,55414.0,-280.0,33902.0,208.0,-388.0,21512.0,-488.0
British Virgin Islands,35807.0,2023-06-01,57033.0,1458.0,35105.0,1042.0,-2.0,21928.0,416.0
British Virgin Islands,35807.0,2023-07-01,56775.0,-772.0,34536.0,-1083.0,384.0,22239.0,311.0
British Virgin Islands,35807.0,2023-08-01,57406.0,305.0,34827.0,-35.0,249.0,22579.0,340.0
British Virgin Islands,35807.0,2023-09-01,57950.0,1295.0,36539.0,2463.0,-186.0,21411.0,-1168.0
British Virgin Islands,35807.0,2023-10-01,59245.0,1461.0,37089.0,716.0,-95.0,22156.0,745.0
British Virgin Islands,35807.0,2023-11-01,59855.0,570.0,38026.0,897.0,584.0,21829.0,-327.0
British Virgin Islands,35807.0,2023-12-01,58999.0,-1370.0,38734.0,194.0,602.0,20265.0,-1564.0
British Virgin Islands,35807.0,2024-01-01,57674.0,-2254.0,39674.0,11.0,-171.0,18000.0,-2265.0
British Virgin Islands,35807.0,2024-02-01,58020.0,969.0,37956.0,-1095.0,-264.0,20064.0,2064.0
British Virgin Islands,35807.0,2024-03-01,58411.0,365.0,38101.0,119.0,522.0,20310.0,246.0
British Virgin Islands,35807.0,2024-04-01,60918.0,2863.0,39593.0,1848.0,-451.0,21325.0,1015.0
British Virgin Islands,35807.0,2024-05-01,59489.0,-1678.0,38132.0,-1710.0,283.0,21357.0,32.0
British Virgin Islands,35807.0,2024-06-01,109281.0,50031.0,38418.0,525.0,152.0,70863.0,49506.0
British Virgin Islands,35807.0,2024-07-01,106925.0,-2135.0,39857.0,1660.0,342.0,67068.0,-3795.0
British Virgin Islands,35807.0,2024-08-01,110838.0,3957.0,39751.0,-62.0,183.0,71087.0,4019.0
British Virgin Islands,35807.0,2024-09-01,117851.0,41.0,49368.0,2645.0,213.0,68483.0,-2604.0
British Virgin Islands,35807.0,2024-10-01,119566.0,2231.0,48850.0,-2.0,-658.0,70716.0,2233.0
British Virgin Islands,35807.0,2024-11-01,120150.0,327.0,50119.0,1012.0,234.0,70031.0,-685.0
British Virgin Islands,35807.0,2024-12-01,125723.0,4783.0,49887.0,-1022.0,-646.0,75836.0,5805.0
British Virgin Islands,35807.0,2025-01-01,129807.0,4647.0,51135.0,1811.0,459.0,78672.0,2836.0
British Virgin Islands,35807.0,2025-02-01,153208.0,24462.0,52586.0,2512.0,539.0,100622.0,21950.0
British Virgin Islands,35807.0,2025-03-01,74910.0,-78183.0,55216.0,2745.0,83.0,19694.0,-80928.0
British Virgin Islands,35807.0,2025-04-01,77312.0,2695.0,56380.0,1457.0,250.0,20932.0,1238.0
British Virgin Islands,35807.0,2025-05-01,75851.0,1665.0,55162.0,1908.0,-1751.0,20689.0,-243.0
British Virgin Islands,35807.0,2025-06-01,78465.0,2793.0,55997.0,1014.0,363.0,22468.0,1779.0
British Virgin Islands,35807.0,2025-07-01,76990.0,-917.0,55783.0,344.0,-334.0,21207.0,-1261.0
British Virgin Islands,35807.0,2025-08-01,77299.0,1668.0,54495.0,71.0,214.0,22804.0,1597.0
British Virgin Islands,35807.0,2025-09-01,80708.0,4846.0,58253.0,5195.0,-72.0,22455.0,-349.0
British Virgin Islands,35807.0,2025-10-01,81928.0,1282.0,60245.0,2054.0,-12.0,21683.0,-772.0
British Virgin Islands,35807.0,2025-11-01,81561.0,913.0,60739.0,1774.0,154.0,20822.0,-861.0
British Virgin Islands,35807.0,2025-12-01,81430.0,820.0,60255.0,467.0,-199.0,21175.0,353.0
British Virgin Islands,35807.0,2026-01-01,80952.0,-155.0,59560.0,-372.0,-148.0,21392.0,217.0
British Virgin Islands,35807.0,2026-02-01,80026.0,-902.0,59839.0,303.0,203.0,20187.0,-1205.0
British Virgin Islands,35807.0,2026-03-01,85186.0,9162.0,64479.0,8642.0,-681.0,20707.0,520.0
British Virgin Islands,35807.0,2026-04-01,86790.0,2434.0,65902.0,2253.0,-329.0,20888.0,181.0
British Virgin Islands,35807.0,2026-05-01,87563.0,737.0,65719.0,-219.0,-148.0,21844.0,956.0
Canada,29998.0,2020-01-01,157929.0,,138611.0,,,19318.0,1336.0
Canada,29998.0,2020-02-01,148298.0,,127044.0,,,21254.0,1936.0
Canada,29998.0,2020-03-01,131519.0,,111687.0,,,19832.0,-1422.0
Canada,29998.0,2020-04-01,136260.0,,112875.0,,,23385.0,3553.0
Canada,29998.0,2020-05-01,129904.0,,104892.0,,,25012.0,1627.0
Canada,29998.0,2020-06-01,127612.0,,101763.0,,,25849.0,837.0
Canada,29998.0,2020-07-01,133892.0,,109104.0,,,24788.0,-1061.0
Canada,29998.0,2020-08-01,131055.0,,105759.0,,,25296.0,508.0
Canada,29998.0,2020-09-01,127984.0,,104712.0,,,23272.0,-2024.0
Canada,29998.0,2020-10-01,131335.0,,110222.0,,,21113.0,-2159.0
Canada,29998.0,2020-11-01,127439.0,,102730.0,,,24709.0,3596.0
Canada,29998.0,2020-12-01,119907.0,,94852.0,,,25055.0,346.0
Canada,29998.0,2021-01-01,126638.0,,101115.0,,,25523.0,468.0
Canada,29998.0,2021-02-01,112665.0,,90818.0,,,21847.0,-3676.0
Canada,29998.0,2021-03-01,106010.0,,85273.0,,,20737.0,-1110.0
Canada,29998.0,2021-04-01,116069.0,,95542.0,,,20527.0,-210.0
Canada,29998.0,2021-05-01,121071.0,,100537.0,,,20534.0,7.0
Canada,29998.0,2021-06-01,167790.0,,150036.0,,,17754.0,-2780.0
Canada,29998.0,2021-07-01,167043.0,,149037.0,,,18006.0,252.0
Canada,29998.0,2021-08-01,169194.0,,151653.0,,,17541.0,-465.0
Canada,29998.0,2021-09-01,167110.0,,148981.0,,,18129.0,588.0
Canada,29998.0,2021-10-01,200283.0,,178913.0,,,21370.0,3241.0
Canada,29998.0,2021-11-01,195073.0,,175714.0,,,19359.0,-2011.0
Canada,29998.0,2021-12-01,219677.0,,201482.0,,,18195.0,-1164.0
Canada,29998.0,2022-01-01,217589.0,,196055.0,,,21534.0,3339.0
Canada,29998.0,2022-02-01,224115.0,,193679.0,,,30436.0,8902.0
Canada,29998.0,2022-03-01,236549.0,,214591.0,,,21958.0,-8478.0
Canada,29998.0,2022-04-01,234650.0,,212565.0,,,22085.0,127.0
Canada,29998.0,2022-05-01,225459.0,,211054.0,,,14405.0,-7680.0
Canada,29998.0,2022-06-01,206186.0,,189840.0,,,16346.0,1941.0
Canada,29998.0,2022-07-01,227947.0,,208738.0,,,19209.0,2863.0
Canada,29998.0,2022-08-01,228223.0,,209484.0,,,18739.0,-470.0
Canada,29998.0,2022-09-01,199922.0,,180966.0,,,18956.0,217.0
Canada,29998.0,2022-10-01,218187.0,,194738.0,,,23449.0,4493.0
Canada,29998.0,2022-11-01,228760.0,,204546.0,,,24214.0,765.0
Canada,29998.0,2022-12-01,215054.0,,192585.0,,,22469.0,-1745.0
Canada,29998.0,2023-01-01,254095.0,,228538.0,,,25557.0,3088.0
Canada,29998.0,2023-02-01,235308.0,-4076.0,209829.0,-3998.0,-4849.0,25479.0,-78.0
Canada,29998.0,2023-03-01,245299.0,3504.0,222744.0,6428.0,4797.0,22555.0,-2924.0
Canada,29998.0,2023-04-01,247080.0,1166.0,225971.0,2612.0,1662.0,21109.0,-1446.0
Canada,29998.0,2023-05-01,265888.0,33278.0,242538.0,31037.0,-1764.0,23350.0,2241.0
Canada,29998.0,2023-06-01,275555.0,6490.0,249327.0,3612.0,-2594.0,26228.0,2878.0
Canada,29998.0,2023-07-01,293901.0,7678.0,257378.0,-2617.0,3051.0,36523.0,10295.0
Canada,29998.0,2023-08-01,295094.0,-814.0,259835.0,450.0,-2217.0,35259.0,-1264.0
Canada,29998.0,2023-09-01,280536.0,-13931.0,241687.0,-17521.0,-6877.0,38849.0,3590.0
Canada,29998.0,2023-10-01,281530.0,-8384.0,245146.0,-5919.0,-1766.0,36384.0,-2465.0
Canada,29998.0,2023-11-01,321152.0,45022.0,285703.0,45957.0,6868.0,35449.0,-935.0
Canada,29998.0,2023-12-01,348460.0,-955.0,318529.0,4563.0,3815.0,29931.0,-5518.0
Canada,29998.0,2024-01-01,351337.0,9936.0,310083.0,-1387.0,-253.0,41254.0,11323.0
Canada,29998.0,2024-02-01,365342.0,17624.0,334071.0,27607.0,-1974.0,31271.0,-9983.0
Canada,29998.0,2024-03-01,369357.0,1819.0,336868.0,601.0,2928.0,32489.0,1218.0
Canada,29998.0,2024-04-01,341552.0,-21347.0,309018.0,-21392.0,-4428.0,32534.0,45.0
Canada,29998.0,2024-05-01,356312.0,10013.0,320527.0,6762.0,1626.0,35785.0,3251.0
Canada,29998.0,2024-06-01,372539.0,16328.0,338924.0,18498.0,3081.0,33615.0,-2170.0
Canada,29998.0,2024-07-01,375322.0,5190.0,343876.0,7359.0,-745.0,31446.0,-2169.0
Canada,29998.0,2024-08-01,362881.0,-13699.0,331059.0,-14075.0,3217.0,31822.0,376.0
Canada,29998.0,2024-09-01,367910.0,370.0,338848.0,3130.0,1302.0,29062.0,-2760.0
Canada,29998.0,2024-10-01,363665.0,5463.0,333279.0,4139.0,-2234.0,30386.0,1324.0
Canada,29998.0,2024-11-01,372377.0,-2048.0,338961.0,-5078.0,3371.0,33416.0,3030.0
Canada,29998.0,2024-12-01,378756.0,15068.0,347106.0,16834.0,-12399.0,31650.0,-1766.0
Canada,29998.0,2025-01-01,350815.0,-30126.0,319219.0,-30072.0,1933.0,31596.0,-54.0
Canada,29998.0,2025-02-01,406388.0,48211.0,373097.0,46516.0,7285.0,33291.0,1695.0
Canada,29998.0,2025-03-01,426340.0,19141.0,389917.0,16009.0,855.0,36423.0,3132.0
Canada,29998.0,2025-04-01,368469.0,-58901.0,333237.0,-57710.0,-201.0,35232.0,-1191.0
Canada,29998.0,2025-05-01,430113.0,63940.0,396807.0,65866.0,-6314.0,33306.0,-1926.0
Canada,29998.0,2025-06-01,438890.0,1463.0,405394.0,1273.0,3906.0,33496.0,190.0
Canada,29998.0,2025-07-01,381767.0,-53201.0,350456.0,-51016.0,-2406.0,31311.0,-2185.0
Canada,29998.0,2025-08-01,443990.0,58666.0,412288.0,58275.0,-940.0,31702.0,391.0
Canada,29998.0,2025-09-01,476080.0,30008.0,441269.0,26899.0,3873.0,34811.0,3109.0
Canada,29998.0,2025-10-01,419033.0,-58217.0,379876.0,-62563.0,1594.0,39157.0,4346.0
Canada,29998.0,2025-11-01,472446.0,53773.0,432541.0,53025.0,-403.0,39905.0,748.0
Canada,29998.0,2025-12-01,468284.0,1697.0,431368.0,4686.0,-5253.0,36916.0,-2989.0
Canada,29998.0,2026-01-01,395817.0,-73497.0,355727.0,-76671.0,1844.0,40090.0,3174.0
Canada,29998.0,2026-02-01,446351.0,48581.0,403970.0,46290.0,2443.0,42381.0,2291.0
Canada,29998.0,2026-03-01,439631.0,5044.0,396142.0,3936.0,-11755.0,43489.0,1108.0
Canada,29998.0,2026-04-01,397075.0,-43950.0,355238.0,-42298.0,1308.0,41837.0,-1652.0
Canada,29998.0,2026-05-01,435753.0,40226.0,392726.0,39036.0,-3639.0,43027.0,1190.0
Cayman Islands,36137.0,2020-01-01,225101.0,,132534.0,,,92567.0,-3725.0
Cayman Islands,36137.0,2020-02-01,228177.0,,132188.0,,,95989.0,3422.0
Cayman Islands,36137.0,2020-03-01,209446.0,,113327.0,,,96119.0,130.0
Cayman Islands,36137.0,2020-04-01,213110.0,,107339.0,,,105771.0,9652.0
Cayman Islands,36137.0,2020-05-01,216717.0,,106820.0,,,109897.0,4126.0
Cayman Islands,36137.0,2020-06-01,229577.0,,114416.0,,,115161.0,5264.0
Cayman Islands,36137.0,2020-07-01,222295.0,,115028.0,,,107267.0,-7894.0
Cayman Islands,36137.0,2020-08-01,228955.0,,120391.0,,,108564.0,1297.0
Cayman Islands,36137.0,2020-09-01,231594.0,,117121.0,,,114473.0,5909.0
Cayman Islands,36137.0,2020-10-01,221540.0,,109431.0,,,112109.0,-2364.0
Cayman Islands,36137.0,2020-11-01,222887.0,,106164.0,,,116723.0,4614.0
Cayman Islands,36137.0,2020-12-01,222879.0,,105027.0,,,117852.0,1129.0
Cayman Islands,36137.0,2021-01-01,216789.0,,106055.0,,,110734.0,-7118.0
Cayman Islands,36137.0,2021-02-01,216038.0,,103160.0,,,112878.0,2144.0
Cayman Islands,36137.0,2021-03-01,215157.0,,107622.0,,,107535.0,-5343.0
Cayman Islands,36137.0,2021-04-01,226389.0,,114979.0,,,111410.0,3875.0
Cayman Islands,36137.0,2021-05-01,229402.0,,118228.0,,,111174.0,-236.0
Cayman Islands,36137.0,2021-06-01,260147.0,,141349.0,,,118798.0,7624.0
Cayman Islands,36137.0,2021-07-01,263832.0,,145552.0,,,118280.0,-518.0
Cayman Islands,36137.0,2021-08-01,263479.0,,142542.0,,,120937.0,2657.0
Cayman Islands,36137.0,2021-09-01,266802.0,,142969.0,,,123833.0,2896.0
Cayman Islands,36137.0,2021-10-01,271856.0,,144236.0,,,127620.0,3787.0
Cayman Islands,36137.0,2021-11-01,262063.0,,141908.0,,,120155.0,-7465.0
Cayman Islands,36137.0,2021-12-01,262848.0,,144625.0,,,118223.0,-1932.0
Cayman Islands,36137.0,2022-01-01,272119.0,,146313.0,,,125806.0,7583.0
Cayman Islands,36137.0,2022-02-01,275929.0,,142457.0,,,133472.0,7666.0
Cayman Islands,36137.0,2022-03-01,293906.0,,160851.0,,,133055.0,-417.0
Cayman Islands,36137.0,2022-04-01,292500.0,,158768.0,,,133732.0,677.0
Cayman Islands,36137.0,2022-05-01,295403.0,,170796.0,,,124607.0,-9125.0
Cayman Islands,36137.0,2022-06-01,302299.0,,175477.0,,,126822.0,2215.0
Cayman Islands,36137.0,2022-07-01,293364.0,,168261.0,,,125103.0,-1719.0
Cayman Islands,36137.0,2022-08-01,308561.0,,173958.0,,,134603.0,9500.0
Cayman Islands,36137.0,2022-09-01,301548.0,,165325.0,,,136223.0,1620.0
Cayman Islands,36137.0,2022-10-01,291709.0,,156119.0,,,135590.0,-633.0
Cayman Islands,36137.0,2022-11-01,293445.0,,164456.0,,,128989.0,-6601.0
Cayman Islands,36137.0,2022-12-01,292649.0,,165554.0,,,127095.0,-1894.0
Cayman Islands,36137.0,2023-01-01,292292.0,,166341.0,,,125951.0,-1144.0
Cayman Islands,36137.0,2023-02-01,292609.0,-2713.0,158998.0,-10373.0,-2503.0,133611.0,7660.0
Cayman Islands,36137.0,2023-03-01,297328.0,-2240.0,174876.0,8919.0,4624.0,122452.0,-11159.0
Cayman Islands,36137.0,2023-04-01,285104.0,-5303.0,170703.0,2748.0,-254.0,114401.0,-8051.0
Cayman Islands,36137.0,2023-05-01,273282.0,-10808.0,168978.0,-711.0,-2037.0,104304.0,-10097.0
Cayman Islands,36137.0,2023-06-01,284379.0,11876.0,164826.0,-3373.0,-2526.0,119553.0,15249.0
Cayman Islands,36137.0,2023-07-01,305653.0,7626.0,179371.0,897.0,-3862.0,126282.0,6729.0
Cayman Islands,36137.0,2023-08-01,318737.0,18288.0,174531.0,364.0,-2873.0,144206.0,17924.0
Cayman Islands,36137.0,2023-09-01,323383.0,687.0,175230.0,-3260.0,-2666.0,148153.0,3947.0
Cayman Islands,36137.0,2023-10-01,333223.0,2188.0,184683.0,1801.0,-2326.0,148540.0,387.0
Cayman Islands,36137.0,2023-11-01,328953.0,-2540.0,188661.0,5708.0,8703.0,140292.0,-8248.0
Cayman Islands,36137.0,2023-12-01,314763.0,-14755.0,179544.0,-9682.0,4888.0,135219.0,-5073.0
Cayman Islands,36137.0,2024-01-01,327928.0,16963.0,192610.0,16864.0,144.0,135318.0,99.0
Cayman Islands,36137.0,2024-02-01,309905.0,-18348.0,176100.0,-16835.0,-3825.0,133805.0,-1513.0
Cayman Islands,36137.0,2024-03-01,310751.0,-11284.0,178531.0,-9699.0,1606.0,132220.0,-1585.0
Cayman Islands,36137.0,2024-04-01,326028.0,22689.0,188973.0,17854.0,-4606.0,137055.0,4835.0
Cayman Islands,36137.0,2024-05-01,342736.0,8833.0,201496.0,4648.0,1852.0,141240.0,4185.0
Cayman Islands,36137.0,2024-06-01,326295.0,-7121.0,182947.0,-9229.0,1857.0,143348.0,2108.0
Cayman Islands,36137.0,2024-07-01,380148.0,52152.0,234324.0,49676.0,3218.0,145824.0,2476.0
Cayman Islands,36137.0,2024-08-01,424207.0,20995.0,275905.0,18517.0,1619.0,148302.0,2478.0
Cayman Islands,36137.0,2024-09-01,424602.0,16614.0,283459.0,23773.0,900.0,141143.0,-7159.0
Cayman Islands,36137.0,2024-10-01,418255.0,4966.0,275129.0,2983.0,-3676.0,143126.0,1983.0
Cayman Islands,36137.0,2024-11-01,405316.0,-21660.0,262006.0,-21844.0,-72.0,143310.0,184.0
Cayman Islands,36137.0,2024-12-01,422991.0,12522.0,267417.0,258.0,-1303.0,155574.0,12264.0
Cayman Islands,36137.0,2025-01-01,406911.0,-2943.0,256591.0,2311.0,-1978.0,150320.0,-5254.0
Cayman Islands,36137.0,2025-02-01,415954.0,3072.0,273840.0,11278.0,6752.0,142114.0,-8206.0
Cayman Islands,36137.0,2025-03-01,453473.0,27734.0,308697.0,25072.0,-125.0,144776.0,2662.0
Cayman Islands,36137.0,2025-04-01,446434.0,3654.0,298090.0,86.0,450.0,148344.0,3568.0
Cayman Islands,36137.0,2025-05-01,441174.0,1551.0,283228.0,-8051.0,-7409.0,157946.0,9602.0
Cayman Islands,36137.0,2025-06-01,440905.0,22.0,286197.0,3260.0,645.0,154708.0,-3238.0
Cayman Islands,36137.0,2025-07-01,436779.0,-7462.0,280440.0,-9093.0,-4816.0,156339.0,1631.0
Cayman Islands,36137.0,2025-08-01,410510.0,-32046.0,257790.0,-28427.0,2412.0,152720.0,-3619.0
Cayman Islands,36137.0,2025-09-01,426832.0,19162.0,272122.0,17172.0,243.0,154710.0,1990.0
Cayman Islands,36137.0,2025-10-01,418524.0,-14383.0,255776.0,-22421.0,-338.0,162748.0,8038.0
Cayman Islands,36137.0,2025-11-01,427557.0,-9603.0,274684.0,272.0,-430.0,152873.0,-9875.0
Cayman Islands,36137.0,2025-12-01,421571.0,15161.0,266722.0,13185.0,-3670.0,154849.0,1976.0
Cayman Islands,36137.0,2026-01-01,433178.0,-12620.0,277081.0,-13868.0,-2852.0,156097.0,1248.0
Cayman Islands,36137.0,2026-02-01,443361.0,-4111.0,289709.0,-1666.0,-2705.0,153652.0,-2445.0
Cayman Islands,36137.0,2026-03-01,460094.0,15165.0,311226.0,19949.0,-9689.0,148868.0,-4784.0
Cayman Islands,36137.0,2026-04-01,471636.0,13306.0,319520.0,10058.0,-2390.0,152116.0,3248.0
Cayman Islands,36137.0,2026-05-01,471263.0,777.0,312450.0,-5920.0,-6362.0,158813.0,6697.0
Chile,30406.0,2020-01-01,32548.0,,25275.0,,,7273.0,2820.0
Chile,30406.0,2020-02-01,32039.0,,25100.0,,,6939.0,-334.0
Chile,30406.0,2020-03-01,30140.0,,25175.0,,,4965.0,-1974.0
Chile,30406.0,2020-04-01,29804.0,,23514.0,,,6290.0,1325.0
Chile,30406.0,2020-05-01,30087.0,,23854.0,,,6233.0,-57.0
Chile,30406.0,2020-06-01,29760.0,,24041.0,,,5719.0,-514.0
Chile,30406.0,2020-07-01,30116.0,,24459.0,,,5657.0,-62.0
Chile,30406.0,2020-08-01,29420.0,,24321.0,,,5099.0,-558.0
Chile,30406.0,2020-09-01,29355.0,,25765.0,,,3590.0,-1509.0
Chile,30406.0,2020-10-01,29129.0,,22780.0,,,6349.0,2759.0
Chile,30406.0,2020-11-01,27718.0,,22689.0,,,5029.0,-1320.0
Chile,30406.0,2020-12-01,27348.0,,22770.0,,,4578.0,-451.0
Chile,30406.0,2021-01-01,30133.0,,23132.0,,,7001.0,2423.0
Chile,30406.0,2021-02-01,38172.0,,32389.0,,,5783.0,-1218.0
Chile,30406.0,2021-03-01,38328.0,,33262.0,,,5066.0,-717.0
Chile,30406.0,2021-04-01,38003.0,,33428.0,,,4575.0,-491.0
Chile,30406.0,2021-05-01,39391.0,,34208.0,,,5183.0,608.0
Chile,30406.0,2021-06-01,37991.0,,33083.0,,,4908.0,-275.0
Chile,30406.0,2021-07-01,40883.0,,33925.0,,,6958.0,2050.0
Chile,30406.0,2021-08-01,38290.0,,34225.0,,,4065.0,-2893.0
Chile,30406.0,2021-09-01,38760.0,,34435.0,,,4325.0,260.0
Chile,30406.0,2021-10-01,37843.0,,34182.0,,,3661.0,-664.0
Chile,30406.0,2021-11-01,36368.0,,33391.0,,,2977.0,-684.0
Chile,30406.0,2021-12-01,35840.0,,33523.0,,,2317.0,-660.0
Chile,30406.0,2022-01-01,35275.0,,33092.0,,,2183.0,-134.0
Chile,30406.0,2022-02-01,37165.0,,34819.0,,,2346.0,163.0
Chile,30406.0,2022-03-01,37421.0,,33861.0,,,3560.0,1214.0
Chile,30406.0,2022-04-01,36490.0,,33152.0,,,3338.0,-222.0
Chile,30406.0,2022-05-01,39448.0,,33700.0,,,5748.0,2410.0
Chile,30406.0,2022-06-01,40473.0,,34153.0,,,6320.0,572.0
Chile,30406.0,2022-07-01,38094.0,,34311.0,,,3783.0,-2537.0
Chile,30406.0,2022-08-01,36026.0,,31828.0,,,4198.0,415.0
Chile,30406.0,2022-09-01,33989.0,,29930.0,,,4059.0,-139.0
Chile,30406.0,2022-10-01,33784.0,,29601.0,,,4183.0,124.0
Chile,30406.0,2022-11-01,34202.0,,30916.0,,,3286.0,-897.0
Chile,30406.0,2022-12-01,34042.0,,31099.0,,,2943.0,-343.0
Chile,30406.0,2023-01-01,34177.0,,31625.0,,,2552.0,-391.0
Chile,30406.0,2023-02-01,34702.0,964.0,32054.0,868.0,-253.0,2648.0,96.0
Chile,30406.0,2023-03-01,35690.0,45.0,32815.0,-182.0,1020.0,2875.0,227.0
Chile,30406.0,2023-04-01,37375.0,1689.0,34331.0,1520.0,92.0,3044.0,169.0
Chile,30406.0,2023-05-01,38915.0,2202.0,35307.0,1638.0,-367.0,3608.0,564.0
Chile,30406.0,2023-06-01,39861.0,1293.0,35878.0,918.0,-295.0,3983.0,375.0
Chile,30406.0,2023-07-01,43264.0,3637.0,37578.0,1934.0,-63.0,5686.0,1703.0
Chile,30406.0,2023-08-01,41913.0,-820.0,38101.0,1054.0,-451.0,3812.0,-1874.0
Chile,30406.0,2023-09-01,40022.0,-1057.0,37020.0,-247.0,-802.0,3002.0,-810.0
Chile,30406.0,2023-10-01,39288.0,-411.0,36119.0,-578.0,-563.0,3169.0,167.0
Chile,30406.0,2023-11-01,40406.0,86.0,37431.0,280.0,1153.0,2975.0,-194.0
Chile,30406.0,2023-12-01,40326.0,-1939.0,37241.0,-2049.0,1639.0,3085.0,110.0
Chile,30406.0,2024-01-01,40657.0,427.0,37306.0,161.0,-99.0,3351.0,266.0
Chile,30406.0,2024-02-01,39373.0,-877.0,36486.0,-413.0,-424.0,2887.0,-464.0
Chile,30406.0,2024-03-01,39763.0,207.0,36369.0,-300.0,254.0,3394.0,507.0
Chile,30406.0,2024-04-01,37944.0,-1290.0,34703.0,-1137.0,-512.0,3241.0,-153.0
Chile,30406.0,2024-05-01,37667.0,-662.0,34187.0,-901.0,347.0,3480.0,239.0
Chile,30406.0,2024-06-01,36061.0,-1710.0,28868.0,-5423.0,121.0,7193.0,3713.0
Chile,30406.0,2024-07-01,36014.0,-240.0,28862.0,-199.0,317.0,7152.0,-41.0
Chile,30406.0,2024-08-01,35265.0,-1159.0,28851.0,-421.0,419.0,6414.0,-738.0
Chile,30406.0,2024-09-01,35969.0,445.0,31007.0,1897.0,211.0,4962.0,-1452.0
Chile,30406.0,2024-10-01,34940.0,-426.0,31286.0,882.0,-557.0,3654.0,-1308.0
Chile,30406.0,2024-11-01,34659.0,-259.0,31268.0,4.0,106.0,3391.0,-263.0
Chile,30406.0,2024-12-01,34252.0,-67.0,31685.0,757.0,-330.0,2567.0,-824.0
Chile,30406.0,2025-01-01,35086.0,785.0,32668.0,934.0,90.0,2418.0,-149.0
Chile,30406.0,2025-02-01,35956.0,455.0,33327.0,244.0,396.0,2629.0,211.0
Chile,30406.0,2025-03-01,37103.0,1086.0,34212.0,824.0,45.0,2891.0,262.0
Chile,30406.0,2025-04-01,38240.0,1117.0,35436.0,1204.0,124.0,2804.0,-87.0
Chile,30406.0,2025-05-01,38088.0,101.0,35643.0,460.0,-301.0,2445.0,-359.0
Chile,30406.0,2025-06-01,39196.0,1051.0,36539.0,839.0,208.0,2657.0,212.0
Chile,30406.0,2025-07-01,38933.0,-144.0,36550.0,130.0,-34.0,2383.0,-274.0
Chile,30406.0,2025-08-01,39058.0,-127.0,36828.0,26.0,254.0,2230.0,-153.0
Chile,30406.0,2025-09-01,38871.0,-232.0,37124.0,251.0,130.0,1747.0,-483.0
Chile,30406.0,2025-10-01,39528.0,550.0,37623.0,392.0,78.0,1905.0,158.0
Chile,30406.0,2025-11-01,39559.0,-14.0,37692.0,24.0,53.0,1867.0,-38.0
Chile,30406.0,2025-12-01,39617.0,-613.0,37710.0,-653.0,55.0,1907.0,40.0
Chile,30406.0,2026-01-01,39428.0,113.0,34274.0,-3134.0,-86.0,5154.0,3247.0
Chile,30406.0,2026-02-01,35504.0,-3111.0,22888.0,-10573.0,423.0,12616.0,7462.0
Chile,30406.0,2026-03-01,34132.0,-842.0,22976.0,618.0,-257.0,11156.0,-1460.0
Chile,30406.0,2026-04-01,34716.0,518.0,23904.0,862.0,-16.0,10812.0,-344.0
Chile,30406.0,2026-05-01,35005.0,470.0,24530.0,807.0,-244.0,10475.0,-337.0
"China, Mainland",41408.0,2020-01-01,1078601.0,,1073121.0,,,5480.0,3064.0
"China, Mainland",41408.0,2020-02-01,1092261.0,,1088850.0,,,3411.0,-2069.0
"China, Mainland",41408.0,2020-03-01,1081615.0,,1048890.0,,,32725.0,29314.0
"China, Mainland",41408.0,2020-04-01,1072804.0,,1028311.0,,,44493.0,11768.0
"China, Mainland",41408.0,2020-05-01,1083735.0,,1044888.0,,,38847.0,-5646.0
"China, Mainland",41408.0,2020-06-01,1074433.0,,1040416.0,,,34017.0,-4830.0
"China, Mainland",41408.0,2020-07-01,1073407.0,,1045933.0,,,27474.0,-6543.0
"China, Mainland",41408.0,2020-08-01,1067965.0,,1050447.0,,,17518.0,-9956.0
"China, Mainland",41408.0,2020-09-01,1061746.0,,1041822.0,,,19924.0,2406.0
"China, Mainland",41408.0,2020-10-01,1054018.0,,1029060.0,,,24958.0,5034.0
"China, Mainland",41408.0,2020-11-01,1062960.0,,1031023.0,,,31937.0,6979.0
"China, Mainland",41408.0,2020-12-01,1072281.0,,1032634.0,,,39647.0,7710.0
"China, Mainland",41408.0,2021-01-01,1095180.0,,1037840.0,,,57340.0,17693.0
"China, Mainland",41408.0,2021-02-01,1104226.0,,1028184.0,,,76042.0,18702.0
"China, Mainland",41408.0,2021-03-01,1100366.0,,1044636.0,,,55730.0,-20312.0
"China, Mainland",41408.0,2021-04-01,1096080.0,,1063437.0,,,32643.0,-23087.0
"China, Mainland",41408.0,2021-05-01,1078439.0,,1063114.0,,,15325.0,-17318.0
"China, Mainland",41408.0,2021-06-01,1061844.0,,1058503.0,,,3341.0,-11984.0
"China, Mainland",41408.0,2021-07-01,1068347.0,,1053679.0,,,14668.0,11327.0
"China, Mainland",41408.0,2021-08-01,1047016.0,,1043989.0,,,3027.0,-11641.0
"China, Mainland",41408.0,2021-09-01,1047543.0,,1045154.0,,,2389.0,-638.0
"China, Mainland",41408.0,2021-10-01,1065403.0,,1062693.0,,,2710.0,321.0
"China, Mainland",41408.0,2021-11-01,1052882.0,,1040769.0,,,12113.0,9403.0
"China, Mainland",41408.0,2021-12-01,1040330.0,,1036125.0,,,4205.0,-7908.0
"China, Mainland",41408.0,2022-01-01,1033804.0,,1024423.0,,,9381.0,5176.0
"China, Mainland",41408.0,2022-02-01,1028674.0,,1020152.0,,,8522.0,-859.0
"China, Mainland",41408.0,2022-03-01,1013201.0,,1010469.0,,,2732.0,-5790.0
"China, Mainland",41408.0,2022-04-01,976022.0,,965072.0,,,10950.0,8218.0
"China, Mainland",41408.0,2022-05-01,951753.0,,942880.0,,,8873.0,-2077.0
"China, Mainland",41408.0,2022-06-01,938847.0,,936616.0,,,2231.0,-6642.0
"China, Mainland",41408.0,2022-07-01,939170.0,,935598.0,,,3572.0,1341.0
"China, Mainland",41408.0,2022-08-01,938552.0,,934500.0,,,4052.0,480.0
"China, Mainland",41408.0,2022-09-01,901722.0,,898502.0,,,3220.0,-832.0
"China, Mainland",41408.0,2022-10-01,877937.0,,871654.0,,,6283.0,3063.0
"China, Mainland",41408.0,2022-11-01,870287.0,,860419.0,,,9868.0,3585.0
"China, Mainland",41408.0,2022-12-01,867088.0,,862298.0,,,4790.0,-5078.0
"China, Mainland",41408.0,2023-01-01,859342.0,,855031.0,,,4311.0,-479.0
"China, Mainland",41408.0,2023-02-01,848975.0,8319.0,842351.0,6006.0,-19615.0,6624.0,2313.0
"China, Mainland",41408.0,2023-03-01,869298.0,-5222.0,854080.0,-13816.0,25384.0,15218.0,8594.0
"China, Mainland",41408.0,2023-04-01,868920.0,176.0,852529.0,-997.0,1586.0,16391.0,1173.0
"China, Mainland",41408.0,2023-05-01,846716.0,-13281.0,829935.0,-13671.0,-11709.0,16781.0,390.0
"China, Mainland",41408.0,2023-06-01,835775.0,-3825.0,830907.0,8088.0,-7873.0,4868.0,-11913.0
"China, Mainland",41408.0,2023-07-01,821807.0,-9824.0,815559.0,-11204.0,-4427.0,6248.0,1380.0
"China, Mainland",41408.0,2023-08-01,805366.0,-9256.0,793507.0,-14867.0,-7447.0,11859.0,5611.0
"China, Mainland",41408.0,2023-09-01,778139.0,-7928.0,773204.0,-1004.0,-18892.0,4935.0,-6924.0
"China, Mainland",41408.0,2023-10-01,769617.0,1976.0,764558.0,1852.0,-10665.0,5059.0,124.0
"China, Mainland",41408.0,2023-11-01,781965.0,-12459.0,774319.0,-15046.0,25091.0,7646.0,2587.0
"China, Mainland",41408.0,2023-12-01,816305.0,6385.0,799629.0,-2645.0,25191.0,16676.0,9030.0
"China, Mainland",41408.0,2024-01-01,797734.0,-17807.0,777130.0,-21735.0,-3342.0,20604.0,3928.0
"China, Mainland",41408.0,2024-02-01,774950.0,-13905.0,755097.0,-13154.0,-9668.0,19853.0,-751.0
"China, Mainland",41408.0,2024-03-01,767413.0,-12642.0,750389.0,-9813.0,5918.0,17024.0,-2829.0
"China, Mainland",41408.0,2024-04-01,770746.0,21575.0,756042.0,23895.0,-18842.0,14704.0,-2320.0
"China, Mainland",41408.0,2024-05-01,768295.0,-11342.0,741046.0,-23887.0,8861.0,27249.0,12545.0
"China, Mainland",41408.0,2024-06-01,780196.0,6389.0,752483.0,5925.0,5219.0,27713.0,464.0
"China, Mainland",41408.0,2024-07-01,776493.0,-18367.0,744041.0,-23106.0,12851.0,32452.0,4739.0
"China, Mainland",41408.0,2024-08-01,774614.0,-7795.0,734091.0,-15866.0,7263.0,40523.0,8071.0
"China, Mainland",41408.0,2024-09-01,771968.0,-11927.0,731018.0,-12354.0,7213.0,40950.0,427.0
"China, Mainland",41408.0,2024-10-01,760102.0,3877.0,718413.0,3138.0,-16159.0,41689.0,739.0
"China, Mainland",41408.0,2024-11-01,768600.0,2344.0,720435.0,-4132.0,4446.0,48165.0,6476.0
"China, Mainland",41408.0,2024-12-01,759016.0,1514.0,698635.0,-10702.0,-11384.0,60381.0,12216.0
"China, Mainland",41408.0,2025-01-01,760818.0,-1395.0,698635.0,-3197.0,4225.0,62183.0,1802.0
"China, Mainland",41408.0,2025-02-01,784287.0,10548.0,707015.0,-4541.0,13205.0,77272.0,15089.0
"China, Mainland",41408.0,2025-03-01,765360.0,-19098.0,679611.0,-27575.0,1938.0,85749.0,8477.0
"China, Mainland",41408.0,2025-04-01,743560.0,-23739.0,660674.0,-20876.0,2514.0,82886.0,-2863.0
"China, Mainland",41408.0,2025-05-01,732669.0,-4993.0,657235.0,2459.0,-6442.0,75434.0,-7452.0
"China, Mainland",41408.0,2025-06-01,731402.0,-5203.0,655782.0,-5389.0,6217.0,75620.0,186.0
"China, Mainland",41408.0,2025-07-01,695623.0,-33416.0,629847.0,-23572.0,-2825.0,65776.0,-9844.0
"China, Mainland",41408.0,2025-08-01,699698.0,-8968.0,621123.0,-21767.0,5421.0,78575.0,12799.0
"China, Mainland",41408.0,2025-09-01,699205.0,-9966.0,627630.0,-2966.0,8062.0,71575.0,-7000.0
"China, Mainland",41408.0,2025-10-01,687710.0,-14961.0,619838.0,-11258.0,2387.0,67872.0,-3703.0
"China, Mainland",41408.0,2025-11-01,683862.0,-5357.0,624211.0,2864.0,3198.0,59651.0,-8221.0
"China, Mainland",41408.0,2025-12-01,684398.0,5545.0,624903.0,5701.0,-5834.0,59495.0,-156.0
"China, Mainland",41408.0,2026-01-01,695344.0,5918.0,641857.0,11926.0,3276.0,53487.0,-6008.0
"China, Mainland",41408.0,2026-02-01,694207.0,-11803.0,640701.0,-11822.0,10296.0,53506.0,19.0
"China, Mainland",41408.0,2026-03-01,653261.0,-34474.0,604232.0,-29997.0,-3095.0,49029.0,-4477.0
"China, Mainland",41408.0,2026-04-01,651072.0,1212.0,606352.0,5521.0,-2742.0,44720.0,-4309.0
"China, Mainland",41408.0,2026-05-01,659282.0,5947.0,608486.0,-129.0,1705.0,50796.0,6076.0
Colombia,30503.0,2020-01-01,29673.0,,29301.0,,,372.0,-660.0
Colombia,30503.0,2020-02-01,30842.0,,30402.0,,,440.0,68.0
Colombia,30503.0,2020-03-01,29342.0,,28868.0,,,474.0,34.0
Colombia,30503.0,2020-04-01,26465.0,,25512.0,,,953.0,479.0
Colombia,30503.0,2020-05-01,28227.0,,27401.0,,,826.0,-127.0
Colombia,30503.0,2020-06-01,29398.0,,28015.0,,,1383.0,557.0
Colombia,30503.0,2020-07-01,29785.0,,28948.0,,,837.0,-546.0
Colombia,30503.0,2020-08-01,30550.0,,29739.0,,,811.0,-26.0
Colombia,30503.0,2020-09-01,29751.0,,28471.0,,,1280.0,469.0
Colombia,30503.0,2020-10-01,31900.0,,31069.0,,,831.0,-449.0
Colombia,30503.0,2020-11-01,30812.0,,29889.0,,,923.0,92.0
Colombia,30503.0,2020-12-01,30972.0,,30216.0,,,756.0,-167.0
Colombia,30503.0,2021-01-01,32412.0,,31222.0,,,1190.0,434.0
Colombia,30503.0,2021-02-01,30637.0,,29853.0,,,784.0,-406.0
Colombia,30503.0,2021-03-01,35162.0,,34612.0,,,550.0,-234.0
Colombia,30503.0,2021-04-01,35058.0,,34621.0,,,437.0,-113.0
Colombia,30503.0,2021-05-01,35822.0,,35560.0,,,262.0,-175.0
Colombia,30503.0,2021-06-01,35292.0,,34933.0,,,359.0,97.0
Colombia,30503.0,2021-07-01,36168.0,,35814.0,,,354.0,-5.0
Colombia,30503.0,2021-08-01,33066.0,,32491.0,,,575.0,221.0
Colombia,30503.0,2021-09-01,33349.0,,33026.0,,,323.0,-252.0
Colombia,30503.0,2021-10-01,34155.0,,33716.0,,,439.0,116.0
Colombia,30503.0,2021-11-01,33652.0,,33108.0,,,544.0,105.0
Colombia,30503.0,2021-12-01,33139.0,,32576.0,,,563.0,19.0
Colombia,30503.0,2022-01-01,33314.0,,32492.0,,,822.0,259.0
Colombia,30503.0,2022-02-01,33974.0,,33259.0,,,715.0,-107.0
Colombia,30503.0,2022-03-01,34548.0,,33684.0,,,864.0,149.0
Colombia,30503.0,2022-04-01,35417.0,,34570.0,,,847.0,-17.0
Colombia,30503.0,2022-05-01,34910.0,,34435.0,,,475.0,-372.0
Colombia,30503.0,2022-06-01,34949.0,,34136.0,,,813.0,338.0
Colombia,30503.0,2022-07-01,35125.0,,34175.0,,,950.0,137.0
Colombia,30503.0,2022-08-01,33992.0,,32383.0,,,1609.0,659.0
Colombia,30503.0,2022-09-01,34410.0,,33079.0,,,1331.0,-278.0
Colombia,30503.0,2022-10-01,33819.0,,32525.0,,,1294.0,-37.0
Colombia,30503.0,2022-11-01,35738.0,,34672.0,,,1066.0,-228.0
Colombia,30503.0,2022-12-01,39854.0,,38494.0,,,1360.0,294.0
Colombia,30503.0,2023-01-01,39635.0,,37737.0,,,1898.0,538.0
Colombia,30503.0,2023-02-01,38721.0,-618.0,37281.0,-160.0,-151.0,1440.0,-458.0
Colombia,30503.0,2023-03-01,39275.0,545.0,37505.0,215.0,248.0,1770.0,330.0
Colombia,30503.0,2023-04-01,39708.0,823.0,37769.0,654.0,22.0,1939.0,169.0
Colombia,30503.0,2023-05-01,36210.0,-3112.0,34393.0,-2990.0,-158.0,1817.0,-122.0
Colombia,30503.0,2023-06-01,38353.0,2519.0,36063.0,2046.0,-218.0,2290.0,473.0
Colombia,30503.0,2023-07-01,38411.0,210.0,36015.0,104.0,-27.0,2396.0,106.0
Colombia,30503.0,2023-08-01,38778.0,559.0,36421.0,598.0,-49.0,2357.0,-39.0
Colombia,30503.0,2023-09-01,38636.0,516.0,36000.0,237.0,-240.0,2636.0,279.0
Colombia,30503.0,2023-10-01,38046.0,-58.0,34902.0,-566.0,-122.0,3144.0,508.0
Colombia,30503.0,2023-11-01,39385.0,1364.0,36190.0,1313.0,464.0,3195.0,51.0
Colombia,30503.0,2023-12-01,43011.0,1841.0,39022.0,1047.0,445.0,3989.0,794.0
Colombia,30503.0,2024-01-01,42781.0,285.0,38161.0,-346.0,8.0,4620.0,631.0
Colombia,30503.0,2024-02-01,43357.0,911.0,38532.0,706.0,-183.0,4825.0,205.0
Colombia,30503.0,2024-03-01,44854.0,1442.0,39861.0,1274.0,75.0,4993.0,168.0
Colombia,30503.0,2024-04-01,40685.0,-3158.0,35697.0,-3153.0,-307.0,4988.0,-5.0
Colombia,30503.0,2024-05-01,44213.0,3497.0,39345.0,3617.0,156.0,4868.0,-120.0
Colombia,30503.0,2024-06-01,45846.0,1741.0,41513.0,2276.0,85.0,4333.0,-535.0
Colombia,30503.0,2024-07-01,46916.0,645.0,42107.0,169.0,435.0,4809.0,476.0
Colombia,30503.0,2024-08-01,47913.0,1123.0,42873.0,892.0,296.0,5040.0,231.0
Colombia,30503.0,2024-09-01,48159.0,-246.0,42957.0,-408.0,234.0,5202.0,162.0
Colombia,30503.0,2024-10-01,46915.0,-782.0,42805.0,310.0,-459.0,4110.0,-1092.0
Colombia,30503.0,2024-11-01,46976.0,197.0,43189.0,520.0,101.0,3787.0,-323.0
Colombia,30503.0,2024-12-01,45928.0,-820.0,42627.0,-334.0,-335.0,3301.0,-486.0
Colombia,30503.0,2025-01-01,45510.0,-700.0,41847.0,-1062.0,84.0,3663.0,362.0
Colombia,30503.0,2025-02-01,46221.0,-89.0,43251.0,604.0,405.0,2970.0,-693.0
Colombia,30503.0,2025-03-01,47260.0,430.0,43334.0,-526.0,80.0,3926.0,956.0
Colombia,30503.0,2025-04-01,48151.0,378.0,44326.0,479.0,100.0,3825.0,-101.0
Colombia,30503.0,2025-05-01,45615.0,-2316.0,41292.0,-2814.0,-90.0,4323.0,498.0
Colombia,30503.0,2025-06-01,42989.0,-2948.0,39302.0,-2312.0,187.0,3687.0,-636.0
Colombia,30503.0,2025-07-01,43265.0,225.0,39696.0,343.0,-112.0,3569.0,-118.0
Colombia,30503.0,2025-08-01,44685.0,1568.0,41056.0,1508.0,188.0,3629.0,60.0
Colombia,30503.0,2025-09-01,43307.0,-1456.0,40962.0,-172.0,139.0,2345.0,-1284.0
Colombia,30503.0,2025-10-01,41642.0,-1854.0,39023.0,-2128.0,92.0,2619.0,274.0
Colombia,30503.0,2025-11-01,45218.0,3852.0,42629.0,3882.0,43.0,2589.0,-30.0
Colombia,30503.0,2025-12-01,44170.0,-1316.0,41285.0,-1612.0,-83.0,2885.0,296.0
Colombia,30503.0,2026-01-01,45914.0,1964.0,42672.0,1607.0,-98.0,3242.0,357.0
Colombia,30503.0,2026-02-01,46129.0,182.0,43420.0,715.0,222.0,2709.0,-533.0
Colombia,30503.0,2026-03-01,42565.0,-3492.0,39853.0,-3495.0,-342.0,2712.0,3.0
Colombia,30503.0,2026-04-01,43298.0,865.0,40716.0,995.0,-39.0,2582.0,-130.0
Colombia,30503.0,2026-05-01,43563.0,587.0,40493.0,99.0,-127.0,3070.0,488.0
Costa Rica,30589.0,2020-01-01,1907.0,,1716.0,,,191.0,-4.0
Costa Rica,30589.0,2020-02-01,1882.0,,1674.0,,,208.0,17.0
Costa Rica,30589.0,2020-03-01,1650.0,,1534.0,,,116.0,-92.0
Costa Rica,30589.0,2020-04-01,1588.0,,1470.0,,,118.0,2.0
Costa Rica,30589.0,2020-05-01,1550.0,,1440.0,,,110.0,-8.0
Costa Rica,30589.0,2020-06-01,1468.0,,1358.0,,,110.0,0.0
Costa Rica,30589.0,2020-07-01,1485.0,,1382.0,,,103.0,-7.0
Costa Rica,30589.0,2020-08-01,1400.0,,1297.0,,,103.0,0.0
Costa Rica,30589.0,2020-09-01,1338.0,,1170.0,,,168.0,65.0
Costa Rica,30589.0,2020-10-01,1537.0,,1418.0,,,119.0,-49.0
Costa Rica,30589.0,2020-11-01,1473.0,,1307.0,,,166.0,47.0
Costa Rica,30589.0,2020-12-01,1529.0,,1332.0,,,197.0,31.0
Costa Rica,30589.0,2021-01-01,1675.0,,1486.0,,,189.0,-8.0
Costa Rica,30589.0,2021-02-01,1477.0,,1322.0,,,155.0,-34.0
Costa Rica,30589.0,2021-03-01,1540.0,,1393.0,,,147.0,-8.0
Costa Rica,30589.0,2021-04-01,1486.0,,1380.0,,,106.0,-41.0
Costa Rica,30589.0,2021-05-01,1489.0,,1378.0,,,111.0,5.0
Costa Rica,30589.0,2021-06-01,1454.0,,1367.0,,,87.0,-24.0
Costa Rica,30589.0,2021-07-01,1430.0,,1339.0,,,91.0,4.0
Costa Rica,30589.0,2021-08-01,1451.0,,1358.0,,,93.0,2.0
Costa Rica,30589.0,2021-09-01,1454.0,,1407.0,,,47.0,-46.0
Costa Rica,30589.0,2021-10-01,1478.0,,1425.0,,,53.0,6.0
Costa Rica,30589.0,2021-11-01,1547.0,,1466.0,,,81.0,28.0
Costa Rica,30589.0,2021-12-01,1585.0,,1526.0,,,59.0,-22.0
Costa Rica,30589.0,2022-01-01,1676.0,,1587.0,,,89.0,30.0
Costa Rica,30589.0,2022-02-01,1846.0,,1736.0,,,110.0,21.0
Costa Rica,30589.0,2022-03-01,1795.0,,1665.0,,,130.0,20.0
Costa Rica,30589.0,2022-04-01,1949.0,,1774.0,,,175.0,45.0
Costa Rica,30589.0,2022-05-01,1861.0,,1676.0,,,185.0,10.0
Costa Rica,30589.0,2022-06-01,1975.0,,1687.0,,,288.0,103.0
Costa Rica,30589.0,2022-07-01,2054.0,,1742.0,,,312.0,24.0
Costa Rica,30589.0,2022-08-01,2184.0,,1736.0,,,448.0,136.0
Costa Rica,30589.0,2022-09-01,2232.0,,1827.0,,,405.0,-43.0
Costa Rica,30589.0,2022-10-01,2218.0,,1901.0,,,317.0,-88.0
Costa Rica,30589.0,2022-11-01,2263.0,,1925.0,,,338.0,21.0
Costa Rica,30589.0,2022-12-01,2351.0,,2045.0,,,306.0,-32.0
Costa Rica,30589.0,2023-01-01,2770.0,,2204.0,,,566.0,260.0
Costa Rica,30589.0,2023-02-01,2723.0,37.0,2149.0,29.0,-18.0,574.0,8.0
Costa Rica,30589.0,2023-03-01,3109.0,503.0,2516.0,484.0,23.0,593.0,19.0
Costa Rica,30589.0,2023-04-01,3719.0,735.0,3121.0,730.0,-1.0,598.0,5.0
Costa Rica,30589.0,2023-05-01,3985.0,169.0,3360.0,142.0,-12.0,625.0,27.0
Costa Rica,30589.0,2023-06-01,4142.0,186.0,3484.0,153.0,-15.0,658.0,33.0
Costa Rica,30589.0,2023-07-01,4287.0,159.0,3612.0,142.0,7.0,675.0,17.0
Costa Rica,30589.0,2023-08-01,4363.0,231.0,3590.0,133.0,6.0,773.0,98.0
Costa Rica,30589.0,2023-09-01,4299.0,-18.0,3571.0,27.0,-6.0,728.0,-45.0
Costa Rica,30589.0,2023-10-01,4125.0,-191.0,3416.0,-172.0,9.0,709.0,-19.0
Costa Rica,30589.0,2023-11-01,4577.0,487.0,3852.0,471.0,25.0,725.0,16.0
Costa Rica,30589.0,2023-12-01,4892.0,279.0,4047.0,159.0,31.0,845.0,120.0
Costa Rica,30589.0,2024-01-01,5556.0,703.0,3942.0,-66.0,-9.0,1614.0,769.0
Costa Rica,30589.0,2024-02-01,5135.0,-308.0,3918.0,89.0,-23.0,1217.0,-397.0
Costa Rica,30589.0,2024-03-01,4754.0,-372.0,3814.0,-95.0,13.0,940.0,-277.0
Costa Rica,30589.0,2024-04-01,4251.0,-420.0,3393.0,-338.0,-31.0,858.0,-82.0
Costa Rica,30589.0,2024-05-01,4238.0,26.0,3351.0,-3.0,16.0,887.0,29.0
Costa Rica,30589.0,2024-06-01,3994.0,-196.0,3020.0,-283.0,22.0,974.0,87.0
Costa Rica,30589.0,2024-07-01,3955.0,-15.0,2991.0,-5.0,24.0,964.0,-10.0
Costa Rica,30589.0,2024-08-01,3929.0,-46.0,2939.0,-72.0,20.0,990.0,26.0
Costa Rica,30589.0,2024-09-01,3846.0,-84.0,2823.0,-117.0,11.0,1023.0,33.0
Costa Rica,30589.0,2024-10-01,3754.0,-51.0,2773.0,-9.0,-38.0,981.0,-42.0
Costa Rica,30589.0,2024-11-01,3644.0,-104.0,2786.0,19.0,5.0,858.0,-123.0
Costa Rica,30589.0,2024-12-01,3583.0,-34.0,2784.0,25.0,-9.0,799.0,-59.0
Costa Rica,30589.0,2025-01-01,3417.0,-184.0,2620.0,-182.0,4.0,797.0,-2.0
Costa Rica,30589.0,2025-02-01,3478.0,113.0,2671.0,103.0,-5.0,807.0,10.0
Costa Rica,30589.0,2025-03-01,3553.0,79.0,2673.0,6.0,-18.0,880.0,73.0
Costa Rica,30589.0,2025-04-01,3595.0,11.0,2722.0,18.0,14.0,873.0,-7.0
Costa Rica,30589.0,2025-05-01,3653.0,64.0,2773.0,57.0,-47.0,880.0,7.0
Costa Rica,30589.0,2025-06-01,3736.0,47.0,2707.0,-102.0,13.0,1029.0,149.0
Costa Rica,30589.0,2025-07-01,4019.0,332.0,2745.0,87.0,5.0,1274.0,245.0
Costa Rica,30589.0,2025-08-01,4008.0,-17.0,2786.0,35.0,24.0,1222.0,-52.0
Costa Rica,30589.0,2025-09-01,4082.0,42.0,2910.0,92.0,-5.0,1172.0,-50.0
Costa Rica,30589.0,2025-10-01,3822.0,-288.0,2872.0,-66.0,-20.0,950.0,-222.0
Costa Rica,30589.0,2025-11-01,4139.0,410.0,3335.0,556.0,-29.0,804.0,-146.0
Costa Rica,30589.0,2025-12-01,4655.0,456.0,3711.0,316.0,-16.0,944.0,140.0
Costa Rica,30589.0,2026-01-01,4346.0,-337.0,3507.0,-232.0,-28.0,839.0,-105.0
Costa Rica,30589.0,2026-02-01,4932.0,537.0,3564.0,8.0,-4.0,1368.0,529.0
Costa Rica,30589.0,2026-03-01,4403.0,-467.0,3525.0,23.0,-99.0,878.0,-490.0
Costa Rica,30589.0,2026-04-01,4916.0,513.0,3888.0,363.0,-12.0,1028.0,150.0
Costa Rica,30589.0,2026-05-01,4908.0,-5.0,3874.0,-11.0,-13.0,1034.0,6.0
Curacao,36188.0,2020-01-01,,,491.0,,,,
Curacao,36188.0,2020-02-01,,,477.0,,,,
Curacao,36188.0,2020-03-01,,,403.0,,,,
Curacao,36188.0,2020-04-01,,,398.0,,,,
Curacao,36188.0,2020-05-01,,,396.0,,,,
Curacao,36188.0,2020-06-01,,,393.0,,,,
Curacao,36188.0,2020-07-01,,,395.0,,,,
Curacao,36188.0,2020-08-01,,,377.0,,,,
Curacao,36188.0,2020-09-01,,,367.0,,,,
Curacao,36188.0,2020-10-01,,,293.0,,,,
Curacao,36188.0,2020-11-01,,,270.0,,,,
Curacao,36188.0,2020-12-01,,,287.0,,,,
Curacao,36188.0,2021-01-01,,,295.0,,,,
Curacao,36188.0,2021-02-01,,,283.0,,,,
Curacao,36188.0,2021-03-01,,,281.0,,,,
Curacao,36188.0,2021-04-01,,,278.0,,,,
Curacao,36188.0,2021-05-01,,,290.0,,,,
Curacao,36188.0,2021-06-01,,,289.0,,,,
Curacao,36188.0,2021-07-01,,,276.0,,,,
Curacao,36188.0,2021-08-01,,,283.0,,,,
Curacao,36188.0,2021-09-01,,,293.0,,,,
Curacao,36188.0,2021-10-01,,,287.0,,,,
Curacao,36188.0,2021-11-01,,,263.0,,,,
Curacao,36188.0,2021-12-01,,,264.0,,,,
Curacao,36188.0,2022-01-01,,,273.0,,,,
Curacao,36188.0,2022-02-01,,,287.0,,,,
Curacao,36188.0,2022-03-01,,,339.0,,,,
Curacao,36188.0,2022-04-01,,,611.0,,,,
Curacao,36188.0,2022-05-01,,,554.0,,,,
Curacao,36188.0,2022-06-01,,,583.0,,,,
Curacao,36188.0,2022-07-01,,,673.0,,,,
Curacao,36188.0,2022-08-01,,,645.0,,,,
Curacao,36188.0,2022-09-01,,,664.0,,,,
Curacao,36188.0,2022-10-01,,,675.0,,,,
Curacao,36188.0,2022-11-01,,,666.0,,,,
Curacao,36188.0,2022-12-01,,,689.0,,,,
Curacao,36188.0,2023-01-01,,,734.0,,,,
Curacao,36188.0,2023-02-01,,,773.0,42.0,0.0,,
Curacao,36188.0,2023-03-01,,,706.0,-81.0,12.0,,
Curacao,36188.0,2023-04-01,,,721.0,12.0,0.0,,
Curacao,36188.0,2023-05-01,,,744.0,-24.0,-1.0,,
Curacao,36188.0,2023-06-01,,,829.0,77.0,1.0,,
Curacao,36188.0,2023-07-01,,,831.0,31.0,-6.0,,
Curacao,36188.0,2023-08-01,,,872.0,13.0,-19.0,,
Curacao,36188.0,2023-09-01,,,1106.0,236.0,-4.0,,
Curacao,36188.0,2023-10-01,,,1071.0,-28.0,-18.0,,
Curacao,36188.0,2023-11-01,,,1065.0,13.0,7.0,,
Curacao,36188.0,2023-12-01,,,1102.0,25.0,8.0,,
Curacao,36188.0,2024-01-01,,,1345.0,254.0,-6.0,,
Curacao,36188.0,2024-02-01,,,1443.0,49.0,-2.0,,
Curacao,36188.0,2024-03-01,,,1379.0,24.0,1.0,,
Curacao,36188.0,2024-04-01,,,1430.0,69.0,-21.0,,
Curacao,36188.0,2024-05-01,,,1521.0,75.0,3.0,,
Curacao,36188.0,2024-06-01,,,1508.0,-7.0,-7.0,,
Curacao,36188.0,2024-07-01,,,1632.0,100.0,26.0,,
Curacao,36188.0,2024-08-01,,,1648.0,21.0,-1.0,,
Curacao,36188.0,2024-09-01,,,1719.0,75.0,8.0,,
Curacao,36188.0,2024-10-01,,,1859.0,170.0,-41.0,,
Curacao,36188.0,2024-11-01,,,2006.0,195.0,20.0,,
Curacao,36188.0,2024-12-01,,,1951.0,-41.0,-14.0,,
Curacao,36188.0,2025-01-01,,,1784.0,-83.0,-23.0,,
Curacao,36188.0,2025-02-01,,,1839.0,-7.0,61.0,,
Curacao,36188.0,2025-03-01,,,1817.0,-54.0,32.0,,
Curacao,36188.0,2025-04-01,,,1837.0,82.0,-62.0,,
Curacao,36188.0,2025-05-01,,,1847.0,1.0,11.0,,
Curacao,36188.0,2025-06-01,,,1611.0,-153.0,-9.0,,
Curacao,36188.0,2025-07-01,,,1783.0,217.0,-29.0,,
Curacao,36188.0,2025-08-01,,,1802.0,-29.0,67.0,,
Curacao,36188.0,2025-09-01,,,1753.0,105.0,-100.0,,
Curacao,36188.0,2025-10-01,,,1785.0,-24.0,67.0,,
Curacao,36188.0,2025-11-01,,,1847.0,47.0,19.0,,
Curacao,36188.0,2025-12-01,,,1837.0,-16.0,3.0,,
Curacao,36188.0,2026-01-01,,,1716.0,-89.0,-31.0,,
Curacao,36188.0,2026-02-01,,,1622.0,-90.0,9.0,,
Curacao,36188.0,2026-03-01,,,1507.0,-136.0,10.0,,
Curacao,36188.0,2026-04-01,,,1624.0,193.0,-62.0,,
Curacao,36188.0,2026-05-01,,,1730.0,80.0,30.0,,
Cyprus,10405.0,2020-01-01,209.0,,120.0,,,89.0,19.0
Cyprus,10405.0,2020-02-01,219.0,,126.0,,,93.0,4.0
Cyprus,10405.0,2020-03-01,261.0,,107.0,,,154.0,61.0
Cyprus,10405.0,2020-04-01,265.0,,109.0,,,156.0,2.0
Cyprus,10405.0,2020-05-01,170.0,,113.0,,,57.0,-99.0
Cyprus,10405.0,2020-06-01,155.0,,94.0,,,61.0,5.0
Cyprus,10405.0,2020-07-01,166.0,,100.0,,,66.0,5.0
Cyprus,10405.0,2020-08-01,165.0,,105.0,,,61.0,-5.0
Cyprus,10405.0,2020-09-01,165.0,,108.0,,,58.0,-3.0
Cyprus,10405.0,2020-10-01,172.0,,107.0,,,66.0,8.0
Cyprus,10405.0,2020-11-01,155.0,,89.0,,,66.0,0.0
Cyprus,10405.0,2020-12-01,152.0,,84.0,,,68.0,2.0
Cyprus,10405.0,2021-01-01,191.0,,112.0,,,79.0,11.0
Cyprus,10405.0,2021-02-01,200.0,,120.0,,,81.0,1.0
Cyprus,10405.0,2021-03-01,208.0,,130.0,,,78.0,-3.0
Cyprus,10405.0,2021-04-01,205.0,,134.0,,,70.0,-7.0
Cyprus,10405.0,2021-05-01,198.0,,136.0,,,62.0,-9.0
Cyprus,10405.0,2021-06-01,207.0,,135.0,,,72.0,10.0
Cyprus,10405.0,2021-07-01,174.0,,119.0,,,55.0,-17.0
Cyprus,10405.0,2021-08-01,186.0,,113.0,,,73.0,18.0
Cyprus,10405.0,2021-09-01,189.0,,111.0,,,78.0,5.0
Cyprus,10405.0,2021-10-01,183.0,,108.0,,,75.0,-3.0
Cyprus,10405.0,2021-11-01,161.0,,100.0,,,60.0,-15.0
Cyprus,10405.0,2021-12-01,162.0,,96.0,,,66.0,6.0
Cyprus,10405.0,2022-01-01,172.0,,99.0,,,72.0,6.0
Cyprus,10405.0,2022-02-01,174.0,,117.0,,,58.0,-15.0
Cyprus,10405.0,2022-03-01,238.0,,123.0,,,115.0,58.0
Cyprus,10405.0,2022-04-01,286.0,,120.0,,,166.0,51.0
Cyprus,10405.0,2022-05-01,287.0,,132.0,,,155.0,-11.0
Cyprus,10405.0,2022-06-01,293.0,,134.0,,,159.0,4.0
Cyprus,10405.0,2022-07-01,295.0,,127.0,,,168.0,9.0
Cyprus,10405.0,2022-08-01,319.0,,130.0,,,189.0,20.0
Cyprus,10405.0,2022-09-01,313.0,,117.0,,,196.0,7.0
Cyprus,10405.0,2022-10-01,307.0,,114.0,,,193.0,-3.0
Cyprus,10405.0,2022-11-01,310.0,,114.0,,,196.0,3.0
Cyprus,10405.0,2022-12-01,317.0,,124.0,,,193.0,-3.0
Cyprus,10405.0,2023-01-01,323.0,,123.0,,,200.0,6.0
Cyprus,10405.0,2023-02-01,327.0,5.0,127.0,4.0,-0.0,201.0,1.0
Cyprus,10405.0,2023-03-01,344.0,15.0,127.0,-2.0,2.0,218.0,17.0
Cyprus,10405.0,2023-04-01,362.0,3.0,142.0,2.0,-1.0,219.0,2.0
Cyprus,10405.0,2023-05-01,359.0,17.0,151.0,27.0,3.0,209.0,-11.0
Cyprus,10405.0,2023-06-01,394.0,36.0,153.0,4.0,-1.0,240.0,32.0
Cyprus,10405.0,2023-07-01,388.0,4.0,159.0,15.0,8.0,230.0,-11.0
Cyprus,10405.0,2023-08-01,394.0,13.0,166.0,14.0,-0.0,228.0,-1.0
Cyprus,10405.0,2023-09-01,390.0,-3.0,176.0,12.0,1.0,213.0,-15.0
Cyprus,10405.0,2023-10-01,383.0,11.0,166.0,8.0,-0.0,217.0,3.0
Cyprus,10405.0,2023-11-01,419.0,29.0,173.0,-0.0,3.0,246.0,29.0
Cyprus,10405.0,2023-12-01,549.0,72.0,259.0,28.0,7.0,290.0,44.0
Cyprus,10405.0,2024-01-01,505.0,-83.0,271.0,-27.0,0.0,234.0,-56.0
Cyprus,10405.0,2024-02-01,629.0,146.0,263.0,14.0,-2.0,366.0,132.0
Cyprus,10405.0,2024-03-01,620.0,-13.0,280.0,13.0,2.0,340.0,-26.0
Cyprus,10405.0,2024-04-01,708.0,74.0,321.0,27.0,-4.0,387.0,47.0
Cyprus,10405.0,2024-05-01,709.0,8.0,327.0,12.0,3.0,383.0,-4.0
Cyprus,10405.0,2024-06-01,796.0,108.0,323.0,18.0,1.0,473.0,90.0
Cyprus,10405.0,2024-07-01,798.0,37.0,301.0,12.0,3.0,497.0,24.0
Cyprus,10405.0,2024-08-01,842.0,19.0,422.0,96.0,0.0,420.0,-77.0
Cyprus,10405.0,2024-09-01,943.0,100.0,423.0,1.0,1.0,520.0,100.0
Cyprus,10405.0,2024-10-01,841.0,-94.0,430.0,15.0,-5.0,411.0,-109.0
Cyprus,10405.0,2024-11-01,815.0,-27.0,458.0,27.0,1.0,357.0,-54.0
Cyprus,10405.0,2024-12-01,827.0,22.0,459.0,11.0,-12.0,368.0,12.0
Cyprus,10405.0,2025-01-01,762.0,-72.0,429.0,-36.0,1.0,333.0,-35.0
Cyprus,10405.0,2025-02-01,747.0,-10.0,423.0,-1.0,3.0,324.0,-9.0
Cyprus,10405.0,2025-03-01,860.0,104.0,422.0,-9.0,2.0,438.0,113.0
Cyprus,10405.0,2025-04-01,796.0,-97.0,428.0,-27.0,0.0,367.0,-70.0
Cyprus,10405.0,2025-05-01,930.0,116.0,440.0,-6.0,4.0,490.0,122.0
Cyprus,10405.0,2025-06-01,905.0,25.0,425.0,35.0,1.0,480.0,-10.0
Cyprus,10405.0,2025-07-01,880.0,-8.0,430.0,20.0,-1.0,451.0,-29.0
Cyprus,10405.0,2025-08-01,902.0,372.0,442.0,363.0,2.0,459.0,9.0
Cyprus,10405.0,2025-09-01,825.0,-84.0,425.0,-24.0,-16.0,400.0,-59.0
Cyprus,10405.0,2025-10-01,903.0,293.0,474.0,264.0,0.0,429.0,29.0
Cyprus,10405.0,2025-11-01,826.0,12.0,517.0,131.0,0.0,309.0,-120.0
Cyprus,10405.0,2025-12-01,875.0,193.0,523.0,150.0,-1.0,352.0,43.0
Cyprus,10405.0,2026-01-01,753.0,-153.0,516.0,-38.0,-0.0,237.0,-115.0
Cyprus,10405.0,2026-02-01,798.0,-193.0,495.0,-259.0,4.0,303.0,66.0
Cyprus,10405.0,2026-03-01,901.0,333.0,495.0,231.0,-6.0,406.0,102.0
Cyprus,10405.0,2026-04-01,801.0,-34.0,550.0,120.0,-1.0,251.0,-154.0
Cyprus,10405.0,2026-05-01,793.0,83.0,546.0,88.0,1.0,247.0,-4.0
Denmark,10502.0,2020-01-01,18690.0,,18079.0,,,611.0,78.0
Denmark,10502.0,2020-02-01,18676.0,,18043.0,,,633.0,22.0
Denmark,10502.0,2020-03-01,16824.0,,15691.0,,,1133.0,500.0
Denmark,10502.0,2020-04-01,16011.0,,14634.0,,,1377.0,244.0
Denmark,10502.0,2020-05-01,15182.0,,13666.0,,,1516.0,139.0
Denmark,10502.0,2020-06-01,17634.0,,14046.0,,,3588.0,2072.0
Denmark,10502.0,2020-07-01,19157.0,,15148.0,,,4009.0,421.0
Denmark,10502.0,2020-08-01,17542.0,,13884.0,,,3658.0,-351.0
Denmark,10502.0,2020-09-01,17512.0,,14282.0,,,3230.0,-428.0
Denmark,10502.0,2020-10-01,17797.0,,15645.0,,,2152.0,-1078.0
Denmark,10502.0,2020-11-01,16907.0,,15519.0,,,1388.0,-764.0
Denmark,10502.0,2020-12-01,16878.0,,15681.0,,,1197.0,-191.0
Denmark,10502.0,2021-01-01,17884.0,,16709.0,,,1175.0,-22.0
Denmark,10502.0,2021-02-01,17864.0,,16766.0,,,1098.0,-77.0
Denmark,10502.0,2021-03-01,16915.0,,15735.0,,,1180.0,82.0
Denmark,10502.0,2021-04-01,16615.0,,15890.0,,,725.0,-455.0
Denmark,10502.0,2021-05-01,17395.0,,16851.0,,,544.0,-181.0
Denmark,10502.0,2021-06-01,17546.0,,16897.0,,,649.0,105.0
Denmark,10502.0,2021-07-01,17319.0,,16761.0,,,558.0,-91.0
Denmark,10502.0,2021-08-01,15575.0,,14947.0,,,628.0,70.0
Denmark,10502.0,2021-09-01,15326.0,,14850.0,,,476.0,-152.0
Denmark,10502.0,2021-10-01,15203.0,,14632.0,,,571.0,95.0
Denmark,10502.0,2021-11-01,14951.0,,14482.0,,,469.0,-102.0
Denmark,10502.0,2021-12-01,14797.0,,14164.0,,,633.0,164.0
Denmark,10502.0,2022-01-01,15050.0,,14308.0,,,742.0,109.0
Denmark,10502.0,2022-02-01,14589.0,,13832.0,,,757.0,15.0
Denmark,10502.0,2022-03-01,14515.0,,13541.0,,,974.0,217.0
Denmark,10502.0,2022-04-01,15737.0,,14988.0,,,749.0,-225.0
Denmark,10502.0,2022-05-01,14469.0,,13625.0,,,844.0,95.0
Denmark,10502.0,2022-06-01,14725.0,,13964.0,,,761.0,-83.0
Denmark,10502.0,2022-07-01,14855.0,,14074.0,,,781.0,20.0
Denmark,10502.0,2022-08-01,14047.0,,13172.0,,,875.0,94.0
Denmark,10502.0,2022-09-01,14078.0,,12952.0,,,1126.0,251.0
Denmark,10502.0,2022-10-01,11362.0,,10266.0,,,1096.0,-30.0
Denmark,10502.0,2022-11-01,12507.0,,10946.0,,,1561.0,465.0
Denmark,10502.0,2022-12-01,12336.0,,10901.0,,,1435.0,-126.0
Denmark,10502.0,2023-01-01,13059.0,,11655.0,,,1404.0,-31.0
Denmark,10502.0,2023-02-01,12668.0,-272.0,11271.0,-265.0,191.0,1397.0,-7.0
Denmark,10502.0,2023-03-01,14226.0,1363.0,11535.0,69.0,116.0,2691.0,1294.0
Denmark,10502.0,2023-04-01,14684.0,350.0,12106.0,463.0,-68.0,2578.0,-113.0
Denmark,10502.0,2023-05-01,14017.0,-215.0,11705.0,51.0,-104.0,2312.0,-266.0
Denmark,10502.0,2023-06-01,14011.0,264.0,11578.0,143.0,-176.0,2433.0,121.0
Denmark,10502.0,2023-07-01,14167.0,-220.0,11839.0,-115.0,234.0,2328.0,-105.0
Denmark,10502.0,2023-08-01,13828.0,-451.0,11959.0,8.0,-20.0,1869.0,-459.0
Denmark,10502.0,2023-09-01,12472.0,-974.0,11328.0,-249.0,-227.0,1144.0,-725.0
Denmark,10502.0,2023-10-01,12170.0,625.0,11220.0,819.0,-433.0,950.0,-194.0
Denmark,10502.0,2023-11-01,12231.0,-270.0,11244.0,-307.0,460.0,987.0,37.0
Denmark,10502.0,2023-12-01,13048.0,908.0,11716.0,563.0,277.0,1332.0,345.0
Denmark,10502.0,2024-01-01,11712.0,-851.0,10690.0,-541.0,-374.0,1022.0,-310.0
Denmark,10502.0,2024-02-01,12044.0,611.0,10476.0,65.0,-201.0,1568.0,546.0
Denmark,10502.0,2024-03-01,13862.0,1983.0,11493.0,1182.0,-78.0,2369.0,801.0
Denmark,10502.0,2024-04-01,14043.0,343.0,10883.0,-448.0,-132.0,3160.0,791.0
Denmark,10502.0,2024-05-01,13610.0,-138.0,9948.0,-640.0,-162.0,3662.0,502.0
Denmark,10502.0,2024-06-01,12958.0,-753.0,9706.0,-343.0,225.0,3252.0,-410.0
Denmark,10502.0,2024-07-01,13742.0,334.0,10370.0,214.0,391.0,3372.0,120.0
Denmark,10502.0,2024-08-01,13164.0,-644.0,10533.0,97.0,-6.0,2631.0,-741.0
Denmark,10502.0,2024-09-01,12924.0,-200.0,10891.0,398.0,-31.0,2033.0,-598.0
Denmark,10502.0,2024-10-01,12625.0,-115.0,10828.0,121.0,87.0,1797.0,-236.0
Denmark,10502.0,2024-11-01,12547.0,124.0,10483.0,-143.0,-334.0,2064.0,267.0
Denmark,10502.0,2024-12-01,13642.0,1241.0,10727.0,390.0,-21.0,2915.0,851.0
Denmark,10502.0,2025-01-01,12712.0,-687.0,9954.0,-530.0,-140.0,2758.0,-157.0
Denmark,10502.0,2025-02-01,11710.0,-969.0,10386.0,465.0,110.0,1324.0,-1434.0
Denmark,10502.0,2025-03-01,13622.0,1702.0,10906.0,310.0,67.0,2716.0,1392.0
Denmark,10502.0,2025-04-01,13324.0,-445.0,10770.0,-283.0,54.0,2554.0,-162.0
Denmark,10502.0,2025-05-01,11705.0,-1541.0,9609.0,-1083.0,-51.0,2096.0,-458.0
Denmark,10502.0,2025-06-01,10965.0,-673.0,8784.0,-758.0,84.0,2181.0,85.0
Denmark,10502.0,2025-07-01,10269.0,-488.0,8786.0,210.0,-37.0,1483.0,-698.0
Denmark,10502.0,2025-08-01,9829.0,-517.0,8485.0,-378.0,71.0,1344.0,-139.0
Denmark,10502.0,2025-09-01,9916.0,437.0,8481.0,346.0,26.0,1435.0,91.0
Denmark,10502.0,2025-10-01,9130.0,-433.0,7767.0,-361.0,57.0,1363.0,-72.0
Denmark,10502.0,2025-11-01,9887.0,276.0,8293.0,45.0,38.0,1594.0,231.0
Denmark,10502.0,2025-12-01,10483.0,301.0,7647.0,-941.0,67.0,2836.0,1242.0
Denmark,10502.0,2026-01-01,10875.0,-33.0,8125.0,53.0,-7.0,2750.0,-86.0
Denmark,10502.0,2026-02-01,10121.0,-500.0,7494.0,-377.0,36.0,2627.0,-123.0
Denmark,10502.0,2026-03-01,10281.0,248.0,7801.0,395.0,-195.0,2480.0,-147.0
Denmark,10502.0,2026-04-01,9539.0,-586.0,6959.0,-686.0,-122.0,2580.0,100.0
Denmark,10502.0,2026-05-01,8486.0,-990.0,6324.0,-572.0,-30.0,2162.0,-418.0
Ecuador,31003.0,2020-01-01,357.0,,149.0,,,208.0,34.0
Ecuador,31003.0,2020-02-01,362.0,,143.0,,,219.0,11.0
Ecuador,31003.0,2020-03-01,341.0,,174.0,,,167.0,-52.0
Ecuador,31003.0,2020-04-01,355.0,,174.0,,,181.0,14.0
Ecuador,31003.0,2020-05-01,326.0,,172.0,,,154.0,-27.0
Ecuador,31003.0,2020-06-01,304.0,,161.0,,,143.0,-11.0
Ecuador,31003.0,2020-07-01,235.0,,159.0,,,76.0,-67.0
Ecuador,31003.0,2020-08-01,250.0,,156.0,,,94.0,18.0
Ecuador,31003.0,2020-09-01,245.0,,156.0,,,89.0,-5.0
Ecuador,31003.0,2020-10-01,244.0,,152.0,,,92.0,3.0
Ecuador,31003.0,2020-11-01,242.0,,150.0,,,92.0,0.0
Ecuador,31003.0,2020-12-01,225.0,,149.0,,,76.0,-16.0
Ecuador,31003.0,2021-01-01,188.0,,149.0,,,39.0,-37.0
Ecuador,31003.0,2021-02-01,180.0,,124.0,,,56.0,17.0
Ecuador,31003.0,2021-03-01,179.0,,123.0,,,56.0,0.0
Ecuador,31003.0,2021-04-01,166.0,,123.0,,,43.0,-13.0
Ecuador,31003.0,2021-05-01,169.0,,124.0,,,45.0,2.0
Ecuador,31003.0,2021-06-01,168.0,,124.0,,,44.0,-1.0
Ecuador,31003.0,2021-07-01,171.0,,126.0,,,45.0,1.0
Ecuador,31003.0,2021-08-01,185.0,,140.0,,,45.0,0.0
Ecuador,31003.0,2021-09-01,175.0,,134.0,,,41.0,-4.0
Ecuador,31003.0,2021-10-01,173.0,,134.0,,,39.0,-2.0
Ecuador,31003.0,2021-11-01,169.0,,134.0,,,35.0,-4.0
Ecuador,31003.0,2021-12-01,162.0,,121.0,,,41.0,6.0
Ecuador,31003.0,2022-01-01,157.0,,117.0,,,40.0,-1.0
Ecuador,31003.0,2022-02-01,161.0,,115.0,,,46.0,6.0
Ecuador,31003.0,2022-03-01,165.0,,113.0,,,52.0,6.0
Ecuador,31003.0,2022-04-01,175.0,,116.0,,,59.0,7.0
Ecuador,31003.0,2022-05-01,179.0,,123.0,,,56.0,-3.0
Ecuador,31003.0,2022-06-01,187.0,,127.0,,,60.0,4.0
Ecuador,31003.0,2022-07-01,191.0,,132.0,,,59.0,-1.0
Ecuador,31003.0,2022-08-01,207.0,,137.0,,,70.0,11.0
Ecuador,31003.0,2022-09-01,229.0,,144.0,,,85.0,15.0
Ecuador,31003.0,2022-10-01,253.0,,150.0,,,103.0,18.0
Ecuador,31003.0,2022-11-01,474.0,,158.0,,,316.0,213.0
Ecuador,31003.0,2022-12-01,487.0,,170.0,,,317.0,1.0
Ecuador,31003.0,2023-01-01,291.0,,174.0,,,117.0,-200.0
Ecuador,31003.0,2023-02-01,595.0,308.0,174.0,4.0,3.0,421.0,304.0
Ecuador,31003.0,2023-03-01,499.0,-95.0,182.0,9.0,2.0,317.0,-104.0
Ecuador,31003.0,2023-04-01,833.0,331.0,195.0,10.0,0.0,638.0,321.0
Ecuador,31003.0,2023-05-01,1037.0,202.0,192.0,-5.0,0.0,845.0,207.0
Ecuador,31003.0,2023-06-01,1250.0,213.0,202.0,10.0,0.0,1048.0,203.0
Ecuador,31003.0,2023-07-01,1355.0,115.0,197.0,5.0,0.0,1158.0,110.0
Ecuador,31003.0,2023-08-01,1373.0,16.0,203.0,4.0,2.0,1170.0,12.0
Ecuador,31003.0,2023-09-01,1392.0,14.0,213.0,5.0,0.0,1179.0,9.0
Ecuador,31003.0,2023-10-01,1195.0,-188.0,199.0,-5.0,1.0,996.0,-183.0
Ecuador,31003.0,2023-11-01,1097.0,-98.0,207.0,8.0,1.0,890.0,-106.0
Ecuador,31003.0,2023-12-01,989.0,-126.0,230.0,5.0,14.0,759.0,-131.0
Ecuador,31003.0,2024-01-01,830.0,-134.0,213.0,8.0,0.0,617.0,-142.0
Ecuador,31003.0,2024-02-01,966.0,136.0,213.0,0.0,1.0,753.0,136.0
Ecuador,31003.0,2024-03-01,1400.0,432.0,224.0,9.0,0.0,1176.0,423.0
Ecuador,31003.0,2024-04-01,1361.0,-29.0,218.0,4.0,-1.0,1143.0,-33.0
Ecuador,31003.0,2024-05-01,1405.0,69.0,229.0,36.0,0.0,1176.0,33.0
Ecuador,31003.0,2024-06-01,1220.0,-175.0,231.0,12.0,2.0,989.0,-187.0
Ecuador,31003.0,2024-07-01,1431.0,211.0,226.0,-5.0,-4.0,1205.0,216.0
Ecuador,31003.0,2024-08-01,1567.0,134.0,223.0,-5.0,0.0,1344.0,139.0
Ecuador,31003.0,2024-09-01,1850.0,300.0,206.0,0.0,-5.0,1644.0,300.0
Ecuador,31003.0,2024-10-01,1911.0,56.0,207.0,-4.0,-2.0,1704.0,60.0
Ecuador,31003.0,2024-11-01,1844.0,-66.0,402.0,196.0,0.0,1442.0,-262.0
Ecuador,31003.0,2024-12-01,1561.0,-275.0,395.0,1.0,5.0,1166.0,-276.0
Ecuador,31003.0,2025-01-01,1396.0,-167.0,411.0,14.0,2.0,985.0,-181.0
Ecuador,31003.0,2025-02-01,1275.0,-111.0,345.0,-56.0,0.0,930.0,-55.0
Ecuador,31003.0,2025-03-01,1169.0,-104.0,347.0,4.0,4.0,822.0,-108.0
Ecuador,31003.0,2025-04-01,1224.0,55.0,354.0,7.0,7.0,870.0,48.0
Ecuador,31003.0,2025-05-01,1187.0,-29.0,349.0,3.0,-9.0,838.0,-32.0
Ecuador,31003.0,2025-06-01,1312.0,143.0,318.0,-13.0,-3.0,994.0,156.0
Ecuador,31003.0,2025-07-01,1303.0,2.0,331.0,24.0,-4.0,972.0,-22.0
Ecuador,31003.0,2025-08-01,1332.0,34.0,345.0,19.0,-4.0,987.0,15.0
Ecuador,31003.0,2025-09-01,1249.0,-62.0,339.0,15.0,-1.0,910.0,-77.0
Ecuador,31003.0,2025-10-01,1293.0,56.0,331.0,4.0,-2.0,962.0,52.0
Ecuador,31003.0,2025-11-01,1201.0,-89.0,343.0,15.0,-3.0,858.0,-104.0
Ecuador,31003.0,2025-12-01,1358.0,171.0,322.0,-7.0,-2.0,1036.0,178.0
Ecuador,31003.0,2026-01-01,1188.0,-165.0,333.0,16.0,-1.0,855.0,-181.0
Ecuador,31003.0,2026-02-01,1519.0,339.0,342.0,17.0,1.0,1177.0,322.0
Ecuador,31003.0,2026-03-01,1556.0,54.0,339.0,14.0,-3.0,1217.0,40.0
Ecuador,31003.0,2026-04-01,1540.0,-5.0,524.0,196.0,-2.0,1016.0,-201.0
Ecuador,31003.0,2026-05-01,1812.0,285.0,555.0,44.0,-1.0,1257.0,241.0
Egypt,57002.0,2020-01-01,,,2192.0,,,,
Egypt,57002.0,2020-02-01,,,2207.0,,,,
Egypt,57002.0,2020-03-01,,,2236.0,,,,
Egypt,57002.0,2020-04-01,,,2231.0,,,,
Egypt,57002.0,2020-05-01,,,2235.0,,,,
Egypt,57002.0,2020-06-01,,,2351.0,,,,
Egypt,57002.0,2020-07-01,,,2238.0,,,,
Egypt,57002.0,2020-08-01,,,2238.0,,,,
Egypt,57002.0,2020-09-01,,,2243.0,,,,
Egypt,57002.0,2020-10-01,,,2244.0,,,,
Egypt,57002.0,2020-11-01,,,2244.0,,,,
Egypt,57002.0,2020-12-01,,,2242.0,,,,
Egypt,57002.0,2021-01-01,,,2242.0,,,,
Egypt,57002.0,2021-02-01,,,2242.0,,,,
Egypt,57002.0,2021-03-01,,,2248.0,,,,
Egypt,57002.0,2021-04-01,,,2249.0,,,,
Egypt,57002.0,2021-05-01,,,2249.0,,,,
Egypt,57002.0,2021-06-01,,,2245.0,,,,
Egypt,57002.0,2021-07-01,,,2256.0,,,,
Egypt,57002.0,2021-08-01,,,2258.0,,,,
Egypt,57002.0,2021-09-01,,,2254.0,,,,
Egypt,57002.0,2021-10-01,,,2249.0,,,,
Egypt,57002.0,2021-11-01,,,2249.0,,,,
Egypt,57002.0,2021-12-01,,,2244.0,,,,
Egypt,57002.0,2022-01-01,,,2232.0,,,,
Egypt,57002.0,2022-02-01,,,2225.0,,,,
Egypt,57002.0,2022-03-01,,,94.0,,,,
Egypt,57002.0,2022-04-01,,,95.0,,,,
Egypt,57002.0,2022-05-01,,,96.0,,,,
Egypt,57002.0,2022-06-01,,,96.0,,,,
Egypt,57002.0,2022-07-01,,,96.0,,,,
Egypt,57002.0,2022-08-01,,,92.0,,,,
Egypt,57002.0,2022-09-01,,,92.0,,,,
Egypt,57002.0,2022-10-01,,,93.0,,,,
Egypt,57002.0,2022-11-01,,,94.0,,,,
Egypt,57002.0,2022-12-01,,,93.0,,,,
Egypt,57002.0,2023-01-01,,,1127.0,,,,
Egypt,57002.0,2023-02-01,,,94.0,-1015.0,-16.0,,
Egypt,57002.0,2023-03-01,,,99.0,1.0,1.0,,
Egypt,57002.0,2023-04-01,,,98.0,-1.0,0.0,,
Egypt,57002.0,2023-05-01,,,99.0,1.0,2.0,,
Egypt,57002.0,2023-06-01,,,99.0,0.0,-3.0,,
Egypt,57002.0,2023-07-01,,,100.0,1.0,0.0,,
Egypt,57002.0,2023-08-01,,,101.0,1.0,0.0,,
Egypt,57002.0,2023-09-01,,,103.0,1.0,-1.0,,
Egypt,57002.0,2023-10-01,,,99.0,-3.0,0.0,,
Egypt,57002.0,2023-11-01,,,104.0,4.0,1.0,,
Egypt,57002.0,2023-12-01,,,107.0,1.0,1.0,,
Egypt,57002.0,2024-01-01,,,106.0,0.0,0.0,,
Egypt,57002.0,2024-02-01,,,153.0,49.0,-1.0,,
Egypt,57002.0,2024-03-01,,,153.0,0.0,0.0,,
Egypt,57002.0,2024-04-01,,,148.0,-3.0,-1.0,,
Egypt,57002.0,2024-05-01,,,151.0,2.0,1.0,,
Egypt,57002.0,2024-06-01,,,154.0,1.0,1.0,,
Egypt,57002.0,2024-07-01,,,157.0,1.0,1.0,,
Egypt,57002.0,2024-08-01,,,160.0,1.0,1.0,,
Egypt,57002.0,2024-09-01,,,160.0,2.0,1.0,,
Egypt,57002.0,2024-10-01,,,159.0,0.0,1.0,,
Egypt,57002.0,2024-11-01,,,160.0,0.0,-2.0,,
Egypt,57002.0,2024-12-01,,,162.0,4.0,0.0,,
Egypt,57002.0,2025-01-01,,,165.0,2.0,0.0,,
Egypt,57002.0,2025-02-01,,,164.0,-1.0,1.0,,
Egypt,57002.0,2025-03-01,,,163.0,-2.0,0.0,,
Egypt,57002.0,2025-04-01,,,162.0,-1.0,1.0,,
Egypt,57002.0,2025-05-01,,,164.0,0.0,0.0,,
Egypt,57002.0,2025-06-01,,,165.0,0.0,1.0,,
Egypt,57002.0,2025-07-01,,,164.0,-1.0,0.0,,
Egypt,57002.0,2025-08-01,,,165.0,1.0,1.0,,
Egypt,57002.0,2025-09-01,,,166.0,1.0,0.0,,
Egypt,57002.0,2025-10-01,,,168.0,3.0,0.0,,
Egypt,57002.0,2025-11-01,,,169.0,0.0,0.0,,
Egypt,57002.0,2025-12-01,,,171.0,2.0,0.0,,
Egypt,57002.0,2026-01-01,,,1160.0,999.0,-10.0,,
Egypt,57002.0,2026-02-01,,,1166.0,1.0,5.0,,
Egypt,57002.0,2026-03-01,,,1107.0,-48.0,-11.0,,
Egypt,57002.0,2026-04-01,,,1104.0,-1.0,-2.0,,
Egypt,57002.0,2026-05-01,,,1108.0,7.0,-4.0,,
Finland,10707.0,2020-01-01,6185.0,,6086.0,,,99.0,-61.0
Finland,10707.0,2020-02-01,6130.0,,6022.0,,,108.0,8.0
Finland,10707.0,2020-03-01,5602.0,,5485.0,,,117.0,9.0
Finland,10707.0,2020-04-01,5445.0,,5231.0,,,214.0,97.0
Finland,10707.0,2020-05-01,5585.0,,5041.0,,,545.0,331.0
Finland,10707.0,2020-06-01,5570.0,,5081.0,,,489.0,-55.0
Finland,10707.0,2020-07-01,5649.0,,5304.0,,,345.0,-145.0
Finland,10707.0,2020-08-01,5419.0,,5177.0,,,242.0,-103.0
Finland,10707.0,2020-09-01,5908.0,,5697.0,,,210.0,-31.0
Finland,10707.0,2020-10-01,6129.0,,5842.0,,,287.0,77.0
Finland,10707.0,2020-11-01,6278.0,,6094.0,,,184.0,-103.0
Finland,10707.0,2020-12-01,6049.0,,5879.0,,,169.0,-14.0
Finland,10707.0,2021-01-01,5713.0,,4970.0,,,743.0,574.0
Finland,10707.0,2021-02-01,5267.0,,4410.0,,,858.0,114.0
Finland,10707.0,2021-03-01,5527.0,,4664.0,,,863.0,6.0
Finland,10707.0,2021-04-01,5984.0,,5238.0,,,745.0,-118.0
Finland,10707.0,2021-05-01,6453.0,,5955.0,,,499.0,-247.0
Finland,10707.0,2021-06-01,6349.0,,5740.0,,,609.0,110.0
Finland,10707.0,2021-07-01,6405.0,,5793.0,,,612.0,3.0
Finland,10707.0,2021-08-01,6512.0,,5934.0,,,577.0,-35.0
Finland,10707.0,2021-09-01,6453.0,,5880.0,,,573.0,-4.0
Finland,10707.0,2021-10-01,6962.0,,6293.0,,,669.0,96.0
Finland,10707.0,2021-11-01,7114.0,,6303.0,,,811.0,143.0
Finland,10707.0,2021-12-01,8453.0,,7793.0,,,660.0,-151.0
Finland,10707.0,2022-01-01,8236.0,,7617.0,,,619.0,-41.0
Finland,10707.0,2022-02-01,7830.0,,7226.0,,,604.0,-15.0
Finland,10707.0,2022-03-01,7357.0,,6859.0,,,498.0,-106.0
Finland,10707.0,2022-04-01,7043.0,,6664.0,,,379.0,-119.0
Finland,10707.0,2022-05-01,6152.0,,5935.0,,,217.0,-162.0
Finland,10707.0,2022-06-01,5651.0,,5531.0,,,120.0,-96.0
Finland,10707.0,2022-07-01,5764.0,,5632.0,,,132.0,11.0
Finland,10707.0,2022-08-01,5885.0,,5604.0,,,281.0,149.0
Finland,10707.0,2022-09-01,5694.0,,5446.0,,,248.0,-34.0
Finland,10707.0,2022-10-01,5613.0,,5328.0,,,285.0,37.0
Finland,10707.0,2022-11-01,5704.0,,5397.0,,,306.0,22.0
Finland,10707.0,2022-12-01,5808.0,,5626.0,,,182.0,-124.0
Finland,10707.0,2023-01-01,6468.0,,6115.0,,,354.0,172.0
Finland,10707.0,2023-02-01,6399.0,174.0,6136.0,265.0,-226.0,263.0,-91.0
Finland,10707.0,2023-03-01,6626.0,34.0,6433.0,104.0,173.0,193.0,-70.0
Finland,10707.0,2023-04-01,6824.0,180.0,6700.0,249.0,15.0,123.0,-70.0
Finland,10707.0,2023-05-01,6791.0,109.0,6591.0,33.0,-141.0,200.0,76.0
Finland,10707.0,2023-06-01,7177.0,425.0,6490.0,-62.0,-57.0,687.0,487.0
Finland,10707.0,2023-07-01,7518.0,397.0,6473.0,38.0,-68.0,1045.0,358.0
Finland,10707.0,2023-08-01,7572.0,106.0,6650.0,229.0,-57.0,922.0,-123.0
Finland,10707.0,2023-09-01,7219.0,-288.0,6286.0,-299.0,25.0,933.0,11.0
Finland,10707.0,2023-10-01,7131.0,-74.0,6254.0,-18.0,-51.0,877.0,-56.0
Finland,10707.0,2023-11-01,6714.0,-557.0,6270.0,-124.0,141.0,444.0,-433.0
Finland,10707.0,2023-12-01,6796.0,46.0,6331.0,25.0,144.0,465.0,21.0
Finland,10707.0,2024-01-01,6971.0,182.0,6599.0,276.0,-21.0,372.0,-94.0
Finland,10707.0,2024-02-01,6689.0,-84.0,6312.0,-90.0,-89.0,378.0,6.0
Finland,10707.0,2024-03-01,6723.0,-189.0,6374.0,-161.0,26.0,350.0,-28.0
Finland,10707.0,2024-04-01,6475.0,-147.0,6105.0,-168.0,-134.0,371.0,21.0
Finland,10707.0,2024-05-01,6605.0,44.0,6256.0,66.0,66.0,348.0,-23.0
Finland,10707.0,2024-06-01,6609.0,-34.0,6270.0,-25.0,64.0,339.0,-10.0
Finland,10707.0,2024-07-01,6758.0,50.0,6507.0,137.0,100.0,252.0,-87.0
Finland,10707.0,2024-08-01,6899.0,66.0,6615.0,34.0,79.0,284.0,32.0
Finland,10707.0,2024-09-01,7192.0,166.0,6831.0,89.0,59.0,361.0,77.0
Finland,10707.0,2024-10-01,7105.0,86.0,6744.0,86.0,-174.0,361.0,1.0
Finland,10707.0,2024-11-01,7194.0,213.0,6878.0,259.0,-120.0,315.0,-46.0
Finland,10707.0,2024-12-01,6986.0,-68.0,6721.0,-17.0,-92.0,264.0,-51.0
Finland,10707.0,2025-01-01,8102.0,1157.0,7844.0,1163.0,16.0,259.0,-6.0
Finland,10707.0,2025-02-01,8583.0,392.0,8288.0,355.0,80.0,295.0,36.0
Finland,10707.0,2025-03-01,9210.0,519.0,8895.0,499.0,106.0,316.0,20.0
Finland,10707.0,2025-04-01,9573.0,290.0,9142.0,174.0,52.0,431.0,115.0
Finland,10707.0,2025-05-01,9274.0,-167.0,8866.0,-144.0,-121.0,407.0,-24.0
Finland,10707.0,2025-06-01,9527.0,197.0,9101.0,179.0,72.0,426.0,19.0
Finland,10707.0,2025-07-01,9599.0,133.0,9155.0,115.0,-51.0,444.0,18.0
Finland,10707.0,2025-08-01,10351.0,690.0,10045.0,828.0,69.0,307.0,-138.0
Finland,10707.0,2025-09-01,10160.0,-235.0,9891.0,-198.0,45.0,270.0,-37.0
Finland,10707.0,2025-10-01,9971.0,30.0,9546.0,-125.0,-36.0,425.0,155.0
Finland,10707.0,2025-11-01,10775.0,727.0,9630.0,8.0,99.0,1144.0,719.0
Finland,10707.0,2025-12-01,10552.0,-22.0,9042.0,-387.0,-56.0,1510.0,365.0
Finland,10707.0,2026-01-01,10196.0,-331.0,8703.0,-314.0,-16.0,1493.0,-17.0
Finland,10707.0,2026-02-01,10191.0,-161.0,8909.0,50.0,117.0,1282.0,-211.0
Finland,10707.0,2026-03-01,10353.0,335.0,9092.0,355.0,48.0,1261.0,-21.0
Finland,10707.0,2026-04-01,11506.0,1095.0,9576.0,426.0,110.0,1930.0,669.0
Finland,10707.0,2026-05-01,11337.0,-213.0,9743.0,124.0,-21.0,1594.0,-336.0
France,10804.0,2020-01-01,133966.0,,117931.0,,,16035.0,594.0
France,10804.0,2020-02-01,147623.0,,129667.0,,,17955.0,1920.0
France,10804.0,2020-03-01,156027.0,,138631.0,,,17396.0,-559.0
France,10804.0,2020-04-01,137705.0,,118361.0,,,19344.0,1948.0
France,10804.0,2020-05-01,130501.0,,108193.0,,,22309.0,2965.0
France,10804.0,2020-06-01,144139.0,,120123.0,,,24016.0,1708.0
France,10804.0,2020-07-01,130001.0,,108200.0,,,21801.0,-2216.0
France,10804.0,2020-08-01,133290.0,,111064.0,,,22227.0,426.0
France,10804.0,2020-09-01,135071.0,,116391.0,,,18680.0,-3547.0
France,10804.0,2020-10-01,136946.0,,118464.0,,,18482.0,-198.0
France,10804.0,2020-11-01,132375.0,,115065.0,,,17310.0,-1171.0
France,10804.0,2020-12-01,111270.0,,96754.0,,,14516.0,-2795.0
France,10804.0,2021-01-01,121500.0,,106257.0,,,15243.0,727.0
France,10804.0,2021-02-01,108685.0,,94766.0,,,13920.0,-1323.0
France,10804.0,2021-03-01,114405.0,,100125.0,,,14280.0,361.0
France,10804.0,2021-04-01,107221.0,,93853.0,,,13368.0,-912.0
France,10804.0,2021-05-01,108776.0,,94537.0,,,14239.0,870.0
France,10804.0,2021-06-01,226705.0,,207524.0,,,19180.0,4942.0
France,10804.0,2021-07-01,235941.0,,210969.0,,,24972.0,5792.0
France,10804.0,2021-08-01,238054.0,,215700.0,,,22354.0,-2618.0
France,10804.0,2021-09-01,241961.0,,226286.0,,,15675.0,-6679.0
France,10804.0,2021-10-01,239722.0,,218035.0,,,21686.0,6011.0
France,10804.0,2021-11-01,227289.0,,208672.0,,,18617.0,-3069.0
France,10804.0,2021-12-01,223922.0,,208207.0,,,15715.0,-2902.0
France,10804.0,2022-01-01,232932.0,,214075.0,,,18856.0,3142.0
France,10804.0,2022-02-01,238700.0,,213510.0,,,25190.0,6333.0
France,10804.0,2022-03-01,246039.0,,223225.0,,,22814.0,-2375.0
France,10804.0,2022-04-01,242872.0,,221332.0,,,21540.0,-1274.0
France,10804.0,2022-05-01,242544.0,,223396.0,,,19148.0,-2392.0
France,10804.0,2022-06-01,236276.0,,219159.0,,,17117.0,-2031.0
France,10804.0,2022-07-01,231848.0,,212248.0,,,19600.0,2483.0
France,10804.0,2022-08-01,232740.0,,212141.0,,,20599.0,999.0
France,10804.0,2022-09-01,206734.0,,191703.0,,,15031.0,-5568.0
France,10804.0,2022-10-01,217399.0,,201467.0,,,15932.0,901.0
France,10804.0,2022-11-01,194736.0,,178452.0,,,16284.0,353.0
France,10804.0,2022-12-01,180295.0,,165284.0,,,15011.0,-1274.0
France,10804.0,2023-01-01,178403.0,,164078.0,,,14325.0,-686.0
France,10804.0,2023-02-01,171174.0,-7861.0,152472.0,-12238.0,565.0,18702.0,4377.0
France,10804.0,2023-03-01,173889.0,6487.0,155276.0,6575.0,391.0,18614.0,-88.0
France,10804.0,2023-04-01,187255.0,26910.0,168754.0,27023.0,-178.0,18501.0,-113.0
France,10804.0,2023-05-01,201990.0,6424.0,168024.0,-9042.0,-701.0,33967.0,15466.0
France,10804.0,2023-06-01,207839.0,24788.0,188582.0,39498.0,243.0,19257.0,-14710.0
France,10804.0,2023-07-01,219305.0,6925.0,196450.0,3327.0,-1308.0,22855.0,3598.0
France,10804.0,2023-08-01,217374.0,-7668.0,197100.0,-5086.0,3964.0,20273.0,-2582.0
France,10804.0,2023-09-01,215669.0,4374.0,191363.0,341.0,-7065.0,24306.0,4033.0
France,10804.0,2023-10-01,222455.0,6475.0,201365.0,9691.0,93.0,21091.0,-3216.0
France,10804.0,2023-11-01,244705.0,42905.0,225773.0,45063.0,1971.0,18932.0,-2158.0
France,10804.0,2023-12-01,236690.0,-6130.0,218724.0,-5164.0,1397.0,17966.0,-966.0
France,10804.0,2024-01-01,256396.0,15157.0,239772.0,16499.0,-162.0,16625.0,-1342.0
France,10804.0,2024-02-01,271046.0,15395.0,249462.0,10435.0,344.0,21584.0,4959.0
France,10804.0,2024-03-01,271936.0,-5115.0,252804.0,-2665.0,-44.0,19133.0,-2451.0
France,10804.0,2024-04-01,276651.0,7668.0,251318.0,1468.0,-2018.0,25333.0,6200.0
France,10804.0,2024-05-01,283059.0,3228.0,259859.0,5361.0,1524.0,23200.0,-2133.0
France,10804.0,2024-06-01,305421.0,12941.0,287732.0,18452.0,970.0,17689.0,-5511.0
France,10804.0,2024-07-01,291157.0,-6889.0,271079.0,-9279.0,1064.0,20078.0,2390.0
France,10804.0,2024-08-01,312525.0,12631.0,293642.0,13826.0,3014.0,18883.0,-1195.0
France,10804.0,2024-09-01,328973.0,9533.0,312307.0,11750.0,170.0,16666.0,-2217.0
France,10804.0,2024-10-01,330189.0,7780.0,311468.0,5726.0,-3886.0,18721.0,2054.0
France,10804.0,2024-11-01,332530.0,9955.0,307912.0,4058.0,-378.0,24618.0,5897.0
France,10804.0,2024-12-01,332337.0,3623.0,315838.0,11742.0,-1661.0,16499.0,-8119.0
France,10804.0,2025-01-01,335427.0,-8645.0,319159.0,-8413.0,7842.0,16267.0,-232.0
France,10804.0,2025-02-01,354066.0,6909.0,332317.0,1427.0,5585.0,21750.0,5482.0
France,10804.0,2025-03-01,363093.0,11347.0,345928.0,15931.0,-6189.0,17165.0,-4584.0
France,10804.0,2025-04-01,360597.0,3681.0,337758.0,-1993.0,4010.0,22839.0,5674.0
France,10804.0,2025-05-01,375144.0,9622.0,352450.0,9767.0,715.0,22693.0,-145.0
France,10804.0,2025-06-01,373784.0,8106.0,355641.0,12656.0,-6653.0,18143.0,-4550.0
France,10804.0,2025-07-01,390972.0,18521.0,370492.0,16184.0,-475.0,20480.0,2337.0
France,10804.0,2025-08-01,389130.0,3583.0,369615.0,4549.0,737.0,19515.0,-966.0
France,10804.0,2025-09-01,375484.0,-11424.0,357730.0,-9663.0,4387.0,17754.0,-1761.0
France,10804.0,2025-10-01,390226.0,18509.0,369427.0,15464.0,-3219.0,20799.0,3045.0
France,10804.0,2025-11-01,376083.0,-21715.0,356531.0,-20467.0,1233.0,19552.0,-1247.0
France,10804.0,2025-12-01,368902.0,-7910.0,354686.0,-2575.0,-4235.0,14216.0,-5335.0
France,10804.0,2026-01-01,380467.0,19629.0,361512.0,14890.0,-253.0,18955.0,4739.0
France,10804.0,2026-02-01,395107.0,10083.0,375158.0,9090.0,4542.0,19949.0,994.0
France,10804.0,2026-03-01,392972.0,-6707.0,372158.0,-7573.0,-4261.0,20815.0,866.0
France,10804.0,2026-04-01,393298.0,1840.0,372016.0,1373.0,-2167.0,21282.0,467.0
France,10804.0,2026-05-01,393100.0,-5708.0,372711.0,-4814.0,115.0,20388.0,-894.0
Germany,11002.0,2020-01-01,83730.0,,74128.0,,,9602.0,255.0
Germany,11002.0,2020-02-01,85963.0,,75636.0,,,10327.0,726.0
Germany,11002.0,2020-03-01,77285.0,,69748.0,,,7537.0,-2790.0
Germany,11002.0,2020-04-01,77710.0,,68057.0,,,9653.0,2116.0
Germany,11002.0,2020-05-01,80582.0,,69997.0,,,10585.0,932.0
Germany,11002.0,2020-06-01,79363.0,,67261.0,,,12102.0,1517.0
Germany,11002.0,2020-07-01,78192.0,,67857.0,,,10336.0,-1767.0
Germany,11002.0,2020-08-01,78722.0,,70256.0,,,8467.0,-1869.0
Germany,11002.0,2020-09-01,74675.0,,67261.0,,,7414.0,-1052.0
Germany,11002.0,2020-10-01,74178.0,,67392.0,,,6786.0,-628.0
Germany,11002.0,2020-11-01,72988.0,,65826.0,,,7162.0,376.0
Germany,11002.0,2020-12-01,75363.0,,67086.0,,,8277.0,1115.0
Germany,11002.0,2021-01-01,74786.0,,67099.0,,,7687.0,-591.0
Germany,11002.0,2021-02-01,73538.0,,65566.0,,,7972.0,286.0
Germany,11002.0,2021-03-01,77630.0,,69999.0,,,7631.0,-341.0
Germany,11002.0,2021-04-01,77850.0,,70523.0,,,7326.0,-305.0
Germany,11002.0,2021-05-01,77147.0,,69337.0,,,7810.0,484.0
Germany,11002.0,2021-06-01,83332.0,,75947.0,,,7386.0,-424.0
Germany,11002.0,2021-07-01,80459.0,,73705.0,,,6754.0,-632.0
Germany,11002.0,2021-08-01,82434.0,,74807.0,,,7627.0,873.0
Germany,11002.0,2021-09-01,83552.0,,75311.0,,,8240.0,614.0
Germany,11002.0,2021-10-01,83799.0,,75316.0,,,8483.0,243.0
Germany,11002.0,2021-11-01,82264.0,,73587.0,,,8676.0,193.0
Germany,11002.0,2021-12-01,83361.0,,73759.0,,,9601.0,925.0
Germany,11002.0,2022-01-01,84255.0,,74645.0,,,9610.0,9.0
Germany,11002.0,2022-02-01,90548.0,,81559.0,,,8989.0,-622.0
Germany,11002.0,2022-03-01,93795.0,,85728.0,,,8067.0,-922.0
Germany,11002.0,2022-04-01,92811.0,,85158.0,,,7652.0,-414.0
Germany,11002.0,2022-05-01,91575.0,,82852.0,,,8723.0,1071.0
Germany,11002.0,2022-06-01,95379.0,,87687.0,,,7692.0,-1031.0
Germany,11002.0,2022-07-01,87543.0,,79980.0,,,7563.0,-129.0
Germany,11002.0,2022-08-01,88782.0,,80907.0,,,7875.0,312.0
Germany,11002.0,2022-09-01,83886.0,,75112.0,,,8774.0,899.0
Germany,11002.0,2022-10-01,85894.0,,77050.0,,,8844.0,70.0
Germany,11002.0,2022-11-01,79754.0,,69789.0,,,9964.0,1121.0
Germany,11002.0,2022-12-01,80142.0,,68125.0,,,12018.0,2053.0
Germany,11002.0,2023-01-01,77823.0,,67841.0,,,9982.0,-2036.0
Germany,11002.0,2023-02-01,79645.0,2545.0,70394.0,3275.0,-1290.0,9252.0,-731.0
Germany,11002.0,2023-03-01,77676.0,976.0,69425.0,1976.0,1101.0,8251.0,-1000.0
Germany,11002.0,2023-04-01,79524.0,1657.0,70376.0,761.0,-908.0,9148.0,896.0
Germany,11002.0,2023-05-01,84213.0,3952.0,71713.0,600.0,-278.0,12500.0,3352.0
Germany,11002.0,2023-06-01,87782.0,2293.0,75293.0,2303.0,66.0,12489.0,-10.0
Germany,11002.0,2023-07-01,88467.0,2262.0,76267.0,2550.0,-105.0,12201.0,-288.0
Germany,11002.0,2023-08-01,88541.0,1005.0,75412.0,76.0,69.0,13129.0,929.0
Germany,11002.0,2023-09-01,84816.0,-1479.0,72622.0,-543.0,-1306.0,12193.0,-936.0
Germany,11002.0,2023-10-01,87946.0,4995.0,75442.0,4683.0,-511.0,12505.0,311.0
Germany,11002.0,2023-11-01,86309.0,-2206.0,73852.0,-2158.0,1767.0,12457.0,-47.0
Germany,11002.0,2023-12-01,91572.0,660.0,78224.0,-230.0,1278.0,13348.0,890.0
Germany,11002.0,2024-01-01,94535.0,3056.0,82452.0,4321.0,38.0,12083.0,-1265.0
Germany,11002.0,2024-02-01,95512.0,2965.0,81557.0,1092.0,-871.0,13956.0,1873.0
Germany,11002.0,2024-03-01,94290.0,-439.0,81361.0,588.0,-85.0,12929.0,-1027.0
Germany,11002.0,2024-04-01,92041.0,51.0,78290.0,-772.0,-1106.0,13751.0,823.0
Germany,11002.0,2024-05-01,91473.0,-1351.0,77319.0,-1754.0,529.0,14155.0,403.0
Germany,11002.0,2024-06-01,91027.0,-331.0,77764.0,560.0,-534.0,13263.0,-892.0
Germany,11002.0,2024-07-01,105107.0,15707.0,83792.0,7655.0,801.0,21315.0,8052.0
Germany,11002.0,2024-08-01,99278.0,-7651.0,76245.0,-9369.0,841.0,23033.0,1718.0
Germany,11002.0,2024-09-01,103990.0,3944.0,80836.0,3823.0,392.0,23155.0,121.0
Germany,11002.0,2024-10-01,102550.0,1002.0,77825.0,-568.0,-734.0,24725.0,1570.0
Germany,11002.0,2024-11-01,100115.0,-1087.0,76640.0,164.0,497.0,23475.0,-1251.0
Germany,11002.0,2024-12-01,97226.0,483.0,74857.0,1589.0,-946.0,22369.0,-1105.0
Germany,11002.0,2025-01-01,105705.0,5113.0,80164.0,1941.0,392.0,25541.0,3172.0
Germany,11002.0,2025-02-01,103346.0,-2690.0,83038.0,2543.0,1339.0,20308.0,-5233.0
Germany,11002.0,2025-03-01,109649.0,5332.0,87273.0,3264.0,-117.0,22376.0,2068.0
Germany,11002.0,2025-04-01,108635.0,-1262.0,84611.0,-2910.0,154.0,24024.0,1648.0
Germany,11002.0,2025-05-01,100654.0,-6792.0,79335.0,-4087.0,-692.0,21319.0,-2705.0
Germany,11002.0,2025-06-01,100074.0,-569.0,77793.0,-1531.0,466.0,22281.0,962.0
Germany,11002.0,2025-07-01,107013.0,8287.0,80100.0,3655.0,405.0,26913.0,4632.0
Germany,11002.0,2025-08-01,100641.0,-7789.0,77579.0,-3938.0,677.0,23062.0,-3852.0
Germany,11002.0,2025-09-01,109542.0,10400.0,83969.0,7889.0,-580.0,25572.0,2511.0
Germany,11002.0,2025-10-01,114542.0,4262.0,82298.0,-2409.0,523.0,32244.0,6672.0
Germany,11002.0,2025-11-01,109149.0,-5165.0,79881.0,-2189.0,592.0,29268.0,-2976.0
Germany,11002.0,2025-12-01,103068.0,-1781.0,73553.0,-2027.0,-538.0,29514.0,246.0
Germany,11002.0,2026-01-01,106856.0,1116.0,77317.0,1090.0,-102.0,29539.0,25.0
Germany,11002.0,2026-02-01,108756.0,1351.0,77444.0,-422.0,711.0,31312.0,1773.0
Germany,11002.0,2026-03-01,112528.0,7746.0,83231.0,9761.0,-987.0,29297.0,-2015.0
Germany,11002.0,2026-04-01,107665.0,-4407.0,78092.0,-4683.0,94.0,29573.0,276.0
Germany,11002.0,2026-05-01,102777.0,-3306.0,73930.0,-2580.0,-205.0,28847.0,-726.0
Grand Total,99996.0,2020-01-01,7027316.0,,6321567.0,,,705749.0,-10308.0
Grand Total,99996.0,2020-02-01,7226047.0,,6488593.0,,,737454.0,31705.0
Grand Total,99996.0,2020-03-01,6949484.0,,6219975.0,,,729509.0,-7945.0
Grand Total,99996.0,2020-04-01,6903087.0,,6021886.0,,,881201.0,151692.0
Grand Total,99996.0,2020-05-01,6978051.0,,6016124.0,,,961927.0,80726.0
Grand Total,99996.0,2020-06-01,7052125.0,,6011476.0,,,1040649.0,78722.0
Grand Total,99996.0,2020-07-01,7096220.0,,6056669.0,,,1039551.0,-1098.0
Grand Total,99996.0,2020-08-01,7082017.0,,6034387.0,,,1047630.0,8079.0
Grand Total,99996.0,2020-09-01,7069204.0,,6051907.0,,,1017297.0,-30333.0
Grand Total,99996.0,2020-10-01,7070427.0,,6059294.0,,,1011133.0,-6164.0
Grand Total,99996.0,2020-11-01,7051183.0,,6027094.0,,,1024089.0,12956.0
Grand Total,99996.0,2020-12-01,7070737.0,,6043423.0,,,1027314.0,3225.0
Grand Total,99996.0,2021-01-01,7128022.0,,6112945.0,,,1015077.0,-12237.0
Grand Total,99996.0,2021-02-01,7108788.0,,6073216.0,,,1035572.0,20495.0
Grand Total,99996.0,2021-03-01,7038287.0,,6071788.0,,,966499.0,-69073.0
Grand Total,99996.0,2021-04-01,7078612.0,,6172841.0,,,905771.0,-60728.0
Grand Total,99996.0,2021-05-01,7144656.0,,6256810.0,,,887846.0,-17925.0
Grand Total,99996.0,2021-06-01,7518880.0,,6592133.0,,,926747.0,38901.0
Grand Total,99996.0,2021-07-01,7567320.0,,6642402.0,,,924918.0,-1829.0
Grand Total,99996.0,2021-08-01,7578812.0,,6654359.0,,,924453.0,-465.0
Grand Total,99996.0,2021-09-01,7570896.0,,6642514.0,,,928382.0,3929.0
Grand Total,99996.0,2021-10-01,7660672.0,,6698056.0,,,962616.0,34234.0
Grand Total,99996.0,2021-11-01,7687861.0,,6712439.0,,,975422.0,12806.0
Grand Total,99996.0,2021-12-01,7740370.0,,6752960.0,,,987410.0,11988.0
Grand Total,99996.0,2022-01-01,7655666.0,,6658806.0,,,996860.0,9450.0
Grand Total,99996.0,2022-02-01,7703454.0,,6678630.0,,,1024824.0,27964.0
Grand Total,99996.0,2022-03-01,7604215.0,,6595817.0,,,1008398.0,-16426.0
Grand Total,99996.0,2022-04-01,7443120.0,,6455558.0,,,987562.0,-20836.0
Grand Total,99996.0,2022-05-01,7410761.0,,6497919.0,,,912842.0,-74720.0
Grand Total,99996.0,2022-06-01,7416943.0,,6521506.0,,,895437.0,-17405.0
Grand Total,99996.0,2022-07-01,7485522.0,,6601472.0,,,884050.0,-11387.0
Grand Total,99996.0,2022-08-01,7492694.0,,6563621.0,,,929073.0,45023.0
Grand Total,99996.0,2022-09-01,7251508.0,,6331898.0,,,919610.0,-9463.0
Grand Total,99996.0,2022-10-01,7133151.0,,6231915.0,,,901236.0,-18374.0
Grand Total,99996.0,2022-11-01,7184662.0,,6278738.0,,,905924.0,4688.0
Grand Total,99996.0,2022-12-01,7194684.0,,6244696.0,,,949988.0,44064.0
Grand Total,99996.0,2023-01-01,7305083.0,,6364842.0,,,940241.0,-9747.0
Grand Total,99996.0,2023-02-01,7254900.0,76633.0,6289115.0,51089.0,-108122.0,965785.0,25544.0
Grand Total,99996.0,2023-03-01,7468642.0,91709.0,6506021.0,94873.0,123457.0,962621.0,-3164.0
Grand Total,99996.0,2023-04-01,7505983.0,71023.0,6588242.0,115903.0,19324.0,917741.0,-44880.0
Grand Total,99996.0,2023-05-01,7458553.0,44537.0,6558524.0,62249.0,-68066.0,900029.0,-17712.0
Grand Total,99996.0,2023-06-01,7563215.0,140437.0,6600967.0,78218.0,-46032.0,962248.0,62219.0
Grand Total,99996.0,2023-07-01,7595100.0,29721.0,6597898.0,-5233.0,-17937.0,997202.0,34954.0
Grand Total,99996.0,2023-08-01,7620532.0,42232.0,6584294.0,3196.0,-27756.0,1036238.0,39036.0
Grand Total,99996.0,2023-09-01,7509115.0,33059.0,6448221.0,8403.0,-143020.0,1060894.0,24656.0
Grand Total,99996.0,2023-10-01,7476742.0,-5824.0,6441348.0,19676.0,-51273.0,1035394.0,-25500.0
Grand Total,99996.0,2023-11-01,7716320.0,134604.0,6651332.0,105010.0,160892.0,1064988.0,29594.0
Grand Total,99996.0,2023-12-01,7940008.0,32362.0,6856948.0,14290.0,139450.0,1083060.0,18072.0
Grand Total,99996.0,2024-01-01,7953787.0,24952.0,6898526.0,52751.0,4974.0,1055261.0,-27799.0
Grand Total,99996.0,2024-02-01,7999272.0,126331.0,6909717.0,92037.0,-61990.0,1089555.0,34294.0
Grand Total,99996.0,2024-03-01,8107871.0,50033.0,7016696.0,48413.0,39736.0,1091175.0,1620.0
Grand Total,99996.0,2024-04-01,8036194.0,72934.0,6957434.0,85349.0,-112207.0,1078760.0,-12415.0
Grand Total,99996.0,2024-05-01,8130734.0,43464.0,7061423.0,52913.0,51399.0,1069311.0,-9449.0
Grand Total,99996.0,2024-06-01,8299265.0,84831.0,7145705.0,582.0,80760.0,1153560.0,84249.0
Grand Total,99996.0,2024-07-01,8428222.0,69728.0,7263226.0,58292.0,92543.0,1164996.0,11436.0
Grand Total,99996.0,2024-08-01,8611360.0,92238.0,7373844.0,19718.0,74810.0,1237516.0,72520.0
Grand Total,99996.0,2024-09-01,8766252.0,74624.0,7515903.0,61791.0,53859.0,1250349.0,12833.0
Grand Total,99996.0,2024-10-01,8693543.0,96102.0,7436107.0,89015.0,-113718.0,1257436.0,7087.0
Grand Total,99996.0,2024-11-01,8723263.0,-26409.0,7457101.0,-35135.0,43994.0,1266162.0,8726.0
Grand Total,99996.0,2024-12-01,8619302.0,3335.0,7313969.0,-35836.0,-100142.0,1305333.0,39171.0
Grand Total,99996.0,2025-01-01,8617760.0,28360.0,7279343.0,-4724.0,-950.0,1338417.0,33084.0
Grand Total,99996.0,2025-02-01,8899312.0,167056.0,7499810.0,105971.0,114832.0,1399502.0,61085.0
Grand Total,99996.0,2025-03-01,9051957.0,143062.0,7637370.0,127977.0,-4527.0,1414587.0,15085.0
Grand Total,99996.0,2025-04-01,8998688.0,-70535.0,7596183.0,-58453.0,23464.0,1402505.0,-12082.0
Grand Total,99996.0,2025-05-01,9021695.0,138769.0,7619114.0,138693.0,-84610.0,1402581.0,76.0
Grand Total,99996.0,2025-06-01,9093552.0,20160.0,7673568.0,2757.0,49210.0,1419984.0,17403.0
Grand Total,99996.0,2025-07-01,9109546.0,39226.0,7694029.0,43693.0,-49164.0,1415517.0,-4467.0
Grand Total,99996.0,2025-08-01,9248209.0,73842.0,7807864.0,49014.0,38015.0,1440345.0,24828.0
Grand Total,99996.0,2025-09-01,9237495.0,5529.0,7818348.0,26727.0,33966.0,1419147.0,-21198.0
Grand Total,99996.0,2025-10-01,9230486.0,-38709.0,7791890.0,-58158.0,9364.0,1438596.0,19449.0
Grand Total,99996.0,2025-11-01,9349632.0,76149.0,7911510.0,76623.0,16528.0,1438122.0,-474.0
Grand Total,99996.0,2025-12-01,9269535.0,-9842.0,7819578.0,-21677.0,-59968.0,1449957.0,11835.0
Grand Total,99996.0,2026-01-01,9291317.0,37609.0,7851894.0,48143.0,-15256.0,1439423.0,-10534.0
Grand Total,99996.0,2026-02-01,9489360.0,94447.0,7958121.0,2631.0,74795.0,1531239.0,91816.0
Grand Total,99996.0,2026-03-01,9355048.0,929.0,7836450.0,13570.0,-142193.0,1518598.0,-12641.0
Grand Total,99996.0,2026-04-01,9352646.0,30530.0,7854033.0,50515.0,-39071.0,1498613.0,-19985.0
Grand Total,99996.0,2026-05-01,9371073.0,13104.0,7915937.0,56581.0,-22551.0,1455136.0,-43477.0
Greece,11207.0,2020-01-01,,,2149.0,,,,
Greece,11207.0,2020-02-01,,,2209.0,,,,
Greece,11207.0,2020-03-01,,,2171.0,,,,
Greece,11207.0,2020-04-01,,,2013.0,,,,
Greece,11207.0,2020-05-01,,,1993.0,,,,
Greece,11207.0,2020-06-01,,,1768.0,,,,
Greece,11207.0,2020-07-01,,,1784.0,,,,
Greece,11207.0,2020-08-01,,,1691.0,,,,
Greece,11207.0,2020-09-01,,,1388.0,,,,
Greece,11207.0,2020-10-01,,,1614.0,,,,
Greece,11207.0,2020-11-01,,,1659.0,,,,
Greece,11207.0,2020-12-01,,,1558.0,,,,
Greece,11207.0,2021-01-01,,,1431.0,,,,
Greece,11207.0,2021-02-01,,,1358.0,,,,
Greece,11207.0,2021-03-01,,,1370.0,,,,
Greece,11207.0,2021-04-01,,,1188.0,,,,
Greece,11207.0,2021-05-01,,,1084.0,,,,
Greece,11207.0,2021-06-01,,,1298.0,,,,
Greece,11207.0,2021-07-01,,,1288.0,,,,
Greece,11207.0,2021-08-01,,,1382.0,,,,
Greece,11207.0,2021-09-01,,,1425.0,,,,
Greece,11207.0,2021-10-01,,,1373.0,,,,
Greece,11207.0,2021-11-01,,,1352.0,,,,
Greece,11207.0,2021-12-01,,,1221.0,,,,
Greece,11207.0,2022-01-01,,,1441.0,,,,
Greece,11207.0,2022-02-01,,,1701.0,,,,
Greece,11207.0,2022-03-01,,,2057.0,,,,
Greece,11207.0,2022-04-01,,,1904.0,,,,
Greece,11207.0,2022-05-01,,,1891.0,,,,
Greece,11207.0,2022-06-01,,,2012.0,,,,
Greece,11207.0,2022-07-01,,,2045.0,,,,
Greece,11207.0,2022-08-01,,,2222.0,,,,
Greece,11207.0,2022-09-01,,,2419.0,,,,
Greece,11207.0,2022-10-01,,,2600.0,,,,
Greece,11207.0,2022-11-01,,,2576.0,,,,
Greece,11207.0,2022-12-01,,,2548.0,,,,
Greece,11207.0,2023-01-01,,,2381.0,,,,
Greece,11207.0,2023-02-01,,,2685.0,324.0,-19.0,,
Greece,11207.0,2023-03-01,,,2605.0,-122.0,40.0,,
Greece,11207.0,2023-04-01,,,2206.0,-407.0,7.0,,
Greece,11207.0,2023-05-01,,,2514.0,317.0,-8.0,,
Greece,11207.0,2023-06-01,,,3015.0,513.0,-13.0,,
Greece,11207.0,2023-07-01,,,2857.0,-160.0,1.0,,
Greece,11207.0,2023-08-01,,,2667.0,-129.0,-4.0,,
Greece,11207.0,2023-09-01,,,2730.0,94.0,-26.0,,
Greece,11207.0,2023-10-01,,,2709.0,-11.0,-10.0,,
Greece,11207.0,2023-11-01,,,2738.0,-3.0,32.0,,
Greece,11207.0,2023-12-01,,,1758.0,-106.0,27.0,,
Greece,11207.0,2024-01-01,,,2157.0,67.0,8.0,,
Greece,11207.0,2024-02-01,,,2294.0,156.0,-19.0,,
Greece,11207.0,2024-03-01,,,2272.0,-29.0,6.0,,
Greece,11207.0,2024-04-01,,,2357.0,113.0,-25.0,,
Greece,11207.0,2024-05-01,,,2287.0,-88.0,15.0,,
Greece,11207.0,2024-06-01,,,2278.0,-22.0,13.0,,
Greece,11207.0,2024-07-01,,,2284.0,-20.0,28.0,,
Greece,11207.0,2024-08-01,,,2252.0,-50.0,19.0,,
Greece,11207.0,2024-09-01,,,2218.0,-48.0,13.0,,
Greece,11207.0,2024-10-01,,,2277.0,115.0,-29.0,,
Greece,11207.0,2024-11-01,,,2186.0,-84.0,7.0,,
Greece,11207.0,2024-12-01,,,2266.0,98.0,-15.0,,
Greece,11207.0,2025-01-01,,,2231.0,-41.0,5.0,,
Greece,11207.0,2025-02-01,,,2226.0,-21.0,21.0,,
Greece,11207.0,2025-03-01,,,2166.0,-63.0,4.0,,
Greece,11207.0,2025-04-01,,,2171.0,-9.0,15.0,,
Greece,11207.0,2025-05-01,,,2303.0,148.0,-13.0,,
Greece,11207.0,2025-06-01,,,2142.0,-170.0,14.0,,
Greece,11207.0,2025-07-01,,,2201.0,64.0,-9.0,,
Greece,11207.0,2025-08-01,,,2164.0,-47.0,14.0,,
Greece,11207.0,2025-09-01,,,2318.0,169.0,-4.0,,
Greece,11207.0,2025-10-01,,,2326.0,3.0,4.0,,
Greece,11207.0,2025-11-01,,,2338.0,4.0,8.0,,
Greece,11207.0,2025-12-01,,,2197.0,-170.0,-6.0,,
Greece,11207.0,2026-01-01,,,2156.0,26.0,-4.0,,
Greece,11207.0,2026-02-01,,,2051.0,-120.0,15.0,,
Greece,11207.0,2026-03-01,,,2222.0,202.0,-25.0,,
Greece,11207.0,2026-04-01,,,2212.0,-7.0,-1.0,,
Greece,11207.0,2026-05-01,,,2197.0,-10.0,-4.0,,
Guatemala,31208.0,2020-01-01,7226.0,,7183.0,,,43.0,8.0
Guatemala,31208.0,2020-02-01,7245.0,,7158.0,,,87.0,44.0
Guatemala,31208.0,2020-03-01,6532.0,,6465.0,,,67.0,-20.0
Guatemala,31208.0,2020-04-01,5880.0,,5776.0,,,104.0,37.0
Guatemala,31208.0,2020-05-01,7115.0,,6931.0,,,184.0,80.0
Guatemala,31208.0,2020-06-01,7296.0,,6978.0,,,318.0,134.0
Guatemala,31208.0,2020-07-01,7307.0,,7053.0,,,254.0,-64.0
Guatemala,31208.0,2020-08-01,6942.0,,6875.0,,,67.0,-187.0
Guatemala,31208.0,2020-09-01,6734.0,,6540.0,,,194.0,127.0
Guatemala,31208.0,2020-10-01,7096.0,,7017.0,,,79.0,-115.0
Guatemala,31208.0,2020-11-01,7774.0,,7545.0,,,229.0,150.0
Guatemala,31208.0,2020-12-01,7822.0,,7759.0,,,63.0,-166.0
Guatemala,31208.0,2021-01-01,6979.0,,6236.0,,,743.0,680.0
Guatemala,31208.0,2021-02-01,6466.0,,6002.0,,,464.0,-279.0
Guatemala,31208.0,2021-03-01,6150.0,,6006.0,,,144.0,-320.0
Guatemala,31208.0,2021-04-01,5789.0,,5594.0,,,195.0,51.0
Guatemala,31208.0,2021-05-01,5708.0,,5373.0,,,335.0,140.0
Guatemala,31208.0,2021-06-01,5437.0,,5278.0,,,159.0,-176.0
Guatemala,31208.0,2021-07-01,5735.0,,5212.0,,,523.0,364.0
Guatemala,31208.0,2021-08-01,5795.0,,5383.0,,,412.0,-111.0
Guatemala,31208.0,2021-09-01,5798.0,,5264.0,,,534.0,122.0
Guatemala,31208.0,2021-10-01,5987.0,,5213.0,,,774.0,240.0
Guatemala,31208.0,2021-11-01,5579.0,,4947.0,,,632.0,-142.0
Guatemala,31208.0,2021-12-01,6061.0,,5151.0,,,910.0,278.0
Guatemala,31208.0,2022-01-01,6533.0,,5318.0,,,1215.0,305.0
Guatemala,31208.0,2022-02-01,6472.0,,5390.0,,,1082.0,-133.0
Guatemala,31208.0,2022-03-01,6660.0,,5563.0,,,1097.0,15.0
Guatemala,31208.0,2022-04-01,6661.0,,5622.0,,,1039.0,-58.0
Guatemala,31208.0,2022-05-01,6040.0,,5810.0,,,230.0,-809.0
Guatemala,31208.0,2022-06-01,6370.0,,6159.0,,,211.0,-19.0
Guatemala,31208.0,2022-07-01,7599.0,,7345.0,,,254.0,43.0
Guatemala,31208.0,2022-08-01,7393.0,,7223.0,,,170.0,-84.0
Guatemala,31208.0,2022-09-01,7096.0,,7037.0,,,59.0,-111.0
Guatemala,31208.0,2022-10-01,7641.0,,7483.0,,,158.0,99.0
Guatemala,31208.0,2022-11-01,8377.0,,8303.0,,,74.0,-84.0
Guatemala,31208.0,2022-12-01,8108.0,,7910.0,,,198.0,124.0
Guatemala,31208.0,2023-01-01,8806.0,,8326.0,,,480.0,282.0
Guatemala,31208.0,2023-02-01,8924.0,206.0,8360.0,122.0,-89.0,564.0,84.0
Guatemala,31208.0,2023-03-01,9309.0,264.0,8526.0,45.0,124.0,783.0,219.0
Guatemala,31208.0,2023-04-01,9140.0,-179.0,8692.0,156.0,11.0,448.0,-335.0
Guatemala,31208.0,2023-05-01,9341.0,349.0,8972.0,428.0,-69.0,369.0,-79.0
Guatemala,31208.0,2023-06-01,10692.0,1295.0,10178.0,1150.0,-72.0,514.0,145.0
Guatemala,31208.0,2023-07-01,10801.0,104.0,9917.0,-266.0,3.0,884.0,370.0
Guatemala,31208.0,2023-08-01,10396.0,-201.0,9651.0,-62.0,-14.0,745.0,-139.0
Guatemala,31208.0,2023-09-01,9892.0,-384.0,9104.0,-427.0,-124.0,788.0,43.0
Guatemala,31208.0,2023-10-01,10611.0,838.0,9052.0,67.0,-37.0,1559.0,771.0
Guatemala,31208.0,2023-11-01,11597.0,817.0,9461.0,240.0,169.0,2136.0,577.0
Guatemala,31208.0,2023-12-01,11923.0,185.0,10082.0,480.0,137.0,1841.0,-295.0
Guatemala,31208.0,2024-01-01,11442.0,-228.0,9650.0,-179.0,2.0,1792.0,-49.0
Guatemala,31208.0,2024-02-01,10722.0,-568.0,9620.0,122.0,-90.0,1102.0,-690.0
Guatemala,31208.0,2024-03-01,10310.0,-254.0,9573.0,111.0,17.0,737.0,-365.0
Guatemala,31208.0,2024-04-01,10632.0,645.0,9316.0,66.0,-108.0,1316.0,579.0
Guatemala,31208.0,2024-05-01,10671.0,75.0,9437.0,157.0,71.0,1234.0,-82.0
Guatemala,31208.0,2024-06-01,11152.0,466.0,9573.0,121.0,15.0,1579.0,345.0
Guatemala,31208.0,2024-07-01,11263.0,59.0,9965.0,340.0,114.0,1298.0,-281.0
Guatemala,31208.0,2024-08-01,11646.0,278.0,10234.0,164.0,57.0,1412.0,114.0
Guatemala,31208.0,2024-09-01,12488.0,795.0,11285.0,1004.0,61.0,1203.0,-209.0
Guatemala,31208.0,2024-10-01,12430.0,126.0,11688.0,587.0,-181.0,742.0,-461.0
Guatemala,31208.0,2024-11-01,12627.0,-55.0,11545.0,-395.0,58.0,1082.0,340.0
Guatemala,31208.0,2024-12-01,12033.0,-414.0,11311.0,-54.0,-78.0,722.0,-360.0
Guatemala,31208.0,2025-01-01,12183.0,16.0,11082.0,-363.0,26.0,1101.0,379.0
Guatemala,31208.0,2025-02-01,12350.0,-55.0,11147.0,-157.0,89.0,1203.0,102.0
Guatemala,31208.0,2025-03-01,12401.0,-146.0,11284.0,-60.0,-17.0,1117.0,-86.0
Guatemala,31208.0,2025-04-01,13251.0,687.0,12448.0,1001.0,50.0,803.0,-314.0
Guatemala,31208.0,2025-05-01,13560.0,387.0,12960.0,590.0,-78.0,600.0,-203.0
Guatemala,31208.0,2025-06-01,13763.0,242.0,13246.0,325.0,55.0,517.0,-83.0
Guatemala,31208.0,2025-07-01,13709.0,-63.0,13225.0,-30.0,-53.0,484.0,-33.0
Guatemala,31208.0,2025-08-01,15947.0,2147.0,14448.0,1132.0,91.0,1499.0,1015.0
Guatemala,31208.0,2025-09-01,15275.0,-584.0,15027.0,667.0,6.0,248.0,-1251.0
Guatemala,31208.0,2025-10-01,16882.0,1481.0,16270.0,1117.0,8.0,612.0,364.0
Guatemala,31208.0,2025-11-01,17851.0,917.0,16988.0,666.0,53.0,863.0,251.0
Guatemala,31208.0,2025-12-01,18515.0,802.0,17463.0,613.0,-47.0,1052.0,189.0
Guatemala,31208.0,2026-01-01,18984.0,514.0,18408.0,990.0,-46.0,576.0,-476.0
Guatemala,31208.0,2026-02-01,19245.0,175.0,18541.0,47.0,174.0,704.0,128.0
Guatemala,31208.0,2026-03-01,19090.0,91.0,18232.0,-63.0,-169.0,858.0,154.0
Guatemala,31208.0,2026-04-01,18379.0,-668.0,17802.0,-387.0,-24.0,577.0,-281.0
Guatemala,31208.0,2026-05-01,18233.0,-111.0,17892.0,125.0,-41.0,341.0,-236.0
Guernsey,13006.0,2020-01-01,,,5621.0,,,,
Guernsey,13006.0,2020-02-01,,,5386.0,,,,
Guernsey,13006.0,2020-03-01,,,4706.0,,,,
Guernsey,13006.0,2020-04-01,,,4951.0,,,,
Guernsey,13006.0,2020-05-01,,,5376.0,,,,
Guernsey,13006.0,2020-06-01,,,5558.0,,,,
Guernsey,13006.0,2020-07-01,,,6035.0,,,,
Guernsey,13006.0,2020-08-01,,,5980.0,,,,
Guernsey,13006.0,2020-09-01,,,5923.0,,,,
Guernsey,13006.0,2020-10-01,,,5889.0,,,,
Guernsey,13006.0,2020-11-01,,,5952.0,,,,
Guernsey,13006.0,2020-12-01,,,6103.0,,,,
Guernsey,13006.0,2021-01-01,,,5767.0,,,,
Guernsey,13006.0,2021-02-01,,,5990.0,,,,
Guernsey,13006.0,2021-03-01,,,4902.0,,,,
Guernsey,13006.0,2021-04-01,,,4984.0,,,,
Guernsey,13006.0,2021-05-01,,,5043.0,,,,
Guernsey,13006.0,2021-06-01,,,5277.0,,,,
Guernsey,13006.0,2021-07-01,,,5446.0,,,,
Guernsey,13006.0,2021-08-01,,,5384.0,,,,
Guernsey,13006.0,2021-09-01,,,4413.0,,,,
Guernsey,13006.0,2021-10-01,,,4325.0,,,,
Guernsey,13006.0,2021-11-01,,,5837.0,,,,
Guernsey,13006.0,2021-12-01,,,5796.0,,,,
Guernsey,13006.0,2022-01-01,,,5953.0,,,,
Guernsey,13006.0,2022-02-01,,,5882.0,,,,
Guernsey,13006.0,2022-03-01,,,5837.0,,,,
Guernsey,13006.0,2022-04-01,,,5606.0,,,,
Guernsey,13006.0,2022-05-01,,,6572.0,,,,
Guernsey,13006.0,2022-06-01,,,7065.0,,,,
Guernsey,13006.0,2022-07-01,,,7173.0,,,,
Guernsey,13006.0,2022-08-01,,,6651.0,,,,
Guernsey,13006.0,2022-09-01,,,6958.0,,,,
Guernsey,13006.0,2022-10-01,,,6532.0,,,,
Guernsey,13006.0,2022-11-01,,,7198.0,,,,
Guernsey,13006.0,2022-12-01,,,7789.0,,,,
Guernsey,13006.0,2023-01-01,,,7214.0,,,,
Guernsey,13006.0,2023-02-01,,,6454.0,-526.0,-197.0,,
Guernsey,13006.0,2023-03-01,,,7371.0,771.0,190.0,,
Guernsey,13006.0,2023-04-01,,,7396.0,33.0,-11.0,,
Guernsey,13006.0,2023-05-01,,,6157.0,-1025.0,-189.0,,
Guernsey,13006.0,2023-06-01,,,6813.0,418.0,-14.0,,
Guernsey,13006.0,2023-07-01,,,6742.0,322.0,-400.0,,
Guernsey,13006.0,2023-08-01,,,6793.0,131.0,-53.0,,
Guernsey,13006.0,2023-09-01,,,6141.0,-160.0,-401.0,,
Guernsey,13006.0,2023-10-01,,,6100.0,159.0,-212.0,,
Guernsey,13006.0,2023-11-01,,,6505.0,17.0,422.0,,
Guernsey,13006.0,2023-12-01,,,7468.0,437.0,535.0,,
Guernsey,13006.0,2024-01-01,,,6660.0,-647.0,-113.0,,
Guernsey,13006.0,2024-02-01,,,6663.0,15.0,-149.0,,
Guernsey,13006.0,2024-03-01,,,6730.0,-69.0,17.0,,
Guernsey,13006.0,2024-04-01,,,6512.0,81.0,-267.0,,
Guernsey,13006.0,2024-05-01,,,6587.0,58.0,42.0,,
Guernsey,13006.0,2024-06-01,,,6729.0,41.0,108.0,,
Guernsey,13006.0,2024-07-01,,,7265.0,476.0,37.0,,
Guernsey,13006.0,2024-08-01,,,7973.0,647.0,114.0,,
Guernsey,13006.0,2024-09-01,,,7928.0,-20.0,187.0,,
Guernsey,13006.0,2024-10-01,,,7509.0,-123.0,-344.0,,
Guernsey,13006.0,2024-11-01,,,7861.0,200.0,123.0,,
Guernsey,13006.0,2024-12-01,,,7342.0,-143.0,-179.0,,
Guernsey,13006.0,2025-01-01,,,7564.0,115.0,86.0,,
Guernsey,13006.0,2025-02-01,,,7831.0,-238.0,331.0,,
Guernsey,13006.0,2025-03-01,,,8132.0,155.0,-373.0,,
Guernsey,13006.0,2025-04-01,,,7640.0,-425.0,-98.0,,
Guernsey,13006.0,2025-05-01,,,7792.0,229.0,-79.0,,
Guernsey,13006.0,2025-06-01,,,7956.0,-68.0,161.0,,
Guernsey,13006.0,2025-07-01,,,8117.0,296.0,-126.0,,
Guernsey,13006.0,2025-08-01,,,8071.0,15.0,-11.0,,
Guernsey,13006.0,2025-09-01,,,7891.0,-331.0,102.0,,
Guernsey,13006.0,2025-10-01,,,8348.0,509.0,-79.0,,
Guernsey,13006.0,2025-11-01,,,8532.0,-105.0,335.0,,
Guernsey,13006.0,2025-12-01,,,8690.0,228.0,-21.0,,
Guernsey,13006.0,2026-01-01,,,9497.0,588.0,12.0,,
Guernsey,13006.0,2026-02-01,,,9042.0,-413.0,-90.0,,
Guernsey,13006.0,2026-03-01,,,8587.0,65.0,-474.0,,
Guernsey,13006.0,2026-04-01,,,8019.0,-363.0,31.0,,
Guernsey,13006.0,2026-05-01,,,8211.0,170.0,76.0,,
Hong Kong,42005.0,2020-01-01,252956.0,,237854.0,,,15102.0,-917.0
Hong Kong,42005.0,2020-02-01,268405.0,,248668.0,,,19737.0,4635.0
Hong Kong,42005.0,2020-03-01,256032.0,,241416.0,,,14616.0,-5121.0
Hong Kong,42005.0,2020-04-01,259365.0,,244798.0,,,14567.0,-49.0
Hong Kong,42005.0,2020-05-01,269024.0,,244358.0,,,24666.0,10099.0
Hong Kong,42005.0,2020-06-01,262199.0,,235778.0,,,26421.0,1755.0
Hong Kong,42005.0,2020-07-01,262711.0,,238866.0,,,23845.0,-2576.0
Hong Kong,42005.0,2020-08-01,246736.0,,225381.0,,,21355.0,-2490.0
Hong Kong,42005.0,2020-09-01,241652.0,,219201.0,,,22451.0,1096.0
Hong Kong,42005.0,2020-10-01,226626.0,,195990.0,,,30636.0,8185.0
Hong Kong,42005.0,2020-11-01,223781.0,,194921.0,,,28860.0,-1776.0
Hong Kong,42005.0,2020-12-01,224078.0,,193401.0,,,30677.0,1817.0
Hong Kong,42005.0,2021-01-01,223907.0,,192486.0,,,31421.0,744.0
Hong Kong,42005.0,2021-02-01,224996.0,,194638.0,,,30358.0,-1063.0
Hong Kong,42005.0,2021-03-01,226969.0,,195094.0,,,31875.0,1517.0
Hong Kong,42005.0,2021-04-01,215904.0,,193738.0,,,22166.0,-9709.0
Hong Kong,42005.0,2021-05-01,224134.0,,203513.0,,,20621.0,-1545.0
Hong Kong,42005.0,2021-06-01,219200.0,,197732.0,,,21468.0,847.0
Hong Kong,42005.0,2021-07-01,227149.0,,205092.0,,,22057.0,589.0
Hong Kong,42005.0,2021-08-01,219535.0,,198482.0,,,21053.0,-1004.0
Hong Kong,42005.0,2021-09-01,229519.0,,210125.0,,,19394.0,-1659.0
Hong Kong,42005.0,2021-10-01,233369.0,,214189.0,,,19180.0,-214.0
Hong Kong,42005.0,2021-11-01,234371.0,,214767.0,,,19604.0,424.0
Hong Kong,42005.0,2021-12-01,225235.0,,204469.0,,,20766.0,1162.0
Hong Kong,42005.0,2022-01-01,225616.0,,205854.0,,,19762.0,-1004.0
Hong Kong,42005.0,2022-02-01,205398.0,,180897.0,,,24501.0,4739.0
Hong Kong,42005.0,2022-03-01,207744.0,,180376.0,,,27368.0,2867.0
Hong Kong,42005.0,2022-04-01,194961.0,,170143.0,,,24818.0,-2550.0
Hong Kong,42005.0,2022-05-01,185601.0,,162057.0,,,23544.0,-1274.0
Hong Kong,42005.0,2022-06-01,187307.0,,164590.0,,,22717.0,-827.0
Hong Kong,42005.0,2022-07-01,192786.0,,167254.0,,,25532.0,2815.0
Hong Kong,42005.0,2022-08-01,189811.0,,167119.0,,,22692.0,-2840.0
Hong Kong,42005.0,2022-09-01,178699.0,,156840.0,,,21859.0,-833.0
Hong Kong,42005.0,2022-10-01,185042.0,,158102.0,,,26940.0,5081.0
Hong Kong,42005.0,2022-11-01,201169.0,,168055.0,,,33114.0,6174.0
Hong Kong,42005.0,2022-12-01,214538.0,,175078.0,,,39460.0,6346.0
Hong Kong,42005.0,2023-01-01,220983.0,,182697.0,,,38286.0,-1174.0
Hong Kong,42005.0,2023-02-01,212503.0,-5381.0,174164.0,-5434.0,-4649.0,38339.0,53.0
Hong Kong,42005.0,2023-03-01,223145.0,5168.0,179325.0,-313.0,3703.0,43820.0,5481.0
Hong Kong,42005.0,2023-04-01,222183.0,2179.0,180948.0,4764.0,-1712.0,41235.0,-2585.0
Hong Kong,42005.0,2023-05-01,216080.0,-297.0,182402.0,7260.0,-2457.0,33678.0,-7557.0
Hong Kong,42005.0,2023-06-01,198925.0,-16154.0,169164.0,-12237.0,-691.0,29761.0,-3917.0
Hong Kong,42005.0,2023-07-01,205872.0,7063.0,171295.0,2247.0,-380.0,34577.0,4816.0
Hong Kong,42005.0,2023-08-01,202628.0,-5379.0,177495.0,4065.0,190.0,25133.0,-9444.0
Hong Kong,42005.0,2023-09-01,196982.0,1393.0,170880.0,424.0,-8025.0,26102.0,969.0
Hong Kong,42005.0,2023-10-01,199080.0,904.0,177340.0,5266.0,-2719.0,21740.0,-4362.0
Hong Kong,42005.0,2023-11-01,211149.0,5235.0,191074.0,6900.0,7978.0,20075.0,-1665.0
Hong Kong,42005.0,2023-12-01,238044.0,16116.0,216989.0,15136.0,5345.0,21055.0,980.0
Hong Kong,42005.0,2024-01-01,232745.0,-2789.0,209261.0,-5218.0,-2470.0,23484.0,2429.0
Hong Kong,42005.0,2024-02-01,216678.0,7762.0,187591.0,2159.0,-2494.0,29087.0,5603.0
Hong Kong,42005.0,2024-03-01,208184.0,-8102.0,175981.0,-11218.0,-255.0,32203.0,3116.0
Hong Kong,42005.0,2024-04-01,226550.0,21859.0,191197.0,18709.0,-3179.0,35353.0,3150.0
Hong Kong,42005.0,2024-05-01,224171.0,-2254.0,189400.0,-1672.0,-578.0,34771.0,-582.0
Hong Kong,42005.0,2024-06-01,226591.0,-174.0,194040.0,2046.0,1557.0,32551.0,-2220.0
Hong Kong,42005.0,2024-07-01,238645.0,10983.0,205958.0,10847.0,2121.0,32687.0,136.0
Hong Kong,42005.0,2024-08-01,243658.0,3266.0,207001.0,-704.0,1781.0,36657.0,3970.0
Hong Kong,42005.0,2024-09-01,243722.0,2452.0,199892.0,-4721.0,-1785.0,43830.0,7173.0
Hong Kong,42005.0,2024-10-01,261758.0,21091.0,219102.0,22265.0,-3117.0,42656.0,-1174.0
Hong Kong,42005.0,2024-11-01,265780.0,4039.0,220010.0,925.0,1005.0,45770.0,3114.0
Hong Kong,42005.0,2024-12-01,254958.0,-1222.0,213388.0,2978.0,-8231.0,41570.0,-4200.0
Hong Kong,42005.0,2025-01-01,255996.0,9384.0,209603.0,4561.0,908.0,46393.0,4823.0
Hong Kong,42005.0,2025-02-01,273429.0,14553.0,215363.0,2880.0,3593.0,58066.0,11673.0
Hong Kong,42005.0,2025-03-01,262413.0,-8501.0,202976.0,-9872.0,-1592.0,59437.0,1371.0
Hong Kong,42005.0,2025-04-01,246639.0,2565.0,193164.0,8527.0,66.0,53475.0,-5962.0
Hong Kong,42005.0,2025-05-01,252103.0,10588.0,193671.0,5631.0,-3030.0,58432.0,4957.0
Hong Kong,42005.0,2025-06-01,241840.0,-15231.0,190680.0,-7959.0,930.0,51160.0,-7272.0
Hong Kong,42005.0,2025-07-01,247540.0,8290.0,201053.0,12963.0,-1480.0,46487.0,-4673.0
Hong Kong,42005.0,2025-08-01,251900.0,8377.0,208244.0,11208.0,945.0,43656.0,-2831.0
Hong Kong,42005.0,2025-09-01,238874.0,-12285.0,197574.0,-9929.0,1115.0,41300.0,-2356.0
Hong Kong,42005.0,2025-10-01,251962.0,11788.0,207108.0,8234.0,62.0,44854.0,3554.0
Hong Kong,42005.0,2025-11-01,256581.0,2815.0,210939.0,2027.0,119.0,45642.0,788.0
Hong Kong,42005.0,2025-12-01,268399.0,13146.0,219070.0,9459.0,-1518.0,49329.0,3687.0
Hong Kong,42005.0,2026-01-01,259877.0,-6660.0,213605.0,-3603.0,-273.0,46272.0,-3057.0
Hong Kong,42005.0,2026-02-01,269179.0,7131.0,217959.0,2183.0,1812.0,51220.0,4948.0
Hong Kong,42005.0,2026-03-01,278272.0,9447.0,226888.0,9283.0,-4884.0,51384.0,164.0
Hong Kong,42005.0,2026-04-01,269093.0,5706.0,217424.0,5421.0,-1312.0,51669.0,285.0
Hong Kong,42005.0,2026-05-01,271900.0,4737.0,230274.0,14780.0,-675.0,41626.0,-10043.0
Hungary,15504.0,2020-01-01,,,913.0,,,,
Hungary,15504.0,2020-02-01,,,981.0,,,,
Hungary,15504.0,2020-03-01,,,619.0,,,,
Hungary,15504.0,2020-04-01,,,654.0,,,,
Hungary,15504.0,2020-05-01,,,708.0,,,,
Hungary,15504.0,2020-06-01,,,771.0,,,,
Hungary,15504.0,2020-07-01,,,590.0,,,,
Hungary,15504.0,2020-08-01,,,576.0,,,,
Hungary,15504.0,2020-09-01,,,486.0,,,,
Hungary,15504.0,2020-10-01,,,515.0,,,,
Hungary,15504.0,2020-11-01,,,643.0,,,,
Hungary,15504.0,2020-12-01,,,671.0,,,,
Hungary,15504.0,2021-01-01,,,665.0,,,,
Hungary,15504.0,2021-02-01,,,678.0,,,,
Hungary,15504.0,2021-03-01,,,667.0,,,,
Hungary,15504.0,2021-04-01,,,640.0,,,,
Hungary,15504.0,2021-05-01,,,640.0,,,,
Hungary,15504.0,2021-06-01,,,684.0,,,,
Hungary,15504.0,2021-07-01,,,699.0,,,,
Hungary,15504.0,2021-08-01,,,668.0,,,,
Hungary,15504.0,2021-09-01,,,697.0,,,,
Hungary,15504.0,2021-10-01,,,493.0,,,,
Hungary,15504.0,2021-11-01,,,187.0,,,,
Hungary,15504.0,2021-12-01,,,215.0,,,,
Hungary,15504.0,2022-01-01,,,177.0,,,,
Hungary,15504.0,2022-02-01,,,316.0,,,,
Hungary,15504.0,2022-03-01,,,293.0,,,,
Hungary,15504.0,2022-04-01,,,209.0,,,,
Hungary,15504.0,2022-05-01,,,160.0,,,,
Hungary,15504.0,2022-06-01,,,162.0,,,,
Hungary,15504.0,2022-07-01,,,168.0,,,,
Hungary,15504.0,2022-08-01,,,169.0,,,,
Hungary,15504.0,2022-09-01,,,115.0,,,,
Hungary,15504.0,2022-10-01,,,145.0,,,,
Hungary,15504.0,2022-11-01,,,389.0,,,,
Hungary,15504.0,2022-12-01,,,602.0,,,,
Hungary,15504.0,2023-01-01,,,589.0,,,,
Hungary,15504.0,2023-02-01,,,489.0,-97.0,-3.0,,
Hungary,15504.0,2023-03-01,,,247.0,-169.0,8.0,,
Hungary,15504.0,2023-04-01,,,479.0,232.0,-1.0,,
Hungary,15504.0,2023-05-01,,,514.0,41.0,-1.0,,
Hungary,15504.0,2023-06-01,,,558.0,48.0,-2.0,,
Hungary,15504.0,2023-07-01,,,590.0,33.0,0.0,,
Hungary,15504.0,2023-08-01,,,737.0,146.0,1.0,,
Hungary,15504.0,2023-09-01,,,588.0,-145.0,-1.0,,
Hungary,15504.0,2023-10-01,,,498.0,-89.0,1.0,,
Hungary,15504.0,2023-11-01,,,508.0,4.0,6.0,,
Hungary,15504.0,2023-12-01,,,546.0,31.0,7.0,,
Hungary,15504.0,2024-01-01,,,400.0,-130.0,2.0,,
Hungary,15504.0,2024-02-01,,,514.0,119.0,-4.0,,
Hungary,15504.0,2024-03-01,,,360.0,-158.0,4.0,,
Hungary,15504.0,2024-04-01,,,525.0,178.0,-5.0,,
Hungary,15504.0,2024-05-01,,,460.0,-72.0,6.0,,
Hungary,15504.0,2024-06-01,,,578.0,115.0,2.0,,
Hungary,15504.0,2024-07-01,,,412.0,-151.0,1.0,,
Hungary,15504.0,2024-08-01,,,586.0,173.0,-1.0,,
Hungary,15504.0,2024-09-01,,,643.0,52.0,7.0,,
Hungary,15504.0,2024-10-01,,,622.0,-15.0,-5.0,,
Hungary,15504.0,2024-11-01,,,703.0,114.0,-36.0,,
Hungary,15504.0,2024-12-01,,,794.0,98.0,-2.0,,
Hungary,15504.0,2025-01-01,,,807.0,11.0,2.0,,
Hungary,15504.0,2025-02-01,,,787.0,5.0,-25.0,,
Hungary,15504.0,2025-03-01,,,821.0,35.0,0.0,,
Hungary,15504.0,2025-04-01,,,998.0,125.0,54.0,,
Hungary,15504.0,2025-05-01,,,718.0,-316.0,-1.0,,
Hungary,15504.0,2025-06-01,,,799.0,77.0,7.0,,
Hungary,15504.0,2025-07-01,,,889.0,69.0,-4.0,,
Hungary,15504.0,2025-08-01,,,803.0,-5.0,-85.0,,
Hungary,15504.0,2025-09-01,,,975.0,183.0,-12.0,,
Hungary,15504.0,2025-10-01,,,906.0,-69.0,-1.0,,
Hungary,15504.0,2025-11-01,,,922.0,11.0,5.0,,
Hungary,15504.0,2025-12-01,,,967.0,45.0,-1.0,,
Hungary,15504.0,2026-01-01,,,2179.0,1238.0,-8.0,,
Hungary,15504.0,2026-02-01,,,1926.0,-270.0,22.0,,
Hungary,15504.0,2026-03-01,,,1661.0,-268.0,-18.0,,
Hungary,15504.0,2026-04-01,,,1656.0,20.0,-26.0,,
Hungary,15504.0,2026-05-01,,,1475.0,-176.0,3.0,,
India,42102.0,2020-01-01,164344.0,,152531.0,,,11813.0,8167.0
India,42102.0,2020-02-01,177493.0,,159161.0,,,18332.0,6519.0
India,42102.0,2020-03-01,156526.0,,151333.0,,,5193.0,-13139.0
India,42102.0,2020-04-01,157383.0,,149035.0,,,8348.0,3155.0
India,42102.0,2020-05-01,169915.0,,152121.0,,,17794.0,9446.0
India,42102.0,2020-06-01,182732.0,,151404.0,,,31328.0,13534.0
India,42102.0,2020-07-01,194562.0,,156092.0,,,38470.0,7142.0
India,42102.0,2020-08-01,196502.0,,157258.0,,,39244.0,774.0
India,42102.0,2020-09-01,213484.0,,165587.0,,,47897.0,8653.0
India,42102.0,2020-10-01,222406.0,,174992.0,,,47414.0,-483.0
India,42102.0,2020-11-01,220193.0,,179980.0,,,40213.0,-7201.0
India,42102.0,2020-12-01,216177.0,,183488.0,,,32689.0,-7524.0
India,42102.0,2021-01-01,211592.0,,180881.0,,,30711.0,-1978.0
India,42102.0,2021-02-01,204374.0,,176486.0,,,27888.0,-2823.0
India,42102.0,2021-03-01,199952.0,,179428.0,,,20524.0,-7364.0
India,42102.0,2021-04-01,208661.0,,194178.0,,,14483.0,-6041.0
India,42102.0,2021-05-01,215764.0,,203871.0,,,11893.0,-2590.0
India,42102.0,2021-06-01,220188.0,,209734.0,,,10454.0,-1439.0
India,42102.0,2021-07-01,219235.0,,214522.0,,,4713.0,-5741.0
India,42102.0,2021-08-01,217023.0,,214529.0,,,2494.0,-2219.0
India,42102.0,2021-09-01,218431.0,,215414.0,,,3017.0,523.0
India,42102.0,2021-10-01,210738.0,,208773.0,,,1965.0,-1052.0
India,42102.0,2021-11-01,205213.0,,203828.0,,,1385.0,-580.0
India,42102.0,2021-12-01,198892.0,,197409.0,,,1483.0,98.0
India,42102.0,2022-01-01,198647.0,,196441.0,,,2206.0,723.0
India,42102.0,2022-02-01,199757.0,,197941.0,,,1816.0,-390.0
India,42102.0,2022-03-01,199836.0,,197476.0,,,2360.0,544.0
India,42102.0,2022-04-01,199042.0,,196070.0,,,2972.0,612.0
India,42102.0,2022-05-01,203739.0,,200824.0,,,2915.0,-57.0
India,42102.0,2022-06-01,208752.0,,205794.0,,,2958.0,43.0
India,42102.0,2022-07-01,212048.0,,209153.0,,,2895.0,-63.0
India,42102.0,2022-08-01,221235.0,,218025.0,,,3210.0,315.0
India,42102.0,2022-09-01,212593.0,,209110.0,,,3483.0,273.0
India,42102.0,2022-10-01,213005.0,,210053.0,,,2952.0,-531.0
India,42102.0,2022-11-01,219012.0,,216039.0,,,2973.0,21.0
India,42102.0,2022-12-01,224066.0,,221497.0,,,2569.0,-404.0
India,42102.0,2023-01-01,232039.0,,228811.0,,,3228.0,659.0
India,42102.0,2023-02-01,231164.0,2276.0,227527.0,1867.0,-3129.0,3637.0,409.0
India,42102.0,2023-03-01,237875.0,2529.0,233031.0,1322.0,4183.0,4844.0,1207.0
India,42102.0,2023-04-01,238723.0,115.0,234841.0,1077.0,743.0,3882.0,-962.0
India,42102.0,2023-05-01,238338.0,1191.0,235447.0,2182.0,-1505.0,2891.0,-991.0
India,42102.0,2023-06-01,235390.0,-1389.0,232869.0,-1019.0,-1531.0,2521.0,-370.0
India,42102.0,2023-07-01,233127.0,-2096.0,231546.0,-1156.0,-139.0,1581.0,-940.0
India,42102.0,2023-08-01,232493.0,-335.0,230820.0,-427.0,-306.0,1673.0,92.0
India,42102.0,2023-09-01,229081.0,-989.0,227838.0,-559.0,-2412.0,1243.0,-430.0
India,42102.0,2023-10-01,222040.0,-5791.0,218387.0,-8201.0,-1247.0,3653.0,2410.0
India,42102.0,2023-11-01,224899.0,-1446.0,218662.0,-4030.0,4290.0,6237.0,2584.0
India,42102.0,2023-12-01,233707.0,4856.0,226853.0,4239.0,3902.0,6854.0,617.0
India,42102.0,2024-01-01,236122.0,2203.0,226214.0,-851.0,206.0,9908.0,3054.0
India,42102.0,2024-02-01,234719.0,1252.0,225166.0,1607.0,-2637.0,9553.0,-355.0
India,42102.0,2024-03-01,240627.0,5227.0,228192.0,2345.0,685.0,12435.0,2882.0
India,42102.0,2024-04-01,233537.0,-3509.0,222794.0,-1817.0,-3533.0,10743.0,-1692.0
India,42102.0,2024-05-01,237758.0,2142.0,226810.0,1937.0,2077.0,10948.0,205.0
India,42102.0,2024-06-01,241919.0,2725.0,232873.0,4627.0,1412.0,9046.0,-1902.0
India,42102.0,2024-07-01,238821.0,-6835.0,228126.0,-8484.0,3719.0,10695.0,1649.0
India,42102.0,2024-08-01,245943.0,5221.0,230652.0,625.0,1911.0,15291.0,4596.0
India,42102.0,2024-09-01,247234.0,-455.0,228496.0,-3902.0,1712.0,18738.0,3447.0
India,42102.0,2024-10-01,241399.0,-892.0,230846.0,7293.0,-4944.0,10553.0,-8185.0
India,42102.0,2024-11-01,234010.0,-8513.0,225446.0,-6524.0,1126.0,8564.0,-1989.0
India,42102.0,2024-12-01,219075.0,-12608.0,212841.0,-10278.0,-2334.0,6234.0,-2330.0
India,42102.0,2025-01-01,225675.0,5859.0,210246.0,-3336.0,747.0,15429.0,9195.0
India,42102.0,2025-02-01,228000.0,-461.0,211430.0,-1602.0,2800.0,16570.0,1141.0
India,42102.0,2025-03-01,239855.0,11186.0,221762.0,9663.0,664.0,18093.0,1523.0
India,42102.0,2025-04-01,232510.0,-9176.0,218134.0,-5459.0,1842.0,14376.0,-3717.0
India,42102.0,2025-05-01,235329.0,4481.0,218184.0,1712.0,-1684.0,17145.0,2769.0
India,42102.0,2025-06-01,227364.0,-9609.0,211145.0,-8683.0,1646.0,16219.0,-926.0
India,42102.0,2025-07-01,219691.0,-6700.0,203745.0,-6427.0,-977.0,15946.0,-273.0
India,42102.0,2025-08-01,219376.0,-2416.0,201612.0,-4234.0,2110.0,17764.0,1818.0
India,42102.0,2025-09-01,202670.0,-16905.0,188325.0,-13486.0,191.0,14345.0,-3419.0
India,42102.0,2025-10-01,190354.0,-12881.0,175254.0,-13636.0,521.0,15100.0,755.0
India,42102.0,2025-11-01,186521.0,-4681.0,174071.0,-2031.0,821.0,12450.0,-2650.0
India,42102.0,2025-12-01,182885.0,-3132.0,169283.0,-4284.0,-530.0,13602.0,1152.0
India,42102.0,2026-01-01,190434.0,8425.0,174019.0,5612.0,-300.0,16415.0,2813.0
India,42102.0,2026-02-01,190607.0,-1717.0,178200.0,2291.0,1899.0,12407.0,-4008.0
India,42102.0,2026-03-01,183040.0,-5662.0,168321.0,-7974.0,-2451.0,14719.0,2312.0
India,42102.0,2026-04-01,181008.0,-308.0,165801.0,-796.0,-217.0,15207.0,488.0
India,42102.0,2026-05-01,181291.0,646.0,167709.0,2271.0,-361.0,13582.0,-1625.0
Indonesia,42218.0,2020-01-01,27346.0,,26217.0,,,1129.0,-733.0
Indonesia,42218.0,2020-02-01,28448.0,,25167.0,,,3281.0,2152.0
Indonesia,42218.0,2020-03-01,23267.0,,21837.0,,,1430.0,-1851.0
Indonesia,42218.0,2020-04-01,23791.0,,21891.0,,,1900.0,470.0
Indonesia,42218.0,2020-05-01,24080.0,,21757.0,,,2323.0,423.0
Indonesia,42218.0,2020-06-01,21892.0,,20076.0,,,1816.0,-507.0
Indonesia,42218.0,2020-07-01,22441.0,,20662.0,,,1779.0,-37.0
Indonesia,42218.0,2020-08-01,23720.0,,21850.0,,,1870.0,91.0
Indonesia,42218.0,2020-09-01,25995.0,,23924.0,,,2071.0,201.0
Indonesia,42218.0,2020-10-01,25693.0,,22862.0,,,2831.0,760.0
Indonesia,42218.0,2020-11-01,21769.0,,19587.0,,,2182.0,-649.0
Indonesia,42218.0,2020-12-01,21286.0,,18930.0,,,2356.0,174.0
Indonesia,42218.0,2021-01-01,21719.0,,18909.0,,,2810.0,454.0
Indonesia,42218.0,2021-02-01,22606.0,,19890.0,,,2716.0,-94.0
Indonesia,42218.0,2021-03-01,23294.0,,19498.0,,,3796.0,1080.0
Indonesia,42218.0,2021-04-01,23161.0,,19309.0,,,3852.0,56.0
Indonesia,42218.0,2021-05-01,22945.0,,18933.0,,,4012.0,160.0
Indonesia,42218.0,2021-06-01,23773.0,,19507.0,,,4266.0,254.0
Indonesia,42218.0,2021-07-01,22639.0,,17504.0,,,5135.0,869.0
Indonesia,42218.0,2021-08-01,22561.0,,17339.0,,,5222.0,87.0
Indonesia,42218.0,2021-09-01,24723.0,,19573.0,,,5150.0,-72.0
Indonesia,42218.0,2021-10-01,24792.0,,19072.0,,,5720.0,570.0
Indonesia,42218.0,2021-11-01,24537.0,,19198.0,,,5339.0,-381.0
Indonesia,42218.0,2021-12-01,23683.0,,18157.0,,,5526.0,187.0
Indonesia,42218.0,2022-01-01,24495.0,,18883.0,,,5612.0,86.0
Indonesia,42218.0,2022-02-01,23587.0,,18055.0,,,5532.0,-80.0
Indonesia,42218.0,2022-03-01,20834.0,,15493.0,,,5341.0,-191.0
Indonesia,42218.0,2022-04-01,19927.0,,15296.0,,,4631.0,-710.0
Indonesia,42218.0,2022-05-01,19405.0,,15348.0,,,4057.0,-574.0
Indonesia,42218.0,2022-06-01,19778.0,,16296.0,,,3482.0,-575.0
Indonesia,42218.0,2022-07-01,19789.0,,16630.0,,,3159.0,-323.0
Indonesia,42218.0,2022-08-01,19889.0,,16838.0,,,3051.0,-108.0
Indonesia,42218.0,2022-09-01,17735.0,,15103.0,,,2632.0,-419.0
Indonesia,42218.0,2022-10-01,15093.0,,13277.0,,,1816.0,-816.0
Indonesia,42218.0,2022-11-01,14355.0,,12661.0,,,1694.0,-122.0
Indonesia,42218.0,2022-12-01,13940.0,,12722.0,,,1218.0,-476.0
Indonesia,42218.0,2023-01-01,12913.0,,11491.0,,,1422.0,204.0
Indonesia,42218.0,2023-02-01,12367.0,-424.0,10725.0,-644.0,397.0,1642.0,220.0
Indonesia,42218.0,2023-03-01,11593.0,-1102.0,10351.0,-702.0,-437.0,1242.0,-400.0
Indonesia,42218.0,2023-04-01,11766.0,-98.0,10627.0,5.0,1043.0,1139.0,-103.0
Indonesia,42218.0,2023-05-01,11517.0,411.0,9727.0,-240.0,160.0,1790.0,651.0
Indonesia,42218.0,2023-06-01,11139.0,-342.0,9759.0,68.0,-95.0,1380.0,-410.0
Indonesia,42218.0,2023-07-01,11982.0,840.0,9354.0,-408.0,236.0,2628.0,1248.0
Indonesia,42218.0,2023-08-01,14411.0,2447.0,9124.0,-212.0,4.0,5287.0,2659.0
Indonesia,42218.0,2023-09-01,17266.0,2989.0,9024.0,34.0,38.0,8242.0,2955.0
Indonesia,42218.0,2023-10-01,14121.0,-3217.0,8840.0,-256.0,-163.0,5281.0,-2961.0
Indonesia,42218.0,2023-11-01,13364.0,-1761.0,9997.0,153.0,106.0,3367.0,-1914.0
Indonesia,42218.0,2023-12-01,13203.0,780.0,10588.0,1532.0,40.0,2615.0,-752.0
Indonesia,42218.0,2024-01-01,16673.0,3833.0,14220.0,3995.0,94.0,2453.0,-162.0
Indonesia,42218.0,2024-02-01,17492.0,2729.0,15287.0,2977.0,-97.0,2205.0,-248.0
Indonesia,42218.0,2024-03-01,21895.0,3049.0,19468.0,2827.0,21.0,2427.0,222.0
Indonesia,42218.0,2024-04-01,19830.0,21.0,17257.0,-125.0,-212.0,2573.0,146.0
Indonesia,42218.0,2024-05-01,18614.0,-544.0,16033.0,-552.0,87.0,2581.0,8.0
Indonesia,42218.0,2024-06-01,20843.0,-157.0,18363.0,-56.0,188.0,2480.0,-101.0
Indonesia,42218.0,2024-07-01,20551.0,974.0,16814.0,-283.0,148.0,3737.0,1257.0
Indonesia,42218.0,2024-08-01,20901.0,1028.0,16758.0,622.0,82.0,4143.0,406.0
Indonesia,42218.0,2024-09-01,31891.0,8308.0,27519.0,8079.0,46.0,4372.0,229.0
Indonesia,42218.0,2024-10-01,33529.0,1749.0,29331.0,1923.0,-435.0,4198.0,-174.0
Indonesia,42218.0,2024-11-01,33589.0,1164.0,28438.0,211.0,30.0,5151.0,953.0
Indonesia,42218.0,2024-12-01,32034.0,-2147.0,27608.0,-1422.0,30.0,4426.0,-725.0
Indonesia,42218.0,2025-01-01,29255.0,813.0,24252.0,236.0,16.0,5003.0,577.0
Indonesia,42218.0,2025-02-01,27605.0,-910.0,22789.0,-723.0,107.0,4816.0,-187.0
Indonesia,42218.0,2025-03-01,27368.0,-278.0,23243.0,413.0,76.0,4125.0,-691.0
Indonesia,42218.0,2025-04-01,28694.0,2162.0,24735.0,2328.0,79.0,3959.0,-166.0
Indonesia,42218.0,2025-05-01,29182.0,46.0,25323.0,146.0,-146.0,3859.0,-100.0
Indonesia,42218.0,2025-06-01,31395.0,-57.0,26806.0,-787.0,52.0,4589.0,730.0
Indonesia,42218.0,2025-07-01,28944.0,-1999.0,24335.0,-2019.0,-199.0,4609.0,20.0
Indonesia,42218.0,2025-08-01,30460.0,1513.0,24432.0,94.0,230.0,6028.0,1419.0
Indonesia,42218.0,2025-09-01,29773.0,-1454.0,24089.0,-1110.0,5.0,5684.0,-344.0
Indonesia,42218.0,2025-10-01,28958.0,57.0,22913.0,-304.0,114.0,6045.0,361.0
Indonesia,42218.0,2025-11-01,28729.0,-179.0,22843.0,-20.0,-9.0,5886.0,-159.0
Indonesia,42218.0,2025-12-01,29934.0,1384.0,23623.0,959.0,-8.0,6311.0,425.0
Indonesia,42218.0,2026-01-01,35594.0,5633.0,28035.0,4385.0,-100.0,7559.0,1248.0
Indonesia,42218.0,2026-02-01,35154.0,-2141.0,27080.0,-2656.0,-38.0,8074.0,515.0
Indonesia,42218.0,2026-03-01,33469.0,-810.0,23241.0,-2964.0,-150.0,10228.0,2154.0
Indonesia,42218.0,2026-04-01,32009.0,-1475.0,22730.0,-526.0,-18.0,9279.0,-949.0
Indonesia,42218.0,2026-05-01,37221.0,5440.0,22392.0,-110.0,-32.0,14829.0,5550.0
International,72907.0,2020-01-01,50706.0,,43040.0,,,7666.0,144.0
International,72907.0,2020-02-01,54218.0,,45983.0,,,8235.0,569.0
International,72907.0,2020-03-01,39846.0,,30536.0,,,9310.0,1075.0
International,72907.0,2020-04-01,53546.0,,38689.0,,,14857.0,5547.0
International,72907.0,2020-05-01,52353.0,,34301.0,,,18052.0,3195.0
International,72907.0,2020-06-01,49607.0,,29302.0,,,20305.0,2253.0
International,72907.0,2020-07-01,59382.0,,32914.0,,,26468.0,6163.0
International,72907.0,2020-08-01,49333.0,,24896.0,,,24437.0,-2031.0
International,72907.0,2020-09-01,49756.0,,25153.0,,,24603.0,166.0
International,72907.0,2020-10-01,45094.0,,19963.0,,,25131.0,528.0
International,72907.0,2020-11-01,45652.0,,18822.0,,,26830.0,1699.0
International,72907.0,2020-12-01,35109.0,,15644.0,,,19465.0,-7365.0
International,72907.0,2021-01-01,44901.0,,26162.0,,,18739.0,-726.0
International,72907.0,2021-02-01,42516.0,,26170.0,,,16346.0,-2393.0
International,72907.0,2021-03-01,45359.0,,31840.0,,,13519.0,-2827.0
International,72907.0,2021-04-01,38949.0,,25793.0,,,13156.0,-363.0
International,72907.0,2021-05-01,39203.0,,26409.0,,,12794.0,-362.0
International,72907.0,2021-06-01,41846.0,,29725.0,,,12121.0,-673.0
International,72907.0,2021-07-01,42497.0,,30426.0,,,12071.0,-50.0
International,72907.0,2021-08-01,42171.0,,30656.0,,,11515.0,-556.0
International,72907.0,2021-09-01,42210.0,,32366.0,,,9844.0,-1671.0
International,72907.0,2021-10-01,44701.0,,33911.0,,,10790.0,946.0
International,72907.0,2021-11-01,45138.0,,32739.0,,,12399.0,1609.0
International,72907.0,2021-12-01,44918.0,,34045.0,,,10873.0,-1526.0
International,72907.0,2022-01-01,45111.0,,33986.0,,,11125.0,252.0
International,72907.0,2022-02-01,44422.0,,32735.0,,,11687.0,562.0
International,72907.0,2022-03-01,48873.0,,35460.0,,,13413.0,1726.0
International,72907.0,2022-04-01,50100.0,,36832.0,,,13268.0,-145.0
International,72907.0,2022-05-01,47814.0,,35451.0,,,12363.0,-905.0
International,72907.0,2022-06-01,48424.0,,36676.0,,,11748.0,-615.0
International,72907.0,2022-07-01,44505.0,,36124.0,,,8381.0,-3367.0
International,72907.0,2022-08-01,40854.0,,34278.0,,,6576.0,-1805.0
International,72907.0,2022-09-01,40559.0,,35217.0,,,5342.0,-1234.0
International,72907.0,2022-10-01,38942.0,,34152.0,,,4790.0,-552.0
International,72907.0,2022-11-01,39488.0,,33247.0,,,6241.0,1451.0
International,72907.0,2022-12-01,41278.0,,35359.0,,,5919.0,-322.0
International,72907.0,2023-01-01,37890.0,,33200.0,,,4690.0,-1229.0
International,72907.0,2023-02-01,35551.0,-1946.0,32613.0,-194.0,-441.0,2938.0,-1752.0
International,72907.0,2023-03-01,37158.0,1312.0,33744.0,836.0,737.0,3414.0,476.0
International,72907.0,2023-04-01,35003.0,381.0,33031.0,1823.0,-1136.0,1972.0,-1442.0
International,72907.0,2023-05-01,45294.0,8724.0,42550.0,7952.0,182.0,2744.0,772.0
International,72907.0,2023-06-01,56910.0,11223.0,49201.0,6258.0,-600.0,7709.0,4965.0
International,72907.0,2023-07-01,61981.0,7213.0,51019.0,3960.0,607.0,10962.0,3253.0
International,72907.0,2023-08-01,57461.0,-6009.0,45612.0,-6896.0,-194.0,11849.0,887.0
International,72907.0,2023-09-01,60442.0,1692.0,47747.0,846.0,-364.0,12695.0,846.0
International,72907.0,2023-10-01,67510.0,8882.0,53833.0,7900.0,59.0,13677.0,982.0
International,72907.0,2023-11-01,66661.0,484.0,53389.0,889.0,289.0,13272.0,-405.0
International,72907.0,2023-12-01,74571.0,7384.0,60034.0,6119.0,1126.0,14537.0,1265.0
International,72907.0,2024-01-01,62483.0,-13208.0,46856.0,-14298.0,516.0,15627.0,1090.0
International,72907.0,2024-02-01,70971.0,8440.0,51445.0,4541.0,-121.0,19526.0,3899.0
International,72907.0,2024-03-01,74058.0,2586.0,55688.0,3742.0,-72.0,18370.0,-1156.0
International,72907.0,2024-04-01,76959.0,2399.0,59020.0,2830.0,-690.0,17939.0,-431.0
International,72907.0,2024-05-01,84803.0,9189.0,66870.0,9195.0,348.0,17933.0,-6.0
International,72907.0,2024-06-01,77345.0,-7397.0,59192.0,-7617.0,-622.0,18153.0,220.0
International,72907.0,2024-07-01,80994.0,5528.0,60972.0,3659.0,649.0,20022.0,1869.0
International,72907.0,2024-08-01,80577.0,-609.0,57430.0,-3734.0,53.0,23147.0,3125.0
International,72907.0,2024-09-01,74762.0,-4558.0,55291.0,-882.0,-280.0,19471.0,-3676.0
International,72907.0,2024-10-01,87523.0,8244.0,66239.0,6431.0,-446.0,21284.0,1813.0
International,72907.0,2024-11-01,83608.0,-2059.0,63314.0,-1069.0,349.0,20294.0,-990.0
International,72907.0,2024-12-01,84178.0,15321.0,53776.0,5213.0,-3225.0,30402.0,10108.0
International,72907.0,2025-01-01,67299.0,-5652.0,41148.0,-1401.0,-8403.0,26151.0,-4251.0
International,72907.0,2025-02-01,60226.0,-3887.0,37832.0,-130.0,-1572.0,22394.0,-3757.0
International,72907.0,2025-03-01,60902.0,779.0,39608.0,1879.0,12.0,21294.0,-1100.0
International,72907.0,2025-04-01,65280.0,4051.0,41137.0,1202.0,368.0,24143.0,2849.0
International,72907.0,2025-05-01,62560.0,-601.0,41896.0,2878.0,-460.0,20664.0,-3479.0
International,72907.0,2025-06-01,62848.0,3415.0,41648.0,2879.0,-1872.0,21200.0,536.0
International,72907.0,2025-07-01,64611.0,-726.0,45454.0,1317.0,-97.0,19157.0,-2043.0
International,72907.0,2025-08-01,62138.0,209.0,42478.0,-294.0,-2807.0,19660.0,503.0
International,72907.0,2025-09-01,64192.0,-253.0,45312.0,527.0,1345.0,18880.0,-780.0
International,72907.0,2025-10-01,62464.0,-1223.0,45163.0,356.0,-1275.0,17301.0,-1579.0
International,72907.0,2025-11-01,67909.0,1510.0,51422.0,2324.0,1552.0,16487.0,-814.0
International,72907.0,2025-12-01,61603.0,-3139.0,45601.0,-2654.0,-1972.0,16002.0,-485.0
International,72907.0,2026-01-01,59250.0,358.0,43799.0,909.0,450.0,15451.0,-551.0
International,72907.0,2026-02-01,63435.0,4863.0,43176.0,55.0,-1789.0,20259.0,4808.0
International,72907.0,2026-03-01,63781.0,-803.0,46270.0,1945.0,-156.0,17511.0,-2748.0
International,72907.0,2026-04-01,64479.0,3012.0,45988.0,2032.0,-629.0,18491.0,980.0
International,72907.0,2026-05-01,63721.0,-1674.0,47543.0,639.0,675.0,16178.0,-2313.0
Ireland,11401.0,2020-01-01,271717.0,,231941.0,,,39776.0,-14064.0
Ireland,11401.0,2020-02-01,282768.0,,240862.0,,,41906.0,2130.0
Ireland,11401.0,2020-03-01,271602.0,,216495.0,,,55107.0,13201.0
Ireland,11401.0,2020-04-01,301311.0,,204485.0,,,96826.0,41719.0
Ireland,11401.0,2020-05-01,324207.0,,208532.0,,,115675.0,18849.0
Ireland,11401.0,2020-06-01,330180.0,,201143.0,,,129037.0,13363.0
Ireland,11401.0,2020-07-01,330716.0,,198180.0,,,132536.0,3499.0
Ireland,11401.0,2020-08-01,335171.0,,198150.0,,,137022.0,4485.0
Ireland,11401.0,2020-09-01,315705.0,,194587.0,,,121119.0,-15903.0
Ireland,11401.0,2020-10-01,316268.0,,191289.0,,,124979.0,3861.0
Ireland,11401.0,2020-11-01,314159.0,,183059.0,,,131100.0,6121.0
Ireland,11401.0,2020-12-01,318148.0,,184223.0,,,133925.0,2824.0
Ireland,11401.0,2021-01-01,313621.0,,182894.0,,,130727.0,-3198.0
Ireland,11401.0,2021-02-01,315996.0,,183123.0,,,132873.0,2146.0
Ireland,11401.0,2021-03-01,309786.0,,183439.0,,,126348.0,-6525.0
Ireland,11401.0,2021-04-01,307046.0,,189870.0,,,117176.0,-9171.0
Ireland,11401.0,2021-05-01,304891.0,,191077.0,,,113814.0,-3362.0
Ireland,11401.0,2021-06-01,322724.0,,192683.0,,,130042.0,16227.0
Ireland,11401.0,2021-07-01,319845.0,,196220.0,,,123625.0,-6416.0
Ireland,11401.0,2021-08-01,326375.0,,201038.0,,,125338.0,1712.0
Ireland,11401.0,2021-09-01,309568.0,,191099.0,,,118470.0,-6868.0
Ireland,11401.0,2021-10-01,324100.0,,195941.0,,,128159.0,9689.0
Ireland,11401.0,2021-11-01,330024.0,,195955.0,,,134069.0,5910.0
Ireland,11401.0,2021-12-01,334495.0,,205695.0,,,128801.0,-5268.0
Ireland,11401.0,2022-01-01,308464.0,,191108.0,,,117356.0,-11445.0
Ireland,11401.0,2022-02-01,314675.0,,195752.0,,,118922.0,1566.0
Ireland,11401.0,2022-03-01,315723.0,,196484.0,,,119239.0,317.0
Ireland,11401.0,2022-04-01,309446.0,,196333.0,,,113113.0,-6126.0
Ireland,11401.0,2022-05-01,288591.0,,194660.0,,,93930.0,-19183.0
Ireland,11401.0,2022-06-01,285445.0,,190692.0,,,94753.0,822.0
Ireland,11401.0,2022-07-01,277547.0,,196581.0,,,80965.0,-13787.0
Ireland,11401.0,2022-08-01,275571.0,,193128.0,,,82444.0,1478.0
Ireland,11401.0,2022-09-01,265429.0,,179021.0,,,86408.0,3964.0
Ireland,11401.0,2022-10-01,245122.0,,182129.0,,,62993.0,-23415.0
Ireland,11401.0,2022-11-01,241488.0,,180391.0,,,61097.0,-1896.0
Ireland,11401.0,2022-12-01,241728.0,,186297.0,,,55431.0,-5666.0
Ireland,11401.0,2023-01-01,243053.0,,185597.0,,,57456.0,2025.0
Ireland,11401.0,2023-02-01,240876.0,1683.0,185045.0,3307.0,-4523.0,55832.0,-1624.0
Ireland,11401.0,2023-03-01,240323.0,-7720.0,193130.0,919.0,7074.0,47193.0,-8639.0
Ireland,11401.0,2023-04-01,234418.0,-5484.0,194616.0,1906.0,991.0,39802.0,-7390.0
Ireland,11401.0,2023-05-01,234675.0,3536.0,189187.0,-2149.0,-2558.0,45488.0,5685.0
Ireland,11401.0,2023-06-01,271300.0,34184.0,195801.0,4173.0,-2093.0,75500.0,30012.0
Ireland,11401.0,2023-07-01,257124.0,-13057.0,190233.0,-4449.0,-1721.0,66891.0,-8608.0
Ireland,11401.0,2023-08-01,281439.0,25457.0,191793.0,2702.0,-1634.0,89646.0,22755.0
Ireland,11401.0,2023-09-01,279362.0,1804.0,188967.0,1056.0,-4695.0,90394.0,748.0
Ireland,11401.0,2023-10-01,287905.0,8837.0,191316.0,2642.0,-2476.0,96589.0,6194.0
Ireland,11401.0,2023-11-01,304696.0,12960.0,199483.0,4335.0,6827.0,105214.0,8625.0
Ireland,11401.0,2023-12-01,349651.0,9943.0,234612.0,117.0,5157.0,115039.0,9826.0
Ireland,11401.0,2024-01-01,334610.0,-11933.0,230333.0,-1171.0,-868.0,104277.0,-10762.0
Ireland,11401.0,2024-02-01,341184.0,11348.0,231763.0,6204.0,5034.0,109421.0,5144.0
Ireland,11401.0,2024-03-01,340657.0,-2627.0,236970.0,3107.0,2633.0,103687.0,-5734.0
Ireland,11401.0,2024-04-01,330033.0,-8068.0,235049.0,635.0,8036.0,94985.0,-8703.0
Ireland,11401.0,2024-05-01,336832.0,6409.0,240939.0,5500.0,4488.0,95893.0,909.0
Ireland,11401.0,2024-06-01,336137.0,-2090.0,242857.0,523.0,17727.0,93280.0,-2614.0
Ireland,11401.0,2024-07-01,341190.0,2076.0,243307.0,-2527.0,1866.0,97883.0,4603.0
Ireland,11401.0,2024-08-01,350914.0,8994.0,248014.0,3976.0,1201.0,102901.0,5018.0
Ireland,11401.0,2024-09-01,356251.0,1942.0,250990.0,-418.0,1739.0,105261.0,2360.0
Ireland,11401.0,2024-10-01,336750.0,-13524.0,219333.0,-25680.0,-3204.0,117417.0,12156.0
Ireland,11401.0,2024-11-01,343150.0,3487.0,224490.0,2245.0,4612.0,118660.0,1243.0
Ireland,11401.0,2024-12-01,339420.0,-4202.0,223979.0,-982.0,406.0,115440.0,-3220.0
Ireland,11401.0,2025-01-01,329707.0,-5079.0,217702.0,-1644.0,960.0,112005.0,-3436.0
Ireland,11401.0,2025-02-01,334330.0,-1538.0,220531.0,-3332.0,3723.0,113799.0,1794.0
Ireland,11401.0,2025-03-01,324758.0,-10334.0,220894.0,-398.0,-1297.0,103863.0,-9936.0
Ireland,11401.0,2025-04-01,333123.0,-3059.0,233979.0,1660.0,-610.0,99144.0,-4719.0
Ireland,11401.0,2025-05-01,319276.0,-1066.0,223024.0,1826.0,-5070.0,96252.0,-2892.0
Ireland,11401.0,2025-06-01,310164.0,-6974.0,220165.0,-721.0,2631.0,89999.0,-6253.0
Ireland,11401.0,2025-07-01,320190.0,10528.0,224562.0,4899.0,-7512.0,95628.0,5629.0
Ireland,11401.0,2025-08-01,339958.0,15426.0,229438.0,534.0,1818.0,110520.0,14892.0
Ireland,11401.0,2025-09-01,340036.0,-481.0,234694.0,4697.0,3085.0,105342.0,-5178.0
Ireland,11401.0,2025-10-01,339865.0,-1736.0,236710.0,451.0,4575.0,103155.0,-2187.0
Ireland,11401.0,2025-11-01,340290.0,-578.0,238182.0,470.0,1156.0,102108.0,-1047.0
Ireland,11401.0,2025-12-01,341040.0,-1598.0,241073.0,542.0,-1050.0,99967.0,-2141.0
Ireland,11401.0,2026-01-01,342136.0,2699.0,239900.0,430.0,291.0,102237.0,2269.0
Ireland,11401.0,2026-02-01,350797.0,2580.0,245558.0,-423.0,3299.0,105239.0,3003.0
Ireland,11401.0,2026-03-01,355925.0,10425.0,242333.0,2073.0,-3426.0,113592.0,8352.0
Ireland,11401.0,2026-04-01,345253.0,-10033.0,237499.0,-4196.0,-373.0,107754.0,-5838.0
Ireland,11401.0,2026-05-01,357213.0,11814.0,242641.0,4996.0,-630.0,114572.0,6818.0
Israel,42501.0,2020-01-01,45564.0,,41469.0,,,4095.0,46.0
Israel,42501.0,2020-02-01,45077.0,,39395.0,,,5682.0,1587.0
Israel,42501.0,2020-03-01,41069.0,,36464.0,,,4605.0,-1077.0
Israel,42501.0,2020-04-01,43244.0,,36518.0,,,6726.0,2121.0
Israel,42501.0,2020-05-01,46765.0,,39489.0,,,7276.0,550.0
Israel,42501.0,2020-06-01,47561.0,,41256.0,,,6305.0,-971.0
Israel,42501.0,2020-07-01,48427.0,,41001.0,,,7426.0,1121.0
Israel,42501.0,2020-08-01,47727.0,,40083.0,,,7644.0,218.0
Israel,42501.0,2020-09-01,51537.0,,44033.0,,,7504.0,-140.0
Israel,42501.0,2020-10-01,53267.0,,45572.0,,,7695.0,191.0
Israel,42501.0,2020-11-01,56995.0,,48625.0,,,8370.0,675.0
Israel,42501.0,2020-12-01,48725.0,,41558.0,,,7167.0,-1203.0
Israel,42501.0,2021-01-01,53708.0,,46211.0,,,7497.0,330.0
Israel,42501.0,2021-02-01,58232.0,,51067.0,,,7165.0,-332.0
Israel,42501.0,2021-03-01,61033.0,,53156.0,,,7877.0,712.0
Israel,42501.0,2021-04-01,61389.0,,53678.0,,,7711.0,-166.0
Israel,42501.0,2021-05-01,58330.0,,51261.0,,,7069.0,-642.0
Israel,42501.0,2021-06-01,62592.0,,53371.0,,,9221.0,2152.0
Israel,42501.0,2021-07-01,65519.0,,55908.0,,,9611.0,390.0
Israel,42501.0,2021-08-01,63926.0,,55863.0,,,8063.0,-1548.0
Israel,42501.0,2021-09-01,64042.0,,56730.0,,,7312.0,-751.0
Israel,42501.0,2021-10-01,65778.0,,58210.0,,,7568.0,256.0
Israel,42501.0,2021-11-01,64343.0,,56712.0,,,7631.0,63.0
Israel,42501.0,2021-12-01,69104.0,,57882.0,,,11222.0,3591.0
Israel,42501.0,2022-01-01,63776.0,,57326.0,,,6450.0,-4772.0
Israel,42501.0,2022-02-01,66043.0,,57969.0,,,8074.0,1624.0
Israel,42501.0,2022-03-01,59484.0,,53185.0,,,6299.0,-1775.0
Israel,42501.0,2022-04-01,51958.0,,46404.0,,,5554.0,-745.0
Israel,42501.0,2022-05-01,50879.0,,46648.0,,,4231.0,-1323.0
Israel,42501.0,2022-06-01,51532.0,,47113.0,,,4419.0,188.0
Israel,42501.0,2022-07-01,53042.0,,48442.0,,,4600.0,181.0
Israel,42501.0,2022-08-01,51112.0,,46589.0,,,4523.0,-77.0
Israel,42501.0,2022-09-01,51164.0,,46817.0,,,4347.0,-176.0
Israel,42501.0,2022-10-01,51079.0,,46569.0,,,4510.0,163.0
Israel,42501.0,2022-11-01,54977.0,,50578.0,,,4399.0,-111.0
Israel,42501.0,2022-12-01,50644.0,,46838.0,,,3806.0,-593.0
Israel,42501.0,2023-01-01,49321.0,,45412.0,,,3909.0,103.0
Israel,42501.0,2023-02-01,45760.0,-2989.0,41728.0,-3112.0,-691.0,4032.0,123.0
Israel,42501.0,2023-03-01,52005.0,5077.0,47155.0,4259.0,980.0,4850.0,818.0
Israel,42501.0,2023-04-01,48342.0,-3867.0,44841.0,-2518.0,138.0,3501.0,-1349.0
Israel,42501.0,2023-05-01,49021.0,1228.0,45271.0,979.0,-376.0,3750.0,249.0
Israel,42501.0,2023-06-01,56496.0,7785.0,53025.0,8064.0,-510.0,3471.0,-279.0
Israel,42501.0,2023-07-01,57982.0,1627.0,54454.0,1570.0,-62.0,3528.0,57.0
Israel,42501.0,2023-08-01,56727.0,-1315.0,53011.0,-1503.0,-118.0,3716.0,188.0
Israel,42501.0,2023-09-01,58174.0,2066.0,54316.0,1924.0,-534.0,3858.0,142.0
Israel,42501.0,2023-10-01,51792.0,-6316.0,48815.0,-5435.0,100.0,2977.0,-881.0
Israel,42501.0,2023-11-01,61124.0,8745.0,58082.0,8680.0,940.0,3042.0,65.0
Israel,42501.0,2023-12-01,56642.0,-1709.0,53633.0,-1676.0,948.0,3009.0,-33.0
Israel,42501.0,2024-01-01,56937.0,324.0,54321.0,717.0,245.0,2616.0,-393.0
Israel,42501.0,2024-02-01,57329.0,1343.0,54675.0,1305.0,-932.0,2654.0,38.0
Israel,42501.0,2024-03-01,58505.0,1196.0,56080.0,1425.0,302.0,2425.0,-229.0
Israel,42501.0,2024-04-01,59797.0,3088.0,57249.0,2965.0,-1463.0,2548.0,123.0
Israel,42501.0,2024-05-01,64184.0,4500.0,58994.0,1858.0,462.0,5190.0,2642.0
Israel,42501.0,2024-06-01,69743.0,5177.0,60722.0,1346.0,-28.0,9021.0,3831.0
Israel,42501.0,2024-07-01,71189.0,862.0,62548.0,1242.0,737.0,8641.0,-380.0
Israel,42501.0,2024-08-01,73501.0,-49.0,61952.0,-2957.0,1511.0,11549.0,2908.0
Israel,42501.0,2024-09-01,79009.0,4913.0,64463.0,1916.0,558.0,14546.0,2997.0
Israel,42501.0,2024-10-01,89372.0,11401.0,65494.0,2069.0,-1019.0,23878.0,9332.0
Israel,42501.0,2024-11-01,87461.0,-2347.0,66963.0,1033.0,658.0,20498.0,-3380.0
Israel,42501.0,2024-12-01,82125.0,-4045.0,66203.0,531.0,-1244.0,15922.0,-4576.0
Israel,42501.0,2025-01-01,88408.0,5778.0,71501.0,4793.0,154.0,16907.0,985.0
Israel,42501.0,2025-02-01,90741.0,1280.0,70165.0,-2389.0,990.0,20576.0,3669.0
Israel,42501.0,2025-03-01,92476.0,2137.0,70185.0,422.0,-13.0,22291.0,1715.0
Israel,42501.0,2025-04-01,97372.0,4746.0,73938.0,3603.0,184.0,23434.0,1143.0
Israel,42501.0,2025-05-01,100783.0,3891.0,77672.0,4214.0,-817.0,23111.0,-323.0
Israel,42501.0,2025-06-01,101835.0,475.0,75447.0,-2802.0,564.0,26388.0,3277.0
Israel,42501.0,2025-07-01,102470.0,953.0,77169.0,2040.0,-410.0,25301.0,-1087.0
Israel,42501.0,2025-08-01,100053.0,-2121.0,74427.0,-2446.0,590.0,25626.0,325.0
Israel,42501.0,2025-09-01,105319.0,5221.0,78812.0,4340.0,249.0,26507.0,881.0
Israel,42501.0,2025-10-01,108617.0,3243.0,79671.0,804.0,157.0,28946.0,2439.0
Israel,42501.0,2025-11-01,107880.0,-843.0,80220.0,443.0,342.0,27660.0,-1286.0
Israel,42501.0,2025-12-01,105666.0,-1552.0,78307.0,-1251.0,-484.0,27359.0,-301.0
Israel,42501.0,2026-01-01,114650.0,4918.0,97156.0,14783.0,-245.0,17494.0,-9865.0
Israel,42501.0,2026-02-01,110769.0,2895.0,90783.0,403.0,972.0,19986.0,2492.0
Israel,42501.0,2026-03-01,104837.0,-4097.0,87896.0,-1052.0,-1509.0,16941.0,-3045.0
Israel,42501.0,2026-04-01,113363.0,8585.0,92987.0,5150.0,-293.0,20376.0,3435.0
Israel,42501.0,2026-05-01,117569.0,4994.0,96061.0,3862.0,-221.0,21508.0,1132.0
Italy,11509.0,2020-01-01,44635.0,,40866.0,,,3769.0,-1323.0
Italy,11509.0,2020-02-01,46823.0,,43819.0,,,3004.0,-764.0
Italy,11509.0,2020-03-01,44841.0,,42779.0,,,2062.0,-943.0
Italy,11509.0,2020-04-01,41463.0,,39234.0,,,2229.0,167.0
Italy,11509.0,2020-05-01,41363.0,,38529.0,,,2835.0,606.0
Italy,11509.0,2020-06-01,42438.0,,39434.0,,,3004.0,169.0
Italy,11509.0,2020-07-01,42640.0,,40038.0,,,2602.0,-402.0
Italy,11509.0,2020-08-01,43465.0,,41155.0,,,2310.0,-292.0
Italy,11509.0,2020-09-01,43977.0,,41677.0,,,2300.0,-10.0
Italy,11509.0,2020-10-01,44173.0,,41820.0,,,2353.0,54.0
Italy,11509.0,2020-11-01,41350.0,,39182.0,,,2168.0,-186.0
Italy,11509.0,2020-12-01,39099.0,,36803.0,,,2296.0,128.0
Italy,11509.0,2021-01-01,38326.0,,36091.0,,,2235.0,-60.0
Italy,11509.0,2021-02-01,36806.0,,34613.0,,,2193.0,-42.0
Italy,11509.0,2021-03-01,36536.0,,34608.0,,,1928.0,-265.0
Italy,11509.0,2021-04-01,37668.0,,35867.0,,,1801.0,-127.0
Italy,11509.0,2021-05-01,38229.0,,36776.0,,,1453.0,-348.0
Italy,11509.0,2021-06-01,39946.0,,38381.0,,,1566.0,113.0
Italy,11509.0,2021-07-01,41839.0,,40286.0,,,1553.0,-13.0
Italy,11509.0,2021-08-01,41023.0,,39372.0,,,1652.0,99.0
Italy,11509.0,2021-09-01,41814.0,,40112.0,,,1702.0,50.0
Italy,11509.0,2021-10-01,43559.0,,41876.0,,,1683.0,-19.0
Italy,11509.0,2021-11-01,44022.0,,42470.0,,,1553.0,-130.0
Italy,11509.0,2021-12-01,42340.0,,40839.0,,,1501.0,-51.0
Italy,11509.0,2022-01-01,42141.0,,40456.0,,,1684.0,183.0
Italy,11509.0,2022-02-01,45400.0,,43319.0,,,2080.0,396.0
Italy,11509.0,2022-03-01,44243.0,,42418.0,,,1825.0,-256.0
Italy,11509.0,2022-04-01,42599.0,,41079.0,,,1520.0,-305.0
Italy,11509.0,2022-05-01,41920.0,,40595.0,,,1325.0,-195.0
Italy,11509.0,2022-06-01,40393.0,,38799.0,,,1594.0,269.0
Italy,11509.0,2022-07-01,40249.0,,38756.0,,,1493.0,-100.0
Italy,11509.0,2022-08-01,37908.0,,36470.0,,,1438.0,-55.0
Italy,11509.0,2022-09-01,36830.0,,35801.0,,,1029.0,-409.0
Italy,11509.0,2022-10-01,36791.0,,36033.0,,,757.0,-272.0
Italy,11509.0,2022-11-01,38098.0,,36982.0,,,1116.0,359.0
Italy,11509.0,2022-12-01,39198.0,,38172.0,,,1026.0,-90.0
Italy,11509.0,2023-01-01,40088.0,,38466.0,,,1622.0,597.0
Italy,11509.0,2023-02-01,39965.0,-636.0,38350.0,-629.0,152.0,1616.0,-7.0
Italy,11509.0,2023-03-01,39388.0,-1406.0,38145.0,-1033.0,475.0,1242.0,-373.0
Italy,11509.0,2023-04-01,43050.0,2991.0,41599.0,2783.0,-41.0,1450.0,208.0
Italy,11509.0,2023-05-01,49043.0,5712.0,42753.0,873.0,-485.0,6289.0,4839.0
Italy,11509.0,2023-06-01,46656.0,-1889.0,44203.0,1947.0,-537.0,2453.0,-3836.0
Italy,11509.0,2023-07-01,46010.0,-1751.0,42882.0,-2425.0,5.0,3128.0,675.0
Italy,11509.0,2023-08-01,45321.0,-299.0,42679.0,188.0,-406.0,2641.0,-487.0
Italy,11509.0,2023-09-01,45064.0,230.0,42455.0,262.0,-291.0,2609.0,-32.0
Italy,11509.0,2023-10-01,44064.0,-326.0,41174.0,-607.0,-199.0,2890.0,281.0
Italy,11509.0,2023-11-01,44433.0,-519.0,41471.0,-591.0,844.0,2962.0,72.0
Italy,11509.0,2023-12-01,44665.0,423.0,41532.0,252.0,748.0,3133.0,171.0
Italy,11509.0,2024-01-01,45336.0,667.0,42068.0,532.0,267.0,3269.0,136.0
Italy,11509.0,2024-02-01,44917.0,62.0,41607.0,21.0,-693.0,3310.0,41.0
Italy,11509.0,2024-03-01,43668.0,-1536.0,40776.0,-1118.0,279.0,2892.0,-418.0
Italy,11509.0,2024-04-01,49325.0,6405.0,43852.0,3824.0,-322.0,5473.0,2581.0
Italy,11509.0,2024-05-01,53663.0,3956.0,44743.0,509.0,-175.0,8921.0,3448.0
Italy,11509.0,2024-06-01,54839.0,989.0,46262.0,1333.0,272.0,8577.0,-344.0
Italy,11509.0,2024-07-01,54762.0,97.0,46659.0,571.0,831.0,8103.0,-474.0
Italy,11509.0,2024-08-01,56399.0,1437.0,47557.0,698.0,781.0,8842.0,739.0
Italy,11509.0,2024-09-01,58670.0,242.0,49679.0,93.0,-117.0,8991.0,149.0
Italy,11509.0,2024-10-01,58106.0,417.0,49847.0,1149.0,-828.0,8259.0,-732.0
Italy,11509.0,2024-11-01,59322.0,1411.0,51555.0,1903.0,154.0,7767.0,-492.0
Italy,11509.0,2024-12-01,59815.0,1524.0,53844.0,3320.0,-474.0,5971.0,-1796.0
Italy,11509.0,2025-01-01,58664.0,-1640.0,53007.0,-1327.0,-31.0,5657.0,-313.0
Italy,11509.0,2025-02-01,58692.0,-216.0,54196.0,946.0,515.0,4496.0,-1161.0
Italy,11509.0,2025-03-01,59633.0,565.0,54584.0,11.0,416.0,5049.0,553.0
Italy,11509.0,2025-04-01,60757.0,855.0,56998.0,2145.0,97.0,3759.0,-1291.0
Italy,11509.0,2025-05-01,60755.0,695.0,57278.0,977.0,-602.0,3477.0,-282.0
Italy,11509.0,2025-06-01,60688.0,-258.0,55977.0,-1493.0,251.0,4712.0,1235.0
Italy,11509.0,2025-07-01,62526.0,2388.0,56854.0,1427.0,-100.0,5673.0,961.0
Italy,11509.0,2025-08-01,62873.0,253.0,59316.0,2369.0,-78.0,3556.0,-2116.0
Italy,11509.0,2025-09-01,62725.0,574.0,60178.0,1584.0,49.0,2546.0,-1010.0
Italy,11509.0,2025-10-01,65167.0,1678.0,61883.0,941.0,253.0,3284.0,737.0
Italy,11509.0,2025-11-01,65525.0,1258.0,62445.0,1461.0,185.0,3081.0,-203.0
Italy,11509.0,2025-12-01,62134.0,-2290.0,58914.0,-2430.0,-220.0,3220.0,139.0
Italy,11509.0,2026-01-01,62174.0,611.0,59848.0,1505.0,27.0,2326.0,-894.0
Italy,11509.0,2026-02-01,63109.0,242.0,59889.0,-652.0,521.0,3220.0,894.0
Italy,11509.0,2026-03-01,61460.0,-1132.0,58430.0,-942.0,-773.0,3030.0,-189.0
Italy,11509.0,2026-04-01,61549.0,-41.0,58959.0,399.0,-22.0,2591.0,-440.0
Italy,11509.0,2026-05-01,61057.0,128.0,58341.0,3.0,-869.0,2716.0,125.0
Jamaica,31607.0,2020-01-01,721.0,,662.0,,,59.0,-27.0
Jamaica,31607.0,2020-02-01,717.0,,672.0,,,45.0,-14.0
Jamaica,31607.0,2020-03-01,740.0,,663.0,,,77.0,32.0
Jamaica,31607.0,2020-04-01,680.0,,636.0,,,44.0,-33.0
Jamaica,31607.0,2020-05-01,682.0,,635.0,,,47.0,3.0
Jamaica,31607.0,2020-06-01,682.0,,623.0,,,59.0,12.0
Jamaica,31607.0,2020-07-01,694.0,,621.0,,,73.0,14.0
Jamaica,31607.0,2020-08-01,705.0,,615.0,,,90.0,17.0
Jamaica,31607.0,2020-09-01,701.0,,602.0,,,99.0,9.0
Jamaica,31607.0,2020-10-01,685.0,,616.0,,,69.0,-30.0
Jamaica,31607.0,2020-11-01,691.0,,625.0,,,66.0,-3.0
Jamaica,31607.0,2020-12-01,780.0,,653.0,,,127.0,61.0
Jamaica,31607.0,2021-01-01,816.0,,634.0,,,182.0,55.0
Jamaica,31607.0,2021-02-01,791.0,,635.0,,,156.0,-26.0
Jamaica,31607.0,2021-03-01,794.0,,655.0,,,139.0,-17.0
Jamaica,31607.0,2021-04-01,768.0,,659.0,,,109.0,-30.0
Jamaica,31607.0,2021-05-01,751.0,,655.0,,,96.0,-13.0
Jamaica,31607.0,2021-06-01,717.0,,655.0,,,62.0,-34.0
Jamaica,31607.0,2021-07-01,665.0,,620.0,,,45.0,-17.0
Jamaica,31607.0,2021-08-01,652.0,,631.0,,,21.0,-24.0
Jamaica,31607.0,2021-09-01,649.0,,640.0,,,9.0,-12.0
Jamaica,31607.0,2021-10-01,665.0,,631.0,,,34.0,25.0
Jamaica,31607.0,2021-11-01,637.0,,609.0,,,28.0,-6.0
Jamaica,31607.0,2021-12-01,662.0,,613.0,,,49.0,21.0
Jamaica,31607.0,2022-01-01,674.0,,606.0,,,68.0,19.0
Jamaica,31607.0,2022-02-01,695.0,,612.0,,,83.0,15.0
Jamaica,31607.0,2022-03-01,772.0,,630.0,,,142.0,59.0
Jamaica,31607.0,2022-04-01,706.0,,632.0,,,74.0,-68.0
Jamaica,31607.0,2022-05-01,739.0,,622.0,,,117.0,43.0
Jamaica,31607.0,2022-06-01,757.0,,614.0,,,143.0,26.0
Jamaica,31607.0,2022-07-01,705.0,,626.0,,,79.0,-64.0
Jamaica,31607.0,2022-08-01,786.0,,628.0,,,158.0,79.0
Jamaica,31607.0,2022-09-01,1033.0,,724.0,,,309.0,151.0
Jamaica,31607.0,2022-10-01,1023.0,,710.0,,,313.0,4.0
Jamaica,31607.0,2022-11-01,924.0,,676.0,,,248.0,-65.0
Jamaica,31607.0,2022-12-01,964.0,,743.0,,,221.0,-27.0
Jamaica,31607.0,2023-01-01,958.0,,718.0,,,240.0,19.0
Jamaica,31607.0,2023-02-01,943.0,-13.0,724.0,8.0,-4.0,219.0,-21.0
Jamaica,31607.0,2023-03-01,956.0,7.0,740.0,10.0,11.0,216.0,-3.0
Jamaica,31607.0,2023-04-01,1114.0,194.0,762.0,58.0,2.0,352.0,136.0
Jamaica,31607.0,2023-05-01,1146.0,68.0,813.0,87.0,-3.0,333.0,-19.0
Jamaica,31607.0,2023-06-01,992.0,-141.0,827.0,27.0,-2.0,165.0,-168.0
Jamaica,31607.0,2023-07-01,1049.0,90.0,835.0,41.0,0.0,214.0,49.0
Jamaica,31607.0,2023-08-01,1128.0,103.0,873.0,62.0,0.0,255.0,41.0
Jamaica,31607.0,2023-09-01,1046.0,-13.0,856.0,52.0,-3.0,190.0,-65.0
Jamaica,31607.0,2023-10-01,915.0,-60.0,769.0,-16.0,-1.0,146.0,-44.0
Jamaica,31607.0,2023-11-01,1167.0,326.0,795.0,100.0,5.0,372.0,226.0
Jamaica,31607.0,2023-12-01,1155.0,-15.0,795.0,-3.0,4.0,360.0,-12.0
Jamaica,31607.0,2024-01-01,1154.0,-25.0,764.0,-55.0,0.0,390.0,30.0
Jamaica,31607.0,2024-02-01,1101.0,-41.0,826.0,74.0,-5.0,275.0,-115.0
Jamaica,31607.0,2024-03-01,1152.0,65.0,798.0,-14.0,-4.0,354.0,79.0
Jamaica,31607.0,2024-04-01,1041.0,-105.0,766.0,-26.0,-5.0,275.0,-79.0
Jamaica,31607.0,2024-05-01,1135.0,87.0,774.0,1.0,-2.0,361.0,86.0
Jamaica,31607.0,2024-06-01,1215.0,79.0,797.0,22.0,7.0,418.0,57.0
Jamaica,31607.0,2024-07-01,1331.0,140.0,852.0,79.0,4.0,479.0,61.0
Jamaica,31607.0,2024-08-01,1431.0,98.0,925.0,71.0,8.0,506.0,27.0
Jamaica,31607.0,2024-09-01,1465.0,32.0,932.0,5.0,4.0,533.0,27.0
Jamaica,31607.0,2024-10-01,1365.0,-113.0,898.0,-47.0,-11.0,467.0,-66.0
Jamaica,31607.0,2024-11-01,1502.0,134.0,1070.0,169.0,-2.0,432.0,-35.0
Jamaica,31607.0,2024-12-01,1532.0,60.0,1068.0,28.0,9.0,464.0,32.0
Jamaica,31607.0,2025-01-01,1499.0,-31.0,1025.0,-41.0,1.0,474.0,10.0
Jamaica,31607.0,2025-02-01,1543.0,45.0,1038.0,14.0,7.0,505.0,31.0
Jamaica,31607.0,2025-03-01,1406.0,-104.0,999.0,-6.0,-19.0,407.0,-98.0
Jamaica,31607.0,2025-04-01,1462.0,29.0,1041.0,15.0,5.0,421.0,14.0
Jamaica,31607.0,2025-05-01,1598.0,143.0,1063.0,29.0,-5.0,535.0,114.0
Jamaica,31607.0,2025-06-01,1674.0,50.0,1154.0,65.0,10.0,520.0,-15.0
Jamaica,31607.0,2025-07-01,1779.0,109.0,1132.0,-18.0,5.0,647.0,127.0
Jamaica,31607.0,2025-08-01,1808.0,35.0,1138.0,12.0,7.0,670.0,23.0
Jamaica,31607.0,2025-09-01,1848.0,41.0,1153.0,16.0,2.0,695.0,25.0
Jamaica,31607.0,2025-10-01,1733.0,-123.0,1130.0,-31.0,1.0,603.0,-92.0
Jamaica,31607.0,2025-11-01,1963.0,216.0,1188.0,44.0,4.0,775.0,172.0
Jamaica,31607.0,2025-12-01,2044.0,95.0,1273.0,99.0,0.0,771.0,-4.0
Jamaica,31607.0,2026-01-01,2253.0,239.0,1522.0,279.0,-7.0,731.0,-40.0
Jamaica,31607.0,2026-02-01,2187.0,-72.0,1467.0,-61.0,9.0,720.0,-11.0
Jamaica,31607.0,2026-03-01,2081.0,-79.0,1450.0,10.0,-12.0,631.0,-89.0
Jamaica,31607.0,2026-04-01,2121.0,58.0,1517.0,85.0,-2.0,604.0,-27.0
Jamaica,31607.0,2026-05-01,2265.0,161.0,1508.0,8.0,-25.0,757.0,153.0
Japan,42609.0,2020-01-01,1211845.0,,1147586.0,,,64259.0,2179.0
Japan,42609.0,2020-02-01,1268570.0,,1202367.0,,,66203.0,1944.0
Japan,42609.0,2020-03-01,1272645.0,,1211747.0,,,60898.0,-5305.0
Japan,42609.0,2020-04-01,1266479.0,,1202355.0,,,64124.0,3226.0
Japan,42609.0,2020-05-01,1260363.0,,1193317.0,,,67046.0,2922.0
Japan,42609.0,2020-06-01,1261600.0,,1194934.0,,,66666.0,-380.0
Japan,42609.0,2020-07-01,1293023.0,,1225897.0,,,67126.0,460.0
Japan,42609.0,2020-08-01,1278361.0,,1210275.0,,,68086.0,960.0
Japan,42609.0,2020-09-01,1276184.0,,1208762.0,,,67422.0,-664.0
Japan,42609.0,2020-10-01,1273127.0,,1205240.0,,,67887.0,465.0
Japan,42609.0,2020-11-01,1260839.0,,1193190.0,,,67649.0,-238.0
Japan,42609.0,2020-12-01,1251313.0,,1184556.0,,,66757.0,-892.0
Japan,42609.0,2021-01-01,1276896.0,,1210028.0,,,66868.0,111.0
Japan,42609.0,2021-02-01,1258024.0,,1187707.0,,,70317.0,3449.0
Japan,42609.0,2021-03-01,1240489.0,,1174075.0,,,66414.0,-3903.0
Japan,42609.0,2021-04-01,1276756.0,,1211116.0,,,65640.0,-774.0
Japan,42609.0,2021-05-01,1266177.0,,1200461.0,,,65716.0,76.0
Japan,42609.0,2021-06-01,1279678.0,,1214367.0,,,65311.0,-405.0
Japan,42609.0,2021-07-01,1310201.0,,1245237.0,,,64964.0,-347.0
Japan,42609.0,2021-08-01,1319731.0,,1251375.0,,,68356.0,3392.0
Japan,42609.0,2021-09-01,1299571.0,,1233622.0,,,65949.0,-2407.0
Japan,42609.0,2021-10-01,1320382.0,,1243981.0,,,76401.0,10452.0
Japan,42609.0,2021-11-01,1325508.0,,1244343.0,,,81165.0,4764.0
Japan,42609.0,2021-12-01,1300789.0,,1214078.0,,,86711.0,5546.0
Japan,42609.0,2022-01-01,1299891.0,,1214887.0,,,85004.0,-1707.0
Japan,42609.0,2022-02-01,1303030.0,,1224788.0,,,78242.0,-6762.0
Japan,42609.0,2022-03-01,1228990.0,,1145920.0,,,83070.0,4828.0
Japan,42609.0,2022-04-01,1214959.0,,1131164.0,,,83795.0,725.0
Japan,42609.0,2022-05-01,1219866.0,,1146663.0,,,73203.0,-10592.0
Japan,42609.0,2022-06-01,1232671.0,,1161020.0,,,71651.0,-1552.0
Japan,42609.0,2022-07-01,1230657.0,,1152325.0,,,78332.0,6681.0
Japan,42609.0,2022-08-01,1195969.0,,1118333.0,,,77636.0,-696.0
Japan,42609.0,2022-09-01,1116371.0,,1037209.0,,,79162.0,1526.0
Japan,42609.0,2022-10-01,1064414.0,,1008054.0,,,56360.0,-22802.0
Japan,42609.0,2022-11-01,1081808.0,,1018640.0,,,63168.0,6808.0
Japan,42609.0,2022-12-01,1075054.0,,994871.0,,,80183.0,17015.0
Japan,42609.0,2023-01-01,1102923.0,,1029966.0,,,72957.0,-7226.0
Japan,42609.0,2023-02-01,1080683.0,-1646.0,1013830.0,4458.0,-15677.0,66853.0,-6104.0
Japan,42609.0,2023-03-01,1086642.0,-18660.0,1021979.0,-16470.0,21569.0,64663.0,-2190.0
Japan,42609.0,2023-04-01,1125808.0,34421.0,1062312.0,35588.0,4354.0,63496.0,-1167.0
Japan,42609.0,2023-05-01,1096119.0,-15244.0,1039875.0,-7992.0,-13860.0,56244.0,-7252.0
Japan,42609.0,2023-06-01,1104085.0,13676.0,1035798.0,1633.0,-9360.0,68287.0,12043.0
Japan,42609.0,2023-07-01,1111755.0,11007.0,1036094.0,3633.0,-5099.0,75661.0,7374.0
Japan,42609.0,2023-08-01,1115507.0,9576.0,1031066.0,796.0,-4803.0,84441.0,8780.0
Japan,42609.0,2023-09-01,1086443.0,-10973.0,999496.0,-13479.0,-18699.0,86947.0,2506.0
Japan,42609.0,2023-10-01,1098222.0,22289.0,1015409.0,26423.0,-10223.0,82813.0,-4134.0
Japan,42609.0,2023-11-01,1127491.0,2569.0,1042037.0,-72.0,31522.0,85454.0,2641.0
Japan,42609.0,2023-12-01,1115270.0,-19549.0,1029295.0,-20070.0,26322.0,85975.0,521.0
Japan,42609.0,2024-01-01,1140569.0,23484.0,1051432.0,20322.0,8114.0,89137.0,3162.0
Japan,42609.0,2024-02-01,1147573.0,26895.0,1050448.0,18907.0,-17577.0,97125.0,7988.0
Japan,42609.0,2024-03-01,1167015.0,14284.0,1068657.0,13051.0,2334.0,98358.0,1233.0
Japan,42609.0,2024-04-01,1126094.0,-11830.0,1039812.0,246.0,-29824.0,86282.0,-12076.0
Japan,42609.0,2024-05-01,1105953.0,-23870.0,1043712.0,171.0,7252.0,62241.0,-24041.0
Japan,42609.0,2024-06-01,1091418.0,-24639.0,1017208.0,-36608.0,13367.0,74210.0,11969.0
Japan,42609.0,2024-07-01,1093501.0,-13944.0,1022332.0,-10903.0,17215.0,71169.0,-3041.0
Japan,42609.0,2024-08-01,1105986.0,-3170.0,1015666.0,-22321.0,14537.0,90320.0,19151.0
Japan,42609.0,2024-09-01,1095498.0,-16832.0,992874.0,-29136.0,3617.0,102624.0,12304.0
Japan,42609.0,2024-10-01,1101549.0,31963.0,998239.0,31277.0,-17507.0,103310.0,686.0
Japan,42609.0,2024-11-01,1087119.0,-15968.0,980050.0,-19727.0,9317.0,107069.0,3759.0
Japan,42609.0,2024-12-01,1061507.0,-8462.0,952667.0,-10233.0,-15150.0,108840.0,1771.0
Japan,42609.0,2025-01-01,1079292.0,13074.0,961412.0,4034.0,-1335.0,117880.0,9040.0
Japan,42609.0,2025-02-01,1130308.0,36123.0,1008024.0,31719.0,19391.0,122284.0,4404.0
Japan,42609.0,2025-03-01,1135089.0,4401.0,1011650.0,3246.0,-1493.0,123439.0,1155.0
Japan,42609.0,2025-04-01,1140946.0,-1971.0,1016551.0,-2927.0,4603.0,124395.0,956.0
Japan,42609.0,2025-05-01,1142786.0,12332.0,1019175.0,13116.0,-7994.0,123611.0,-784.0
Japan,42609.0,2025-06-01,1154765.0,3297.0,1024252.0,-3605.0,13338.0,130513.0,6902.0
Japan,42609.0,2025-07-01,1155439.0,6292.0,1022662.0,4028.0,-5908.0,132777.0,2264.0
Japan,42609.0,2025-08-01,1183904.0,17903.0,1048589.0,15365.0,6805.0,135315.0,2538.0
Japan,42609.0,2025-09-01,1189258.0,3481.0,1056081.0,5619.0,5065.0,133177.0,-2138.0
Japan,42609.0,2025-10-01,1199967.0,8655.0,1064882.0,6747.0,560.0,135085.0,1908.0
Japan,42609.0,2025-11-01,1202693.0,-3194.0,1069354.0,-1448.0,3730.0,133339.0,-1746.0
Japan,42609.0,2025-12-01,1185528.0,-4935.0,1046268.0,-10856.0,-4845.0,139260.0,5921.0
Japan,42609.0,2026-01-01,1225291.0,32580.0,1076590.0,23139.0,-1665.0,148701.0,9441.0
Japan,42609.0,2026-02-01,1239286.0,-6908.0,1087550.0,-9943.0,13144.0,151736.0,3035.0
Japan,42609.0,2026-03-01,1191597.0,-23875.0,1039803.0,-23933.0,-17955.0,151794.0,58.0
Japan,42609.0,2026-04-01,1209889.0,16258.0,1056542.0,14705.0,-3238.0,153347.0,1553.0
Japan,42609.0,2026-05-01,1143139.0,-62628.0,1049582.0,-2838.0,-2672.0,93557.0,-59790.0
Jersey,13007.0,2020-01-01,,,1388.0,,,,
Jersey,13007.0,2020-02-01,,,1407.0,,,,
Jersey,13007.0,2020-03-01,,,1546.0,,,,
Jersey,13007.0,2020-04-01,,,2092.0,,,,
Jersey,13007.0,2020-05-01,,,1958.0,,,,
Jersey,13007.0,2020-06-01,,,1893.0,,,,
Jersey,13007.0,2020-07-01,,,1895.0,,,,
Jersey,13007.0,2020-08-01,,,1883.0,,,,
Jersey,13007.0,2020-09-01,,,1854.0,,,,
Jersey,13007.0,2020-10-01,,,1865.0,,,,
Jersey,13007.0,2020-11-01,,,2056.0,,,,
Jersey,13007.0,2020-12-01,,,2305.0,,,,
Jersey,13007.0,2021-01-01,,,2060.0,,,,
Jersey,13007.0,2021-02-01,,,2239.0,,,,
Jersey,13007.0,2021-03-01,,,2480.0,,,,
Jersey,13007.0,2021-04-01,,,2461.0,,,,
Jersey,13007.0,2021-05-01,,,2330.0,,,,
Jersey,13007.0,2021-06-01,,,2252.0,,,,
Jersey,13007.0,2021-07-01,,,2237.0,,,,
Jersey,13007.0,2021-08-01,,,2370.0,,,,
Jersey,13007.0,2021-09-01,,,2533.0,,,,
Jersey,13007.0,2021-10-01,,,2435.0,,,,
Jersey,13007.0,2021-11-01,,,2300.0,,,,
Jersey,13007.0,2021-12-01,,,2416.0,,,,
Jersey,13007.0,2022-01-01,,,2417.0,,,,
Jersey,13007.0,2022-02-01,,,2740.0,,,,
Jersey,13007.0,2022-03-01,,,3238.0,,,,
Jersey,13007.0,2022-04-01,,,3164.0,,,,
Jersey,13007.0,2022-05-01,,,3263.0,,,,
Jersey,13007.0,2022-06-01,,,3270.0,,,,
Jersey,13007.0,2022-07-01,,,3354.0,,,,
Jersey,13007.0,2022-08-01,,,3371.0,,,,
Jersey,13007.0,2022-09-01,,,3115.0,,,,
Jersey,13007.0,2022-10-01,,,3314.0,,,,
Jersey,13007.0,2022-11-01,,,3359.0,,,,
Jersey,13007.0,2022-12-01,,,3418.0,,,,
Jersey,13007.0,2023-01-01,,,3226.0,,,,
Jersey,13007.0,2023-02-01,,,3277.0,-49.0,-7.0,,
Jersey,13007.0,2023-03-01,,,3394.0,-7.0,37.0,,
Jersey,13007.0,2023-04-01,,,3326.0,176.0,2.0,,
Jersey,13007.0,2023-05-01,,,3339.0,229.0,-63.0,,
Jersey,13007.0,2023-06-01,,,3159.0,-68.0,-79.0,,
Jersey,13007.0,2023-07-01,,,4037.0,170.0,-109.0,,
Jersey,13007.0,2023-08-01,,,3099.0,150.0,-1.0,,
Jersey,13007.0,2023-09-01,,,2985.0,24.0,-8.0,,
Jersey,13007.0,2023-10-01,,,3048.0,73.0,-4.0,,
Jersey,13007.0,2023-11-01,,,3029.0,94.0,5.0,,
Jersey,13007.0,2023-12-01,,,3111.0,-6.0,65.0,,
Jersey,13007.0,2024-01-01,,,3129.0,-11.0,52.0,,
Jersey,13007.0,2024-02-01,,,3150.0,87.0,3.0,,
Jersey,13007.0,2024-03-01,,,3588.0,364.0,76.0,,
Jersey,13007.0,2024-04-01,,,3650.0,42.0,153.0,,
Jersey,13007.0,2024-05-01,,,3678.0,10.0,7.0,,
Jersey,13007.0,2024-06-01,,,3675.0,-46.0,44.0,,
Jersey,13007.0,2024-07-01,,,3501.0,76.0,44.0,,
Jersey,13007.0,2024-08-01,,,3404.0,95.0,1.0,,
Jersey,13007.0,2024-09-01,,,3399.0,-12.0,10.0,,
Jersey,13007.0,2024-10-01,,,3773.0,612.0,-32.0,,
Jersey,13007.0,2024-11-01,,,3756.0,63.0,7.0,,
Jersey,13007.0,2024-12-01,,,3742.0,130.0,-107.0,,
Jersey,13007.0,2025-01-01,,,3684.0,143.0,-18.0,,
Jersey,13007.0,2025-02-01,,,3714.0,18.0,20.0,,
Jersey,13007.0,2025-03-01,,,3744.0,-10.0,5.0,,
Jersey,13007.0,2025-04-01,,,5000.0,944.0,-356.0,,
Jersey,13007.0,2025-05-01,,,5041.0,29.0,12.0,,
Jersey,13007.0,2025-06-01,,,5083.0,168.0,35.0,,
Jersey,13007.0,2025-07-01,,,4842.0,117.0,-196.0,,
Jersey,13007.0,2025-08-01,,,5345.0,495.0,90.0,,
Jersey,13007.0,2025-09-01,,,5400.0,326.0,-32.0,,
Jersey,13007.0,2025-10-01,,,5028.0,175.0,-9.0,,
Jersey,13007.0,2025-11-01,,,3874.0,2.0,-795.0,,
Jersey,13007.0,2025-12-01,,,4488.0,673.0,-10.0,,
Jersey,13007.0,2026-01-01,,,4442.0,123.0,-1.0,,
Jersey,13007.0,2026-02-01,,,4548.0,173.0,26.0,,
Jersey,13007.0,2026-03-01,,,4037.0,-365.0,-28.0,,
Jersey,13007.0,2026-04-01,,,3967.0,196.0,3.0,,
Jersey,13007.0,2026-05-01,,,3689.0,-233.0,7.0,,
Kazakhstan,16543.0,2020-01-01,8484.0,,26.0,,,8458.0,88.0
Kazakhstan,16543.0,2020-02-01,6767.0,,0.0,,,6767.0,-1691.0
Kazakhstan,16543.0,2020-03-01,5668.0,,1.0,,,5667.0,-1100.0
Kazakhstan,16543.0,2020-04-01,5854.0,,80.0,,,5774.0,107.0
Kazakhstan,16543.0,2020-05-01,5790.0,,81.0,,,5709.0,-65.0
Kazakhstan,16543.0,2020-06-01,5560.0,,81.0,,,5479.0,-230.0
Kazakhstan,16543.0,2020-07-01,4278.0,,81.0,,,4197.0,-1282.0
Kazakhstan,16543.0,2020-08-01,3575.0,,82.0,,,3493.0,-704.0
Kazakhstan,16543.0,2020-09-01,2624.0,,82.0,,,2542.0,-951.0
Kazakhstan,16543.0,2020-10-01,4426.0,,1174.0,,,3252.0,710.0
Kazakhstan,16543.0,2020-11-01,5012.0,,1195.0,,,3817.0,565.0
Kazakhstan,16543.0,2020-12-01,3714.0,,1196.0,,,2518.0,-1299.0
Kazakhstan,16543.0,2021-01-01,3325.0,,1200.0,,,2125.0,-393.0
Kazakhstan,16543.0,2021-02-01,3320.0,,1193.0,,,2127.0,2.0
Kazakhstan,16543.0,2021-03-01,3542.0,,1192.0,,,2350.0,223.0
Kazakhstan,16543.0,2021-04-01,2741.0,,1191.0,,,1550.0,-800.0
Kazakhstan,16543.0,2021-05-01,2259.0,,1190.0,,,1069.0,-481.0
Kazakhstan,16543.0,2021-06-01,1759.0,,1209.0,,,550.0,-519.0
Kazakhstan,16543.0,2021-07-01,1754.0,,1191.0,,,563.0,13.0
Kazakhstan,16543.0,2021-08-01,1513.0,,601.0,,,912.0,349.0
Kazakhstan,16543.0,2021-09-01,2452.0,,329.0,,,2123.0,1211.0
Kazakhstan,16543.0,2021-10-01,2551.0,,328.0,,,2223.0,100.0
Kazakhstan,16543.0,2021-11-01,2285.0,,51.0,,,2234.0,11.0
Kazakhstan,16543.0,2021-12-01,3409.0,,51.0,,,3358.0,1124.0
Kazakhstan,16543.0,2022-01-01,2809.0,,51.0,,,2758.0,-600.0
Kazakhstan,16543.0,2022-02-01,4774.0,,44.0,,,4730.0,1972.0
Kazakhstan,16543.0,2022-03-01,4206.0,,52.0,,,4154.0,-576.0
Kazakhstan,16543.0,2022-04-01,4817.0,,406.0,,,4411.0,257.0
Kazakhstan,16543.0,2022-05-01,7917.0,,405.0,,,7512.0,3101.0
Kazakhstan,16543.0,2022-06-01,8155.0,,581.0,,,7574.0,62.0
Kazakhstan,16543.0,2022-07-01,8005.0,,852.0,,,7153.0,-421.0
Kazakhstan,16543.0,2022-08-01,9685.0,,1060.0,,,8625.0,1472.0
Kazakhstan,16543.0,2022-09-01,11262.0,,2226.0,,,9036.0,411.0
Kazakhstan,16543.0,2022-10-01,10341.0,,2286.0,,,8055.0,-981.0
Kazakhstan,16543.0,2022-11-01,8962.0,,2344.0,,,6618.0,-1437.0
Kazakhstan,16543.0,2022-12-01,13460.0,,2672.0,,,10788.0,4170.0
Kazakhstan,16543.0,2023-01-01,13060.0,,2687.0,,,10373.0,-415.0
Kazakhstan,16543.0,2023-02-01,15638.0,2593.0,2930.0,258.0,-17.0,12708.0,2335.0
Kazakhstan,16543.0,2023-03-01,14773.0,-944.0,2689.0,-320.0,29.0,12084.0,-624.0
Kazakhstan,16543.0,2023-04-01,13783.0,-617.0,2459.0,143.0,-4.0,11324.0,-760.0
Kazakhstan,16543.0,2023-05-01,15271.0,1496.0,2506.0,55.0,-7.0,12765.0,1441.0
Kazakhstan,16543.0,2023-06-01,15412.0,137.0,2299.0,-211.0,4.0,13113.0,348.0
Kazakhstan,16543.0,2023-07-01,15695.0,317.0,2382.0,117.0,-7.0,13313.0,200.0
Kazakhstan,16543.0,2023-08-01,14720.0,-970.0,2852.0,475.0,14.0,11868.0,-1445.0
Kazakhstan,16543.0,2023-09-01,14161.0,-560.0,3002.0,149.0,2.0,11159.0,-709.0
Kazakhstan,16543.0,2023-10-01,12125.0,-2006.0,2925.0,-47.0,3.0,9200.0,-1959.0
Kazakhstan,16543.0,2023-11-01,10636.0,-1210.0,2065.0,-581.0,24.0,8571.0,-629.0
Kazakhstan,16543.0,2023-12-01,10898.0,250.0,2221.0,144.0,11.0,8677.0,106.0
Kazakhstan,16543.0,2024-01-01,10240.0,-651.0,2132.0,-82.0,4.0,8108.0,-569.0
Kazakhstan,16543.0,2024-02-01,10498.0,257.0,1132.0,-1001.0,8.0,9366.0,1258.0
Kazakhstan,16543.0,2024-03-01,11006.0,532.0,1182.0,74.0,1.0,9824.0,458.0
Kazakhstan,16543.0,2024-04-01,10345.0,-625.0,1653.0,507.0,-11.0,8692.0,-1132.0
Kazakhstan,16543.0,2024-05-01,8994.0,-1334.0,2720.0,1084.0,3.0,6274.0,-2418.0
Kazakhstan,16543.0,2024-06-01,7228.0,-1531.0,2371.0,-114.0,13.0,4857.0,-1417.0
Kazakhstan,16543.0,2024-07-01,6582.0,-661.0,2248.0,-138.0,26.0,4334.0,-523.0
Kazakhstan,16543.0,2024-08-01,6402.0,-196.0,2371.0,107.0,15.0,4031.0,-303.0
Kazakhstan,16543.0,2024-09-01,6460.0,126.0,2276.0,-27.0,-37.0,4184.0,153.0
Kazakhstan,16543.0,2024-10-01,7834.0,1393.0,2517.0,260.0,-34.0,5317.0,1133.0
Kazakhstan,16543.0,2024-11-01,6845.0,-985.0,2851.0,338.0,-1.0,3994.0,-1323.0
Kazakhstan,16543.0,2024-12-01,6230.0,-1283.0,3624.0,105.0,-22.0,2606.0,-1388.0
Kazakhstan,16543.0,2025-01-01,6689.0,644.0,3603.0,164.0,-29.0,3086.0,480.0
Kazakhstan,16543.0,2025-02-01,9168.0,2655.0,3482.0,55.0,-67.0,5686.0,2600.0
Kazakhstan,16543.0,2025-03-01,9064.0,18.0,3262.0,-98.0,-50.0,5802.0,116.0
Kazakhstan,16543.0,2025-04-01,7891.0,-956.0,3104.0,59.0,-133.0,4787.0,-1015.0
Kazakhstan,16543.0,2025-05-01,9380.0,1707.0,3185.0,299.0,-20.0,6195.0,1408.0
Kazakhstan,16543.0,2025-06-01,9313.0,-41.0,3087.0,-72.0,12.0,6226.0,31.0
Kazakhstan,16543.0,2025-07-01,8268.0,-1020.0,3519.0,457.0,-25.0,4749.0,-1477.0
Kazakhstan,16543.0,2025-08-01,8872.0,415.0,3718.0,10.0,5.0,5154.0,405.0
Kazakhstan,16543.0,2025-09-01,7541.0,-1327.0,3485.0,-229.0,-1.0,4056.0,-1098.0
Kazakhstan,16543.0,2025-10-01,8097.0,560.0,3689.0,208.0,1.0,4408.0,352.0
Kazakhstan,16543.0,2025-11-01,8045.0,573.0,3102.0,38.0,38.0,4943.0,535.0
Kazakhstan,16543.0,2025-12-01,7885.0,-118.0,3298.0,238.0,-39.0,4587.0,-356.0
Kazakhstan,16543.0,2026-01-01,6992.0,-476.0,3141.0,260.0,-4.0,3851.0,-736.0
Kazakhstan,16543.0,2026-02-01,7884.0,1249.0,3033.0,249.0,-113.0,4851.0,1000.0
Kazakhstan,16543.0,2026-03-01,9315.0,1453.0,2786.0,-225.0,-20.0,6529.0,1678.0
Kazakhstan,16543.0,2026-04-01,8151.0,-691.0,2532.0,219.0,287.0,5619.0,-910.0
Kazakhstan,16543.0,2026-05-01,8977.0,1411.0,2797.0,850.0,-23.0,6180.0,561.0
"Korea, South",43001.0,2020-01-01,121126.0,,116572.0,,,4554.0,546.0
"Korea, South",43001.0,2020-02-01,116141.0,,111439.0,,,4702.0,148.0
"Korea, South",43001.0,2020-03-01,110833.0,,107688.0,,,3145.0,-1557.0
"Korea, South",43001.0,2020-04-01,119961.0,,115961.0,,,4000.0,855.0
"Korea, South",43001.0,2020-05-01,117279.0,,113388.0,,,3891.0,-109.0
"Korea, South",43001.0,2020-06-01,122674.0,,118218.0,,,4456.0,565.0
"Korea, South",43001.0,2020-07-01,123139.0,,118972.0,,,4167.0,-289.0
"Korea, South",43001.0,2020-08-01,122744.0,,117927.0,,,4817.0,650.0
"Korea, South",43001.0,2020-09-01,123173.0,,119954.0,,,3219.0,-1598.0
"Korea, South",43001.0,2020-10-01,119054.0,,115890.0,,,3164.0,-55.0
"Korea, South",43001.0,2020-11-01,122848.0,,119499.0,,,3349.0,185.0
"Korea, South",43001.0,2020-12-01,130910.0,,122069.0,,,8841.0,5492.0
"Korea, South",43001.0,2021-01-01,125249.0,,116402.0,,,8847.0,6.0
"Korea, South",43001.0,2021-02-01,125742.0,,116479.0,,,9263.0,416.0
"Korea, South",43001.0,2021-03-01,122868.0,,113674.0,,,9194.0,-69.0
"Korea, South",43001.0,2021-04-01,120258.0,,107417.0,,,12841.0,3647.0
"Korea, South",43001.0,2021-05-01,123155.0,,110147.0,,,13008.0,167.0
"Korea, South",43001.0,2021-06-01,130921.0,,117493.0,,,13428.0,420.0
"Korea, South",43001.0,2021-07-01,126137.0,,113795.0,,,12342.0,-1086.0
"Korea, South",43001.0,2021-08-01,129042.0,,113595.0,,,15447.0,3105.0
"Korea, South",43001.0,2021-09-01,130106.0,,110713.0,,,19393.0,3946.0
"Korea, South",43001.0,2021-10-01,125402.0,,108609.0,,,16793.0,-2600.0
"Korea, South",43001.0,2021-11-01,132163.0,,125999.0,,,6164.0,-10629.0
"Korea, South",43001.0,2021-12-01,130662.0,,123843.0,,,6819.0,655.0
"Korea, South",43001.0,2022-01-01,123801.0,,114404.0,,,9397.0,2578.0
"Korea, South",43001.0,2022-02-01,121863.0,,104037.0,,,17826.0,8429.0
"Korea, South",43001.0,2022-03-01,118928.0,,96304.0,,,22624.0,4798.0
"Korea, South",43001.0,2022-04-01,117328.0,,92748.0,,,24580.0,1956.0
"Korea, South",43001.0,2022-05-01,115250.0,,94885.0,,,20365.0,-4215.0
"Korea, South",43001.0,2022-06-01,111887.0,,93662.0,,,18225.0,-2140.0
"Korea, South",43001.0,2022-07-01,111905.0,,95304.0,,,16601.0,-1624.0
"Korea, South",43001.0,2022-08-01,117520.0,,99472.0,,,18048.0,1447.0
"Korea, South",43001.0,2022-09-01,104889.0,,89972.0,,,14917.0,-3131.0
"Korea, South",43001.0,2022-10-01,98662.0,,86470.0,,,12192.0,-2725.0
"Korea, South",43001.0,2022-11-01,100370.0,,87931.0,,,12439.0,247.0
"Korea, South",43001.0,2022-12-01,102572.0,,92391.0,,,10181.0,-2258.0
"Korea, South",43001.0,2023-01-01,105770.0,,94748.0,,,11022.0,841.0
"Korea, South",43001.0,2023-02-01,110829.0,7601.0,98486.0,6280.0,-2318.0,12343.0,1321.0
"Korea, South",43001.0,2023-03-01,113933.0,1103.0,101141.0,654.0,2038.0,12792.0,449.0
"Korea, South",43001.0,2023-04-01,111549.0,-2726.0,101820.0,337.0,-142.0,9729.0,-3063.0
"Korea, South",43001.0,2023-05-01,115427.0,5025.0,106572.0,5899.0,-62.0,8855.0,-874.0
"Korea, South",43001.0,2023-06-01,115068.0,380.0,103225.0,-2608.0,-167.0,11843.0,2988.0
"Korea, South",43001.0,2023-07-01,115790.0,1208.0,105266.0,2527.0,909.0,10524.0,-1319.0
"Korea, South",43001.0,2023-08-01,117788.0,2779.0,108373.0,3888.0,-680.0,9415.0,-1109.0
"Korea, South",43001.0,2023-09-01,112908.0,-2925.0,106233.0,-185.0,-1465.0,6675.0,-2740.0
"Korea, South",43001.0,2023-10-01,112856.0,1094.0,104781.0,-306.0,-784.0,8075.0,1400.0
"Korea, South",43001.0,2023-11-01,116045.0,1945.0,106942.0,917.0,4632.0,9103.0,1028.0
"Korea, South",43001.0,2023-12-01,117175.0,353.0,107917.0,198.0,1854.0,9258.0,155.0
"Korea, South",43001.0,2024-01-01,116930.0,-267.0,112053.0,4114.0,-1321.0,4877.0,-4381.0
"Korea, South",43001.0,2024-02-01,118165.0,3034.0,113711.0,3457.0,-1203.0,4454.0,-423.0
"Korea, South",43001.0,2024-03-01,114966.0,-5331.0,109848.0,-5995.0,-611.0,5118.0,664.0
"Korea, South",43001.0,2024-04-01,118954.0,6692.0,113772.0,6628.0,-2656.0,5182.0,64.0
"Korea, South",43001.0,2024-05-01,119776.0,-374.0,115837.0,869.0,5223.0,3939.0,-1243.0
"Korea, South",43001.0,2024-06-01,117183.0,-3053.0,113137.0,-3160.0,2166.0,4046.0,107.0
"Korea, South",43001.0,2024-07-01,123058.0,3645.0,117185.0,1818.0,1658.0,5873.0,1827.0
"Korea, South",43001.0,2024-08-01,123293.0,-557.0,118662.0,685.0,368.0,4631.0,-1242.0
"Korea, South",43001.0,2024-09-01,127345.0,5073.0,122667.0,5026.0,1113.0,4678.0,47.0
"Korea, South",43001.0,2024-10-01,127303.0,2171.0,119125.0,-1329.0,2497.0,8178.0,3500.0
"Korea, South",43001.0,2024-11-01,127527.0,211.0,119825.0,687.0,112.0,7702.0,-476.0
"Korea, South",43001.0,2024-12-01,124923.0,-356.0,118166.0,589.0,-1996.0,6757.0,-945.0
"Korea, South",43001.0,2025-01-01,122162.0,-3016.0,115302.0,-3119.0,-115.0,6860.0,103.0
"Korea, South",43001.0,2025-02-01,124582.0,574.0,115716.0,-1432.0,2307.0,8866.0,2006.0
"Korea, South",43001.0,2025-03-01,125833.0,1007.0,117758.0,1798.0,424.0,8075.0,-791.0
"Korea, South",43001.0,2025-04-01,121687.0,-4861.0,117207.0,-1266.0,561.0,4480.0,-3595.0
"Korea, South",43001.0,2025-05-01,124185.0,4547.0,119609.0,4451.0,1111.0,4576.0,96.0
"Korea, South",43001.0,2025-06-01,126532.0,1226.0,119553.0,-1177.0,1781.0,6979.0,2403.0
"Korea, South",43001.0,2025-07-01,132339.0,7217.0,123985.0,5842.0,-95.0,8354.0,1375.0
"Korea, South",43001.0,2025-08-01,135791.0,2346.0,126485.0,1394.0,1816.0,9306.0,952.0
"Korea, South",43001.0,2025-09-01,142738.0,6630.0,135787.0,8985.0,234.0,6951.0,-2355.0
"Korea, South",43001.0,2025-10-01,145018.0,2105.0,135959.0,-3.0,834.0,9059.0,2108.0
"Korea, South",43001.0,2025-11-01,145134.0,1837.0,138490.0,4252.0,651.0,6644.0,-2415.0
"Korea, South",43001.0,2025-12-01,140577.0,-3691.0,134098.0,-3526.0,-864.0,6479.0,-165.0
"Korea, South",43001.0,2026-01-01,141307.0,964.0,130951.0,-2913.0,-114.0,10356.0,3877.0
"Korea, South",43001.0,2026-02-01,140922.0,-1424.0,120046.0,-11944.0,1437.0,20876.0,10520.0
"Korea, South",43001.0,2026-03-01,136832.0,-1858.0,116176.0,-1638.0,-1852.0,20656.0,-220.0
"Korea, South",43001.0,2026-04-01,135157.0,-1237.0,114086.0,-1652.0,-899.0,21071.0,415.0
"Korea, South",43001.0,2026-05-01,132273.0,-2335.0,109063.0,-4474.0,-148.0,23210.0,2139.0
Kuwait,43109.0,2020-01-01,41940.0,,36115.0,,,5825.0,-601.0
Kuwait,43109.0,2020-02-01,43629.0,,37807.0,,,5822.0,-3.0
Kuwait,43109.0,2020-03-01,40099.0,,37232.0,,,2867.0,-2955.0
Kuwait,43109.0,2020-04-01,44510.0,,36336.0,,,8174.0,5307.0
Kuwait,43109.0,2020-05-01,43638.0,,34514.0,,,9124.0,950.0
Kuwait,43109.0,2020-06-01,44724.0,,35107.0,,,9617.0,493.0
Kuwait,43109.0,2020-07-01,47865.0,,34540.0,,,13325.0,3708.0
Kuwait,43109.0,2020-08-01,46385.0,,33620.0,,,12765.0,-560.0
Kuwait,43109.0,2020-09-01,46552.0,,33455.0,,,13097.0,332.0
Kuwait,43109.0,2020-10-01,47125.0,,33127.0,,,13998.0,901.0
Kuwait,43109.0,2020-11-01,46070.0,,32559.0,,,13511.0,-487.0
Kuwait,43109.0,2020-12-01,46588.0,,32809.0,,,13779.0,268.0
Kuwait,43109.0,2021-01-01,45324.0,,33133.0,,,12191.0,-1588.0
Kuwait,43109.0,2021-02-01,44795.0,,32709.0,,,12086.0,-105.0
Kuwait,43109.0,2021-03-01,45700.0,,33435.0,,,12265.0,179.0
Kuwait,43109.0,2021-04-01,45783.0,,33841.0,,,11942.0,-323.0
Kuwait,43109.0,2021-05-01,45949.0,,34152.0,,,11797.0,-145.0
Kuwait,43109.0,2021-06-01,47186.0,,34983.0,,,12203.0,406.0
Kuwait,43109.0,2021-07-01,46489.0,,34648.0,,,11841.0,-362.0
Kuwait,43109.0,2021-08-01,46826.0,,34993.0,,,11833.0,-8.0
Kuwait,43109.0,2021-09-01,46302.0,,34271.0,,,12031.0,198.0
Kuwait,43109.0,2021-10-01,45970.0,,33886.0,,,12084.0,53.0
Kuwait,43109.0,2021-11-01,46277.0,,33908.0,,,12369.0,285.0
Kuwait,43109.0,2021-12-01,46384.0,,32421.0,,,13963.0,1594.0
Kuwait,43109.0,2022-01-01,50578.0,,37145.0,,,13433.0,-530.0
Kuwait,43109.0,2022-02-01,50571.0,,37178.0,,,13393.0,-40.0
Kuwait,43109.0,2022-03-01,46815.0,,36358.0,,,10457.0,-2936.0
Kuwait,43109.0,2022-04-01,46134.0,,35917.0,,,10217.0,-240.0
Kuwait,43109.0,2022-05-01,46326.0,,35771.0,,,10555.0,338.0
Kuwait,43109.0,2022-06-01,45963.0,,35563.0,,,10400.0,-155.0
Kuwait,43109.0,2022-07-01,49478.0,,38330.0,,,11148.0,748.0
Kuwait,43109.0,2022-08-01,51122.0,,39284.0,,,11838.0,690.0
Kuwait,43109.0,2022-09-01,50240.0,,38094.0,,,12146.0,308.0
Kuwait,43109.0,2022-10-01,50282.0,,38641.0,,,11641.0,-505.0
Kuwait,43109.0,2022-11-01,50838.0,,39697.0,,,11141.0,-500.0
Kuwait,43109.0,2022-12-01,48523.0,,38135.0,,,10388.0,-753.0
Kuwait,43109.0,2023-01-01,43282.0,,36154.0,,,7128.0,-3260.0
Kuwait,43109.0,2023-02-01,39140.0,-3506.0,34595.0,-923.0,-1627.0,4545.0,-2583.0
Kuwait,43109.0,2023-03-01,39296.0,-882.0,35884.0,251.0,721.0,3412.0,-1133.0
Kuwait,43109.0,2023-04-01,41398.0,827.0,38222.0,1063.0,2245.0,3176.0,-236.0
Kuwait,43109.0,2023-05-01,41439.0,139.0,38373.0,249.0,1115.0,3066.0,-110.0
Kuwait,43109.0,2023-06-01,43656.0,-300.0,40493.0,-397.0,1054.0,3163.0,97.0
Kuwait,43109.0,2023-07-01,42482.0,-879.0,40270.0,72.0,-137.0,2212.0,-951.0
Kuwait,43109.0,2023-08-01,41945.0,-305.0,40117.0,79.0,434.0,1828.0,-384.0
Kuwait,43109.0,2023-09-01,40785.0,-407.0,39334.0,-30.0,-2899.0,1451.0,-377.0
Kuwait,43109.0,2023-10-01,39619.0,-587.0,37619.0,-1136.0,-519.0,2000.0,549.0
Kuwait,43109.0,2023-11-01,43064.0,2786.0,39729.0,1451.0,2079.0,3335.0,1335.0
Kuwait,43109.0,2023-12-01,46353.0,2749.0,43402.0,3133.0,1300.0,2951.0,-384.0
Kuwait,43109.0,2024-01-01,45975.0,-1543.0,43785.0,-782.0,2031.0,2190.0,-761.0
Kuwait,43109.0,2024-02-01,46717.0,339.0,44354.0,166.0,-443.0,2363.0,173.0
Kuwait,43109.0,2024-03-01,46306.0,-462.0,44837.0,432.0,-1614.0,1469.0,-894.0
Kuwait,43109.0,2024-04-01,44918.0,-145.0,43705.0,111.0,-1092.0,1213.0,-256.0
Kuwait,43109.0,2024-05-01,46202.0,14.0,44921.0,-54.0,626.0,1281.0,68.0
Kuwait,43109.0,2024-06-01,46448.0,-735.0,45125.0,-777.0,1938.0,1323.0,42.0
Kuwait,43109.0,2024-07-01,47558.0,619.0,46217.0,601.0,646.0,1341.0,18.0
Kuwait,43109.0,2024-08-01,47402.0,-1237.0,46434.0,-864.0,1358.0,968.0,-373.0
Kuwait,43109.0,2024-09-01,48290.0,91.0,47380.0,149.0,1005.0,910.0,-58.0
Kuwait,43109.0,2024-10-01,51424.0,4473.0,50090.0,4049.0,-846.0,1334.0,424.0
Kuwait,43109.0,2024-11-01,51201.0,-279.0,49801.0,-345.0,-361.0,1400.0,66.0
Kuwait,43109.0,2024-12-01,50340.0,984.0,48958.0,1002.0,-3400.0,1382.0,-18.0
Kuwait,43109.0,2025-01-01,49232.0,-736.0,47404.0,-1182.0,-1248.0,1828.0,446.0
Kuwait,43109.0,2025-02-01,50045.0,-1424.0,48530.0,-1111.0,3508.0,1515.0,-313.0
Kuwait,43109.0,2025-03-01,52687.0,1653.0,51080.0,1561.0,940.0,1607.0,92.0
Kuwait,43109.0,2025-04-01,54208.0,2147.0,52981.0,2527.0,-1097.0,1227.0,-380.0
Kuwait,43109.0,2025-05-01,57019.0,4096.0,55489.0,3793.0,646.0,1530.0,303.0
Kuwait,43109.0,2025-06-01,58045.0,519.0,56953.0,957.0,1645.0,1092.0,-438.0
Kuwait,43109.0,2025-07-01,58123.0,770.0,57100.0,839.0,581.0,1023.0,-69.0
Kuwait,43109.0,2025-08-01,59242.0,709.0,57750.0,240.0,682.0,1492.0,469.0
Kuwait,43109.0,2025-09-01,59426.0,-112.0,58123.0,77.0,1724.0,1303.0,-189.0
Kuwait,43109.0,2025-10-01,60668.0,833.0,59274.0,742.0,-267.0,1394.0,91.0
Kuwait,43109.0,2025-11-01,64845.0,4095.0,62699.0,3343.0,77.0,2146.0,752.0
Kuwait,43109.0,2025-12-01,66052.0,2248.0,63101.0,1443.0,-614.0,2951.0,805.0
Kuwait,43109.0,2026-01-01,66269.0,666.0,63369.0,717.0,47.0,2900.0,-51.0
Kuwait,43109.0,2026-02-01,65594.0,-2247.0,63095.0,-1846.0,1160.0,2499.0,-401.0
Kuwait,43109.0,2026-03-01,66509.0,1541.0,63306.0,837.0,-938.0,3203.0,704.0
Kuwait,43109.0,2026-04-01,67557.0,711.0,64737.0,1094.0,366.0,2820.0,-383.0
Kuwait,43109.0,2026-05-01,66808.0,-536.0,64253.0,-271.0,-169.0,2555.0,-265.0
Lebanon,43419.0,2020-01-01,,,3.0,,,,
Lebanon,43419.0,2020-02-01,,,2.0,,,,
Lebanon,43419.0,2020-03-01,,,3.0,,,,
Lebanon,43419.0,2020-04-01,,,3.0,,,,
Lebanon,43419.0,2020-05-01,,,3.0,,,,
Lebanon,43419.0,2020-06-01,,,2.0,,,,
Lebanon,43419.0,2020-07-01,,,2.0,,,,
Lebanon,43419.0,2020-08-01,,,2.0,,,,
Lebanon,43419.0,2020-09-01,,,2.0,,,,
Lebanon,43419.0,2020-10-01,,,2.0,,,,
Lebanon,43419.0,2020-11-01,,,2.0,,,,
Lebanon,43419.0,2020-12-01,,,1.0,,,,
Lebanon,43419.0,2021-01-01,,,1.0,,,,
Lebanon,43419.0,2021-02-01,,,1.0,,,,
Lebanon,43419.0,2021-03-01,,,1.0,,,,
Lebanon,43419.0,2021-04-01,,,1.0,,,,
Lebanon,43419.0,2021-05-01,,,1.0,,,,
Lebanon,43419.0,2021-06-01,,,1.0,,,,
Lebanon,43419.0,2021-07-01,,,1.0,,,,
Lebanon,43419.0,2021-08-01,,,1.0,,,,
Lebanon,43419.0,2021-09-01,,,1.0,,,,
Lebanon,43419.0,2021-10-01,,,1.0,,,,
Lebanon,43419.0,2021-11-01,,,1.0,,,,
Lebanon,43419.0,2021-12-01,,,0.0,,,,
Lebanon,43419.0,2022-01-01,,,0.0,,,,
Lebanon,43419.0,2022-02-01,,,0.0,,,,
Lebanon,43419.0,2022-03-01,,,0.0,,,,
Lebanon,43419.0,2022-04-01,,,0.0,,,,
Lebanon,43419.0,2022-05-01,,,0.0,,,,
Lebanon,43419.0,2022-06-01,,,8.0,,,,
Lebanon,43419.0,2022-07-01,,,8.0,,,,
Lebanon,43419.0,2022-08-01,,,9.0,,,,
Lebanon,43419.0,2022-09-01,,,9.0,,,,
Lebanon,43419.0,2022-10-01,,,9.0,,,,
Lebanon,43419.0,2022-11-01,,,8.0,,,,
Lebanon,43419.0,2022-12-01,,,7.0,,,,
Lebanon,43419.0,2023-01-01,,,8.0,,,,
Lebanon,43419.0,2023-02-01,,,13.0,5.0,0.0,,
Lebanon,43419.0,2023-03-01,,,14.0,0.0,0.0,,
Lebanon,43419.0,2023-04-01,,,15.0,0.0,0.0,,
Lebanon,43419.0,2023-05-01,,,16.0,1.0,0.0,,
Lebanon,43419.0,2023-06-01,,,16.0,0.0,0.0,,
Lebanon,43419.0,2023-07-01,,,15.0,-1.0,0.0,,
Lebanon,43419.0,2023-08-01,,,16.0,1.0,0.0,,
Lebanon,43419.0,2023-09-01,,,10.0,-7.0,0.0,,
Lebanon,43419.0,2023-10-01,,,10.0,0.0,0.0,,
Lebanon,43419.0,2023-11-01,,,9.0,0.0,0.0,,
Lebanon,43419.0,2023-12-01,,,15.0,-2.0,2.0,,
Lebanon,43419.0,2024-01-01,,,12.0,2.0,0.0,,
Lebanon,43419.0,2024-02-01,,,17.0,5.0,0.0,,
Lebanon,43419.0,2024-03-01,,,17.0,-1.0,0.0,,
Lebanon,43419.0,2024-04-01,,,20.0,0.0,0.0,,
Lebanon,43419.0,2024-05-01,,,21.0,5.0,0.0,,
Lebanon,43419.0,2024-06-01,,,23.0,2.0,0.0,,
Lebanon,43419.0,2024-07-01,,,24.0,1.0,0.0,,
Lebanon,43419.0,2024-08-01,,,23.0,1.0,0.0,,
Lebanon,43419.0,2024-09-01,,,25.0,0.0,-1.0,,
Lebanon,43419.0,2024-10-01,,,28.0,3.0,0.0,,
Lebanon,43419.0,2024-11-01,,,28.0,-1.0,1.0,,
Lebanon,43419.0,2024-12-01,,,24.0,-2.0,0.0,,
Lebanon,43419.0,2025-01-01,,,18.0,-1.0,0.0,,
Lebanon,43419.0,2025-02-01,,,21.0,3.0,0.0,,
Lebanon,43419.0,2025-03-01,,,23.0,3.0,0.0,,
Lebanon,43419.0,2025-04-01,,,23.0,2.0,-2.0,,
Lebanon,43419.0,2025-05-01,,,26.0,4.0,-3.0,,
Lebanon,43419.0,2025-06-01,,,25.0,0.0,-1.0,,
Lebanon,43419.0,2025-07-01,,,30.0,9.0,-1.0,,
Lebanon,43419.0,2025-08-01,,,36.0,6.0,0.0,,
Lebanon,43419.0,2025-09-01,,,31.0,1.0,-1.0,,
Lebanon,43419.0,2025-10-01,,,25.0,1.0,0.0,,
Lebanon,43419.0,2025-11-01,,,31.0,7.0,0.0,,
Lebanon,43419.0,2025-12-01,,,30.0,0.0,0.0,,
Lebanon,43419.0,2026-01-01,,,31.0,1.0,0.0,,
Lebanon,43419.0,2026-02-01,,,333.0,314.0,-6.0,,
Lebanon,43419.0,2026-03-01,,,332.0,1.0,-1.0,,
Lebanon,43419.0,2026-04-01,,,333.0,1.0,0.0,,
Lebanon,43419.0,2026-05-01,,,333.0,1.0,-2.0,,
Liberia,53201.0,2020-01-01,49.0,,46.0,,,3.0,-1.0
Liberia,53201.0,2020-02-01,68.0,,55.0,,,13.0,10.0
Liberia,53201.0,2020-03-01,61.0,,50.0,,,11.0,-2.0
Liberia,53201.0,2020-04-01,68.0,,50.0,,,18.0,7.0
Liberia,53201.0,2020-05-01,89.0,,57.0,,,32.0,14.0
Liberia,53201.0,2020-06-01,82.0,,57.0,,,25.0,-7.0
Liberia,53201.0,2020-07-01,82.0,,54.0,,,28.0,3.0
Liberia,53201.0,2020-08-01,83.0,,54.0,,,29.0,1.0
Liberia,53201.0,2020-09-01,83.0,,54.0,,,29.0,0.0
Liberia,53201.0,2020-10-01,72.0,,53.0,,,19.0,-10.0
Liberia,53201.0,2020-11-01,82.0,,52.0,,,30.0,11.0
Liberia,53201.0,2020-12-01,68.0,,50.0,,,18.0,-12.0
Liberia,53201.0,2021-01-01,73.0,,50.0,,,23.0,5.0
Liberia,53201.0,2021-02-01,73.0,,47.0,,,26.0,3.0
Liberia,53201.0,2021-03-01,90.0,,26.0,,,64.0,38.0
Liberia,53201.0,2021-04-01,90.0,,26.0,,,64.0,0.0
Liberia,53201.0,2021-05-01,127.0,,24.0,,,103.0,39.0
Liberia,53201.0,2021-06-01,128.0,,25.0,,,103.0,0.0
Liberia,53201.0,2021-07-01,30.0,,26.0,,,4.0,-99.0
Liberia,53201.0,2021-08-01,27.0,,23.0,,,4.0,0.0
Liberia,53201.0,2021-09-01,27.0,,23.0,,,4.0,0.0
Liberia,53201.0,2021-10-01,23.0,,22.0,,,1.0,-3.0
Liberia,53201.0,2021-11-01,23.0,,22.0,,,1.0,0.0
Liberia,53201.0,2021-12-01,23.0,,22.0,,,1.0,0.0
Liberia,53201.0,2022-01-01,23.0,,22.0,,,1.0,0.0
Liberia,53201.0,2022-02-01,26.0,,25.0,,,1.0,0.0
Liberia,53201.0,2022-03-01,28.0,,27.0,,,1.0,0.0
Liberia,53201.0,2022-04-01,37.0,,25.0,,,12.0,11.0
Liberia,53201.0,2022-05-01,32.0,,21.0,,,11.0,-1.0
Liberia,53201.0,2022-06-01,33.0,,21.0,,,12.0,1.0
Liberia,53201.0,2022-07-01,34.0,,23.0,,,11.0,-1.0
Liberia,53201.0,2022-08-01,32.0,,20.0,,,12.0,1.0
Liberia,53201.0,2022-09-01,36.0,,23.0,,,13.0,1.0
Liberia,53201.0,2022-10-01,37.0,,23.0,,,14.0,1.0
Liberia,53201.0,2022-11-01,37.0,,23.0,,,14.0,0.0
Liberia,53201.0,2022-12-01,40.0,,24.0,,,16.0,2.0
Liberia,53201.0,2023-01-01,73.0,,24.0,,,49.0,33.0
Liberia,53201.0,2023-02-01,72.0,-2.0,25.0,0.0,1.0,47.0,-2.0
Liberia,53201.0,2023-03-01,95.0,23.0,25.0,0.0,-1.0,70.0,23.0
Liberia,53201.0,2023-04-01,87.0,-7.0,26.0,2.0,0.0,61.0,-9.0
Liberia,53201.0,2023-05-01,92.0,5.0,26.0,0.0,0.0,66.0,5.0
Liberia,53201.0,2023-06-01,143.0,51.0,26.0,0.0,0.0,117.0,51.0
Liberia,53201.0,2023-07-01,290.0,147.0,26.0,0.0,0.0,264.0,147.0
Liberia,53201.0,2023-08-01,237.0,-53.0,26.0,0.0,0.0,211.0,-53.0
Liberia,53201.0,2023-09-01,225.0,-11.0,25.0,0.0,0.0,200.0,-11.0
Liberia,53201.0,2023-10-01,234.0,9.0,30.0,5.0,0.0,204.0,4.0
Liberia,53201.0,2023-11-01,234.0,0.0,30.0,0.0,0.0,204.0,0.0
Liberia,53201.0,2023-12-01,189.0,-45.0,37.0,7.0,20.0,152.0,-52.0
Liberia,53201.0,2024-01-01,331.0,142.0,35.0,-2.0,15.0,296.0,144.0
Liberia,53201.0,2024-02-01,355.0,24.0,38.0,3.0,0.0,317.0,21.0
Liberia,53201.0,2024-03-01,357.0,2.0,39.0,1.0,0.0,318.0,1.0
Liberia,53201.0,2024-04-01,348.0,-7.0,41.0,4.0,-1.0,307.0,-11.0
Liberia,53201.0,2024-05-01,359.0,9.0,41.0,-2.0,1.0,318.0,11.0
Liberia,53201.0,2024-06-01,356.0,-2.0,40.0,0.0,2.0,316.0,-2.0
Liberia,53201.0,2024-07-01,369.0,11.0,42.0,0.0,1.0,327.0,11.0
Liberia,53201.0,2024-08-01,352.0,-17.0,42.0,0.0,0.0,310.0,-17.0
Liberia,53201.0,2024-09-01,452.0,100.0,42.0,0.0,0.0,410.0,100.0
Liberia,53201.0,2024-10-01,471.0,18.0,43.0,0.0,-1.0,428.0,18.0
Liberia,53201.0,2024-11-01,434.0,-35.0,43.0,2.0,-1.0,391.0,-37.0
Liberia,53201.0,2024-12-01,435.0,2.0,40.0,-2.0,-1.0,395.0,4.0
Liberia,53201.0,2025-01-01,465.0,29.0,43.0,2.0,0.0,422.0,27.0
Liberia,53201.0,2025-02-01,500.0,37.0,42.0,1.0,1.0,458.0,36.0
Liberia,53201.0,2025-03-01,522.0,25.0,39.0,0.0,-1.0,483.0,25.0
Liberia,53201.0,2025-04-01,537.0,15.0,45.0,6.0,0.0,492.0,9.0
Liberia,53201.0,2025-05-01,582.0,44.0,48.0,2.0,0.0,534.0,42.0
Liberia,53201.0,2025-06-01,481.0,-98.0,42.0,-3.0,-1.0,439.0,-95.0
Liberia,53201.0,2025-07-01,491.0,10.0,43.0,1.0,0.0,448.0,9.0
Liberia,53201.0,2025-08-01,492.0,1.0,44.0,1.0,0.0,448.0,0.0
Liberia,53201.0,2025-09-01,495.0,4.0,44.0,1.0,-1.0,451.0,3.0
Liberia,53201.0,2025-10-01,519.0,24.0,44.0,0.0,0.0,475.0,24.0
Liberia,53201.0,2025-11-01,522.0,4.0,45.0,2.0,-1.0,477.0,2.0
Liberia,53201.0,2025-12-01,527.0,7.0,43.0,0.0,0.0,484.0,7.0
Liberia,53201.0,2026-01-01,536.0,10.0,44.0,2.0,0.0,492.0,8.0
Liberia,53201.0,2026-02-01,536.0,0.0,44.0,0.0,0.0,492.0,0.0
Liberia,53201.0,2026-03-01,542.0,10.0,41.0,1.0,-2.0,501.0,9.0
Liberia,53201.0,2026-04-01,545.0,3.0,48.0,7.0,0.0,497.0,-4.0
Liberia,53201.0,2026-05-01,652.0,107.0,45.0,-3.0,0.0,607.0,110.0
Luxembourg,11703.0,2020-01-01,255212.0,,212181.0,,,43031.0,-7691.0
Luxembourg,11703.0,2020-02-01,260808.0,,216302.0,,,44506.0,1475.0
Luxembourg,11703.0,2020-03-01,246137.0,,204648.0,,,41489.0,-3017.0
Luxembourg,11703.0,2020-04-01,265525.0,,196255.0,,,69270.0,27781.0
Luxembourg,11703.0,2020-05-01,262684.0,,185627.0,,,77057.0,7787.0
Luxembourg,11703.0,2020-06-01,267333.0,,182240.0,,,85093.0,8036.0
Luxembourg,11703.0,2020-07-01,264701.0,,182358.0,,,82342.0,-2751.0
Luxembourg,11703.0,2020-08-01,268845.0,,181211.0,,,87633.0,5291.0
Luxembourg,11703.0,2020-09-01,262453.0,,178960.0,,,83493.0,-4140.0
Luxembourg,11703.0,2020-10-01,266187.0,,179769.0,,,86418.0,2924.0
Luxembourg,11703.0,2020-11-01,267847.0,,179604.0,,,88243.0,1825.0
Luxembourg,11703.0,2020-12-01,287667.0,,190771.0,,,96896.0,8654.0
Luxembourg,11703.0,2021-01-01,280887.0,,185677.0,,,95210.0,-1686.0
Luxembourg,11703.0,2021-02-01,282059.0,,186082.0,,,95977.0,767.0
Luxembourg,11703.0,2021-03-01,282805.0,,189538.0,,,93267.0,-2710.0
Luxembourg,11703.0,2021-04-01,290399.0,,197094.0,,,93304.0,37.0
Luxembourg,11703.0,2021-05-01,287589.0,,197998.0,,,89591.0,-3713.0
Luxembourg,11703.0,2021-06-01,302088.0,,200566.0,,,101523.0,11932.0
Luxembourg,11703.0,2021-07-01,291655.0,,197440.0,,,94215.0,-7308.0
Luxembourg,11703.0,2021-08-01,294170.0,,198412.0,,,95759.0,1543.0
Luxembourg,11703.0,2021-09-01,312016.0,,208599.0,,,103417.0,7658.0
Luxembourg,11703.0,2021-10-01,314331.0,,207410.0,,,106921.0,3504.0
Luxembourg,11703.0,2021-11-01,333275.0,,219695.0,,,113580.0,6659.0
Luxembourg,11703.0,2021-12-01,327819.0,,225411.0,,,102408.0,-11172.0
Luxembourg,11703.0,2022-01-01,312988.0,,208622.0,,,104365.0,1957.0
Luxembourg,11703.0,2022-02-01,316394.0,,210372.0,,,106022.0,1657.0
Luxembourg,11703.0,2022-03-01,303185.0,,213486.0,,,89699.0,-16323.0
Luxembourg,11703.0,2022-04-01,296181.0,,211945.0,,,84236.0,-5462.0
Luxembourg,11703.0,2022-05-01,296470.0,,216825.0,,,79645.0,-4592.0
Luxembourg,11703.0,2022-06-01,309266.0,,234755.0,,,74510.0,-5134.0
Luxembourg,11703.0,2022-07-01,306547.0,,236793.0,,,69754.0,-4756.0
Luxembourg,11703.0,2022-08-01,308358.0,,234952.0,,,73406.0,3652.0
Luxembourg,11703.0,2022-09-01,299852.0,,233856.0,,,65997.0,-7409.0
Luxembourg,11703.0,2022-10-01,298408.0,,235432.0,,,62977.0,-3020.0
Luxembourg,11703.0,2022-11-01,311263.0,,245219.0,,,66044.0,3068.0
Luxembourg,11703.0,2022-12-01,329314.0,,260500.0,,,68814.0,2770.0
Luxembourg,11703.0,2023-01-01,318157.0,,254655.0,,,63502.0,-5312.0
Luxembourg,11703.0,2023-02-01,327175.0,13439.0,260574.0,10340.0,-3625.0,66601.0,3099.0
Luxembourg,11703.0,2023-03-01,328556.0,-5751.0,261941.0,-5765.0,4887.0,66615.0,14.0
Luxembourg,11703.0,2023-04-01,332261.0,4042.0,265279.0,3675.0,89.0,66982.0,367.0
Luxembourg,11703.0,2023-05-01,331464.0,3748.0,262478.0,1744.0,-1602.0,68986.0,2004.0
Luxembourg,11703.0,2023-06-01,330666.0,-766.0,256427.0,-6020.0,-964.0,74240.0,5254.0
Luxembourg,11703.0,2023-07-01,352013.0,18847.0,271379.0,12453.0,-77.0,80634.0,6394.0
Luxembourg,11703.0,2023-08-01,365796.0,18524.0,274173.0,7534.0,-2343.0,91624.0,10990.0
Luxembourg,11703.0,2023-09-01,373661.0,13766.0,276113.0,7842.0,-3211.0,97548.0,5924.0
Luxembourg,11703.0,2023-10-01,345378.0,-24740.0,255649.0,-16921.0,-1851.0,89729.0,-7819.0
Luxembourg,11703.0,2023-11-01,371260.0,22954.0,266383.0,7806.0,2678.0,104877.0,15148.0
Luxembourg,11703.0,2023-12-01,339934.0,944.0,236457.0,2343.0,1031.0,103477.0,-1400.0
Luxembourg,11703.0,2024-01-01,348054.0,8962.0,245266.0,9652.0,1269.0,102788.0,-690.0
Luxembourg,11703.0,2024-02-01,355786.0,6772.0,252701.0,6475.0,1754.0,103085.0,297.0
Luxembourg,11703.0,2024-03-01,366228.0,7166.0,259519.0,3542.0,4091.0,106709.0,3624.0
Luxembourg,11703.0,2024-04-01,359234.0,-5693.0,260706.0,2488.0,-1923.0,98528.0,-8181.0
Luxembourg,11703.0,2024-05-01,367288.0,2333.0,269182.0,2754.0,4608.0,98106.0,-422.0
Luxembourg,11703.0,2024-06-01,374188.0,1117.0,277154.0,2190.0,5934.0,97033.0,-1073.0
Luxembourg,11703.0,2024-07-01,389336.0,1954.0,287413.0,-2936.0,13398.0,101923.0,4890.0
Luxembourg,11703.0,2024-08-01,395743.0,-190.0,295911.0,1901.0,6553.0,99832.0,-2091.0
Luxembourg,11703.0,2024-09-01,407154.0,59.0,308399.0,1136.0,13709.0,98755.0,-1077.0
Luxembourg,11703.0,2024-10-01,413532.0,6233.0,313648.0,5103.0,1830.0,99885.0,1129.0
Luxembourg,11703.0,2024-11-01,417812.0,2383.0,311526.0,-4018.0,2779.0,106285.0,6401.0
Luxembourg,11703.0,2024-12-01,423902.0,4780.0,312782.0,-55.0,-349.0,111120.0,4835.0
Luxembourg,11703.0,2025-01-01,409911.0,-13825.0,310381.0,-2234.0,662.0,99530.0,-11590.0
Luxembourg,11703.0,2025-02-01,412480.0,-1111.0,318264.0,4203.0,2816.0,94217.0,-5313.0
Luxembourg,11703.0,2025-03-01,412428.0,-2466.0,316882.0,-3795.0,676.0,95546.0,1329.0
Luxembourg,11703.0,2025-04-01,411016.0,-4265.0,312294.0,-7442.0,874.0,98723.0,3177.0
Luxembourg,11703.0,2025-05-01,412630.0,5024.0,312579.0,3695.0,-1157.0,100052.0,1329.0
Luxembourg,11703.0,2025-06-01,403225.0,-9526.0,309342.0,-3357.0,2277.0,93883.0,-6169.0
Luxembourg,11703.0,2025-07-01,403817.0,1023.0,309160.0,249.0,-936.0,94657.0,774.0
Luxembourg,11703.0,2025-08-01,409918.0,20682.0,309718.0,15139.0,634.0,100200.0,5543.0
Luxembourg,11703.0,2025-09-01,419896.0,10723.0,319811.0,10838.0,1240.0,100084.0,-115.0
Luxembourg,11703.0,2025-10-01,417749.0,-4726.0,322593.0,202.0,949.0,95156.0,-4928.0
Luxembourg,11703.0,2025-11-01,424713.0,3097.0,327448.0,989.0,586.0,97264.0,2108.0
Luxembourg,11703.0,2025-12-01,434019.0,8697.0,330880.0,2821.0,-1018.0,103140.0,5876.0
Luxembourg,11703.0,2026-01-01,446152.0,6405.0,341570.0,4963.0,524.0,104582.0,1442.0
Luxembourg,11703.0,2026-02-01,445972.0,-8311.0,336850.0,-12851.0,3148.0,109122.0,4540.0
Luxembourg,11703.0,2026-03-01,432424.0,-6527.0,329056.0,-773.0,-5518.0,103368.0,-5754.0
Luxembourg,11703.0,2026-04-01,431128.0,-164.0,336836.0,8912.0,-228.0,94292.0,-9076.0
Luxembourg,11703.0,2026-05-01,436038.0,2188.0,345480.0,5922.0,-696.0,90558.0,-3734.0
Malaysia,43605.0,2020-01-01,14046.0,,13886.0,,,160.0,93.0
Malaysia,43605.0,2020-02-01,14120.0,,13980.0,,,140.0,-20.0
Malaysia,43605.0,2020-03-01,13169.0,,13035.0,,,134.0,-6.0
Malaysia,43605.0,2020-04-01,12829.0,,12738.0,,,91.0,-43.0
Malaysia,43605.0,2020-05-01,12896.0,,12805.0,,,91.0,0.0
Malaysia,43605.0,2020-06-01,12867.0,,12776.0,,,91.0,0.0
Malaysia,43605.0,2020-07-01,12908.0,,12817.0,,,91.0,0.0
Malaysia,43605.0,2020-08-01,12668.0,,12577.0,,,91.0,0.0
Malaysia,43605.0,2020-09-01,12678.0,,12585.0,,,93.0,2.0
Malaysia,43605.0,2020-10-01,12895.0,,12826.0,,,69.0,-24.0
Malaysia,43605.0,2020-11-01,13043.0,,12976.0,,,67.0,-2.0
Malaysia,43605.0,2020-12-01,12867.0,,12787.0,,,80.0,13.0
Malaysia,43605.0,2021-01-01,12357.0,,12263.0,,,94.0,14.0
Malaysia,43605.0,2021-02-01,12158.0,,12066.0,,,92.0,-2.0
Malaysia,43605.0,2021-03-01,12165.0,,12073.0,,,92.0,0.0
Malaysia,43605.0,2021-04-01,11813.0,,11813.0,,,0.0,-92.0
Malaysia,43605.0,2021-05-01,11800.0,,11704.0,,,96.0,96.0
Malaysia,43605.0,2021-06-01,10750.0,,10668.0,,,82.0,-14.0
Malaysia,43605.0,2021-07-01,10434.0,,10282.0,,,152.0,70.0
Malaysia,43605.0,2021-08-01,9856.0,,9704.0,,,152.0,0.0
Malaysia,43605.0,2021-09-01,9417.0,,9417.0,,,0.0,-152.0
Malaysia,43605.0,2021-10-01,9375.0,,9375.0,,,0.0,0.0
Malaysia,43605.0,2021-11-01,9291.0,,9189.0,,,102.0,102.0
Malaysia,43605.0,2021-12-01,9167.0,,9067.0,,,100.0,-2.0
Malaysia,43605.0,2022-01-01,9130.0,,8997.0,,,133.0,33.0
Malaysia,43605.0,2022-02-01,9085.0,,8949.0,,,136.0,3.0
Malaysia,43605.0,2022-03-01,8269.0,,8133.0,,,136.0,0.0
Malaysia,43605.0,2022-04-01,7964.0,,7837.0,,,127.0,-9.0
Malaysia,43605.0,2022-05-01,8050.0,,7893.0,,,157.0,30.0
Malaysia,43605.0,2022-06-01,8141.0,,7985.0,,,156.0,-1.0
Malaysia,43605.0,2022-07-01,8147.0,,7991.0,,,156.0,0.0
Malaysia,43605.0,2022-08-01,8192.0,,8013.0,,,179.0,23.0
Malaysia,43605.0,2022-09-01,7624.0,,7431.0,,,193.0,14.0
Malaysia,43605.0,2022-10-01,7384.0,,7209.0,,,175.0,-18.0
Malaysia,43605.0,2022-11-01,7511.0,,7345.0,,,166.0,-9.0
Malaysia,43605.0,2022-12-01,7741.0,,7661.0,,,80.0,-86.0
Malaysia,43605.0,2023-01-01,8762.0,,8600.0,,,162.0,82.0
Malaysia,43605.0,2023-02-01,11197.0,2662.0,11037.0,2664.0,-227.0,160.0,-2.0
Malaysia,43605.0,2023-03-01,11915.0,421.0,11544.0,210.0,301.0,371.0,211.0
Malaysia,43605.0,2023-04-01,11514.0,-456.0,11441.0,-158.0,57.0,73.0,-298.0
Malaysia,43605.0,2023-05-01,11961.0,576.0,11897.0,585.0,-128.0,64.0,-9.0
Malaysia,43605.0,2023-06-01,12123.0,295.0,11918.0,154.0,-133.0,205.0,141.0
Malaysia,43605.0,2023-07-01,12256.0,191.0,12077.0,217.0,-64.0,179.0,-26.0
Malaysia,43605.0,2023-08-01,12715.0,532.0,12671.0,667.0,-73.0,44.0,-135.0
Malaysia,43605.0,2023-09-01,12400.0,-75.0,12349.0,-82.0,-242.0,51.0,7.0
Malaysia,43605.0,2023-10-01,12492.0,271.0,12309.0,139.0,-176.0,183.0,132.0
Malaysia,43605.0,2023-11-01,12982.0,114.0,12791.0,106.0,377.0,191.0,8.0
Malaysia,43605.0,2023-12-01,12581.0,-766.0,12484.0,-672.0,369.0,97.0,-94.0
Malaysia,43605.0,2024-01-01,12589.0,39.0,12500.0,47.0,-31.0,89.0,-8.0
Malaysia,43605.0,2024-02-01,13034.0,673.0,12926.0,654.0,-224.0,108.0,19.0
Malaysia,43605.0,2024-03-01,12718.0,-382.0,12603.0,-389.0,57.0,115.0,7.0
Malaysia,43605.0,2024-04-01,12664.0,280.0,12557.0,288.0,-339.0,107.0,-8.0
Malaysia,43605.0,2024-05-01,13123.0,307.0,13014.0,305.0,150.0,109.0,2.0
Malaysia,43605.0,2024-06-01,13216.0,-35.0,13118.0,-24.0,131.0,98.0,-11.0
Malaysia,43605.0,2024-07-01,13612.0,133.0,13532.0,151.0,261.0,80.0,-18.0
Malaysia,43605.0,2024-08-01,13928.0,160.0,13836.0,148.0,156.0,92.0,12.0
Malaysia,43605.0,2024-09-01,14417.0,362.0,14334.0,371.0,127.0,83.0,-9.0
Malaysia,43605.0,2024-10-01,14821.0,839.0,14696.0,797.0,-411.0,125.0,42.0
Malaysia,43605.0,2024-11-01,14295.0,-622.0,14176.0,-616.0,97.0,119.0,-6.0
Malaysia,43605.0,2024-12-01,12494.0,-1527.0,12360.0,-1542.0,-263.0,134.0,15.0
Malaysia,43605.0,2025-01-01,12989.0,470.0,12868.0,483.0,35.0,121.0,-13.0
Malaysia,43605.0,2025-02-01,12977.0,-264.0,12878.0,-242.0,252.0,99.0,-22.0
Malaysia,43605.0,2025-03-01,12920.0,-69.0,12816.0,-74.0,9.0,104.0,5.0
Malaysia,43605.0,2025-04-01,14234.0,1247.0,14151.0,1268.0,66.0,83.0,-21.0
Malaysia,43605.0,2025-05-01,15170.0,1126.0,15107.0,1146.0,-176.0,63.0,-20.0
Malaysia,43605.0,2025-06-01,15330.0,12.0,15254.0,-1.0,153.0,76.0,13.0
Malaysia,43605.0,2025-07-01,16511.0,1328.0,16430.0,1323.0,-147.0,81.0,5.0
Malaysia,43605.0,2025-08-01,17465.0,808.0,17409.0,833.0,149.0,56.0,-25.0
Malaysia,43605.0,2025-09-01,18570.0,1052.0,18516.0,1054.0,65.0,54.0,-2.0
Malaysia,43605.0,2025-10-01,19461.0,846.0,19148.0,587.0,43.0,313.0,259.0
Malaysia,43605.0,2025-11-01,20183.0,649.0,19440.0,219.0,89.0,743.0,430.0
Malaysia,43605.0,2025-12-01,21155.0,1116.0,20355.0,1059.0,-121.0,800.0,57.0
Malaysia,43605.0,2026-01-01,20821.0,-341.0,20228.0,-134.0,7.0,593.0,-207.0
Malaysia,43605.0,2026-02-01,20466.0,-592.0,19894.0,-571.0,239.0,572.0,-21.0
Malaysia,43605.0,2026-03-01,19845.0,-224.0,19136.0,-361.0,-398.0,709.0,137.0
Malaysia,43605.0,2026-04-01,19809.0,24.0,19143.0,67.0,-39.0,666.0,-43.0
Malaysia,43605.0,2026-05-01,20255.0,532.0,19790.0,733.0,-86.0,465.0,-201.0
Mauritius,53805.0,2020-01-01,,,895.0,,,,
Mauritius,53805.0,2020-02-01,,,1024.0,,,,
Mauritius,53805.0,2020-03-01,,,688.0,,,,
Mauritius,53805.0,2020-04-01,,,622.0,,,,
Mauritius,53805.0,2020-05-01,,,543.0,,,,
Mauritius,53805.0,2020-06-01,,,631.0,,,,
Mauritius,53805.0,2020-07-01,,,615.0,,,,
Mauritius,53805.0,2020-08-01,,,551.0,,,,
Mauritius,53805.0,2020-09-01,,,563.0,,,,
Mauritius,53805.0,2020-10-01,,,530.0,,,,
Mauritius,53805.0,2020-11-01,,,536.0,,,,
Mauritius,53805.0,2020-12-01,,,918.0,,,,
Mauritius,53805.0,2021-01-01,,,801.0,,,,
Mauritius,53805.0,2021-02-01,,,785.0,,,,
Mauritius,53805.0,2021-03-01,,,785.0,,,,
Mauritius,53805.0,2021-04-01,,,828.0,,,,
Mauritius,53805.0,2021-05-01,,,841.0,,,,
Mauritius,53805.0,2021-06-01,,,734.0,,,,
Mauritius,53805.0,2021-07-01,,,890.0,,,,
Mauritius,53805.0,2021-08-01,,,892.0,,,,
Mauritius,53805.0,2021-09-01,,,930.0,,,,
Mauritius,53805.0,2021-10-01,,,1046.0,,,,
Mauritius,53805.0,2021-11-01,,,1149.0,,,,
Mauritius,53805.0,2021-12-01,,,1178.0,,,,
Mauritius,53805.0,2022-01-01,,,1172.0,,,,
Mauritius,53805.0,2022-02-01,,,1279.0,,,,
Mauritius,53805.0,2022-03-01,,,1342.0,,,,
Mauritius,53805.0,2022-04-01,,,1097.0,,,,
Mauritius,53805.0,2022-05-01,,,1134.0,,,,
Mauritius,53805.0,2022-06-01,,,1246.0,,,,
Mauritius,53805.0,2022-07-01,,,1319.0,,,,
Mauritius,53805.0,2022-08-01,,,1181.0,,,,
Mauritius,53805.0,2022-09-01,,,1179.0,,,,
Mauritius,53805.0,2022-10-01,,,1179.0,,,,
Mauritius,53805.0,2022-11-01,,,821.0,,,,
Mauritius,53805.0,2022-12-01,,,821.0,,,,
Mauritius,53805.0,2023-01-01,,,833.0,,,,
Mauritius,53805.0,2023-02-01,,,806.0,-10.0,-6.0,,
Mauritius,53805.0,2023-03-01,,,865.0,55.0,3.0,,
Mauritius,53805.0,2023-04-01,,,882.0,24.0,-6.0,,
Mauritius,53805.0,2023-05-01,,,897.0,19.0,-2.0,,
Mauritius,53805.0,2023-06-01,,,828.0,65.0,-61.0,,
Mauritius,53805.0,2023-07-01,,,927.0,51.0,1.0,,
Mauritius,53805.0,2023-08-01,,,979.0,72.0,-30.0,,
Mauritius,53805.0,2023-09-01,,,1030.0,25.0,26.0,,
Mauritius,53805.0,2023-10-01,,,1141.0,19.0,-92.0,,
Mauritius,53805.0,2023-11-01,,,911.0,3.0,9.0,,
Mauritius,53805.0,2023-12-01,,,1350.0,-3.0,14.0,,
Mauritius,53805.0,2024-01-01,,,1362.0,-37.0,2.0,,
Mauritius,53805.0,2024-02-01,,,1229.0,-7.0,9.0,,
Mauritius,53805.0,2024-03-01,,,781.0,5.0,1.0,,
Mauritius,53805.0,2024-04-01,,,738.0,5.0,-4.0,,
Mauritius,53805.0,2024-05-01,,,804.0,3.0,4.0,,
Mauritius,53805.0,2024-06-01,,,1150.0,44.0,6.0,,
Mauritius,53805.0,2024-07-01,,,952.0,-65.0,11.0,,
Mauritius,53805.0,2024-08-01,,,1389.0,114.0,13.0,,
Mauritius,53805.0,2024-09-01,,,1536.0,18.0,-796.0,,
Mauritius,53805.0,2024-10-01,,,1848.0,144.0,-892.0,,
Mauritius,53805.0,2024-11-01,,,1848.0,43.0,-1009.0,,
Mauritius,53805.0,2024-12-01,,,2018.0,-16.0,-997.0,,
Mauritius,53805.0,2025-01-01,,,1437.0,24.0,-990.0,,
Mauritius,53805.0,2025-02-01,,,929.0,107.0,-587.0,,
Mauritius,53805.0,2025-03-01,,,973.0,45.0,1.0,,
Mauritius,53805.0,2025-04-01,,,1623.0,14.0,1.0,,
Mauritius,53805.0,2025-05-01,,,1685.0,102.0,-764.0,,
Mauritius,53805.0,2025-06-01,,,1643.0,63.0,-822.0,,
Mauritius,53805.0,2025-07-01,,,1773.0,348.0,72.0,,
Mauritius,53805.0,2025-08-01,,,1726.0,67.0,-774.0,,
Mauritius,53805.0,2025-09-01,,,1563.0,0.0,-49.0,,
Mauritius,53805.0,2025-10-01,,,1403.0,-99.0,-713.0,,
Mauritius,53805.0,2025-11-01,,,1685.0,-46.0,-764.0,,
Mauritius,53805.0,2025-12-01,,,1697.0,88.0,-58.0,,
Mauritius,53805.0,2026-01-01,,,1693.0,185.0,-975.0,,
Mauritius,53805.0,2026-02-01,,,1889.0,73.0,13.0,,
Mauritius,53805.0,2026-03-01,,,1689.0,-67.0,-985.0,,
Mauritius,53805.0,2026-04-01,,,1434.0,-74.0,-944.0,,
Mauritius,53805.0,2026-05-01,,,1717.0,171.0,-779.0,,
Memo: Euro Area,16713.0,2020-01-01,1130999.0,,991232.0,,,139767.0,-22466.0
Memo: Euro Area,16713.0,2020-02-01,1183078.0,,1036209.0,,,146869.0,7102.0
Memo: Euro Area,16713.0,2020-03-01,1137126.0,,982580.0,,,154546.0,7677.0
Memo: Euro Area,16713.0,2020-04-01,1166042.0,,926588.0,,,239454.0,84908.0
Memo: Euro Area,16713.0,2020-05-01,1189083.0,,915932.0,,,273151.0,33697.0
Memo: Euro Area,16713.0,2020-06-01,1217484.0,,912265.0,,,305219.0,32068.0
Memo: Euro Area,16713.0,2020-07-01,1193540.0,,892201.0,,,301339.0,-3880.0
Memo: Euro Area,16713.0,2020-08-01,1206470.0,,898411.0,,,308059.0,6720.0
Memo: Euro Area,16713.0,2020-09-01,1183109.0,,899144.0,,,283965.0,-24094.0
Memo: Euro Area,16713.0,2020-10-01,1204652.0,,920799.0,,,283853.0,-112.0
Memo: Euro Area,16713.0,2020-11-01,1197265.0,,902298.0,,,294967.0,11114.0
Memo: Euro Area,16713.0,2020-12-01,1213628.0,,901628.0,,,312000.0,17033.0
Memo: Euro Area,16713.0,2021-01-01,1200313.0,,900126.0,,,300187.0,-11813.0
Memo: Euro Area,16713.0,2021-02-01,1169970.0,,874475.0,,,295495.0,-4692.0
Memo: Euro Area,16713.0,2021-03-01,1172623.0,,888817.0,,,283806.0,-11689.0
Memo: Euro Area,16713.0,2021-04-01,1168951.0,,899021.0,,,269930.0,-13876.0
Memo: Euro Area,16713.0,2021-05-01,1166687.0,,901053.0,,,265634.0,-4296.0
Memo: Euro Area,16713.0,2021-06-01,1329119.0,,1031237.0,,,297882.0,32248.0
Memo: Euro Area,16713.0,2021-07-01,1306759.0,,1018654.0,,,288105.0,-9777.0
Memo: Euro Area,16713.0,2021-08-01,1325364.0,,1034047.0,,,291317.0,3212.0
Memo: Euro Area,16713.0,2021-09-01,1324188.0,,1035284.0,,,288904.0,-2413.0
Memo: Euro Area,16713.0,2021-10-01,1344663.0,,1036573.0,,,308090.0,19186.0
Memo: Euro Area,16713.0,2021-11-01,1359397.0,,1041564.0,,,317833.0,9743.0
Memo: Euro Area,16713.0,2021-12-01,1402511.0,,1092902.0,,,309609.0,-8224.0
Memo: Euro Area,16713.0,2022-01-01,1336200.0,,1033680.0,,,302520.0,-7089.0
Memo: Euro Area,16713.0,2022-02-01,1383553.0,,1076393.0,,,307160.0,4640.0
Memo: Euro Area,16713.0,2022-03-01,1383134.0,,1094556.0,,,288578.0,-18582.0
Memo: Euro Area,16713.0,2022-04-01,1351751.0,,1079879.0,,,271872.0,-16706.0
Memo: Euro Area,16713.0,2022-05-01,1345273.0,,1099065.0,,,246208.0,-25664.0
Memo: Euro Area,16713.0,2022-06-01,1354603.0,,1113194.0,,,241409.0,-4799.0
Memo: Euro Area,16713.0,2022-07-01,1346622.0,,1120869.0,,,225753.0,-15656.0
Memo: Euro Area,16713.0,2022-08-01,1349817.0,,1111786.0,,,238031.0,12278.0
Memo: Euro Area,16713.0,2022-09-01,1338726.0,,1111397.0,,,227329.0,-10702.0
Memo: Euro Area,16713.0,2022-10-01,1328111.0,,1124910.0,,,203201.0,-24128.0
Memo: Euro Area,16713.0,2022-11-01,1330696.0,,1126713.0,,,203983.0,782.0
Memo: Euro Area,16713.0,2022-12-01,1350825.0,,1143526.0,,,207299.0,3316.0
Memo: Euro Area,16713.0,2023-01-01,1329214.0,,1124927.0,,,204287.0,-3012.0
Memo: Euro Area,16713.0,2023-02-01,1340493.0,24823.0,1123127.0,11744.0,-19344.0,217366.0,13079.0
Memo: Euro Area,16713.0,2023-03-01,1355494.0,296.0,1143748.0,5916.0,19287.0,211746.0,-5620.0
Memo: Euro Area,16713.0,2023-04-01,1368669.0,33707.0,1149724.0,26508.0,542.0,218945.0,7199.0
Memo: Euro Area,16713.0,2023-05-01,1388937.0,15251.0,1142162.0,-12579.0,-10154.0,246775.0,27830.0
Memo: Euro Area,16713.0,2023-06-01,1435460.0,74982.0,1169846.0,56143.0,-9308.0,265614.0,18839.0
Memo: Euro Area,16713.0,2023-07-01,1437045.0,-4165.0,1178774.0,3178.0,-6334.0,258271.0,-7343.0
Memo: Euro Area,16713.0,2023-08-01,1472308.0,39987.0,1182439.0,8389.0,-4632.0,289869.0,31598.0
Memo: Euro Area,16713.0,2023-09-01,1466583.0,26203.0,1160957.0,10446.0,-27496.0,305626.0,15757.0
Memo: Euro Area,16713.0,2023-10-01,1422788.0,-25275.0,1128957.0,-13480.0,-8239.0,293831.0,-11795.0
Memo: Euro Area,16713.0,2023-11-01,1506901.0,81748.0,1186072.0,54750.0,20555.0,320829.0,26998.0
Memo: Euro Area,16713.0,2023-12-01,1532416.0,-3918.0,1204284.0,-11221.0,17937.0,328132.0,7303.0
Memo: Euro Area,16713.0,2024-01-01,1525876.0,-428.0,1217445.0,19273.0,-358.0,308431.0,-19701.0
Memo: Euro Area,16713.0,2024-02-01,1580255.0,38462.0,1258885.0,25523.0,1855.0,321370.0,12939.0
Memo: Euro Area,16713.0,2024-03-01,1586469.0,-17538.0,1277433.0,-5204.0,8057.0,309036.0,-12334.0
Memo: Euro Area,16713.0,2024-04-01,1580782.0,10193.0,1279003.0,17450.0,-6571.0,301779.0,-7257.0
Memo: Euro Area,16713.0,2024-05-01,1608607.0,14044.0,1304053.0,11269.0,12890.0,304554.0,2775.0
Memo: Euro Area,16713.0,2024-06-01,1645333.0,12106.0,1352065.0,23392.0,24325.0,293268.0,-11286.0
Memo: Euro Area,16713.0,2024-07-01,1667083.0,5269.0,1353333.0,-15213.0,24303.0,313750.0,20482.0
Memo: Euro Area,16713.0,2024-08-01,1710832.0,22243.0,1390157.0,15318.0,14836.0,320675.0,6925.0
Memo: Euro Area,16713.0,2024-09-01,1804313.0,57785.0,1471551.0,45698.0,18987.0,332762.0,12087.0
Memo: Euro Area,16713.0,2024-10-01,1766302.0,-13030.0,1423770.0,-22800.0,-17391.0,342532.0,9770.0
Memo: Euro Area,16713.0,2024-11-01,1793839.0,23836.0,1440220.0,12749.0,9657.0,353619.0,11087.0
Memo: Euro Area,16713.0,2024-12-01,1795304.0,14973.0,1443808.0,17096.0,-9394.0,351496.0,-2123.0
Memo: Euro Area,16713.0,2025-01-01,1781298.0,-36977.0,1449742.0,-17037.0,8504.0,331556.0,-19940.0
Memo: Euro Area,16713.0,2025-02-01,1828254.0,3398.0,1501336.0,8036.0,22666.0,326918.0,-4638.0
Memo: Euro Area,16713.0,2025-03-01,1851185.0,15231.0,1532397.0,23361.0,-3713.0,318788.0,-8130.0
Memo: Euro Area,16713.0,2025-04-01,1867042.0,-19443.0,1547100.0,-20597.0,5988.0,319942.0,1154.0
Memo: Euro Area,16713.0,2025-05-01,1859977.0,9102.0,1542100.0,11167.0,-11502.0,317877.0,-2065.0
Memo: Euro Area,16713.0,2025-06-01,1851249.0,1490.0,1530601.0,-1281.0,1825.0,320648.0,2771.0
Memo: Euro Area,16713.0,2025-07-01,1898990.0,47186.0,1570842.0,39686.0,-10366.0,328148.0,7500.0
Memo: Euro Area,16713.0,2025-08-01,1939437.0,27514.0,1599087.0,15312.0,5822.0,340350.0,12202.0
Memo: Euro Area,16713.0,2025-09-01,1948865.0,21140.0,1603578.0,16203.0,12002.0,345287.0,4937.0
Memo: Euro Area,16713.0,2025-10-01,1981893.0,4106.0,1643600.0,11100.0,3693.0,338293.0,-6994.0
Memo: Euro Area,16713.0,2025-11-01,1989099.0,-1678.0,1640528.0,-11956.0,3577.0,348571.0,10278.0
Memo: Euro Area,16713.0,2025-12-01,1959498.0,-17188.0,1609728.0,-18387.0,-8805.0,349770.0,1199.0
Memo: Euro Area,16713.0,2026-01-01,1965997.0,19948.0,1620199.0,23920.0,-2576.0,345798.0,-3972.0
Memo: Euro Area,16713.0,2026-02-01,1997605.0,-5412.0,1643242.0,-13977.0,16149.0,354363.0,8565.0
Memo: Euro Area,16713.0,2026-03-01,1972606.0,-3272.0,1612384.0,-9131.0,-16086.0,360222.0,5859.0
Memo: Euro Area,16713.0,2026-04-01,1976068.0,-6281.0,1626580.0,4453.0,-6040.0,349488.0,-10734.0
Memo: Euro Area,16713.0,2026-05-01,1993070.0,2117.0,1638199.0,-3266.0,182.0,354871.0,5383.0
Memo: European Union,16721.0,2020-01-01,1713902.0,,1518891.0,,,195011.0,-32826.0
Memo: European Union,16721.0,2020-02-01,1317792.0,,1161794.0,,,155998.0,-39013.0
Memo: European Union,16721.0,2020-03-01,1260744.0,,1099373.0,,,161371.0,5373.0
Memo: European Union,16721.0,2020-04-01,1286317.0,,1037199.0,,,249118.0,87747.0
Memo: European Union,16721.0,2020-05-01,1314694.0,,1030559.0,,,284135.0,35017.0
Memo: European Union,16721.0,2020-06-01,1349325.0,,1025485.0,,,323840.0,39705.0
Memo: European Union,16721.0,2020-07-01,1332860.0,,1008430.0,,,324430.0,590.0
Memo: European Union,16721.0,2020-08-01,1341976.0,,1005259.0,,,336717.0,12287.0
Memo: European Union,16721.0,2020-09-01,1316920.0,,1008979.0,,,307941.0,-28776.0
Memo: European Union,16721.0,2020-10-01,1339679.0,,1032162.0,,,307517.0,-424.0
Memo: European Union,16721.0,2020-11-01,1331670.0,,1012656.0,,,319014.0,11497.0
Memo: European Union,16721.0,2020-12-01,1351845.0,,1015857.0,,,335988.0,16974.0
Memo: European Union,16721.0,2021-01-01,1346627.0,,1027637.0,,,318990.0,-16998.0
Memo: European Union,16721.0,2021-02-01,1313785.0,,997805.0,,,315980.0,-3010.0
Memo: European Union,16721.0,2021-03-01,1313296.0,,1012098.0,,,301198.0,-14782.0
Memo: European Union,16721.0,2021-04-01,1310083.0,,1022089.0,,,287994.0,-13204.0
Memo: European Union,16721.0,2021-05-01,1310654.0,,1031025.0,,,279629.0,-8365.0
Memo: European Union,16721.0,2021-06-01,1474653.0,,1160414.0,,,314239.0,34610.0
Memo: European Union,16721.0,2021-07-01,1454915.0,,1147365.0,,,307550.0,-6689.0
Memo: European Union,16721.0,2021-08-01,1470129.0,,1165497.0,,,304632.0,-2918.0
Memo: European Union,16721.0,2021-09-01,1466836.0,,1166464.0,,,300372.0,-4260.0
Memo: European Union,16721.0,2021-10-01,1483938.0,,1164248.0,,,319690.0,19318.0
Memo: European Union,16721.0,2021-11-01,1498768.0,,1173740.0,,,325028.0,5338.0
Memo: European Union,16721.0,2021-12-01,1536819.0,,1218774.0,,,318045.0,-6983.0
Memo: European Union,16721.0,2022-01-01,1479385.0,,1165864.0,,,313521.0,-4524.0
Memo: European Union,16721.0,2022-02-01,1528265.0,,1209677.0,,,318588.0,5067.0
Memo: European Union,16721.0,2022-03-01,1518491.0,,1224561.0,,,293930.0,-24658.0
Memo: European Union,16721.0,2022-04-01,1485168.0,,1206964.0,,,278204.0,-15726.0
Memo: European Union,16721.0,2022-05-01,1473663.0,,1223152.0,,,250511.0,-27693.0
Memo: European Union,16721.0,2022-06-01,1482031.0,,1236904.0,,,245127.0,-5384.0
Memo: European Union,16721.0,2022-07-01,1478995.0,,1249854.0,,,229141.0,-15986.0
Memo: European Union,16721.0,2022-08-01,1476157.0,,1235706.0,,,240451.0,11310.0
Memo: European Union,16721.0,2022-09-01,1462218.0,,1230487.0,,,231731.0,-8720.0
Memo: European Union,16721.0,2022-10-01,1451106.0,,1242000.0,,,209106.0,-22625.0
Memo: European Union,16721.0,2022-11-01,1464015.0,,1252423.0,,,211592.0,2486.0
Memo: European Union,16721.0,2022-12-01,1476788.0,,1263944.0,,,212844.0,1252.0
Memo: European Union,16721.0,2023-01-01,1458228.0,,1246887.0,,,211341.0,-1503.0
Memo: European Union,16721.0,2023-02-01,1467054.0,24469.0,1244491.0,13247.0,-22021.0,222563.0,11222.0
Memo: European Union,16721.0,2023-03-01,1485370.0,2416.0,1266446.0,6055.0,22213.0,218924.0,-3639.0
Memo: European Union,16721.0,2023-04-01,1502729.0,37477.0,1277181.0,30853.0,610.0,225548.0,6624.0
Memo: European Union,16721.0,2023-05-01,1523087.0,17063.0,1269766.0,-10710.0,-11655.0,253321.0,27773.0
Memo: European Union,16721.0,2023-06-01,1577758.0,83889.0,1303346.0,62798.0,-10715.0,274412.0,21091.0
Memo: European Union,16721.0,2023-07-01,1580806.0,-3602.0,1312850.0,2854.0,-5885.0,267956.0,-6456.0
Memo: European Union,16721.0,2023-08-01,1615367.0,40187.0,1318310.0,11086.0,-5510.0,297057.0,29101.0
Memo: European Union,16721.0,2023-09-01,1607876.0,25961.0,1297637.0,12779.0,-29370.0,310239.0,13182.0
Memo: European Union,16721.0,2023-10-01,1560480.0,-26976.0,1259705.0,-17512.0,-8090.0,300775.0,-9464.0
Memo: European Union,16721.0,2023-11-01,1646343.0,80455.0,1320481.0,55368.0,23901.0,325862.0,25087.0
Memo: European Union,16721.0,2023-12-01,1675337.0,-2305.0,1340871.0,-10909.0,25864.0,334466.0,8604.0
Memo: European Union,16721.0,2024-01-01,1663098.0,-5285.0,1349890.0,15973.0,-3773.0,313208.0,-21258.0
Memo: European Union,16721.0,2024-02-01,1717259.0,40278.0,1389731.0,25958.0,-370.0,327528.0,14320.0
Memo: European Union,16721.0,2024-03-01,1728215.0,-13485.0,1411813.0,-2359.0,8898.0,316402.0,-11126.0
Memo: European Union,16721.0,2024-04-01,1719974.0,10223.0,1409551.0,16202.0,-9721.0,310423.0,-5979.0
Memo: European Union,16721.0,2024-05-01,1751169.0,17178.0,1437447.0,13879.0,14060.0,313722.0,3299.0
Memo: European Union,16721.0,2024-06-01,1791739.0,15387.0,1488683.0,26053.0,26614.0,303056.0,-10666.0
Memo: European Union,16721.0,2024-07-01,1815902.0,4581.0,1494106.0,-14159.0,26721.0,321796.0,18740.0
Memo: European Union,16721.0,2024-08-01,1861717.0,22786.0,1532521.0,15386.0,16629.0,329196.0,7400.0
Memo: European Union,16721.0,2024-09-01,1960824.0,62216.0,1618052.0,48640.0,20641.0,342772.0,13576.0
Memo: European Union,16721.0,2024-10-01,1922624.0,-10903.0,1569358.0,-21397.0,-20344.0,353266.0,10494.0
Memo: European Union,16721.0,2024-11-01,1952062.0,26545.0,1588916.0,16665.0,9353.0,363146.0,9880.0
Memo: European Union,16721.0,2024-12-01,1952801.0,16208.0,1589972.0,16525.0,-10526.0,362829.0,-317.0
Memo: European Union,16721.0,2025-01-01,1938980.0,-36947.0,1595923.0,-17175.0,7586.0,343057.0,-19772.0
Memo: European Union,16721.0,2025-02-01,1992971.0,7415.0,1652460.0,9961.0,25979.0,340511.0,-2546.0
Memo: European Union,16721.0,2025-03-01,2020896.0,18874.0,1689678.0,28167.0,-2359.0,331218.0,-9293.0
Memo: European Union,16721.0,2025-04-01,2036529.0,-19547.0,1705051.0,-19807.0,6427.0,331478.0,260.0
Memo: European Union,16721.0,2025-05-01,2023762.0,4645.0,1695461.0,7822.0,-12586.0,328301.0,-3177.0
Memo: European Union,16721.0,2025-06-01,2017914.0,3563.0,1685172.0,-878.0,2839.0,332742.0,4441.0
Memo: European Union,16721.0,2025-07-01,2066172.0,48981.0,1726919.0,42470.0,-10626.0,339253.0,6511.0
Memo: European Union,16721.0,2025-08-01,2101266.0,20775.0,1749414.0,8176.0,7577.0,351852.0,12599.0
Memo: European Union,16721.0,2025-09-01,2108493.0,19088.0,1755338.0,17785.0,13014.0,353155.0,1303.0
Memo: European Union,16721.0,2025-10-01,2140304.0,3551.0,1795406.0,11808.0,1470.0,344898.0,-8257.0
Memo: European Union,16721.0,2025-11-01,2152471.0,2381.0,1792712.0,-12480.0,3868.0,359759.0,14861.0
Memo: European Union,16721.0,2025-12-01,2123266.0,-16713.0,1759354.0,-20866.0,-9600.0,363912.0,4153.0
Memo: European Union,16721.0,2026-01-01,2131502.0,21351.0,1776692.0,30453.0,-2957.0,354810.0,-9102.0
Memo: European Union,16721.0,2026-02-01,2160947.0,-8141.0,1799609.0,-14669.0,17440.0,361338.0,6528.0
Memo: European Union,16721.0,2026-03-01,2130951.0,-5590.0,1763724.0,-11479.0,-18773.0,367227.0,5889.0
Memo: European Union,16721.0,2026-04-01,2134600.0,-5100.0,1777005.0,4532.0,-6883.0,357595.0,-9632.0
Memo: European Union,16721.0,2026-05-01,2150390.0,1789.0,1788792.0,-2214.0,-473.0,361598.0,4003.0
Mexico,31704.0,2020-01-01,45750.0,,39982.0,,,5768.0,-925.0
Mexico,31704.0,2020-02-01,47489.0,,40427.0,,,7062.0,1294.0
Mexico,31704.0,2020-03-01,40863.0,,29826.0,,,11037.0,3975.0
Mexico,31704.0,2020-04-01,45423.0,,30503.0,,,14920.0,3883.0
Mexico,31704.0,2020-05-01,47424.0,,33737.0,,,13687.0,-1233.0
Mexico,31704.0,2020-06-01,47029.0,,34320.0,,,12709.0,-978.0
Mexico,31704.0,2020-07-01,47608.0,,34968.0,,,12640.0,-69.0
Mexico,31704.0,2020-08-01,49502.0,,36344.0,,,13158.0,518.0
Mexico,31704.0,2020-09-01,49165.0,,37276.0,,,11889.0,-1269.0
Mexico,31704.0,2020-10-01,48840.0,,36629.0,,,12211.0,322.0
Mexico,31704.0,2020-11-01,52702.0,,37407.0,,,15295.0,3084.0
Mexico,31704.0,2020-12-01,49399.0,,36571.0,,,12828.0,-2467.0
Mexico,31704.0,2021-01-01,49773.0,,36648.0,,,13125.0,297.0
Mexico,31704.0,2021-02-01,49351.0,,37422.0,,,11929.0,-1196.0
Mexico,31704.0,2021-03-01,48043.0,,35113.0,,,12930.0,1001.0
Mexico,31704.0,2021-04-01,48390.0,,36284.0,,,12106.0,-824.0
Mexico,31704.0,2021-05-01,49094.0,,36310.0,,,12784.0,678.0
Mexico,31704.0,2021-06-01,49584.0,,36147.0,,,13437.0,653.0
Mexico,31704.0,2021-07-01,50132.0,,36945.0,,,13187.0,-250.0
Mexico,31704.0,2021-08-01,50724.0,,37046.0,,,13678.0,491.0
Mexico,31704.0,2021-09-01,48424.0,,33381.0,,,15043.0,1365.0
Mexico,31704.0,2021-10-01,49991.0,,34951.0,,,15040.0,-3.0
Mexico,31704.0,2021-11-01,47392.0,,32428.0,,,14964.0,-76.0
Mexico,31704.0,2021-12-01,46181.0,,33020.0,,,13161.0,-1803.0
Mexico,31704.0,2022-01-01,44400.0,,31470.0,,,12930.0,-231.0
Mexico,31704.0,2022-02-01,47090.0,,34262.0,,,12828.0,-102.0
Mexico,31704.0,2022-03-01,47746.0,,34115.0,,,13631.0,803.0
Mexico,31704.0,2022-04-01,47287.0,,33072.0,,,14215.0,584.0
Mexico,31704.0,2022-05-01,47993.0,,33977.0,,,14016.0,-199.0
Mexico,31704.0,2022-06-01,48758.0,,34659.0,,,14099.0,83.0
Mexico,31704.0,2022-07-01,49525.0,,35503.0,,,14022.0,-77.0
Mexico,31704.0,2022-08-01,53288.0,,38871.0,,,14417.0,395.0
Mexico,31704.0,2022-09-01,53940.0,,40920.0,,,13020.0,-1397.0
Mexico,31704.0,2022-10-01,56423.0,,43905.0,,,12518.0,-502.0
Mexico,31704.0,2022-11-01,57257.0,,45499.0,,,11758.0,-760.0
Mexico,31704.0,2022-12-01,58733.0,,46071.0,,,12662.0,904.0
Mexico,31704.0,2023-01-01,58289.0,,46688.0,,,11601.0,-1061.0
Mexico,31704.0,2023-02-01,62430.0,4907.0,50610.0,4688.0,-525.0,11820.0,219.0
Mexico,31704.0,2023-03-01,65200.0,1978.0,52775.0,1373.0,-6.0,12425.0,605.0
Mexico,31704.0,2023-04-01,68498.0,3306.0,55839.0,3072.0,376.0,12659.0,234.0
Mexico,31704.0,2023-05-01,72535.0,4655.0,58358.0,3137.0,164.0,14177.0,1518.0
Mexico,31704.0,2023-06-01,70946.0,-1346.0,57698.0,-417.0,-284.0,13248.0,-929.0
Mexico,31704.0,2023-07-01,74223.0,3466.0,59585.0,2076.0,70.0,14638.0,1390.0
Mexico,31704.0,2023-08-01,73333.0,-689.0,59208.0,-176.0,-539.0,14125.0,-513.0
Mexico,31704.0,2023-09-01,73531.0,1029.0,59553.0,1176.0,-627.0,13978.0,-147.0
Mexico,31704.0,2023-10-01,74268.0,1274.0,61186.0,2170.0,800.0,13082.0,-896.0
Mexico,31704.0,2023-11-01,75567.0,294.0,64254.0,2063.0,478.0,11313.0,-1769.0
Mexico,31704.0,2023-12-01,76402.0,1542.0,63138.0,-409.0,2204.0,13264.0,1951.0
Mexico,31704.0,2024-01-01,75955.0,-88.0,64066.0,1287.0,-1968.0,11889.0,-1375.0
Mexico,31704.0,2024-02-01,80845.0,5053.0,67243.0,3340.0,270.0,13602.0,1713.0
Mexico,31704.0,2024-03-01,87290.0,6233.0,73249.0,5794.0,1881.0,14041.0,439.0
Mexico,31704.0,2024-04-01,91771.0,5994.0,77393.0,5657.0,2124.0,14378.0,337.0
Mexico,31704.0,2024-05-01,97578.0,4680.0,83393.0,4873.0,-363.0,14185.0,-193.0
Mexico,31704.0,2024-06-01,93964.0,-4101.0,80432.0,-3448.0,-506.0,13532.0,-653.0
Mexico,31704.0,2024-07-01,93458.0,-141.0,79615.0,-452.0,-603.0,13843.0,311.0
Mexico,31704.0,2024-08-01,93562.0,52.0,80305.0,638.0,268.0,13257.0,-586.0
Mexico,31704.0,2024-09-01,93746.0,-140.0,80348.0,-281.0,532.0,13398.0,141.0
Mexico,31704.0,2024-10-01,97277.0,3503.0,82515.0,2139.0,101.0,14762.0,1364.0
Mexico,31704.0,2024-11-01,99418.0,2169.0,84535.0,2048.0,2190.0,14883.0,121.0
Mexico,31704.0,2024-12-01,102586.0,4809.0,85070.0,2176.0,681.0,17516.0,2633.0
Mexico,31704.0,2025-01-01,99427.0,-3765.0,85422.0,-254.0,-899.0,14005.0,-3511.0
Mexico,31704.0,2025-02-01,102662.0,2688.0,88147.0,2178.0,1646.0,14515.0,510.0
Mexico,31704.0,2025-03-01,91511.0,-11217.0,76777.0,-11436.0,68.0,14734.0,219.0
Mexico,31704.0,2025-04-01,89798.0,-1095.0,71697.0,-4462.0,-445.0,18101.0,3367.0
Mexico,31704.0,2025-05-01,96318.0,7056.0,76773.0,5612.0,-544.0,19545.0,1444.0
Mexico,31704.0,2025-06-01,94450.0,-1956.0,75991.0,-870.0,1163.0,18459.0,-1086.0
Mexico,31704.0,2025-07-01,96184.0,2402.0,76157.0,834.0,-123.0,20027.0,1568.0
Mexico,31704.0,2025-08-01,91698.0,-5027.0,73953.0,-2745.0,-25.0,17745.0,-2282.0
Mexico,31704.0,2025-09-01,88488.0,-2647.0,70730.0,-2660.0,1032.0,17758.0,13.0
Mexico,31704.0,2025-10-01,89688.0,848.0,72411.0,1329.0,553.0,17277.0,-481.0
Mexico,31704.0,2025-11-01,86143.0,-3356.0,69984.0,-2238.0,-5.0,16159.0,-1118.0
Mexico,31704.0,2025-12-01,85409.0,65.0,69592.0,407.0,-135.0,15817.0,-342.0
Mexico,31704.0,2026-01-01,83487.0,-772.0,68080.0,-362.0,-27.0,15407.0,-410.0
Mexico,31704.0,2026-02-01,87664.0,3133.0,71920.0,2796.0,625.0,15744.0,337.0
Mexico,31704.0,2026-03-01,96076.0,9391.0,81125.0,10184.0,-709.0,14951.0,-793.0
Mexico,31704.0,2026-04-01,97546.0,570.0,83035.0,1010.0,-268.0,14511.0,-440.0
Mexico,31704.0,2026-05-01,102499.0,4471.0,85837.0,2320.0,-57.0,16662.0,2151.0
Morocco,54003.0,2020-01-01,4731.0,,4725.0,,,6.0,-6.0
Morocco,54003.0,2020-02-01,4571.0,,4563.0,,,8.0,2.0
Morocco,54003.0,2020-03-01,4275.0,,4253.0,,,22.0,14.0
Morocco,54003.0,2020-04-01,4130.0,,4104.0,,,26.0,4.0
Morocco,54003.0,2020-05-01,4141.0,,4122.0,,,19.0,-7.0
Morocco,54003.0,2020-06-01,4205.0,,4187.0,,,18.0,-1.0
Morocco,54003.0,2020-07-01,4116.0,,4099.0,,,17.0,-1.0
Morocco,54003.0,2020-08-01,4066.0,,4056.0,,,10.0,-7.0
Morocco,54003.0,2020-09-01,4021.0,,4014.0,,,7.0,-3.0
Morocco,54003.0,2020-10-01,3967.0,,3960.0,,,7.0,0.0
Morocco,54003.0,2020-11-01,3957.0,,3952.0,,,5.0,-2.0
Morocco,54003.0,2020-12-01,3969.0,,3965.0,,,4.0,-1.0
Morocco,54003.0,2021-01-01,4168.0,,4165.0,,,3.0,-1.0
Morocco,54003.0,2021-02-01,4079.0,,4077.0,,,2.0,-1.0
Morocco,54003.0,2021-03-01,4085.0,,4083.0,,,2.0,0.0
Morocco,54003.0,2021-04-01,4079.0,,4078.0,,,1.0,-1.0
Morocco,54003.0,2021-05-01,4084.0,,4083.0,,,1.0,0.0
Morocco,54003.0,2021-06-01,4080.0,,4079.0,,,1.0,0.0
Morocco,54003.0,2021-07-01,4091.0,,4090.0,,,1.0,0.0
Morocco,54003.0,2021-08-01,4083.0,,4082.0,,,1.0,0.0
Morocco,54003.0,2021-09-01,3783.0,,3783.0,,,0.0,-1.0
Morocco,54003.0,2021-10-01,3768.0,,3766.0,,,2.0,2.0
Morocco,54003.0,2021-11-01,3769.0,,3768.0,,,1.0,-1.0
Morocco,54003.0,2021-12-01,3763.0,,3762.0,,,1.0,0.0
Morocco,54003.0,2022-01-01,3733.0,,3733.0,,,0.0,-1.0
Morocco,54003.0,2022-02-01,3720.0,,3712.0,,,8.0,8.0
Morocco,54003.0,2022-03-01,3672.0,,3665.0,,,7.0,-1.0
Morocco,54003.0,2022-04-01,3697.0,,3672.0,,,25.0,18.0
Morocco,54003.0,2022-05-01,3699.0,,3672.0,,,27.0,2.0
Morocco,54003.0,2022-06-01,3892.0,,3885.0,,,7.0,-20.0
Morocco,54003.0,2022-07-01,3783.0,,3774.0,,,9.0,2.0
Morocco,54003.0,2022-08-01,3708.0,,3697.0,,,11.0,2.0
Morocco,54003.0,2022-09-01,3739.0,,3717.0,,,22.0,11.0
Morocco,54003.0,2022-10-01,3761.0,,3713.0,,,48.0,26.0
Morocco,54003.0,2022-11-01,3839.0,,3783.0,,,56.0,8.0
Morocco,54003.0,2022-12-01,3870.0,,3802.0,,,68.0,12.0
Morocco,54003.0,2023-01-01,3931.0,,3864.0,,,67.0,-1.0
Morocco,54003.0,2023-02-01,3890.0,-18.0,3827.0,-14.0,-23.0,63.0,-4.0
Morocco,54003.0,2023-03-01,3895.0,-51.0,3788.0,-95.0,56.0,107.0,44.0
Morocco,54003.0,2023-04-01,3861.0,-42.0,3788.0,-8.0,8.0,73.0,-34.0
Morocco,54003.0,2023-05-01,3864.0,11.0,3793.0,13.0,-8.0,71.0,-2.0
Morocco,54003.0,2023-06-01,3830.0,-29.0,3789.0,1.0,-5.0,41.0,-30.0
Morocco,54003.0,2023-07-01,3765.0,-75.0,3713.0,-86.0,10.0,52.0,11.0
Morocco,54003.0,2023-08-01,3696.0,-79.0,3644.0,-79.0,8.0,52.0,0.0
Morocco,54003.0,2023-09-01,3667.0,-28.0,3616.0,-27.0,0.0,51.0,-1.0
Morocco,54003.0,2023-10-01,3549.0,-130.0,3490.0,-138.0,11.0,59.0,8.0
Morocco,54003.0,2023-11-01,3350.0,-222.0,3281.0,-232.0,23.0,69.0,10.0
Morocco,54003.0,2023-12-01,2946.0,-154.0,2885.0,-146.0,19.0,61.0,-8.0
Morocco,54003.0,2024-01-01,2776.0,-179.0,2730.0,-164.0,9.0,46.0,-15.0
Morocco,54003.0,2024-02-01,2899.0,124.0,2783.0,54.0,-2.0,116.0,70.0
Morocco,54003.0,2024-03-01,2954.0,45.0,2800.0,7.0,10.0,154.0,38.0
Morocco,54003.0,2024-04-01,2968.0,11.0,2765.0,-38.0,3.0,203.0,49.0
Morocco,54003.0,2024-05-01,2984.0,4.0,2808.0,31.0,12.0,176.0,-27.0
Morocco,54003.0,2024-06-01,2977.0,-18.0,2846.0,27.0,12.0,131.0,-45.0
Morocco,54003.0,2024-07-01,3013.0,22.0,2849.0,-11.0,14.0,164.0,33.0
Morocco,54003.0,2024-08-01,3299.0,279.0,3198.0,342.0,13.0,101.0,-63.0
Morocco,54003.0,2024-09-01,3137.0,-175.0,3070.0,-141.0,13.0,67.0,-34.0
Morocco,54003.0,2024-10-01,3199.0,73.0,3196.0,137.0,-10.0,3.0,-64.0
Morocco,54003.0,2024-11-01,3100.0,-88.0,3098.0,-87.0,-12.0,2.0,-1.0
Morocco,54003.0,2024-12-01,3171.0,52.0,3168.0,51.0,19.0,3.0,1.0
Morocco,54003.0,2025-01-01,3328.0,166.0,3325.0,166.0,-1.0,3.0,0.0
Morocco,54003.0,2025-02-01,3406.0,66.0,3396.0,59.0,12.0,10.0,7.0
Morocco,54003.0,2025-03-01,3623.0,206.0,3600.0,193.0,5.0,23.0,13.0
Morocco,54003.0,2025-04-01,3591.0,-42.0,3573.0,-37.0,10.0,18.0,-5.0
Morocco,54003.0,2025-05-01,3544.0,-35.0,3525.0,-36.0,-12.0,19.0,1.0
Morocco,54003.0,2025-06-01,3627.0,75.0,3543.0,10.0,7.0,84.0,65.0
Morocco,54003.0,2025-07-01,3726.0,101.0,3630.0,89.0,-9.0,96.0,12.0
Morocco,54003.0,2025-08-01,3769.0,25.0,3693.0,45.0,17.0,76.0,-20.0
Morocco,54003.0,2025-09-01,3685.0,-88.0,3571.0,-126.0,2.0,114.0,38.0
Morocco,54003.0,2025-10-01,3698.0,13.0,3549.0,-22.0,1.0,149.0,35.0
Morocco,54003.0,2025-11-01,3905.0,201.0,3750.0,195.0,6.0,155.0,6.0
Morocco,54003.0,2025-12-01,4063.0,156.0,3752.0,0.0,1.0,311.0,156.0
Morocco,54003.0,2026-01-01,4015.0,-44.0,3645.0,-103.0,-3.0,370.0,59.0
Morocco,54003.0,2026-02-01,4161.0,141.0,3905.0,255.0,4.0,256.0,-114.0
Morocco,54003.0,2026-03-01,3912.0,-230.0,3733.0,-153.0,-19.0,179.0,-77.0
Morocco,54003.0,2026-04-01,3846.0,-64.0,3618.0,-113.0,-1.0,228.0,49.0
Morocco,54003.0,2026-05-01,4181.0,342.0,3832.0,221.0,-6.0,349.0,121.0
Netherlands,12106.0,2020-01-01,67713.0,,66452.0,,,1261.0,-219.0
Netherlands,12106.0,2020-02-01,70895.0,,69781.0,,,1113.0,-147.0
Netherlands,12106.0,2020-03-01,69109.0,,67735.0,,,1374.0,261.0
Netherlands,12106.0,2020-04-01,66205.0,,64182.0,,,2022.0,648.0
Netherlands,12106.0,2020-05-01,67863.0,,65750.0,,,2112.0,90.0
Netherlands,12106.0,2020-06-01,69360.0,,67351.0,,,2010.0,-103.0
Netherlands,12106.0,2020-07-01,71226.0,,67983.0,,,3243.0,1233.0
Netherlands,12106.0,2020-08-01,68537.0,,67067.0,,,1470.0,-1773.0
Netherlands,12106.0,2020-09-01,69203.0,,67516.0,,,1687.0,217.0
Netherlands,12106.0,2020-10-01,69661.0,,67413.0,,,2247.0,560.0
Netherlands,12106.0,2020-11-01,71729.0,,69512.0,,,2217.0,-30.0
Netherlands,12106.0,2020-12-01,69672.0,,67814.0,,,1858.0,-360.0
Netherlands,12106.0,2021-01-01,69773.0,,67359.0,,,2414.0,556.0
Netherlands,12106.0,2021-02-01,66147.0,,64104.0,,,2043.0,-370.0
Netherlands,12106.0,2021-03-01,65825.0,,64870.0,,,955.0,-1088.0
Netherlands,12106.0,2021-04-01,65018.0,,63912.0,,,1106.0,151.0
Netherlands,12106.0,2021-05-01,63673.0,,62719.0,,,954.0,-152.0
Netherlands,12106.0,2021-06-01,72701.0,,71248.0,,,1454.0,499.0
Netherlands,12106.0,2021-07-01,68654.0,,67620.0,,,1034.0,-419.0
Netherlands,12106.0,2021-08-01,65328.0,,64263.0,,,1064.0,30.0
Netherlands,12106.0,2021-09-01,67115.0,,65777.0,,,1338.0,274.0
Netherlands,12106.0,2021-10-01,67634.0,,66557.0,,,1077.0,-261.0
Netherlands,12106.0,2021-11-01,68269.0,,65181.0,,,3088.0,2011.0
Netherlands,12106.0,2021-12-01,69121.0,,64291.0,,,4830.0,1742.0
Netherlands,12106.0,2022-01-01,60649.0,,59496.0,,,1153.0,-3677.0
Netherlands,12106.0,2022-02-01,65467.0,,63647.0,,,1821.0,668.0
Netherlands,12106.0,2022-03-01,64724.0,,63321.0,,,1402.0,-419.0
Netherlands,12106.0,2022-04-01,63109.0,,62016.0,,,1092.0,-310.0
Netherlands,12106.0,2022-05-01,64419.0,,63463.0,,,957.0,-136.0
Netherlands,12106.0,2022-06-01,64475.0,,63600.0,,,875.0,-82.0
Netherlands,12106.0,2022-07-01,66398.0,,65335.0,,,1063.0,189.0
Netherlands,12106.0,2022-08-01,66278.0,,64109.0,,,2169.0,1106.0
Netherlands,12106.0,2022-09-01,66211.0,,65094.0,,,1117.0,-1052.0
Netherlands,12106.0,2022-10-01,63795.0,,62609.0,,,1186.0,69.0
Netherlands,12106.0,2022-11-01,71862.0,,70292.0,,,1569.0,383.0
Netherlands,12106.0,2022-12-01,67357.0,,65764.0,,,1594.0,24.0
Netherlands,12106.0,2023-01-01,73700.0,,72197.0,,,1504.0,-90.0
Netherlands,12106.0,2023-02-01,72672.0,3474.0,71248.0,3554.0,-3905.0,1424.0,-80.0
Netherlands,12106.0,2023-03-01,75062.0,1710.0,73087.0,1159.0,1226.0,1975.0,551.0
Netherlands,12106.0,2023-04-01,74471.0,-1633.0,72009.0,-2120.0,909.0,2462.0,487.0
Netherlands,12106.0,2023-05-01,71211.0,-223.0,69018.0,46.0,-1375.0,2193.0,-269.0
Netherlands,12106.0,2023-06-01,74840.0,756.0,72075.0,183.0,-303.0,2766.0,573.0
Netherlands,12106.0,2023-07-01,72328.0,-1243.0,69256.0,-1549.0,-168.0,3072.0,306.0
Netherlands,12106.0,2023-08-01,73194.0,4131.0,70096.0,4105.0,-441.0,3098.0,26.0
Netherlands,12106.0,2023-09-01,68548.0,-1785.0,65686.0,-1549.0,-1374.0,2862.0,-236.0
Netherlands,12106.0,2023-10-01,66065.0,238.0,63202.0,237.0,-1291.0,2863.0,0.0
Netherlands,12106.0,2023-11-01,71083.0,1871.0,68079.0,1730.0,2125.0,3004.0,141.0
Netherlands,12106.0,2023-12-01,73595.0,117.0,69195.0,-1279.0,2251.0,4400.0,1396.0
Netherlands,12106.0,2024-01-01,72065.0,-425.0,69152.0,1061.0,-849.0,2913.0,-1486.0
Netherlands,12106.0,2024-02-01,69723.0,141.0,66666.0,-2.0,-485.0,3057.0,143.0
Netherlands,12106.0,2024-03-01,68457.0,-1797.0,65385.0,-1812.0,562.0,3072.0,15.0
Netherlands,12106.0,2024-04-01,71748.0,4825.0,68963.0,5113.0,-1869.0,2784.0,-287.0
Netherlands,12106.0,2024-05-01,71995.0,-246.0,69231.0,-226.0,663.0,2765.0,-19.0
Netherlands,12106.0,2024-06-01,71893.0,-470.0,68713.0,-885.0,444.0,3180.0,415.0
Netherlands,12106.0,2024-07-01,76428.0,3237.0,72977.0,2966.0,998.0,3451.0,271.0
Netherlands,12106.0,2024-08-01,78279.0,1380.0,74932.0,1484.0,718.0,3347.0,-104.0
Netherlands,12106.0,2024-09-01,85280.0,6463.0,81722.0,6252.0,1006.0,3558.0,211.0
Netherlands,12106.0,2024-10-01,79688.0,-2580.0,75957.0,-2753.0,-2498.0,3731.0,173.0
Netherlands,12106.0,2024-11-01,84368.0,3539.0,80949.0,3851.0,155.0,3419.0,-312.0
Netherlands,12106.0,2024-12-01,78571.0,-3938.0,75111.0,-3979.0,-619.0,3460.0,41.0
Netherlands,12106.0,2025-01-01,79394.0,1745.0,76015.0,1826.0,164.0,3379.0,-81.0
Netherlands,12106.0,2025-02-01,83183.0,1643.0,80399.0,2239.0,2220.0,2784.0,-595.0
Netherlands,12106.0,2025-03-01,90938.0,7508.0,86787.0,6141.0,-300.0,4151.0,1367.0
Netherlands,12106.0,2025-04-01,85616.0,-5309.0,83068.0,-3706.0,-483.0,2548.0,-1603.0
Netherlands,12106.0,2025-05-01,79528.0,-4368.0,77435.0,-3914.0,-1437.0,2094.0,-454.0
Netherlands,12106.0,2025-06-01,81685.0,2131.0,79474.0,2013.0,629.0,2211.0,117.0
Netherlands,12106.0,2025-07-01,82774.0,3304.0,80752.0,3494.0,-520.0,2022.0,-189.0
Netherlands,12106.0,2025-08-01,79859.0,-3726.0,77744.0,-3819.0,542.0,2115.0,93.0
Netherlands,12106.0,2025-09-01,78622.0,-146.0,76679.0,26.0,541.0,1942.0,-172.0
Netherlands,12106.0,2025-10-01,79876.0,796.0,78167.0,1030.0,-3.0,1709.0,-233.0
Netherlands,12106.0,2025-11-01,79622.0,-1169.0,77184.0,-1898.0,485.0,2438.0,729.0
Netherlands,12106.0,2025-12-01,69996.0,-10067.0,66285.0,-11340.0,-739.0,3711.0,1274.0
Netherlands,12106.0,2026-01-01,74017.0,5197.0,70032.0,4922.0,-17.0,3986.0,274.0
Netherlands,12106.0,2026-02-01,70031.0,-5198.0,66327.0,-4916.0,953.0,3704.0,-282.0
Netherlands,12106.0,2026-03-01,63313.0,-6041.0,59643.0,-6007.0,-690.0,3670.0,-34.0
Netherlands,12106.0,2026-04-01,63242.0,1574.0,60396.0,2398.0,-181.0,2846.0,-824.0
Netherlands,12106.0,2026-05-01,58275.0,-3796.0,56209.0,-3016.0,98.0,2066.0,-780.0
New Zealand,61689.0,2020-01-01,7283.0,,6443.0,,,840.0,43.0
New Zealand,61689.0,2020-02-01,7915.0,,6837.0,,,1078.0,238.0
New Zealand,61689.0,2020-03-01,7638.0,,6198.0,,,1440.0,362.0
New Zealand,61689.0,2020-04-01,7844.0,,5917.0,,,1927.0,487.0
New Zealand,61689.0,2020-05-01,7606.0,,5864.0,,,1742.0,-185.0
New Zealand,61689.0,2020-06-01,8407.0,,5564.0,,,2843.0,1101.0
New Zealand,61689.0,2020-07-01,7438.0,,5497.0,,,1941.0,-902.0
New Zealand,61689.0,2020-08-01,7760.0,,6033.0,,,1727.0,-214.0
New Zealand,61689.0,2020-09-01,6924.0,,5477.0,,,1447.0,-280.0
New Zealand,61689.0,2020-10-01,7537.0,,5744.0,,,1793.0,346.0
New Zealand,61689.0,2020-11-01,7998.0,,5451.0,,,2547.0,754.0
New Zealand,61689.0,2020-12-01,7509.0,,5328.0,,,2181.0,-366.0
New Zealand,61689.0,2021-01-01,8323.0,,5443.0,,,2880.0,699.0
New Zealand,61689.0,2021-02-01,8580.0,,5730.0,,,2850.0,-30.0
New Zealand,61689.0,2021-03-01,7774.0,,5370.0,,,2404.0,-446.0
New Zealand,61689.0,2021-04-01,7445.0,,5412.0,,,2033.0,-371.0
New Zealand,61689.0,2021-05-01,6752.0,,5359.0,,,1393.0,-640.0
New Zealand,61689.0,2021-06-01,6850.0,,5207.0,,,1643.0,250.0
New Zealand,61689.0,2021-07-01,6420.0,,5308.0,,,1112.0,-531.0
New Zealand,61689.0,2021-08-01,6188.0,,5104.0,,,1084.0,-28.0
New Zealand,61689.0,2021-09-01,5720.0,,5048.0,,,672.0,-412.0
New Zealand,61689.0,2021-10-01,5788.0,,5066.0,,,722.0,50.0
New Zealand,61689.0,2021-11-01,5762.0,,5102.0,,,660.0,-62.0
New Zealand,61689.0,2021-12-01,5455.0,,4885.0,,,570.0,-90.0
New Zealand,61689.0,2022-01-01,5360.0,,4787.0,,,573.0,3.0
New Zealand,61689.0,2022-02-01,5338.0,,4840.0,,,498.0,-75.0
New Zealand,61689.0,2022-03-01,5538.0,,4887.0,,,651.0,153.0
New Zealand,61689.0,2022-04-01,5355.0,,4604.0,,,751.0,100.0
New Zealand,61689.0,2022-05-01,5180.0,,4509.0,,,671.0,-80.0
New Zealand,61689.0,2022-06-01,4881.0,,4537.0,,,344.0,-327.0
New Zealand,61689.0,2022-07-01,4899.0,,4652.0,,,247.0,-97.0
New Zealand,61689.0,2022-08-01,4833.0,,4675.0,,,158.0,-89.0
New Zealand,61689.0,2022-09-01,4942.0,,4416.0,,,526.0,368.0
New Zealand,61689.0,2022-10-01,4184.0,,3607.0,,,577.0,51.0
New Zealand,61689.0,2022-11-01,4476.0,,3947.0,,,529.0,-48.0
New Zealand,61689.0,2022-12-01,4674.0,,4017.0,,,657.0,128.0
New Zealand,61689.0,2023-01-01,4529.0,,4157.0,,,372.0,-285.0
New Zealand,61689.0,2023-02-01,4587.0,264.0,4270.0,319.0,-95.0,317.0,-55.0
New Zealand,61689.0,2023-03-01,4645.0,69.0,4289.0,30.0,533.0,356.0,39.0
New Zealand,61689.0,2023-04-01,4937.0,229.0,4654.0,302.0,87.0,283.0,-73.0
New Zealand,61689.0,2023-05-01,5752.0,918.0,4492.0,-59.0,-7.0,1260.0,977.0
New Zealand,61689.0,2023-06-01,4905.0,-687.0,4655.0,323.0,260.0,250.0,-1010.0
New Zealand,61689.0,2023-07-01,4972.0,36.0,4718.0,32.0,96.0,254.0,4.0
New Zealand,61689.0,2023-08-01,5198.0,205.0,4928.0,189.0,-36.0,270.0,16.0
New Zealand,61689.0,2023-09-01,6001.0,916.0,5675.0,860.0,-49.0,326.0,56.0
New Zealand,61689.0,2023-10-01,6091.0,78.0,5731.0,44.0,58.0,360.0,34.0
New Zealand,61689.0,2023-11-01,6167.0,23.0,5836.0,52.0,-16.0,331.0,-29.0
New Zealand,61689.0,2023-12-01,6200.0,-89.0,5856.0,-102.0,110.0,344.0,13.0
New Zealand,61689.0,2024-01-01,7675.0,1649.0,6900.0,1218.0,29.0,775.0,431.0
New Zealand,61689.0,2024-02-01,9737.0,2178.0,7274.0,490.0,-139.0,2463.0,1688.0
New Zealand,61689.0,2024-03-01,10032.0,329.0,7478.0,238.0,45.0,2554.0,91.0
New Zealand,61689.0,2024-04-01,10494.0,534.0,7951.0,545.0,-82.0,2543.0,-11.0
New Zealand,61689.0,2024-05-01,10329.0,-170.0,8129.0,173.0,46.0,2200.0,-343.0
New Zealand,61689.0,2024-06-01,10730.0,297.0,8635.0,402.0,155.0,2095.0,-105.0
New Zealand,61689.0,2024-07-01,10944.0,71.0,7847.0,-931.0,106.0,3097.0,1002.0
New Zealand,61689.0,2024-08-01,10591.0,-450.0,8636.0,692.0,75.0,1955.0,-1142.0
New Zealand,61689.0,2024-09-01,10368.0,-271.0,9459.0,775.0,-33.0,909.0,-1046.0
New Zealand,61689.0,2024-10-01,10971.0,813.0,9598.0,349.0,-89.0,1373.0,464.0
New Zealand,61689.0,2024-11-01,10480.0,-663.0,9577.0,-193.0,126.0,903.0,-470.0
New Zealand,61689.0,2024-12-01,10026.0,-387.0,9487.0,-23.0,-88.0,539.0,-364.0
New Zealand,61689.0,2025-01-01,9760.0,-353.0,9252.0,-322.0,65.0,508.0,-31.0
New Zealand,61689.0,2025-02-01,11193.0,224.0,10681.0,220.0,208.0,512.0,4.0
New Zealand,61689.0,2025-03-01,11794.0,1070.0,11245.0,1033.0,-28.0,549.0,37.0
New Zealand,61689.0,2025-04-01,14445.0,2504.0,11745.0,353.0,94.0,2700.0,2151.0
New Zealand,61689.0,2025-05-01,15684.0,1306.0,12931.0,1253.0,-220.0,2753.0,53.0
New Zealand,61689.0,2025-06-01,16080.0,376.0,13143.0,192.0,321.0,2937.0,184.0
New Zealand,61689.0,2025-07-01,15707.0,-147.0,12853.0,-64.0,-113.0,2854.0,-83.0
New Zealand,61689.0,2025-08-01,14783.0,63.0,12083.0,217.0,133.0,2700.0,-154.0
New Zealand,61689.0,2025-09-01,15410.0,527.0,12571.0,388.0,28.0,2839.0,139.0
New Zealand,61689.0,2025-10-01,16069.0,741.0,13191.0,702.0,3.0,2878.0,39.0
New Zealand,61689.0,2025-11-01,16545.0,-79.0,13669.0,-77.0,67.0,2876.0,-2.0
New Zealand,61689.0,2025-12-01,16953.0,408.0,14036.0,367.0,-1.0,2917.0,41.0
New Zealand,61689.0,2026-01-01,18052.0,933.0,15159.0,957.0,58.0,2893.0,-24.0
New Zealand,61689.0,2026-02-01,18544.0,307.0,15605.0,261.0,138.0,2939.0,46.0
New Zealand,61689.0,2026-03-01,17758.0,-320.0,14787.0,-352.0,-336.0,2971.0,32.0
New Zealand,61689.0,2026-04-01,17892.0,270.0,14929.0,278.0,-133.0,2963.0,-8.0
New Zealand,61689.0,2026-05-01,15922.0,-2124.0,12898.0,-2185.0,105.0,3024.0,61.0
Norway,12203.0,2020-01-01,97724.0,,97643.0,,,81.0,-1.0
Norway,12203.0,2020-02-01,103282.0,,103210.0,,,72.0,-9.0
Norway,12203.0,2020-03-01,98020.0,,97925.0,,,95.0,23.0
Norway,12203.0,2020-04-01,93217.0,,93200.0,,,17.0,-78.0
Norway,12203.0,2020-05-01,87558.0,,87535.0,,,23.0,6.0
Norway,12203.0,2020-06-01,88720.0,,88705.0,,,15.0,-8.0
Norway,12203.0,2020-07-01,89856.0,,89781.0,,,75.0,60.0
Norway,12203.0,2020-08-01,90634.0,,90534.0,,,100.0,25.0
Norway,12203.0,2020-09-01,90523.0,,90512.0,,,11.0,-89.0
Norway,12203.0,2020-10-01,82946.0,,82879.0,,,67.0,56.0
Norway,12203.0,2020-11-01,88988.0,,88759.0,,,229.0,162.0
Norway,12203.0,2020-12-01,87538.0,,87274.0,,,264.0,35.0
Norway,12203.0,2021-01-01,91418.0,,91137.0,,,281.0,17.0
Norway,12203.0,2021-02-01,97543.0,,96393.0,,,1150.0,869.0
Norway,12203.0,2021-03-01,94272.0,,93161.0,,,1111.0,-39.0
Norway,12203.0,2021-04-01,109200.0,,108067.0,,,1133.0,22.0
Norway,12203.0,2021-05-01,113529.0,,112324.0,,,1205.0,72.0
Norway,12203.0,2021-06-01,115840.0,,114832.0,,,1008.0,-197.0
Norway,12203.0,2021-07-01,119065.0,,117933.0,,,1132.0,124.0
Norway,12203.0,2021-08-01,119932.0,,118212.0,,,1720.0,588.0
Norway,12203.0,2021-09-01,120845.0,,119149.0,,,1696.0,-24.0
Norway,12203.0,2021-10-01,105012.0,,104740.0,,,272.0,-1424.0
Norway,12203.0,2021-11-01,100206.0,,99944.0,,,262.0,-10.0
Norway,12203.0,2021-12-01,98330.0,,97644.0,,,686.0,424.0
Norway,12203.0,2022-01-01,115762.0,,115082.0,,,680.0,-6.0
Norway,12203.0,2022-02-01,120147.0,,119283.0,,,864.0,184.0
Norway,12203.0,2022-03-01,116749.0,,116185.0,,,564.0,-300.0
Norway,12203.0,2022-04-01,115616.0,,115146.0,,,470.0,-94.0
Norway,12203.0,2022-05-01,109023.0,,108577.0,,,446.0,-24.0
Norway,12203.0,2022-06-01,112919.0,,112785.0,,,134.0,-312.0
Norway,12203.0,2022-07-01,112523.0,,112391.0,,,132.0,-2.0
Norway,12203.0,2022-08-01,111107.0,,110975.0,,,132.0,0.0
Norway,12203.0,2022-09-01,99607.0,,99535.0,,,72.0,-60.0
Norway,12203.0,2022-10-01,95652.0,,95608.0,,,44.0,-28.0
Norway,12203.0,2022-11-01,97723.0,,97697.0,,,26.0,-18.0
Norway,12203.0,2022-12-01,91958.0,,91950.0,,,8.0,-18.0
Norway,12203.0,2023-01-01,104440.0,,104342.0,,,98.0,90.0
Norway,12203.0,2023-02-01,116597.0,13205.0,116587.0,13293.0,-1468.0,10.0,-88.0
Norway,12203.0,2023-03-01,119132.0,1829.0,119118.0,1825.0,724.0,14.0,4.0
Norway,12203.0,2023-04-01,122802.0,3045.0,122792.0,3049.0,715.0,10.0,-4.0
Norway,12203.0,2023-05-01,121962.0,-283.0,121953.0,-282.0,-531.0,9.0,-1.0
Norway,12203.0,2023-06-01,126405.0,4961.0,126077.0,4642.0,-320.0,328.0,319.0
Norway,12203.0,2023-07-01,127469.0,1371.0,127095.0,1325.0,-395.0,374.0,46.0
Norway,12203.0,2023-08-01,126331.0,-705.0,125999.0,-663.0,-354.0,332.0,-42.0
Norway,12203.0,2023-09-01,121583.0,-3033.0,121213.0,-3071.0,-1728.0,370.0,38.0
Norway,12203.0,2023-10-01,121232.0,763.0,120740.0,641.0,-1056.0,492.0,122.0
Norway,12203.0,2023-11-01,113636.0,-9677.0,112747.0,-10074.0,2091.0,889.0,397.0
Norway,12203.0,2023-12-01,139260.0,6778.0,138186.0,6593.0,1526.0,1074.0,185.0
Norway,12203.0,2024-01-01,150124.0,7246.0,149631.0,7827.0,3709.0,493.0,-581.0
Norway,12203.0,2024-02-01,141340.0,-5033.0,140824.0,-5056.0,-3744.0,516.0,23.0
Norway,12203.0,2024-03-01,151867.0,10827.0,151364.0,10840.0,-339.0,503.0,-13.0
Norway,12203.0,2024-04-01,142339.0,-7833.0,141881.0,-7788.0,-2477.0,458.0,-45.0
Norway,12203.0,2024-05-01,146069.0,2973.0,145631.0,2993.0,687.0,438.0,-20.0
Norway,12203.0,2024-06-01,157074.0,9334.0,156548.0,9246.0,1671.0,526.0,88.0
Norway,12203.0,2024-07-01,160314.0,985.0,159713.0,910.0,2367.0,601.0,75.0
Norway,12203.0,2024-08-01,165983.0,3732.0,165259.0,3609.0,1994.0,724.0,123.0
Norway,12203.0,2024-09-01,173496.0,6660.0,172577.0,6465.0,1097.0,919.0,195.0
Norway,12203.0,2024-10-01,167081.0,-4217.0,166393.0,-3986.0,-2859.0,688.0,-231.0
Norway,12203.0,2024-11-01,162529.0,-6102.0,161809.0,-6134.0,1275.0,720.0,32.0
Norway,12203.0,2024-12-01,157604.0,-3084.0,157105.0,-2863.0,-1945.0,499.0,-221.0
Norway,12203.0,2025-01-01,173140.0,15612.0,172718.0,15689.0,195.0,422.0,-77.0
Norway,12203.0,2025-02-01,161804.0,-12673.0,161337.0,-12718.0,1585.0,467.0,45.0
Norway,12203.0,2025-03-01,200099.0,38078.0,199724.0,38170.0,257.0,375.0,-92.0
Norway,12203.0,2025-04-01,195851.0,-5302.0,195310.0,-5468.0,786.0,541.0,166.0
Norway,12203.0,2025-05-01,187321.0,-7941.0,186933.0,-7788.0,-427.0,388.0,-153.0
Norway,12203.0,2025-06-01,195125.0,6908.0,194691.0,6862.0,1576.0,434.0,46.0
Norway,12203.0,2025-07-01,207958.0,16277.0,207513.0,16266.0,-684.0,445.0,11.0
Norway,12203.0,2025-08-01,214896.0,7642.0,214416.0,7607.0,730.0,480.0,35.0
Norway,12203.0,2025-09-01,215925.0,373.0,215270.0,198.0,1093.0,655.0,175.0
Norway,12203.0,2025-10-01,193720.0,-24704.0,193235.0,-24534.0,689.0,485.0,-170.0
Norway,12203.0,2025-11-01,218865.0,22327.0,218276.0,22223.0,762.0,589.0,104.0
Norway,12203.0,2025-12-01,208130.0,-10252.0,207102.0,-10691.0,-622.0,1028.0,439.0
Norway,12203.0,2026-01-01,218758.0,9710.0,217867.0,9847.0,257.0,891.0,-137.0
Norway,12203.0,2026-02-01,222957.0,242.0,222109.0,285.0,1902.0,848.0,-43.0
Norway,12203.0,2026-03-01,217374.0,-1538.0,216828.0,-1236.0,-3261.0,546.0,-302.0
Norway,12203.0,2026-04-01,214700.0,-1114.0,213439.0,-1829.0,-1273.0,1261.0,715.0
Norway,12203.0,2026-05-01,207281.0,-5969.0,206314.0,-5675.0,-722.0,967.0,-294.0
Of Which: Foreign Non-Official,99991.0,2020-01-01,2857438.0,,2446509.0,,,410929.0,
Of Which: Foreign Non-Official,99991.0,2020-02-01,2961138.0,,2529764.0,,,431374.0,
Of Which: Foreign Non-Official,99991.0,2020-03-01,2831627.0,,2385340.0,,,446287.0,
Of Which: Foreign Non-Official,99991.0,2020-04-01,2855722.0,,2305535.0,,,550187.0,
Of Which: Foreign Non-Official,99991.0,2020-05-01,2872106.0,,2265900.0,,,606206.0,
Of Which: Foreign Non-Official,99991.0,2020-06-01,2905009.0,,2246629.0,,,658380.0,
Of Which: Foreign Non-Official,99991.0,2020-07-01,2905007.0,,2259020.0,,,645987.0,
Of Which: Foreign Non-Official,99991.0,2020-08-01,2882732.0,,2220118.0,,,662614.0,
Of Which: Foreign Non-Official,99991.0,2020-09-01,2870336.0,,2224522.0,,,645814.0,
Of Which: Foreign Non-Official,99991.0,2020-10-01,2903667.0,,2267945.0,,,635722.0,
Of Which: Foreign Non-Official,99991.0,2020-11-01,2874994.0,,2221721.0,,,653273.0,
Of Which: Foreign Non-Official,99991.0,2020-12-01,2884199.0,,2217854.0,,,666345.0,
Of Which: Foreign Non-Official,99991.0,2021-01-01,2903509.0,,2266501.0,,,637008.0,
Of Which: Foreign Non-Official,99991.0,2021-02-01,2873461.0,,2244123.0,,,629338.0,
Of Which: Foreign Non-Official,99991.0,2021-03-01,2836210.0,,2230309.0,,,605901.0,
Of Which: Foreign Non-Official,99991.0,2021-04-01,2877079.0,,2291520.0,,,585559.0,
Of Which: Foreign Non-Official,99991.0,2021-05-01,2918675.0,,2326946.0,,,591729.0,
Of Which: Foreign Non-Official,99991.0,2021-06-01,3303006.0,,2645723.0,,,657283.0,
Of Which: Foreign Non-Official,99991.0,2021-07-01,3313263.0,,2664711.0,,,648552.0,
Of Which: Foreign Non-Official,99991.0,2021-08-01,3362547.0,,2696084.0,,,666463.0,
Of Which: Foreign Non-Official,99991.0,2021-09-01,3362965.0,,2689996.0,,,672969.0,
Of Which: Foreign Non-Official,99991.0,2021-10-01,3481235.0,,2766335.0,,,714900.0,
Of Which: Foreign Non-Official,99991.0,2021-11-01,3526828.0,,2790929.0,,,735899.0,
Of Which: Foreign Non-Official,99991.0,2021-12-01,3622718.0,,2882948.0,,,739770.0,
Of Which: Foreign Non-Official,99991.0,2022-01-01,3525667.0,,2795528.0,,,730139.0,
Of Which: Foreign Non-Official,99991.0,2022-02-01,3579072.0,,2832589.0,,,746483.0,
Of Which: Foreign Non-Official,99991.0,2022-03-01,3578913.0,,2830200.0,,,748713.0,
Of Which: Foreign Non-Official,99991.0,2022-04-01,3535641.0,,2804689.0,,,730952.0,
Of Which: Foreign Non-Official,99991.0,2022-05-01,3544469.0,,2880226.0,,,664243.0,
Of Which: Foreign Non-Official,99991.0,2022-06-01,3561669.0,,2904568.0,,,657101.0,
Of Which: Foreign Non-Official,99991.0,2022-07-01,3590533.0,,2940499.0,,,650034.0,
Of Which: Foreign Non-Official,99991.0,2022-08-01,3615815.0,,2917205.0,,,698610.0,
Of Which: Foreign Non-Official,99991.0,2022-09-01,3537809.0,,2838207.0,,,699602.0,
Of Which: Foreign Non-Official,99991.0,2022-10-01,3519109.0,,2821689.0,,,697420.0,
Of Which: Foreign Non-Official,99991.0,2022-11-01,3522692.0,,2833932.0,,,688760.0,
Of Which: Foreign Non-Official,99991.0,2022-12-01,3527235.0,,2815961.0,,,711274.0,
Of Which: Foreign Non-Official,99991.0,2023-01-01,3601235.0,,2910591.0,,,690644.0,
Of Which: Foreign Non-Official,99991.0,2023-02-01,3562233.0,21882.0,2853387.0,3680.0,-53515.0,708846.0,18202.0
Of Which: Foreign Non-Official,99991.0,2023-03-01,3698735.0,91160.0,2988385.0,89656.0,52075.0,710350.0,1504.0
Of Which: Foreign Non-Official,99991.0,2023-04-01,3716259.0,56487.0,3029864.0,80442.0,5344.0,686395.0,-23955.0
Of Which: Foreign Non-Official,99991.0,2023-05-01,3675855.0,14631.0,3010247.0,35418.0,-34569.0,665608.0,-20787.0
Of Which: Foreign Non-Official,99991.0,2023-06-01,3794008.0,128450.0,3052114.0,52164.0,-19283.0,741894.0,76286.0
Of Which: Foreign Non-Official,99991.0,2023-07-01,3836320.0,36972.0,3075691.0,18237.0,-10922.0,760629.0,18735.0
Of Which: Foreign Non-Official,99991.0,2023-08-01,3882373.0,46387.0,3083901.0,8544.0,-16837.0,798472.0,37843.0
Of Which: Foreign Non-Official,99991.0,2023-09-01,3818116.0,20630.0,2991695.0,-7319.0,-87098.0,826421.0,27949.0
Of Which: Foreign Non-Official,99991.0,2023-10-01,3836333.0,13954.0,3035726.0,39768.0,-29508.0,800607.0,-25814.0
Of Which: Foreign Non-Official,99991.0,2023-11-01,4032249.0,155741.0,3213238.0,137337.0,76116.0,819011.0,18404.0
Of Which: Foreign Non-Official,99991.0,2023-12-01,4143569.0,4662.0,3310478.0,-9418.0,56744.0,833091.0,14080.0
Of Which: Foreign Non-Official,99991.0,2024-01-01,4154639.0,27392.0,3349692.0,55536.0,-4580.0,804947.0,-28144.0
Of Which: Foreign Non-Official,99991.0,2024-02-01,4231685.0,93655.0,3408419.0,75336.0,-25384.0,823266.0,18319.0
Of Which: Foreign Non-Official,99991.0,2024-03-01,4290998.0,17647.0,3466780.0,16695.0,17997.0,824218.0,952.0
Of Which: Foreign Non-Official,99991.0,2024-04-01,4248948.0,37632.0,3432903.0,45805.0,-57449.0,816045.0,-8173.0
Of Which: Foreign Non-Official,99991.0,2024-05-01,4333054.0,62621.0,3518585.0,64197.0,19777.0,814469.0,-1576.0
Of Which: Foreign Non-Official,99991.0,2024-06-01,4468254.0,77805.0,3583214.0,7234.0,46302.0,885040.0,70571.0
Of Which: Foreign Non-Official,99991.0,2024-07-01,4581786.0,99742.0,3688642.0,91638.0,43061.0,893144.0,8104.0
Of Which: Foreign Non-Official,99991.0,2024-08-01,4734985.0,86731.0,3804660.0,49550.0,40431.0,930325.0,37181.0
Of Which: Foreign Non-Official,99991.0,2024-09-01,4852122.0,68251.0,3920099.0,66553.0,23954.0,932023.0,1698.0
Of Which: Foreign Non-Official,99991.0,2024-10-01,4837292.0,87292.0,3891899.0,73922.0,-57192.0,945393.0,13370.0
Of Which: Foreign Non-Official,99991.0,2024-11-01,4861407.0,-17940.0,3899883.0,-34071.0,16213.0,961524.0,16131.0
Of Which: Foreign Non-Official,99991.0,2024-12-01,4826809.0,41134.0,3828402.0,4251.0,-63908.0,998407.0,36883.0
Of Which: Foreign Non-Official,99991.0,2025-01-01,4813966.0,-13685.0,3848984.0,19740.0,704.0,964982.0,-33425.0
Of Which: Foreign Non-Official,99991.0,2025-02-01,5003459.0,126186.0,4038947.0,126656.0,53262.0,964512.0,-470.0
Of Which: Foreign Non-Official,99991.0,2025-03-01,5128563.0,115012.0,4133765.0,84726.0,-13931.0,994798.0,30286.0
Of Which: Foreign Non-Official,99991.0,2025-04-01,5091303.0,-58933.0,4102677.0,-52761.0,3724.0,988626.0,-6172.0
Of Which: Foreign Non-Official,99991.0,2025-05-01,5144606.0,135583.0,4139605.0,119208.0,-61553.0,1005001.0,16375.0
Of Which: Foreign Non-Official,99991.0,2025-06-01,5201026.0,24123.0,4183606.0,11704.0,18341.0,1017420.0,12419.0
Of Which: Foreign Non-Official,99991.0,2025-07-01,5223076.0,24570.0,4217553.0,36467.0,-40165.0,1005523.0,-11897.0
Of Which: Foreign Non-Official,99991.0,2025-08-01,5328422.0,80939.0,4299658.0,57698.0,7691.0,1028764.0,23241.0
Of Which: Foreign Non-Official,99991.0,2025-09-01,5364940.0,62611.0,4317137.0,43572.0,18092.0,1047803.0,19039.0
Of Which: Foreign Non-Official,99991.0,2025-10-01,5364053.0,-28855.0,4311451.0,-33654.0,-3634.0,1052602.0,4799.0
Of Which: Foreign Non-Official,99991.0,2025-11-01,5437318.0,43597.0,4384752.0,43633.0,-2098.0,1052566.0,-36.0
Of Which: Foreign Non-Official,99991.0,2025-12-01,5391881.0,8612.0,4330432.0,-271.0,-41420.0,1061449.0,8883.0
Of Which: Foreign Non-Official,99991.0,2026-01-01,5348033.0,-31923.0,4316424.0,-2083.0,-12036.0,1031609.0,-29840.0
Of Which: Foreign Non-Official,99991.0,2026-02-01,5478384.0,74260.0,4400397.0,27882.0,27580.0,1077987.0,46378.0
Of Which: Foreign Non-Official,99991.0,2026-03-01,5450147.0,48468.0,4375203.0,51511.0,-89609.0,1074944.0,-3043.0
Of Which: Foreign Non-Official,99991.0,2026-04-01,5446143.0,793.0,4404798.0,34392.0,-30199.0,1041345.0,-33599.0
Of Which: Foreign Non-Official,99991.0,2026-05-01,5523074.0,71113.0,4464168.0,53552.0,-22977.0,1058906.0,17561.0
Of Which: Foreign Official,99990.0,2020-01-01,4169878.0,,3875058.0,,,294820.0,
Of Which: Foreign Official,99990.0,2020-02-01,4264909.0,,3958829.0,,,306080.0,
Of Which: Foreign Official,99990.0,2020-03-01,4117857.0,,3834635.0,,,283222.0,
Of Which: Foreign Official,99990.0,2020-04-01,4047365.0,,3716351.0,,,331014.0,
Of Which: Foreign Official,99990.0,2020-05-01,4105945.0,,3750224.0,,,355721.0,
Of Which: Foreign Official,99990.0,2020-06-01,4147116.0,,3764847.0,,,382269.0,
Of Which: Foreign Official,99990.0,2020-07-01,4191213.0,,3797649.0,,,393564.0,
Of Which: Foreign Official,99990.0,2020-08-01,4199285.0,,3814269.0,,,385016.0,
Of Which: Foreign Official,99990.0,2020-09-01,4198868.0,,3827385.0,,,371483.0,
Of Which: Foreign Official,99990.0,2020-10-01,4166760.0,,3791349.0,,,375411.0,
Of Which: Foreign Official,99990.0,2020-11-01,4176189.0,,3805373.0,,,370816.0,
Of Which: Foreign Official,99990.0,2020-12-01,4186538.0,,3825569.0,,,360969.0,
Of Which: Foreign Official,99990.0,2021-01-01,4224513.0,,3846444.0,,,378069.0,
Of Which: Foreign Official,99990.0,2021-02-01,4235327.0,,3829093.0,,,406234.0,
Of Which: Foreign Official,99990.0,2021-03-01,4202077.0,,3841479.0,,,360598.0,
Of Which: Foreign Official,99990.0,2021-04-01,4201533.0,,3881321.0,,,320212.0,
Of Which: Foreign Official,99990.0,2021-05-01,4225981.0,,3929864.0,,,296117.0,
Of Which: Foreign Official,99990.0,2021-06-01,4215874.0,,3946410.0,,,269464.0,
Of Which: Foreign Official,99990.0,2021-07-01,4254057.0,,3977691.0,,,276366.0,
Of Which: Foreign Official,99990.0,2021-08-01,4216265.0,,3958275.0,,,257990.0,
Of Which: Foreign Official,99990.0,2021-09-01,4207931.0,,3952518.0,,,255413.0,
Of Which: Foreign Official,99990.0,2021-10-01,4179437.0,,3931721.0,,,247716.0,
Of Which: Foreign Official,99990.0,2021-11-01,4161033.0,,3921510.0,,,239523.0,
Of Which: Foreign Official,99990.0,2021-12-01,4117652.0,,3870012.0,,,247640.0,
Of Which: Foreign Official,99990.0,2022-01-01,4129999.0,,3863278.0,,,266721.0,
Of Which: Foreign Official,99990.0,2022-02-01,4124382.0,,3846041.0,,,278341.0,
Of Which: Foreign Official,99990.0,2022-03-01,4025302.0,,3765617.0,,,259685.0,
Of Which: Foreign Official,99990.0,2022-04-01,3907479.0,,3650869.0,,,256610.0,
Of Which: Foreign Official,99990.0,2022-05-01,3866292.0,,3617693.0,,,248599.0,
Of Which: Foreign Official,99990.0,2022-06-01,3855274.0,,3616938.0,,,238336.0,
Of Which: Foreign Official,99990.0,2022-07-01,3894989.0,,3660973.0,,,234016.0,
Of Which: Foreign Official,99990.0,2022-08-01,3876879.0,,3646416.0,,,230463.0,
Of Which: Foreign Official,99990.0,2022-09-01,3713699.0,,3493691.0,,,220008.0,
Of Which: Foreign Official,99990.0,2022-10-01,3614042.0,,3410226.0,,,203816.0,
Of Which: Foreign Official,99990.0,2022-11-01,3661970.0,,3444806.0,,,217164.0,
Of Which: Foreign Official,99990.0,2022-12-01,3667449.0,,3428735.0,,,238714.0,
Of Which: Foreign Official,99990.0,2023-01-01,3703848.0,,3454251.0,,,249597.0,
Of Which: Foreign Official,99990.0,2023-02-01,3692667.0,54751.0,3435728.0,47409.0,-54607.0,256939.0,7342.0
Of Which: Foreign Official,99990.0,2023-03-01,3769907.0,549.0,3517636.0,5217.0,71382.0,252271.0,-4668.0
Of Which: Foreign Official,99990.0,2023-04-01,3789724.0,14536.0,3558378.0,35461.0,13980.0,231346.0,-20925.0
Of Which: Foreign Official,99990.0,2023-05-01,3782698.0,29906.0,3548277.0,26831.0,-33497.0,234421.0,3075.0
Of Which: Foreign Official,99990.0,2023-06-01,3769207.0,11987.0,3548853.0,26054.0,-26749.0,220354.0,-14067.0
Of Which: Foreign Official,99990.0,2023-07-01,3758780.0,-7251.0,3522207.0,-23470.0,-7015.0,236573.0,16219.0
Of Which: Foreign Official,99990.0,2023-08-01,3738159.0,-4155.0,3500393.0,-5348.0,-10919.0,237766.0,1193.0
Of Which: Foreign Official,99990.0,2023-09-01,3690999.0,12429.0,3456526.0,15722.0,-55922.0,234473.0,-3293.0
Of Which: Foreign Official,99990.0,2023-10-01,3640409.0,-19778.0,3405622.0,-20092.0,-21765.0,234787.0,314.0
Of Which: Foreign Official,99990.0,2023-11-01,3684071.0,-21137.0,3438094.0,-32327.0,84776.0,245977.0,11190.0
Of Which: Foreign Official,99990.0,2023-12-01,3796439.0,27700.0,3546470.0,23708.0,82706.0,249969.0,3992.0
Of Which: Foreign Official,99990.0,2024-01-01,3799148.0,-2440.0,3548834.0,-2785.0,9554.0,250314.0,345.0
Of Which: Foreign Official,99990.0,2024-02-01,3767587.0,32676.0,3501298.0,16701.0,-36606.0,266289.0,15975.0
Of Which: Foreign Official,99990.0,2024-03-01,3816873.0,32386.0,3549916.0,31718.0,21739.0,266957.0,668.0
Of Which: Foreign Official,99990.0,2024-04-01,3787246.0,35302.0,3524531.0,39544.0,-54758.0,262715.0,-4242.0
Of Which: Foreign Official,99990.0,2024-05-01,3797680.0,-19157.0,3542838.0,-11284.0,31622.0,254842.0,-7873.0
Of Which: Foreign Official,99990.0,2024-06-01,3831011.0,7026.0,3562491.0,-6652.0,34458.0,268520.0,13678.0
Of Which: Foreign Official,99990.0,2024-07-01,3846436.0,-30014.0,3574584.0,-33346.0,49482.0,271852.0,3332.0
Of Which: Foreign Official,99990.0,2024-08-01,3876375.0,5507.0,3569184.0,-29832.0,34379.0,307191.0,35339.0
Of Which: Foreign Official,99990.0,2024-09-01,3914130.0,6373.0,3595804.0,-4762.0,29905.0,318326.0,11135.0
Of Which: Foreign Official,99990.0,2024-10-01,3856251.0,8810.0,3544208.0,15093.0,-56526.0,312043.0,-6283.0
Of Which: Foreign Official,99990.0,2024-11-01,3861856.0,-8469.0,3557218.0,-1064.0,27781.0,304638.0,-7405.0
Of Which: Foreign Official,99990.0,2024-12-01,3792493.0,-37799.0,3485567.0,-40087.0,-36234.0,306926.0,2288.0
Of Which: Foreign Official,99990.0,2025-01-01,3803794.0,42045.0,3430359.0,-24464.0,-1654.0,373435.0,66509.0
Of Which: Foreign Official,99990.0,2025-02-01,3895853.0,40870.0,3460863.0,-20685.0,61570.0,434990.0,61555.0
Of Which: Foreign Official,99990.0,2025-03-01,3923394.0,28050.0,3503605.0,43251.0,9404.0,419789.0,-15201.0
Of Which: Foreign Official,99990.0,2025-04-01,3907385.0,-11602.0,3493506.0,-5692.0,19740.0,413879.0,-5910.0
Of Which: Foreign Official,99990.0,2025-05-01,3877089.0,3186.0,3479509.0,19485.0,-23057.0,397580.0,-16299.0
Of Which: Foreign Official,99990.0,2025-06-01,3892526.0,-3963.0,3489962.0,-8947.0,30869.0,402564.0,4984.0
Of Which: Foreign Official,99990.0,2025-07-01,3886470.0,14656.0,3476476.0,7226.0,-8999.0,409994.0,7430.0
Of Which: Foreign Official,99990.0,2025-08-01,3919787.0,-7097.0,3508206.0,-8684.0,30324.0,411581.0,1587.0
Of Which: Foreign Official,99990.0,2025-09-01,3872555.0,-57082.0,3501211.0,-16845.0,15874.0,371344.0,-40237.0
Of Which: Foreign Official,99990.0,2025-10-01,3866433.0,-9854.0,3480439.0,-24504.0,12998.0,385994.0,14650.0
Of Which: Foreign Official,99990.0,2025-11-01,3912314.0,32552.0,3526758.0,32990.0,18626.0,385556.0,-438.0
Of Which: Foreign Official,99990.0,2025-12-01,3877654.0,-18454.0,3489146.0,-21406.0,-18548.0,388508.0,2952.0
Of Which: Foreign Official,99990.0,2026-01-01,3943284.0,69532.0,3535470.0,50226.0,-3220.0,407814.0,19306.0
Of Which: Foreign Official,99990.0,2026-02-01,4010976.0,20187.0,3557724.0,-25251.0,47215.0,453252.0,45438.0
Of Which: Foreign Official,99990.0,2026-03-01,3904901.0,-47539.0,3461247.0,-37941.0,-52584.0,443654.0,-9598.0
Of Which: Foreign Official,99990.0,2026-04-01,3906503.0,29737.0,3449235.0,16123.0,-8872.0,457268.0,13614.0
Of Which: Foreign Official,99990.0,2026-05-01,3847999.0,-58009.0,3451769.0,3029.0,426.0,396230.0,-61038.0
Panama,31887.0,2020-01-01,3675.0,,1709.0,,,1966.0,47.0
Panama,31887.0,2020-02-01,3711.0,,1740.0,,,1971.0,5.0
Panama,31887.0,2020-03-01,3205.0,,1671.0,,,1534.0,-437.0
Panama,31887.0,2020-04-01,3187.0,,1522.0,,,1665.0,131.0
Panama,31887.0,2020-05-01,3442.0,,1612.0,,,1830.0,165.0
Panama,31887.0,2020-06-01,3646.0,,1579.0,,,2067.0,237.0
Panama,31887.0,2020-07-01,3410.0,,1480.0,,,1930.0,-137.0
Panama,31887.0,2020-08-01,3318.0,,1502.0,,,1816.0,-114.0
Panama,31887.0,2020-09-01,3151.0,,1496.0,,,1655.0,-161.0
Panama,31887.0,2020-10-01,3078.0,,1519.0,,,1559.0,-96.0
Panama,31887.0,2020-11-01,2982.0,,1465.0,,,1517.0,-42.0
Panama,31887.0,2020-12-01,4404.0,,1499.0,,,2905.0,1388.0
Panama,31887.0,2021-01-01,4404.0,,1513.0,,,2891.0,-14.0
Panama,31887.0,2021-02-01,3644.0,,1508.0,,,2136.0,-755.0
Panama,31887.0,2021-03-01,3244.0,,1528.0,,,1716.0,-420.0
Panama,31887.0,2021-04-01,2472.0,,1561.0,,,911.0,-805.0
Panama,31887.0,2021-05-01,2647.0,,1603.0,,,1044.0,133.0
Panama,31887.0,2021-06-01,3261.0,,1530.0,,,1731.0,687.0
Panama,31887.0,2021-07-01,3092.0,,1477.0,,,1615.0,-116.0
Panama,31887.0,2021-08-01,3074.0,,1417.0,,,1657.0,42.0
Panama,31887.0,2021-09-01,3192.0,,1442.0,,,1750.0,93.0
Panama,31887.0,2021-10-01,3417.0,,1565.0,,,1852.0,102.0
Panama,31887.0,2021-11-01,2753.0,,1293.0,,,1460.0,-392.0
Panama,31887.0,2021-12-01,3313.0,,1367.0,,,1946.0,486.0
Panama,31887.0,2022-01-01,3344.0,,1461.0,,,1883.0,-63.0
Panama,31887.0,2022-02-01,3551.0,,1391.0,,,2160.0,277.0
Panama,31887.0,2022-03-01,3966.0,,1725.0,,,2241.0,81.0
Panama,31887.0,2022-04-01,3683.0,,1907.0,,,1776.0,-465.0
Panama,31887.0,2022-05-01,4124.0,,2001.0,,,2123.0,347.0
Panama,31887.0,2022-06-01,4484.0,,2095.0,,,2389.0,266.0
Panama,31887.0,2022-07-01,4616.0,,2207.0,,,2409.0,20.0
Panama,31887.0,2022-08-01,5145.0,,2339.0,,,2806.0,397.0
Panama,31887.0,2022-09-01,5827.0,,2584.0,,,3243.0,437.0
Panama,31887.0,2022-10-01,6013.0,,2665.0,,,3348.0,105.0
Panama,31887.0,2022-11-01,6352.0,,2700.0,,,3652.0,304.0
Panama,31887.0,2022-12-01,6947.0,,2829.0,,,4118.0,466.0
Panama,31887.0,2023-01-01,7978.0,,2863.0,,,5115.0,997.0
Panama,31887.0,2023-02-01,8019.0,138.0,2857.0,91.0,-26.0,5162.0,47.0
Panama,31887.0,2023-03-01,8486.0,462.0,3004.0,142.0,37.0,5482.0,320.0
Panama,31887.0,2023-04-01,8249.0,-283.0,3235.0,185.0,36.0,5014.0,-468.0
Panama,31887.0,2023-05-01,9219.0,1132.0,3375.0,302.0,-36.0,5844.0,830.0
Panama,31887.0,2023-06-01,9521.0,232.0,3490.0,45.0,34.0,6031.0,187.0
Panama,31887.0,2023-07-01,9370.0,-117.0,3492.0,36.0,10.0,5878.0,-153.0
Panama,31887.0,2023-08-01,9592.0,299.0,3541.0,126.0,-14.0,6051.0,173.0
Panama,31887.0,2023-09-01,9634.0,31.0,3598.0,46.0,10.0,6036.0,-15.0
Panama,31887.0,2023-10-01,9786.0,244.0,3440.0,-66.0,-18.0,6346.0,310.0
Panama,31887.0,2023-11-01,9777.0,3.0,3714.0,286.0,38.0,6063.0,-283.0
Panama,31887.0,2023-12-01,10341.0,533.0,4084.0,339.0,24.0,6257.0,194.0
Panama,31887.0,2024-01-01,10416.0,200.0,4027.0,68.0,-76.0,6389.0,132.0
Panama,31887.0,2024-02-01,10480.0,146.0,4064.0,119.0,6.0,6416.0,27.0
Panama,31887.0,2024-03-01,11344.0,883.0,4101.0,56.0,-33.0,7243.0,827.0
Panama,31887.0,2024-04-01,10720.0,-604.0,4085.0,4.0,-7.0,6635.0,-608.0
Panama,31887.0,2024-05-01,9807.0,-905.0,4055.0,-22.0,14.0,5752.0,-883.0
Panama,31887.0,2024-06-01,9474.0,-372.0,4173.0,79.0,17.0,5301.0,-451.0
Panama,31887.0,2024-07-01,9551.0,59.0,4269.0,78.0,78.0,5282.0,-19.0
Panama,31887.0,2024-08-01,9704.0,54.0,4499.0,131.0,27.0,5205.0,-77.0
Panama,31887.0,2024-09-01,9149.0,-397.0,4287.0,-54.0,-3.0,4862.0,-343.0
Panama,31887.0,2024-10-01,8790.0,-435.0,4366.0,3.0,-53.0,4424.0,-438.0
Panama,31887.0,2024-11-01,8930.0,162.0,4487.0,143.0,5.0,4443.0,19.0
Panama,31887.0,2024-12-01,9441.0,550.0,4616.0,168.0,23.0,4825.0,382.0
Panama,31887.0,2025-01-01,9596.0,223.0,4637.0,89.0,-17.0,4959.0,134.0
Panama,31887.0,2025-02-01,9321.0,-207.0,4566.0,-3.0,4.0,4755.0,-204.0
Panama,31887.0,2025-03-01,9403.0,191.0,4738.0,281.0,11.0,4665.0,-90.0
Panama,31887.0,2025-04-01,9284.0,2.0,4688.0,71.0,1.0,4596.0,-69.0
Panama,31887.0,2025-05-01,8722.0,-207.0,4468.0,135.0,-36.0,4254.0,-342.0
Panama,31887.0,2025-06-01,8841.0,216.0,4193.0,-178.0,-25.0,4648.0,394.0
Panama,31887.0,2025-07-01,8776.0,49.0,4237.0,158.0,15.0,4539.0,-109.0
Panama,31887.0,2025-08-01,8629.0,-116.0,4378.0,172.0,11.0,4251.0,-288.0
Panama,31887.0,2025-09-01,8460.0,118.0,4172.0,81.0,-8.0,4288.0,37.0
Panama,31887.0,2025-10-01,8393.0,29.0,4282.0,206.0,-37.0,4111.0,-177.0
Panama,31887.0,2025-11-01,8810.0,463.0,4350.0,114.0,-86.0,4460.0,349.0
Panama,31887.0,2025-12-01,8735.0,45.0,4267.0,37.0,-25.0,4468.0,8.0
Panama,31887.0,2026-01-01,8720.0,52.0,4281.0,81.0,-30.0,4439.0,-29.0
Panama,31887.0,2026-02-01,8911.0,358.0,4207.0,93.0,-25.0,4704.0,265.0
Panama,31887.0,2026-03-01,8453.0,-170.0,3963.0,44.0,-54.0,4490.0,-214.0
Panama,31887.0,2026-04-01,8461.0,88.0,4091.0,208.0,2.0,4370.0,-120.0
Panama,31887.0,2026-05-01,8743.0,334.0,4487.0,448.0,-21.0,4256.0,-114.0
Peru,32204.0,2020-01-01,19787.0,,19606.0,,,181.0,-12.0
Peru,32204.0,2020-02-01,19447.0,,19264.0,,,183.0,2.0
Peru,32204.0,2020-03-01,19904.0,,19590.0,,,314.0,131.0
Peru,32204.0,2020-04-01,20512.0,,20212.0,,,300.0,-14.0
Peru,32204.0,2020-05-01,19630.0,,19362.0,,,268.0,-32.0
Peru,32204.0,2020-06-01,20593.0,,20041.0,,,552.0,284.0
Peru,32204.0,2020-07-01,21579.0,,21284.0,,,295.0,-257.0
Peru,32204.0,2020-08-01,24139.0,,23858.0,,,281.0,-14.0
Peru,32204.0,2020-09-01,26880.0,,26334.0,,,546.0,265.0
Peru,32204.0,2020-10-01,26537.0,,26163.0,,,374.0,-172.0
Peru,32204.0,2020-11-01,26431.0,,26096.0,,,335.0,-39.0
Peru,32204.0,2020-12-01,27437.0,,26867.0,,,570.0,235.0
Peru,32204.0,2021-01-01,27763.0,,27435.0,,,328.0,-242.0
Peru,32204.0,2021-02-01,28165.0,,27787.0,,,378.0,50.0
Peru,32204.0,2021-03-01,28771.0,,28399.0,,,372.0,-6.0
Peru,32204.0,2021-04-01,28707.0,,28373.0,,,334.0,-38.0
Peru,32204.0,2021-05-01,29038.0,,28709.0,,,329.0,-5.0
Peru,32204.0,2021-06-01,29410.0,,29070.0,,,340.0,11.0
Peru,32204.0,2021-07-01,28792.0,,28458.0,,,334.0,-6.0
Peru,32204.0,2021-08-01,27978.0,,27663.0,,,315.0,-19.0
Peru,32204.0,2021-09-01,28139.0,,27843.0,,,296.0,-19.0
Peru,32204.0,2021-10-01,27473.0,,27135.0,,,338.0,42.0
Peru,32204.0,2021-11-01,27446.0,,27117.0,,,329.0,-9.0
Peru,32204.0,2021-12-01,28026.0,,27665.0,,,361.0,32.0
Peru,32204.0,2022-01-01,28961.0,,28640.0,,,321.0,-40.0
Peru,32204.0,2022-02-01,29513.0,,29197.0,,,316.0,-5.0
Peru,32204.0,2022-03-01,29900.0,,29529.0,,,371.0,55.0
Peru,32204.0,2022-04-01,30323.0,,29974.0,,,349.0,-22.0
Peru,32204.0,2022-05-01,29856.0,,29543.0,,,313.0,-36.0
Peru,32204.0,2022-06-01,30781.0,,30355.0,,,426.0,113.0
Peru,32204.0,2022-07-01,32029.0,,31745.0,,,284.0,-142.0
Peru,32204.0,2022-08-01,32427.0,,32063.0,,,364.0,80.0
Peru,32204.0,2022-09-01,32248.0,,31749.0,,,499.0,135.0
Peru,32204.0,2022-10-01,31116.0,,30842.0,,,274.0,-225.0
Peru,32204.0,2022-11-01,31007.0,,30682.0,,,325.0,51.0
Peru,32204.0,2022-12-01,32061.0,,31034.0,,,1027.0,702.0
Peru,32204.0,2023-01-01,31811.0,,31520.0,,,291.0,-736.0
Peru,32204.0,2023-02-01,32626.0,971.0,32389.0,1025.0,279.0,237.0,-54.0
Peru,32204.0,2023-03-01,33116.0,217.0,32468.0,-194.0,274.0,648.0,411.0
Peru,32204.0,2023-04-01,32180.0,-1020.0,31908.0,-644.0,-131.0,272.0,-376.0
Peru,32204.0,2023-05-01,32232.0,149.0,31953.0,142.0,277.0,279.0,7.0
Peru,32204.0,2023-06-01,33043.0,962.0,32415.0,613.0,-130.0,628.0,349.0
Peru,32204.0,2023-07-01,31859.0,-1239.0,31533.0,-937.0,112.0,326.0,-302.0
Peru,32204.0,2023-08-01,32588.0,736.0,32267.0,741.0,-96.0,321.0,-5.0
Peru,32204.0,2023-09-01,32744.0,310.0,32125.0,12.0,22.0,619.0,298.0
Peru,32204.0,2023-10-01,31858.0,-1030.0,31571.0,-698.0,129.0,287.0,-332.0
Peru,32204.0,2023-11-01,31054.0,-951.0,30727.0,-991.0,191.0,327.0,40.0
Peru,32204.0,2023-12-01,32487.0,1204.0,30730.0,-226.0,254.0,1757.0,1430.0
Peru,32204.0,2024-01-01,32394.0,-53.0,32124.0,1434.0,-91.0,270.0,-1487.0
Peru,32204.0,2024-02-01,34791.0,2614.0,34533.0,2626.0,145.0,258.0,-12.0
Peru,32204.0,2024-03-01,37093.0,2238.0,35297.0,700.0,222.0,1796.0,1538.0
Peru,32204.0,2024-04-01,37660.0,874.0,36461.0,1471.0,-253.0,1199.0,-597.0
Peru,32204.0,2024-05-01,38917.0,1125.0,37698.0,1105.0,-118.0,1219.0,20.0
Peru,32204.0,2024-06-01,39518.0,485.0,37518.0,-296.0,265.0,2000.0,781.0
Peru,32204.0,2024-07-01,37003.0,-2717.0,35270.0,-2450.0,225.0,1733.0,-267.0
Peru,32204.0,2024-08-01,37829.0,640.0,36316.0,860.0,733.0,1513.0,-220.0
Peru,32204.0,2024-09-01,39965.0,1996.0,37912.0,1456.0,343.0,2053.0,540.0
Peru,32204.0,2024-10-01,40632.0,1117.0,40406.0,2944.0,-78.0,226.0,-1827.0
Peru,32204.0,2024-11-01,41429.0,687.0,41199.0,683.0,67.0,230.0,4.0
Peru,32204.0,2024-12-01,43735.0,2398.0,41403.0,296.0,-78.0,2332.0,2102.0
Peru,32204.0,2025-01-01,41666.0,-2117.0,40155.0,-1296.0,457.0,1511.0,-821.0
Peru,32204.0,2025-02-01,41563.0,-294.0,40721.0,375.0,-84.0,842.0,-669.0
Peru,32204.0,2025-03-01,42804.0,1192.0,40436.0,-334.0,298.0,2368.0,1526.0
Peru,32204.0,2025-04-01,40708.0,-2316.0,40373.0,-283.0,577.0,335.0,-2033.0
Peru,32204.0,2025-05-01,40103.0,-389.0,39698.0,-459.0,-346.0,405.0,70.0
Peru,32204.0,2025-06-01,41818.0,1544.0,39321.0,-548.0,288.0,2497.0,2092.0
Peru,32204.0,2025-07-01,40067.0,-1511.0,39463.0,382.0,-249.0,604.0,-1893.0
Peru,32204.0,2025-08-01,40641.0,304.0,39967.0,234.0,487.0,674.0,70.0
Peru,32204.0,2025-09-01,43235.0,2620.0,40494.0,553.0,-268.0,2741.0,2067.0
Peru,32204.0,2025-10-01,41555.0,-1488.0,40812.0,510.0,384.0,743.0,-1998.0
Peru,32204.0,2025-11-01,41220.0,-446.0,40593.0,-330.0,111.0,627.0,-116.0
Peru,32204.0,2025-12-01,45115.0,3894.0,41120.0,526.0,17.0,3995.0,3368.0
Peru,32204.0,2026-01-01,45074.0,-38.0,42273.0,1156.0,-54.0,2801.0,-1194.0
Peru,32204.0,2026-02-01,48655.0,3407.0,45768.0,3321.0,188.0,2887.0,86.0
Peru,32204.0,2026-03-01,53692.0,5446.0,49894.0,4535.0,-753.0,3798.0,911.0
Peru,32204.0,2026-04-01,52898.0,-535.0,50005.0,370.0,-104.0,2893.0,-905.0
Peru,32204.0,2026-05-01,53328.0,510.0,50207.0,282.0,-82.0,3121.0,228.0
Philippines,44806.0,2020-01-01,40440.0,,39703.0,,,737.0,-932.0
Philippines,44806.0,2020-02-01,41757.0,,40983.0,,,774.0,37.0
Philippines,44806.0,2020-03-01,43134.0,,41819.0,,,1315.0,541.0
Philippines,44806.0,2020-04-01,42716.0,,41894.0,,,822.0,-493.0
Philippines,44806.0,2020-05-01,42668.0,,41254.0,,,1414.0,592.0
Philippines,44806.0,2020-06-01,44181.0,,41237.0,,,2944.0,1530.0
Philippines,44806.0,2020-07-01,43781.0,,40832.0,,,2949.0,5.0
Philippines,44806.0,2020-08-01,47638.0,,41124.0,,,6514.0,3565.0
Philippines,44806.0,2020-09-01,46700.0,,41113.0,,,5587.0,-927.0
Philippines,44806.0,2020-10-01,47322.0,,40785.0,,,6537.0,950.0
Philippines,44806.0,2020-11-01,48630.0,,40787.0,,,7843.0,1306.0
Philippines,44806.0,2020-12-01,43315.0,,40793.0,,,2522.0,-5321.0
Philippines,44806.0,2021-01-01,47975.0,,46024.0,,,1951.0,-571.0
Philippines,44806.0,2021-02-01,50767.0,,47329.0,,,3438.0,1487.0
Philippines,44806.0,2021-03-01,50880.0,,46849.0,,,4031.0,593.0
Philippines,44806.0,2021-04-01,50681.0,,48346.0,,,2335.0,-1696.0
Philippines,44806.0,2021-05-01,50213.0,,48050.0,,,2163.0,-172.0
Philippines,44806.0,2021-06-01,50439.0,,48927.0,,,1512.0,-651.0
Philippines,44806.0,2021-07-01,50538.0,,49017.0,,,1521.0,9.0
Philippines,44806.0,2021-08-01,49782.0,,48605.0,,,1177.0,-344.0
Philippines,44806.0,2021-09-01,50542.0,,49260.0,,,1282.0,105.0
Philippines,44806.0,2021-10-01,49828.0,,48835.0,,,993.0,-289.0
Philippines,44806.0,2021-11-01,50347.0,,49310.0,,,1037.0,44.0
Philippines,44806.0,2021-12-01,48609.0,,47569.0,,,1040.0,3.0
Philippines,44806.0,2022-01-01,52528.0,,49597.0,,,2931.0,1891.0
Philippines,44806.0,2022-02-01,53942.0,,50430.0,,,3512.0,581.0
Philippines,44806.0,2022-03-01,52483.0,,48581.0,,,3902.0,390.0
Philippines,44806.0,2022-04-01,50924.0,,48170.0,,,2754.0,-1148.0
Philippines,44806.0,2022-05-01,50561.0,,48110.0,,,2451.0,-303.0
Philippines,44806.0,2022-06-01,49653.0,,48927.0,,,726.0,-1725.0
Philippines,44806.0,2022-07-01,51234.0,,50449.0,,,785.0,59.0
Philippines,44806.0,2022-08-01,50889.0,,50172.0,,,717.0,-68.0
Philippines,44806.0,2022-09-01,51246.0,,49890.0,,,1356.0,639.0
Philippines,44806.0,2022-10-01,46985.0,,45687.0,,,1298.0,-58.0
Philippines,44806.0,2022-11-01,47855.0,,46478.0,,,1377.0,79.0
Philippines,44806.0,2022-12-01,48227.0,,46895.0,,,1332.0,-45.0
Philippines,44806.0,2023-01-01,48752.0,,46462.0,,,2290.0,958.0
Philippines,44806.0,2023-02-01,50959.0,3150.0,46624.0,1105.0,-111.0,4335.0,2045.0
Philippines,44806.0,2023-03-01,51495.0,-188.0,47131.0,-217.0,1117.0,4364.0,29.0
Philippines,44806.0,2023-04-01,49951.0,-1067.0,46812.0,158.0,363.0,3139.0,-1225.0
Philippines,44806.0,2023-05-01,49285.0,345.0,46911.0,1110.0,-37.0,2374.0,-765.0
Philippines,44806.0,2023-06-01,49712.0,68.0,47571.0,301.0,97.0,2141.0,-233.0
Philippines,44806.0,2023-07-01,49613.0,42.0,48195.0,765.0,313.0,1418.0,-723.0
Philippines,44806.0,2023-08-01,48645.0,-484.0,47793.0,82.0,153.0,852.0,-566.0
Philippines,44806.0,2023-09-01,48444.0,677.0,47411.0,496.0,102.0,1033.0,181.0
Philippines,44806.0,2023-10-01,50591.0,1925.0,49494.0,1861.0,-65.0,1097.0,64.0
Philippines,44806.0,2023-11-01,54550.0,4091.0,53400.0,4038.0,544.0,1150.0,53.0
Philippines,44806.0,2023-12-01,57672.0,636.0,56095.0,209.0,1106.0,1577.0,427.0
Philippines,44806.0,2024-01-01,57519.0,265.0,55961.0,284.0,-162.0,1558.0,-19.0
Philippines,44806.0,2024-02-01,57922.0,1092.0,56430.0,1158.0,-1545.0,1492.0,-66.0
Philippines,44806.0,2024-03-01,60056.0,2486.0,58400.0,2322.0,174.0,1656.0,164.0
Philippines,44806.0,2024-04-01,57689.0,-2148.0,55463.0,-2718.0,-431.0,2226.0,570.0
Philippines,44806.0,2024-05-01,58752.0,1158.0,56521.0,1153.0,244.0,2231.0,5.0
Philippines,44806.0,2024-06-01,59970.0,1331.0,57743.0,1335.0,138.0,2227.0,-4.0
Philippines,44806.0,2024-07-01,62134.0,1663.0,59803.0,1559.0,730.0,2331.0,104.0
Philippines,44806.0,2024-08-01,63135.0,833.0,61160.0,1189.0,136.0,1975.0,-356.0
Philippines,44806.0,2024-09-01,64659.0,1572.0,62784.0,1672.0,425.0,1875.0,-100.0
Philippines,44806.0,2024-10-01,63992.0,247.0,62204.0,334.0,-776.0,1788.0,-87.0
Philippines,44806.0,2024-11-01,64415.0,580.0,62791.0,744.0,275.0,1624.0,-164.0
Philippines,44806.0,2024-12-01,62840.0,-834.0,60226.0,-1824.0,-358.0,2614.0,990.0
Philippines,44806.0,2025-01-01,57210.0,-5338.0,54860.0,-5074.0,248.0,2350.0,-264.0
Philippines,44806.0,2025-02-01,58044.0,911.0,56097.0,1314.0,588.0,1947.0,-403.0
Philippines,44806.0,2025-03-01,59255.0,855.0,57182.0,729.0,590.0,2073.0,126.0
Philippines,44806.0,2025-04-01,58509.0,97.0,56284.0,-55.0,492.0,2225.0,152.0
Philippines,44806.0,2025-05-01,57699.0,-311.0,56046.0,261.0,-495.0,1653.0,-572.0
Philippines,44806.0,2025-06-01,57023.0,-451.0,54740.0,-1081.0,260.0,2283.0,630.0
Philippines,44806.0,2025-07-01,56919.0,834.0,55308.0,1506.0,-384.0,1611.0,-672.0
Philippines,44806.0,2025-08-01,59877.0,2836.0,57807.0,2377.0,404.0,2070.0,459.0
Philippines,44806.0,2025-09-01,60283.0,227.0,58190.0,204.0,181.0,2093.0,23.0
Philippines,44806.0,2025-10-01,62074.0,1583.0,60054.0,1656.0,-54.0,2020.0,-73.0
Philippines,44806.0,2025-11-01,62169.0,-199.0,60424.0,76.0,279.0,1745.0,-275.0
Philippines,44806.0,2025-12-01,62048.0,276.0,59892.0,-135.0,-275.0,2156.0,411.0
Philippines,44806.0,2026-01-01,61692.0,12.0,59942.0,418.0,-182.0,1750.0,-406.0
Philippines,44806.0,2026-02-01,57942.0,-4049.0,55880.0,-4361.0,579.0,2062.0,312.0
Philippines,44806.0,2026-03-01,56073.0,-624.0,53306.0,-1329.0,-638.0,2767.0,705.0
Philippines,44806.0,2026-04-01,56164.0,518.0,53811.0,932.0,-96.0,2353.0,-414.0
Philippines,44806.0,2026-05-01,56166.0,754.0,53676.0,617.0,24.0,2490.0,137.0
Poland,15768.0,2020-01-01,,,32583.0,,,,
Poland,15768.0,2020-02-01,,,30853.0,,,,
Poland,15768.0,2020-03-01,,,31642.0,,,,
Poland,15768.0,2020-04-01,,,28463.0,,,,
Poland,15768.0,2020-05-01,,,32969.0,,,,
Poland,15768.0,2020-06-01,,,29857.0,,,,
Poland,15768.0,2020-07-01,,,30706.0,,,,
Poland,15768.0,2020-08-01,,,25587.0,,,,
Poland,15768.0,2020-09-01,,,29882.0,,,,
Poland,15768.0,2020-10-01,,,30529.0,,,,
Poland,15768.0,2020-11-01,,,29663.0,,,,
Poland,15768.0,2020-12-01,,,31635.0,,,,
Poland,15768.0,2021-01-01,,,41785.0,,,,
Poland,15768.0,2021-02-01,,,39669.0,,,,
Poland,15768.0,2021-03-01,,,41883.0,,,,
Poland,15768.0,2021-04-01,,,40037.0,,,,
Poland,15768.0,2021-05-01,,,44721.0,,,,
Poland,15768.0,2021-06-01,,,42438.0,,,,
Poland,15768.0,2021-07-01,,,41091.0,,,,
Poland,15768.0,2021-08-01,,,46081.0,,,,
Poland,15768.0,2021-09-01,,,46067.0,,,,
Poland,15768.0,2021-10-01,,,45504.0,,,,
Poland,15768.0,2021-11-01,,,50148.0,,,,
Poland,15768.0,2021-12-01,,,36540.0,,,,
Poland,15768.0,2022-01-01,,,37010.0,,,,
Poland,15768.0,2022-02-01,,,36926.0,,,,
Poland,15768.0,2022-03-01,,,36690.0,,,,
Poland,15768.0,2022-04-01,,,33228.0,,,,
Poland,15768.0,2022-05-01,,,34151.0,,,,
Poland,15768.0,2022-06-01,,,34086.0,,,,
Poland,15768.0,2022-07-01,,,35070.0,,,,
Poland,15768.0,2022-08-01,,,33902.0,,,,
Poland,15768.0,2022-09-01,,,31244.0,,,,
Poland,15768.0,2022-10-01,,,31373.0,,,,
Poland,15768.0,2022-11-01,,,33785.0,,,,
Poland,15768.0,2022-12-01,,,35309.0,,,,
Poland,15768.0,2023-01-01,,,36689.0,,,,
Poland,15768.0,2023-02-01,,,37142.0,1123.0,-761.0,,
Poland,15768.0,2023-03-01,,,37767.0,-207.0,884.0,,
Poland,15768.0,2023-04-01,,,39874.0,1957.0,99.0,,
Poland,15768.0,2023-05-01,,,41130.0,1620.0,-377.0,,
Poland,15768.0,2023-06-01,,,42529.0,1825.0,-428.0,,
Poland,15768.0,2023-07-01,,,42374.0,-60.0,-64.0,,
Poland,15768.0,2023-08-01,,,43564.0,1231.0,95.0,,
Poland,15768.0,2023-09-01,,,43168.0,41.0,-831.0,,
Poland,15768.0,2023-10-01,,,39862.0,-3085.0,46.0,,
Poland,15768.0,2023-11-01,,,41104.0,508.0,966.0,,
Poland,15768.0,2023-12-01,,,41040.0,-872.0,725.0,,
Poland,15768.0,2024-01-01,,,40545.0,-527.0,-89.0,,
Poland,15768.0,2024-02-01,,,40081.0,221.0,-536.0,,
Poland,15768.0,2024-03-01,,,39734.0,-147.0,177.0,,
Poland,15768.0,2024-04-01,,,37983.0,-1125.0,-696.0,,
Poland,15768.0,2024-05-01,,,38964.0,582.0,388.0,,
Poland,15768.0,2024-06-01,,,42056.0,2870.0,269.0,,
Poland,15768.0,2024-07-01,,,43130.0,-191.0,770.0,,
Poland,15768.0,2024-08-01,,,43314.0,-182.0,323.0,,
Poland,15768.0,2024-09-01,,,44175.0,503.0,412.0,,
Poland,15768.0,2024-10-01,,,43367.0,-159.0,-999.0,,
Poland,15768.0,2024-11-01,,,45670.0,1766.0,214.0,,
Poland,15768.0,2024-12-01,,,45143.0,-30.0,-613.0,,
Poland,15768.0,2025-01-01,,,46350.0,878.0,166.0,,
Poland,15768.0,2025-02-01,,,46360.0,-676.0,733.0,,
Poland,15768.0,2025-03-01,,,48739.0,2265.0,55.0,,
Poland,15768.0,2025-04-01,,,54176.0,5152.0,351.0,,
Poland,15768.0,2025-05-01,,,55303.0,1611.0,-474.0,,
Poland,15768.0,2025-06-01,,,57655.0,1902.0,620.0,,
Poland,15768.0,2025-07-01,,,58661.0,1213.0,-282.0,,
Poland,15768.0,2025-08-01,,,53522.0,-5752.0,543.0,,
Poland,15768.0,2025-09-01,,,54159.0,589.0,94.0,,
Poland,15768.0,2025-10-01,,,55119.0,830.0,78.0,,
Poland,15768.0,2025-11-01,,,52799.0,-2655.0,177.0,,
Poland,15768.0,2025-12-01,,,52770.0,130.0,-173.0,,
Poland,15768.0,2026-01-01,,,57851.0,5100.0,-190.0,,
Poland,15768.0,2026-02-01,,,58957.0,453.0,741.0,,
Poland,15768.0,2026-03-01,,,56933.0,-1279.0,-985.0,,
Poland,15768.0,2026-04-01,,,56221.0,-501.0,-45.0,,
Poland,15768.0,2026-05-01,,,56047.0,-147.0,95.0,,
Portugal,12319.0,2020-01-01,5661.0,,5408.0,,,253.0,13.0
Portugal,12319.0,2020-02-01,5683.0,,5350.0,,,333.0,80.0
Portugal,12319.0,2020-03-01,5043.0,,4880.0,,,163.0,-169.0
Portugal,12319.0,2020-04-01,4986.0,,4680.0,,,306.0,143.0
Portugal,12319.0,2020-05-01,5343.0,,4766.0,,,577.0,271.0
Portugal,12319.0,2020-06-01,5077.0,,4477.0,,,600.0,23.0
Portugal,12319.0,2020-07-01,5133.0,,4595.0,,,538.0,-62.0
Portugal,12319.0,2020-08-01,5286.0,,4815.0,,,471.0,-67.0
Portugal,12319.0,2020-09-01,5362.0,,5018.0,,,344.0,-127.0
Portugal,12319.0,2020-10-01,5095.0,,4571.0,,,524.0,180.0
Portugal,12319.0,2020-11-01,5108.0,,4580.0,,,527.0,3.0
Portugal,12319.0,2020-12-01,5209.0,,4777.0,,,432.0,-95.0
Portugal,12319.0,2021-01-01,5106.0,,4564.0,,,542.0,110.0
Portugal,12319.0,2021-02-01,5058.0,,4584.0,,,474.0,-67.0
Portugal,12319.0,2021-03-01,4853.0,,4419.0,,,435.0,-40.0
Portugal,12319.0,2021-04-01,4674.0,,4276.0,,,398.0,-37.0
Portugal,12319.0,2021-05-01,4892.0,,4490.0,,,402.0,4.0
Portugal,12319.0,2021-06-01,5750.0,,5257.0,,,493.0,91.0
Portugal,12319.0,2021-07-01,5308.0,,4971.0,,,337.0,-156.0
Portugal,12319.0,2021-08-01,5132.0,,4791.0,,,341.0,3.0
Portugal,12319.0,2021-09-01,5167.0,,4855.0,,,312.0,-29.0
Portugal,12319.0,2021-10-01,5212.0,,4899.0,,,314.0,2.0
Portugal,12319.0,2021-11-01,5550.0,,5202.0,,,347.0,34.0
Portugal,12319.0,2021-12-01,5349.0,,4897.0,,,452.0,104.0
Portugal,12319.0,2022-01-01,5393.0,,4770.0,,,623.0,172.0
Portugal,12319.0,2022-02-01,5605.0,,5218.0,,,387.0,-237.0
Portugal,12319.0,2022-03-01,5307.0,,5114.0,,,193.0,-194.0
Portugal,12319.0,2022-04-01,5241.0,,5096.0,,,145.0,-48.0
Portugal,12319.0,2022-05-01,5255.0,,4911.0,,,344.0,199.0
Portugal,12319.0,2022-06-01,5198.0,,4607.0,,,591.0,247.0
Portugal,12319.0,2022-07-01,5184.0,,4693.0,,,491.0,-100.0
Portugal,12319.0,2022-08-01,4696.0,,4244.0,,,452.0,-39.0
Portugal,12319.0,2022-09-01,4630.0,,4313.0,,,317.0,-134.0
Portugal,12319.0,2022-10-01,4996.0,,4733.0,,,263.0,-54.0
Portugal,12319.0,2022-11-01,5151.0,,4917.0,,,235.0,-28.0
Portugal,12319.0,2022-12-01,5623.0,,5499.0,,,124.0,-111.0
Portugal,12319.0,2023-01-01,5599.0,,5405.0,,,194.0,69.0
Portugal,12319.0,2023-02-01,5699.0,203.0,5452.0,149.0,-78.0,247.0,53.0
Portugal,12319.0,2023-03-01,5680.0,-138.0,5393.0,-179.0,97.0,288.0,41.0
Portugal,12319.0,2023-04-01,5059.0,-653.0,4749.0,-675.0,27.0,310.0,22.0
Portugal,12319.0,2023-05-01,5227.0,230.0,4799.0,112.0,-67.0,428.0,118.0
Portugal,12319.0,2023-06-01,5858.0,670.0,5445.0,684.0,98.0,413.0,-15.0
Portugal,12319.0,2023-07-01,5216.0,161.0,4793.0,151.0,-20.0,423.0,10.0
Portugal,12319.0,2023-08-01,5185.0,24.0,4784.0,46.0,-33.0,401.0,-22.0
Portugal,12319.0,2023-09-01,5268.0,168.0,4846.0,147.0,-86.0,422.0,21.0
Portugal,12319.0,2023-10-01,5096.0,-116.0,4649.0,-141.0,-61.0,447.0,25.0
Portugal,12319.0,2023-11-01,5197.0,-25.0,4793.0,19.0,131.0,403.0,-44.0
Portugal,12319.0,2023-12-01,5506.0,165.0,5005.0,68.0,175.0,501.0,97.0
Portugal,12319.0,2024-01-01,5589.0,106.0,5114.0,132.0,-32.0,474.0,-27.0
Portugal,12319.0,2024-02-01,5595.0,80.0,4979.0,-61.0,-70.0,615.0,141.0
Portugal,12319.0,2024-03-01,5584.0,-49.0,5041.0,23.0,46.0,543.0,-72.0
Portugal,12319.0,2024-04-01,5947.0,524.0,5465.0,585.0,-338.0,482.0,-61.0
Portugal,12319.0,2024-05-01,5939.0,-58.0,5498.0,-16.0,60.0,441.0,-42.0
Portugal,12319.0,2024-06-01,6088.0,93.0,5663.0,109.0,58.0,425.0,-16.0
Portugal,12319.0,2024-07-01,6123.0,-46.0,5683.0,-61.0,84.0,440.0,15.0
Portugal,12319.0,2024-08-01,6103.0,-100.0,5651.0,-112.0,78.0,452.0,12.0
Portugal,12319.0,2024-09-01,6403.0,255.0,5747.0,51.0,39.0,656.0,204.0
Portugal,12319.0,2024-10-01,6328.0,73.0,5667.0,68.0,-140.0,661.0,5.0
Portugal,12319.0,2024-11-01,5991.0,-366.0,5384.0,-311.0,28.0,606.0,-55.0
Portugal,12319.0,2024-12-01,5886.0,-10.0,5465.0,176.0,-93.0,421.0,-186.0
Portugal,12319.0,2025-01-01,1849.0,-21.0,1413.0,-37.0,-3180.0,436.0,15.0
Portugal,12319.0,2025-02-01,1886.0,31.0,1471.0,52.0,1.0,415.0,-21.0
Portugal,12319.0,2025-03-01,1959.0,60.0,1432.0,-52.0,-34.0,527.0,112.0
Portugal,12319.0,2025-04-01,2055.0,87.0,1524.0,83.0,-8.0,532.0,5.0
Portugal,12319.0,2025-05-01,2067.0,42.0,1578.0,84.0,46.0,489.0,-42.0
Portugal,12319.0,2025-06-01,1912.0,-153.0,1404.0,-172.0,-22.0,508.0,19.0
Portugal,12319.0,2025-07-01,2112.0,207.0,1538.0,141.0,165.0,574.0,66.0
Portugal,12319.0,2025-08-01,2056.0,-64.0,1566.0,21.0,-32.0,490.0,-84.0
Portugal,12319.0,2025-09-01,1980.0,-69.0,1562.0,2.0,-6.0,418.0,-72.0
Portugal,12319.0,2025-10-01,1949.0,-2.0,1563.0,30.0,-96.0,386.0,-33.0
Portugal,12319.0,2025-11-01,2056.0,106.0,1587.0,22.0,4.0,469.0,84.0
Portugal,12319.0,2025-12-01,1683.0,-359.0,1300.0,-273.0,-10.0,383.0,-86.0
Portugal,12319.0,2026-01-01,1655.0,34.0,1291.0,53.0,-56.0,364.0,-19.0
Portugal,12319.0,2026-02-01,1814.0,157.0,1376.0,84.0,8.0,438.0,74.0
Portugal,12319.0,2026-03-01,1939.0,116.0,1410.0,25.0,-23.0,529.0,91.0
Portugal,12319.0,2026-04-01,1997.0,61.0,1508.0,101.0,-2.0,489.0,-40.0
Portugal,12319.0,2026-05-01,2007.0,22.0,1519.0,23.0,-5.0,488.0,-1.0
Romania,15806.0,2020-01-01,,,5788.0,,,,
Romania,15806.0,2020-02-01,,,5850.0,,,,
Romania,15806.0,2020-03-01,,,5277.0,,,,
Romania,15806.0,2020-04-01,,,4970.0,,,,
Romania,15806.0,2020-05-01,,,4974.0,,,,
Romania,15806.0,2020-06-01,,,4895.0,,,,
Romania,15806.0,2020-07-01,,,4998.0,,,,
Romania,15806.0,2020-08-01,,,5189.0,,,,
Romania,15806.0,2020-09-01,,,4965.0,,,,
Romania,15806.0,2020-10-01,,,5363.0,,,,
Romania,15806.0,2020-11-01,,,5681.0,,,,
Romania,15806.0,2020-12-01,,,4979.0,,,,
Romania,15806.0,2021-01-01,,,5750.0,,,,
Romania,15806.0,2021-02-01,,,5893.0,,,,
Romania,15806.0,2021-03-01,,,5169.0,,,,
Romania,15806.0,2021-04-01,,,5022.0,,,,
Romania,15806.0,2021-05-01,,,4445.0,,,,
Romania,15806.0,2021-06-01,,,5051.0,,,,
Romania,15806.0,2021-07-01,,,4626.0,,,,
Romania,15806.0,2021-08-01,,,4565.0,,,,
Romania,15806.0,2021-09-01,,,4996.0,,,,
Romania,15806.0,2021-10-01,,,5279.0,,,,
Romania,15806.0,2021-11-01,,,5229.0,,,,
Romania,15806.0,2021-12-01,,,5415.0,,,,
Romania,15806.0,2022-01-01,,,5932.0,,,,
Romania,15806.0,2022-02-01,,,6308.0,,,,
Romania,15806.0,2022-03-01,,,6197.0,,,,
Romania,15806.0,2022-04-01,,,6329.0,,,,
Romania,15806.0,2022-05-01,,,6998.0,,,,
Romania,15806.0,2022-06-01,,,7175.0,,,,
Romania,15806.0,2022-07-01,,,7359.0,,,,
Romania,15806.0,2022-08-01,,,7112.0,,,,
Romania,15806.0,2022-09-01,,,6789.0,,,,
Romania,15806.0,2022-10-01,,,6652.0,,,,
Romania,15806.0,2022-11-01,,,6497.0,,,,
Romania,15806.0,2022-12-01,,,6514.0,,,,
Romania,15806.0,2023-01-01,,,7077.0,,,,
Romania,15806.0,2023-02-01,,,7960.0,910.0,-28.0,,
Romania,15806.0,2023-03-01,,,7796.0,-240.0,75.0,,
Romania,15806.0,2023-04-01,,,7701.0,-108.0,13.0,,
Romania,15806.0,2023-05-01,,,7699.0,8.0,-9.0,,
Romania,15806.0,2023-06-01,,,7841.0,144.0,-2.0,,
Romania,15806.0,2023-07-01,,,7862.0,-1.0,22.0,,
Romania,15806.0,2023-08-01,,,7531.0,-351.0,20.0,,
Romania,15806.0,2023-09-01,,,7599.0,61.0,5.0,,
Romania,15806.0,2023-10-01,,,6879.0,-735.0,17.0,,
Romania,15806.0,2023-11-01,,,6190.0,-732.0,42.0,,
Romania,15806.0,2023-12-01,,,5630.0,-600.0,38.0,,
Romania,15806.0,2024-01-01,,,4955.0,-686.0,12.0,,
Romania,15806.0,2024-02-01,,,6198.0,1261.0,-18.0,,
Romania,15806.0,2024-03-01,,,6755.0,548.0,9.0,,
Romania,15806.0,2024-04-01,,,7282.0,551.0,-23.0,,
Romania,15806.0,2024-05-01,,,7571.0,260.0,31.0,,
Romania,15806.0,2024-06-01,,,7649.0,55.0,23.0,,
Romania,15806.0,2024-07-01,,,7992.0,292.0,51.0,,
Romania,15806.0,2024-08-01,,,7848.0,-192.0,47.0,,
Romania,15806.0,2024-09-01,,,8804.0,925.0,31.0,,
Romania,15806.0,2024-10-01,,,10822.0,2073.0,-54.0,,
Romania,15806.0,2024-11-01,,,11345.0,508.0,15.0,,
Romania,15806.0,2024-12-01,,,11252.0,-98.0,6.0,,
Romania,15806.0,2025-01-01,,,10942.0,-332.0,22.0,,
Romania,15806.0,2025-02-01,,,11836.0,849.0,43.0,,
Romania,15806.0,2025-03-01,,,11375.0,-484.0,24.0,,
Romania,15806.0,2025-04-01,,,10743.0,-678.0,46.0,,
Romania,15806.0,2025-05-01,,,10635.0,-80.0,-28.0,,
Romania,15806.0,2025-06-01,,,10066.0,-601.0,32.0,,
Romania,15806.0,2025-07-01,,,10844.0,799.0,-21.0,,
Romania,15806.0,2025-08-01,,,11081.0,182.0,55.0,,
Romania,15806.0,2025-09-01,,,10505.0,-599.0,23.0,,
Romania,15806.0,2025-10-01,,,10826.0,310.0,11.0,,
Romania,15806.0,2025-11-01,,,11135.0,288.0,21.0,,
Romania,15806.0,2025-12-01,,,10551.0,-597.0,18.0,,
Romania,15806.0,2026-01-01,,,11443.0,897.0,-5.0,,
Romania,15806.0,2026-02-01,,,11046.0,-436.0,40.0,,
Romania,15806.0,2026-03-01,,,11454.0,465.0,-56.0,,
Romania,15806.0,2026-04-01,,,11219.0,-236.0,1.0,,
Romania,15806.0,2026-05-01,,,11657.0,446.0,-10.0,,
Russia,16101.0,2020-01-01,10510.0,,3808.0,,,6702.0,998.0
Russia,16101.0,2020-02-01,12586.0,,4309.0,,,8277.0,1575.0
Russia,16101.0,2020-03-01,3854.0,,3381.0,,,473.0,-7804.0
Russia,16101.0,2020-04-01,6853.0,,4014.0,,,2839.0,2366.0
Russia,16101.0,2020-05-01,5394.0,,3759.0,,,1635.0,-1204.0
Russia,16101.0,2020-06-01,5871.0,,2870.0,,,3001.0,1366.0
Russia,16101.0,2020-07-01,5879.0,,3178.0,,,2701.0,-300.0
Russia,16101.0,2020-08-01,5858.0,,2657.0,,,3201.0,500.0
Russia,16101.0,2020-09-01,5963.0,,3413.0,,,2550.0,-651.0
Russia,16101.0,2020-10-01,6155.0,,2631.0,,,3524.0,974.0
Russia,16101.0,2020-11-01,4968.0,,1568.0,,,3400.0,-124.0
Russia,16101.0,2020-12-01,6011.0,,1210.0,,,4801.0,1401.0
Russia,16101.0,2021-01-01,6145.0,,2744.0,,,3401.0,-1400.0
Russia,16101.0,2021-02-01,5756.0,,306.0,,,5450.0,2049.0
Russia,16101.0,2021-03-01,3976.0,,1088.0,,,2888.0,-2562.0
Russia,16101.0,2021-04-01,3957.0,,306.0,,,3651.0,763.0
Russia,16101.0,2021-05-01,3805.0,,305.0,,,3500.0,-151.0
Russia,16101.0,2021-06-01,4006.0,,305.0,,,3701.0,201.0
Russia,16101.0,2021-07-01,4006.0,,305.0,,,3701.0,0.0
Russia,16101.0,2021-08-01,4004.0,,203.0,,,3801.0,100.0
Russia,16101.0,2021-09-01,3918.0,,204.0,,,3714.0,-87.0
Russia,16101.0,2021-10-01,3720.0,,554.0,,,3166.0,-548.0
Russia,16101.0,2021-11-01,2409.0,,101.0,,,2308.0,-858.0
Russia,16101.0,2021-12-01,3910.0,,102.0,,,3808.0,1500.0
Russia,16101.0,2022-01-01,4503.0,,2.0,,,4501.0,693.0
Russia,16101.0,2022-02-01,3753.0,,2.0,,,3751.0,-750.0
Russia,16101.0,2022-03-01,2003.0,,2.0,,,2001.0,-1750.0
Russia,16101.0,2022-04-01,2003.0,,2.0,,,2001.0,0.0
Russia,16101.0,2022-05-01,2004.0,,3.0,,,2001.0,0.0
Russia,16101.0,2022-06-01,2005.0,,4.0,,,2001.0,0.0
Russia,16101.0,2022-07-01,2007.0,,5.0,,,2002.0,1.0
Russia,16101.0,2022-08-01,2010.0,,8.0,,,2002.0,0.0
Russia,16101.0,2022-09-01,2015.0,,9.0,,,2006.0,4.0
Russia,16101.0,2022-10-01,2034.0,,25.0,,,2009.0,3.0
Russia,16101.0,2022-11-01,2092.0,,80.0,,,2012.0,3.0
Russia,16101.0,2022-12-01,629.0,,104.0,,,525.0,-1487.0
Russia,16101.0,2023-01-01,67.0,,54.0,,,13.0,-512.0
Russia,16101.0,2023-02-01,75.0,4.0,62.0,4.0,4.0,13.0,0.0
Russia,16101.0,2023-03-01,77.0,4.0,68.0,8.0,-1.0,9.0,-4.0
Russia,16101.0,2023-04-01,35.0,4.0,27.0,5.0,1.0,8.0,-1.0
Russia,16101.0,2023-05-01,36.0,0.0,28.0,0.0,0.0,8.0,0.0
Russia,16101.0,2023-06-01,33.0,0.0,27.0,2.0,-2.0,6.0,-2.0
Russia,16101.0,2023-07-01,29.0,0.0,24.0,1.0,0.0,5.0,-1.0
Russia,16101.0,2023-08-01,31.0,3.0,26.0,3.0,0.0,5.0,0.0
Russia,16101.0,2023-09-01,73.0,10.0,61.0,3.0,0.0,12.0,7.0
Russia,16101.0,2023-10-01,31.0,-8.0,28.0,1.0,0.0,3.0,-9.0
Russia,16101.0,2023-11-01,28.0,2.0,25.0,2.0,0.0,3.0,0.0
Russia,16101.0,2023-12-01,216.0,3.0,213.0,3.0,0.0,3.0,0.0
Russia,16101.0,2024-01-01,210.0,0.0,209.0,2.0,-2.0,1.0,-2.0
Russia,16101.0,2024-02-01,212.0,3.0,211.0,3.0,0.0,1.0,0.0
Russia,16101.0,2024-03-01,213.0,1.0,212.0,1.0,0.0,1.0,0.0
Russia,16101.0,2024-04-01,221.0,2.0,220.0,2.0,0.0,1.0,0.0
Russia,16101.0,2024-05-01,221.0,3.0,218.0,1.0,-2.0,3.0,2.0
Russia,16101.0,2024-06-01,220.0,0.0,218.0,1.0,1.0,2.0,-1.0
Russia,16101.0,2024-07-01,202.0,-20.0,200.0,-20.0,2.0,2.0,0.0
Russia,16101.0,2024-08-01,161.0,2.0,158.0,1.0,0.0,3.0,1.0
Russia,16101.0,2024-09-01,170.0,2.0,167.0,2.0,10.0,3.0,0.0
Russia,16101.0,2024-10-01,28.0,2.0,24.0,1.0,-2.0,4.0,1.0
Russia,16101.0,2024-11-01,35.0,2.0,31.0,2.0,0.0,4.0,0.0
Russia,16101.0,2024-12-01,42.0,9.0,33.0,4.0,0.0,9.0,5.0
Russia,16101.0,2025-01-01,38.0,2.0,32.0,5.0,0.0,6.0,-3.0
Russia,16101.0,2025-02-01,36.0,0.0,30.0,0.0,0.0,6.0,0.0
Russia,16101.0,2025-03-01,35.0,-2.0,32.0,1.0,0.0,3.0,-3.0
Russia,16101.0,2025-04-01,31.0,3.0,27.0,2.0,0.0,4.0,1.0
Russia,16101.0,2025-05-01,42.0,10.0,32.0,4.0,0.0,10.0,6.0
Russia,16101.0,2025-06-01,39.0,6.0,23.0,0.0,0.0,16.0,6.0
Russia,16101.0,2025-07-01,38.0,0.0,22.0,0.0,0.0,16.0,0.0
Russia,16101.0,2025-08-01,39.0,2.0,22.0,1.0,0.0,17.0,1.0
Russia,16101.0,2025-09-01,31.0,-6.0,22.0,2.0,0.0,9.0,-8.0
Russia,16101.0,2025-10-01,30.0,1.0,23.0,3.0,0.0,7.0,-2.0
Russia,16101.0,2025-11-01,29.0,1.0,22.0,1.0,0.0,7.0,0.0
Russia,16101.0,2025-12-01,29.0,3.0,21.0,2.0,0.0,8.0,1.0
Russia,16101.0,2026-01-01,29.0,0.0,22.0,1.0,0.0,7.0,-1.0
Russia,16101.0,2026-02-01,26.0,-1.0,23.0,3.0,0.0,3.0,-4.0
Russia,16101.0,2026-03-01,25.0,3.0,22.0,3.0,-1.0,3.0,0.0
Russia,16101.0,2026-04-01,26.0,3.0,24.0,4.0,0.0,2.0,-1.0
Russia,16101.0,2026-05-01,29.0,2.0,26.0,1.0,-1.0,3.0,1.0
Saint Kitts and Nevis,37303.0,2020-01-01,,,294.0,,,,
Saint Kitts and Nevis,37303.0,2020-02-01,,,290.0,,,,
Saint Kitts and Nevis,37303.0,2020-03-01,,,282.0,,,,
Saint Kitts and Nevis,37303.0,2020-04-01,,,285.0,,,,
Saint Kitts and Nevis,37303.0,2020-05-01,,,263.0,,,,
Saint Kitts and Nevis,37303.0,2020-06-01,,,259.0,,,,
Saint Kitts and Nevis,37303.0,2020-07-01,,,235.0,,,,
Saint Kitts and Nevis,37303.0,2020-08-01,,,250.0,,,,
Saint Kitts and Nevis,37303.0,2020-09-01,,,253.0,,,,
Saint Kitts and Nevis,37303.0,2020-10-01,,,255.0,,,,
Saint Kitts and Nevis,37303.0,2020-11-01,,,240.0,,,,
Saint Kitts and Nevis,37303.0,2020-12-01,,,237.0,,,,
Saint Kitts and Nevis,37303.0,2021-01-01,,,241.0,,,,
Saint Kitts and Nevis,37303.0,2021-02-01,,,234.0,,,,
Saint Kitts and Nevis,37303.0,2021-03-01,,,236.0,,,,
Saint Kitts and Nevis,37303.0,2021-04-01,,,226.0,,,,
Saint Kitts and Nevis,37303.0,2021-05-01,,,225.0,,,,
Saint Kitts and Nevis,37303.0,2021-06-01,,,226.0,,,,
Saint Kitts and Nevis,37303.0,2021-07-01,,,92.0,,,,
Saint Kitts and Nevis,37303.0,2021-08-01,,,71.0,,,,
Saint Kitts and Nevis,37303.0,2021-09-01,,,63.0,,,,
Saint Kitts and Nevis,37303.0,2021-10-01,,,73.0,,,,
Saint Kitts and Nevis,37303.0,2021-11-01,,,207.0,,,,
Saint Kitts and Nevis,37303.0,2021-12-01,,,203.0,,,,
Saint Kitts and Nevis,37303.0,2022-01-01,,,197.0,,,,
Saint Kitts and Nevis,37303.0,2022-02-01,,,191.0,,,,
Saint Kitts and Nevis,37303.0,2022-03-01,,,206.0,,,,
Saint Kitts and Nevis,37303.0,2022-04-01,,,213.0,,,,
Saint Kitts and Nevis,37303.0,2022-05-01,,,228.0,,,,
Saint Kitts and Nevis,37303.0,2022-06-01,,,253.0,,,,
Saint Kitts and Nevis,37303.0,2022-07-01,,,286.0,,,,
Saint Kitts and Nevis,37303.0,2022-08-01,,,343.0,,,,
Saint Kitts and Nevis,37303.0,2022-09-01,,,394.0,,,,
Saint Kitts and Nevis,37303.0,2022-10-01,,,439.0,,,,
Saint Kitts and Nevis,37303.0,2022-11-01,,,502.0,,,,
Saint Kitts and Nevis,37303.0,2022-12-01,,,536.0,,,,
Saint Kitts and Nevis,37303.0,2023-01-01,,,545.0,,,,
Saint Kitts and Nevis,37303.0,2023-02-01,,,559.0,18.0,-5.0,,
Saint Kitts and Nevis,37303.0,2023-03-01,,,620.0,44.0,12.0,,
Saint Kitts and Nevis,37303.0,2023-04-01,,,652.0,13.0,3.0,,
Saint Kitts and Nevis,37303.0,2023-05-01,,,660.0,10.0,5.0,,
Saint Kitts and Nevis,37303.0,2023-06-01,,,691.0,11.0,-1.0,,
Saint Kitts and Nevis,37303.0,2023-07-01,,,701.0,15.0,-1.0,,
Saint Kitts and Nevis,37303.0,2023-08-01,,,750.0,51.0,-1.0,,
Saint Kitts and Nevis,37303.0,2023-09-01,,,795.0,43.0,0.0,,
Saint Kitts and Nevis,37303.0,2023-10-01,,,801.0,24.0,4.0,,
Saint Kitts and Nevis,37303.0,2023-11-01,,,842.0,38.0,19.0,,
Saint Kitts and Nevis,37303.0,2023-12-01,,,1039.0,111.0,25.0,,
Saint Kitts and Nevis,37303.0,2024-01-01,,,1014.0,2.0,0.0,,
Saint Kitts and Nevis,37303.0,2024-02-01,,,1034.0,26.0,6.0,,
Saint Kitts and Nevis,37303.0,2024-03-01,,,1077.0,55.0,-6.0,,
Saint Kitts and Nevis,37303.0,2024-04-01,,,1070.0,25.0,-6.0,,
Saint Kitts and Nevis,37303.0,2024-05-01,,,1087.0,12.0,26.0,,
Saint Kitts and Nevis,37303.0,2024-06-01,,,1214.0,60.0,21.0,,
Saint Kitts and Nevis,37303.0,2024-07-01,,,1236.0,39.0,16.0,,
Saint Kitts and Nevis,37303.0,2024-08-01,,,1257.0,13.0,19.0,,
Saint Kitts and Nevis,37303.0,2024-09-01,,,1198.0,-41.0,7.0,,
Saint Kitts and Nevis,37303.0,2024-10-01,,,1199.0,48.0,-13.0,,
Saint Kitts and Nevis,37303.0,2024-11-01,,,1225.0,22.0,1.0,,
Saint Kitts and Nevis,37303.0,2024-12-01,,,1194.0,44.0,-35.0,,
Saint Kitts and Nevis,37303.0,2025-01-01,,,1186.0,-0.0,-1.0,,
Saint Kitts and Nevis,37303.0,2025-02-01,,,1219.0,18.0,25.0,,
Saint Kitts and Nevis,37303.0,2025-03-01,,,1225.0,22.0,5.0,,
Saint Kitts and Nevis,37303.0,2025-04-01,,,1220.0,2.0,4.0,,
Saint Kitts and Nevis,37303.0,2025-05-01,,,1255.0,53.0,-17.0,,
Saint Kitts and Nevis,37303.0,2025-06-01,,,1234.0,34.0,-22.0,,
Saint Kitts and Nevis,37303.0,2025-07-01,,,1242.0,39.0,-8.0,,
Saint Kitts and Nevis,37303.0,2025-08-01,,,1202.0,-38.0,8.0,,
Saint Kitts and Nevis,37303.0,2025-09-01,,,1163.0,15.0,7.0,,
Saint Kitts and Nevis,37303.0,2025-10-01,,,1139.0,-6.0,-5.0,,
Saint Kitts and Nevis,37303.0,2025-11-01,,,1165.0,32.0,21.0,,
Saint Kitts and Nevis,37303.0,2025-12-01,,,1130.0,22.0,-12.0,,
Saint Kitts and Nevis,37303.0,2026-01-01,,,1096.0,-23.0,-0.0,,
Saint Kitts and Nevis,37303.0,2026-02-01,,,1086.0,26.0,-10.0,,
Saint Kitts and Nevis,37303.0,2026-03-01,,,1073.0,32.0,-20.0,,
Saint Kitts and Nevis,37303.0,2026-04-01,,,1018.0,-23.0,-12.0,,
Saint Kitts and Nevis,37303.0,2026-05-01,,,1069.0,71.0,-3.0,,
Saudi Arabia,45608.0,2020-01-01,182850.0,,138484.0,,,44366.0,-121.0
Saudi Arabia,45608.0,2020-02-01,184434.0,,141377.0,,,43057.0,-1309.0
Saudi Arabia,45608.0,2020-03-01,159108.0,,121712.0,,,37396.0,-5661.0
Saudi Arabia,45608.0,2020-04-01,125257.0,,92090.0,,,33167.0,-4229.0
Saudi Arabia,45608.0,2020-05-01,123528.0,,90010.0,,,33518.0,351.0
Saudi Arabia,45608.0,2020-06-01,124931.0,,89808.0,,,35123.0,1605.0
Saudi Arabia,45608.0,2020-07-01,124570.0,,90865.0,,,33705.0,-1418.0
Saudi Arabia,45608.0,2020-08-01,129992.0,,92902.0,,,37090.0,3385.0
Saudi Arabia,45608.0,2020-09-01,131161.0,,94702.0,,,36459.0,-631.0
Saudi Arabia,45608.0,2020-10-01,134193.0,,98647.0,,,35546.0,-913.0
Saudi Arabia,45608.0,2020-11-01,137596.0,,105579.0,,,32017.0,-3529.0
Saudi Arabia,45608.0,2020-12-01,136382.0,,106953.0,,,29429.0,-2588.0
Saudi Arabia,45608.0,2021-01-01,135122.0,,107242.0,,,27880.0,-1549.0
Saudi Arabia,45608.0,2021-02-01,132899.0,,105977.0,,,26922.0,-958.0
Saudi Arabia,45608.0,2021-03-01,130817.0,,105364.0,,,25453.0,-1469.0
Saudi Arabia,45608.0,2021-04-01,130256.0,,104439.0,,,25817.0,364.0
Saudi Arabia,45608.0,2021-05-01,127304.0,,103906.0,,,23398.0,-2419.0
Saudi Arabia,45608.0,2021-06-01,127648.0,,103702.0,,,23946.0,548.0
Saudi Arabia,45608.0,2021-07-01,128109.0,,102245.0,,,25864.0,1918.0
Saudi Arabia,45608.0,2021-08-01,124100.0,,101635.0,,,22465.0,-3399.0
Saudi Arabia,45608.0,2021-09-01,123793.0,,100444.0,,,23349.0,884.0
Saudi Arabia,45608.0,2021-10-01,116484.0,,99403.0,,,17081.0,-6268.0
Saudi Arabia,45608.0,2021-11-01,116516.0,,98186.0,,,18330.0,1249.0
Saudi Arabia,45608.0,2021-12-01,118988.0,,100524.0,,,18464.0,134.0
Saudi Arabia,45608.0,2022-01-01,119402.0,,100980.0,,,18422.0,-42.0
Saudi Arabia,45608.0,2022-02-01,116722.0,,101267.0,,,15455.0,-2967.0
Saudi Arabia,45608.0,2022-03-01,115461.0,,100114.0,,,15347.0,-108.0
Saudi Arabia,45608.0,2022-04-01,115743.0,,100390.0,,,15353.0,6.0
Saudi Arabia,45608.0,2022-05-01,114651.0,,99320.0,,,15331.0,-22.0
Saudi Arabia,45608.0,2022-06-01,119155.0,,102023.0,,,17132.0,1801.0
Saudi Arabia,45608.0,2022-07-01,121620.0,,105631.0,,,15989.0,-1143.0
Saudi Arabia,45608.0,2022-08-01,122103.0,,105048.0,,,17055.0,1066.0
Saudi Arabia,45608.0,2022-09-01,121009.0,,102899.0,,,18110.0,1055.0
Saudi Arabia,45608.0,2022-10-01,120673.0,,102681.0,,,17992.0,-118.0
Saudi Arabia,45608.0,2022-11-01,121454.0,,103462.0,,,17992.0,0.0
Saudi Arabia,45608.0,2022-12-01,119697.0,,106494.0,,,13203.0,-4789.0
Saudi Arabia,45608.0,2023-01-01,111016.0,,102050.0,,,8966.0,-4237.0
Saudi Arabia,45608.0,2023-02-01,111725.0,2411.0,99886.0,-462.0,930.0,11839.0,2873.0
Saudi Arabia,45608.0,2023-03-01,116200.0,3096.0,103203.0,1938.0,-1423.0,12997.0,1158.0
Saudi Arabia,45608.0,2023-04-01,113344.0,-3408.0,100422.0,-3333.0,83.0,12922.0,-75.0
Saudi Arabia,45608.0,2023-05-01,111316.0,-362.0,99432.0,676.0,-2863.0,11884.0,-1038.0
Saudi Arabia,45608.0,2023-06-01,110664.0,90.0,100301.0,1611.0,-217.0,10363.0,-1521.0
Saudi Arabia,45608.0,2023-07-01,109228.0,-1938.0,100987.0,184.0,-558.0,8241.0,-2122.0
Saudi Arabia,45608.0,2023-08-01,111989.0,3064.0,100453.0,-231.0,899.0,11536.0,3295.0
Saudi Arabia,45608.0,2023-09-01,117131.0,6891.0,102124.0,3420.0,-1891.0,15007.0,3471.0
Saudi Arabia,45608.0,2023-10-01,117530.0,495.0,102287.0,259.0,-421.0,15243.0,236.0
Saudi Arabia,45608.0,2023-11-01,128054.0,8573.0,105189.0,951.0,1734.0,22865.0,7622.0
Saudi Arabia,45608.0,2023-12-01,132001.0,1788.0,107822.0,474.0,-473.0,24179.0,1314.0
Saudi Arabia,45608.0,2024-01-01,133526.0,1476.0,109131.0,1260.0,2411.0,24395.0,216.0
Saudi Arabia,45608.0,2024-02-01,131141.0,-1538.0,106385.0,-1899.0,2578.0,24756.0,361.0
Saudi Arabia,45608.0,2024-03-01,135884.0,4683.0,107293.0,848.0,4839.0,28591.0,3835.0
Saudi Arabia,45608.0,2024-04-01,135432.0,857.0,106379.0,395.0,-1442.0,29053.0,462.0
Saudi Arabia,45608.0,2024-05-01,136332.0,183.0,107280.0,184.0,324.0,29052.0,-1.0
Saudi Arabia,45608.0,2024-06-01,140196.0,3072.0,109220.0,1148.0,-418.0,30976.0,1924.0
Saudi Arabia,45608.0,2024-07-01,142695.0,924.0,111243.0,448.0,537.0,31452.0,476.0
Saudi Arabia,45608.0,2024-08-01,142784.0,-934.0,112500.0,234.0,2182.0,30284.0,-1168.0
Saudi Arabia,45608.0,2024-09-01,143887.0,390.0,113404.0,191.0,-696.0,30483.0,199.0
Saudi Arabia,45608.0,2024-10-01,139212.0,-2955.0,111887.0,203.0,-503.0,27325.0,-3158.0
Saudi Arabia,45608.0,2024-11-01,135556.0,-4091.0,112333.0,11.0,3649.0,23223.0,-4102.0
Saudi Arabia,45608.0,2024-12-01,137508.0,2854.0,111341.0,-90.0,297.0,26167.0,2944.0
Saudi Arabia,45608.0,2025-01-01,126909.0,-10971.0,105288.0,-6425.0,970.0,21621.0,-4546.0
Saudi Arabia,45608.0,2025-02-01,126429.0,-2017.0,104672.0,-2153.0,2757.0,21757.0,136.0
Saudi Arabia,45608.0,2025-03-01,131612.0,4635.0,103888.0,-1332.0,-2341.0,27724.0,5967.0
Saudi Arabia,45608.0,2025-04-01,133799.0,1630.0,106060.0,1615.0,1177.0,27739.0,15.0
Saudi Arabia,45608.0,2025-05-01,127715.0,-5307.0,101954.0,-3329.0,-2918.0,25761.0,-1978.0
Saudi Arabia,45608.0,2025-06-01,130471.0,2198.0,103385.0,873.0,-1298.0,27086.0,1325.0
Saudi Arabia,45608.0,2025-07-01,131641.0,1522.0,104253.0,1220.0,-97.0,27388.0,302.0
Saudi Arabia,45608.0,2025-08-01,132980.0,464.0,105237.0,109.0,1581.0,27743.0,355.0
Saudi Arabia,45608.0,2025-09-01,134171.0,1005.0,106017.0,594.0,481.0,28154.0,411.0
Saudi Arabia,45608.0,2025-10-01,134303.0,96.0,106258.0,205.0,5999.0,28045.0,-109.0
Saudi Arabia,45608.0,2025-11-01,148842.0,14286.0,106825.0,314.0,313.0,42017.0,13972.0
Saudi Arabia,45608.0,2025-12-01,149549.0,836.0,107093.0,397.0,-197.0,42456.0,439.0
Saudi Arabia,45608.0,2026-01-01,134780.0,-14632.0,106156.0,-800.0,-113.0,28624.0,-13832.0
Saudi Arabia,45608.0,2026-02-01,160431.0,24842.0,105803.0,-1162.0,896.0,54628.0,26004.0
Saudi Arabia,45608.0,2026-03-01,152018.0,-7163.0,106968.0,2415.0,-1417.0,45050.0,-9578.0
Saudi Arabia,45608.0,2026-04-01,140120.0,-11518.0,106670.0,82.0,-89.0,33450.0,-11600.0
Saudi Arabia,45608.0,2026-05-01,140301.0,837.0,106705.0,691.0,-263.0,33596.0,146.0
Serbia,13218.0,2020-01-01,,,1809.0,,,,
Serbia,13218.0,2020-02-01,,,1822.0,,,,
Serbia,13218.0,2020-03-01,,,1783.0,,,,
Serbia,13218.0,2020-04-01,,,1830.0,,,,
Serbia,13218.0,2020-05-01,,,1860.0,,,,
Serbia,13218.0,2020-06-01,,,1688.0,,,,
Serbia,13218.0,2020-07-01,,,1457.0,,,,
Serbia,13218.0,2020-08-01,,,1454.0,,,,
Serbia,13218.0,2020-09-01,,,1452.0,,,,
Serbia,13218.0,2020-10-01,,,1449.0,,,,
Serbia,13218.0,2020-11-01,,,1288.0,,,,
Serbia,13218.0,2020-12-01,,,1254.0,,,,
Serbia,13218.0,2021-01-01,,,1253.0,,,,
Serbia,13218.0,2021-02-01,,,1200.0,,,,
Serbia,13218.0,2021-03-01,,,1098.0,,,,
Serbia,13218.0,2021-04-01,,,1097.0,,,,
Serbia,13218.0,2021-05-01,,,1076.0,,,,
Serbia,13218.0,2021-06-01,,,974.0,,,,
Serbia,13218.0,2021-07-01,,,954.0,,,,
Serbia,13218.0,2021-08-01,,,952.0,,,,
Serbia,13218.0,2021-09-01,,,981.0,,,,
Serbia,13218.0,2021-10-01,,,1031.0,,,,
Serbia,13218.0,2021-11-01,,,1049.0,,,,
Serbia,13218.0,2021-12-01,,,1102.0,,,,
Serbia,13218.0,2022-01-01,,,1132.0,,,,
Serbia,13218.0,2022-02-01,,,1272.0,,,,
Serbia,13218.0,2022-03-01,,,1177.0,,,,
Serbia,13218.0,2022-04-01,,,1169.0,,,,
Serbia,13218.0,2022-05-01,,,1146.0,,,,
Serbia,13218.0,2022-06-01,,,948.0,,,,
Serbia,13218.0,2022-07-01,,,968.0,,,,
Serbia,13218.0,2022-08-01,,,1073.0,,,,
Serbia,13218.0,2022-09-01,,,1179.0,,,,
Serbia,13218.0,2022-10-01,,,1197.0,,,,
Serbia,13218.0,2022-11-01,,,1243.0,,,,
Serbia,13218.0,2022-12-01,,,1384.0,,,,
Serbia,13218.0,2023-01-01,,,1484.0,,,,
Serbia,13218.0,2023-02-01,,,1522.0,50.0,-12.0,,
Serbia,13218.0,2023-03-01,,,1407.0,-134.0,17.0,,
Serbia,13218.0,2023-04-01,,,1449.0,39.0,3.0,,
Serbia,13218.0,2023-05-01,,,1533.0,89.0,-5.0,,
Serbia,13218.0,2023-06-01,,,1820.0,301.0,-14.0,,
Serbia,13218.0,2023-07-01,,,1908.0,85.0,3.0,,
Serbia,13218.0,2023-08-01,,,2177.0,267.0,2.0,,
Serbia,13218.0,2023-09-01,,,2243.0,72.0,-6.0,,
Serbia,13218.0,2023-10-01,,,2123.0,-105.0,-15.0,,
Serbia,13218.0,2023-11-01,,,1978.0,-165.0,20.0,,
Serbia,13218.0,2023-12-01,,,1917.0,-86.0,25.0,,
Serbia,13218.0,2024-01-01,,,1909.0,-21.0,13.0,,
Serbia,13218.0,2024-02-01,,,2039.0,139.0,-9.0,,
Serbia,13218.0,2024-03-01,,,2051.0,1.0,11.0,,
Serbia,13218.0,2024-04-01,,,2387.0,346.0,-10.0,,
Serbia,13218.0,2024-05-01,,,2395.0,0.0,8.0,,
Serbia,13218.0,2024-06-01,,,2400.0,0.0,5.0,,
Serbia,13218.0,2024-07-01,,,2276.0,-139.0,15.0,,
Serbia,13218.0,2024-08-01,,,2387.0,100.0,11.0,,
Serbia,13218.0,2024-09-01,,,2307.0,-90.0,10.0,,
Serbia,13218.0,2024-10-01,,,2556.0,264.0,-15.0,,
Serbia,13218.0,2024-11-01,,,2653.0,96.0,1.0,,
Serbia,13218.0,2024-12-01,,,2764.0,106.0,5.0,,
Serbia,13218.0,2025-01-01,,,2786.0,20.0,3.0,,
Serbia,13218.0,2025-02-01,,,2725.0,-71.0,10.0,,
Serbia,13218.0,2025-03-01,,,2678.0,-52.0,4.0,,
Serbia,13218.0,2025-04-01,,,2507.0,-184.0,13.0,,
Serbia,13218.0,2025-05-01,,,2224.0,-277.0,-7.0,,
Serbia,13218.0,2025-06-01,,,2260.0,30.0,6.0,,
Serbia,13218.0,2025-07-01,,,2457.0,204.0,-7.0,,
Serbia,13218.0,2025-08-01,,,2469.0,0.0,12.0,,
Serbia,13218.0,2025-09-01,,,2490.0,20.0,1.0,,
Serbia,13218.0,2025-10-01,,,2320.0,-173.0,3.0,,
Serbia,13218.0,2025-11-01,,,2357.0,35.0,2.0,,
Serbia,13218.0,2025-12-01,,,2036.0,-324.0,3.0,,
Serbia,13218.0,2026-01-01,,,2185.0,151.0,-2.0,,
Serbia,13218.0,2026-02-01,,,2264.0,76.0,3.0,,
Serbia,13218.0,2026-03-01,,,2090.0,-166.0,-9.0,,
Serbia,13218.0,2026-04-01,,,2155.0,67.0,-2.0,,
Serbia,13218.0,2026-05-01,,,2202.0,49.0,-2.0,,
Singapore,46019.0,2020-01-01,160730.0,,152746.0,,,7984.0,-725.0
Singapore,46019.0,2020-02-01,165389.0,,156296.0,,,9093.0,1109.0
Singapore,46019.0,2020-03-01,151457.0,,143228.0,,,8229.0,-864.0
Singapore,46019.0,2020-04-01,146100.0,,134116.0,,,11984.0,3755.0
Singapore,46019.0,2020-05-01,142103.0,,131580.0,,,10523.0,-1461.0
Singapore,46019.0,2020-06-01,150522.0,,139329.0,,,11193.0,670.0
Singapore,46019.0,2020-07-01,158635.0,,137217.0,,,21418.0,10225.0
Singapore,46019.0,2020-08-01,160271.0,,137354.0,,,22917.0,1499.0
Singapore,46019.0,2020-09-01,158990.0,,142767.0,,,16223.0,-6694.0
Singapore,46019.0,2020-10-01,161983.0,,151843.0,,,10140.0,-6083.0
Singapore,46019.0,2020-11-01,163819.0,,151640.0,,,12179.0,2039.0
Singapore,46019.0,2020-12-01,168070.0,,155100.0,,,12970.0,791.0
Singapore,46019.0,2021-01-01,164272.0,,154682.0,,,9590.0,-3380.0
Singapore,46019.0,2021-02-01,161365.0,,151995.0,,,9370.0,-220.0
Singapore,46019.0,2021-03-01,170198.0,,160566.0,,,9632.0,262.0
Singapore,46019.0,2021-04-01,171136.0,,162559.0,,,8577.0,-1055.0
Singapore,46019.0,2021-05-01,176298.0,,167587.0,,,8711.0,134.0
Singapore,46019.0,2021-06-01,187965.0,,178764.0,,,9201.0,490.0
Singapore,46019.0,2021-07-01,192644.0,,183460.0,,,9184.0,-17.0
Singapore,46019.0,2021-08-01,191455.0,,181593.0,,,9862.0,678.0
Singapore,46019.0,2021-09-01,189312.0,,177337.0,,,11975.0,2113.0
Singapore,46019.0,2021-10-01,188521.0,,177539.0,,,10982.0,-993.0
Singapore,46019.0,2021-11-01,189375.0,,178168.0,,,11207.0,225.0
Singapore,46019.0,2021-12-01,193614.0,,183328.0,,,10286.0,-921.0
Singapore,46019.0,2022-01-01,191607.0,,179721.0,,,11886.0,1600.0
Singapore,46019.0,2022-02-01,191951.0,,180946.0,,,11005.0,-881.0
Singapore,46019.0,2022-03-01,190896.0,,180462.0,,,10434.0,-571.0
Singapore,46019.0,2022-04-01,182080.0,,172880.0,,,9200.0,-1234.0
Singapore,46019.0,2022-05-01,177084.0,,168163.0,,,8921.0,-279.0
Singapore,46019.0,2022-06-01,180876.0,,170686.0,,,10190.0,1269.0
Singapore,46019.0,2022-07-01,187206.0,,176012.0,,,11194.0,1004.0
Singapore,46019.0,2022-08-01,188321.0,,178152.0,,,10169.0,-1025.0
Singapore,46019.0,2022-09-01,176364.0,,166484.0,,,9880.0,-289.0
Singapore,46019.0,2022-10-01,175762.0,,163019.0,,,12743.0,2863.0
Singapore,46019.0,2022-11-01,186307.0,,173517.0,,,12790.0,47.0
Singapore,46019.0,2022-12-01,182857.0,,170948.0,,,11909.0,-881.0
Singapore,46019.0,2023-01-01,187641.0,,174814.0,,,12827.0,918.0
Singapore,46019.0,2023-02-01,189860.0,6942.0,176822.0,6731.0,-4914.0,13038.0,211.0
Singapore,46019.0,2023-03-01,194906.0,34.0,182042.0,208.0,5503.0,12864.0,-174.0
Singapore,46019.0,2023-04-01,201067.0,6111.0,187689.0,5597.0,1760.0,13378.0,514.0
Singapore,46019.0,2023-05-01,203161.0,3154.0,190134.0,3505.0,-1629.0,13027.0,-351.0
Singapore,46019.0,2023-06-01,187254.0,-15394.0,179157.0,-10464.0,-2956.0,8097.0,-4930.0
Singapore,46019.0,2023-07-01,186618.0,545.0,176582.0,-1394.0,-641.0,10036.0,1939.0
Singapore,46019.0,2023-08-01,184210.0,-535.0,174527.0,-182.0,-2644.0,9683.0,-353.0
Singapore,46019.0,2023-09-01,187348.0,6305.0,179475.0,8115.0,309.0,7873.0,-1810.0
Singapore,46019.0,2023-10-01,190514.0,6369.0,183403.0,7131.0,-2717.0,7111.0,-762.0
Singapore,46019.0,2023-11-01,196169.0,-375.0,186944.0,-2489.0,3971.0,9225.0,2114.0
Singapore,46019.0,2023-12-01,195977.0,-1688.0,185590.0,-2850.0,6013.0,10387.0,1162.0
Singapore,46019.0,2024-01-01,199102.0,2244.0,188746.0,2275.0,1708.0,10356.0,-31.0
Singapore,46019.0,2024-02-01,199328.0,3327.0,188232.0,2587.0,-2998.0,11096.0,740.0
Singapore,46019.0,2024-03-01,202382.0,724.0,192408.0,1846.0,2864.0,9974.0,-1122.0
Singapore,46019.0,2024-04-01,203295.0,7074.0,192440.0,6193.0,82.0,10855.0,881.0
Singapore,46019.0,2024-05-01,209847.0,3157.0,200020.0,4185.0,2167.0,9827.0,-1028.0
Singapore,46019.0,2024-06-01,214995.0,2843.0,204389.0,2064.0,5254.0,10606.0,779.0
Singapore,46019.0,2024-07-01,229780.0,14286.0,213062.0,8174.0,-534.0,16718.0,6112.0
Singapore,46019.0,2024-08-01,234762.0,3343.0,216791.0,2090.0,1089.0,17971.0,1253.0
Singapore,46019.0,2024-09-01,243809.0,8438.0,223733.0,6333.0,3047.0,20076.0,2105.0
Singapore,46019.0,2024-10-01,244698.0,5940.0,221932.0,3250.0,-4507.0,22766.0,2690.0
Singapore,46019.0,2024-11-01,252243.0,7089.0,230722.0,8334.0,5150.0,21521.0,-1245.0
Singapore,46019.0,2024-12-01,248976.0,1391.0,227444.0,1380.0,-3429.0,21532.0,11.0
Singapore,46019.0,2025-01-01,247593.0,-1966.0,228148.0,121.0,2234.0,19445.0,-2087.0
Singapore,46019.0,2025-02-01,260489.0,8586.0,238245.0,5787.0,2282.0,22244.0,2799.0
Singapore,46019.0,2025-03-01,263180.0,656.0,242654.0,2374.0,849.0,20526.0,-1718.0
Singapore,46019.0,2025-04-01,247980.0,-11601.0,232649.0,-6406.0,703.0,15331.0,-5195.0
Singapore,46019.0,2025-05-01,249625.0,4877.0,233630.0,4213.0,-3940.0,15995.0,664.0
Singapore,46019.0,2025-06-01,253500.0,2531.0,239628.0,4654.0,3460.0,13872.0,-2123.0
Singapore,46019.0,2025-07-01,252403.0,-572.0,238196.0,-907.0,446.0,14207.0,335.0
Singapore,46019.0,2025-08-01,260952.0,4132.0,246147.0,3534.0,2124.0,14805.0,598.0
Singapore,46019.0,2025-09-01,258588.0,-6316.0,242951.0,-7148.0,3364.0,15637.0,832.0
Singapore,46019.0,2025-10-01,272254.0,11458.0,258215.0,13056.0,5636.0,14039.0,-1598.0
Singapore,46019.0,2025-11-01,272219.0,-167.0,256241.0,-2106.0,613.0,15978.0,1939.0
Singapore,46019.0,2025-12-01,278351.0,6638.0,261207.0,5472.0,-2748.0,17144.0,1166.0
Singapore,46019.0,2026-01-01,273409.0,-8190.0,257368.0,-7087.0,306.0,16041.0,-1103.0
Singapore,46019.0,2026-02-01,279973.0,2164.0,259347.0,-2421.0,3863.0,20626.0,4585.0
Singapore,46019.0,2026-03-01,274323.0,1607.0,255725.0,3635.0,-4957.0,18598.0,-2028.0
Singapore,46019.0,2026-04-01,277483.0,4941.0,261251.0,7307.0,-1538.0,16232.0,-2366.0
Singapore,46019.0,2026-05-01,278022.0,1081.0,261791.0,1082.0,-769.0,16231.0,-1.0
South Africa,55719.0,2020-01-01,13472.0,,11266.0,,,2206.0,784.0
South Africa,55719.0,2020-02-01,14196.0,,11684.0,,,2512.0,306.0
South Africa,55719.0,2020-03-01,16495.0,,13312.0,,,3183.0,671.0
South Africa,55719.0,2020-04-01,11005.0,,9142.0,,,1863.0,-1320.0
South Africa,55719.0,2020-05-01,11300.0,,8874.0,,,2426.0,563.0
South Africa,55719.0,2020-06-01,12390.0,,8772.0,,,3618.0,1192.0
South Africa,55719.0,2020-07-01,12877.0,,8826.0,,,4051.0,433.0
South Africa,55719.0,2020-08-01,12843.0,,8448.0,,,4395.0,344.0
South Africa,55719.0,2020-09-01,14500.0,,8775.0,,,5725.0,1330.0
South Africa,55719.0,2020-10-01,14665.0,,8618.0,,,6047.0,322.0
South Africa,55719.0,2020-11-01,15472.0,,8327.0,,,7145.0,1098.0
South Africa,55719.0,2020-12-01,18918.0,,10186.0,,,8732.0,1587.0
South Africa,55719.0,2021-01-01,18148.0,,7236.0,,,10912.0,2180.0
South Africa,55719.0,2021-02-01,17039.0,,7236.0,,,9803.0,-1109.0
South Africa,55719.0,2021-03-01,18800.0,,8208.0,,,10592.0,789.0
South Africa,55719.0,2021-04-01,18002.0,,9277.0,,,8725.0,-1867.0
South Africa,55719.0,2021-05-01,17222.0,,8435.0,,,8787.0,62.0
South Africa,55719.0,2021-06-01,16106.0,,8208.0,,,7898.0,-889.0
South Africa,55719.0,2021-07-01,18422.0,,10736.0,,,7686.0,-212.0
South Africa,55719.0,2021-08-01,18980.0,,11410.0,,,7570.0,-116.0
South Africa,55719.0,2021-09-01,18282.0,,11756.0,,,6526.0,-1044.0
South Africa,55719.0,2021-10-01,16895.0,,12528.0,,,4367.0,-2159.0
South Africa,55719.0,2021-11-01,16943.0,,12903.0,,,4040.0,-327.0
South Africa,55719.0,2021-12-01,16324.0,,10282.0,,,6042.0,2002.0
South Africa,55719.0,2022-01-01,9182.0,,5066.0,,,4116.0,-1926.0
South Africa,55719.0,2022-02-01,15987.0,,11521.0,,,4466.0,350.0
South Africa,55719.0,2022-03-01,16909.0,,12993.0,,,3916.0,-550.0
South Africa,55719.0,2022-04-01,16401.0,,13231.0,,,3170.0,-746.0
South Africa,55719.0,2022-05-01,14789.0,,12475.0,,,2314.0,-856.0
South Africa,55719.0,2022-06-01,15602.0,,13499.0,,,2103.0,-211.0
South Africa,55719.0,2022-07-01,16089.0,,14079.0,,,2010.0,-93.0
South Africa,55719.0,2022-08-01,16204.0,,14745.0,,,1459.0,-551.0
South Africa,55719.0,2022-09-01,17815.0,,15303.0,,,2512.0,1053.0
South Africa,55719.0,2022-10-01,16235.0,,13579.0,,,2656.0,144.0
South Africa,55719.0,2022-11-01,15255.0,,12259.0,,,2996.0,340.0
South Africa,55719.0,2022-12-01,14964.0,,12342.0,,,2622.0,-374.0
South Africa,55719.0,2023-01-01,15127.0,,11585.0,,,3542.0,920.0
South Africa,55719.0,2023-02-01,14067.0,-944.0,11124.0,-345.0,345.0,2943.0,-599.0
South Africa,55719.0,2023-03-01,15309.0,694.0,11953.0,281.0,117.0,3356.0,413.0
South Africa,55719.0,2023-04-01,14306.0,-420.0,11383.0,13.0,196.0,2923.0,-433.0
South Africa,55719.0,2023-05-01,15365.0,1118.0,11846.0,522.0,267.0,3519.0,596.0
South Africa,55719.0,2023-06-01,17065.0,-8.0,14280.0,726.0,1465.0,2785.0,-734.0
South Africa,55719.0,2023-07-01,16823.0,301.0,13531.0,-206.0,170.0,3292.0,507.0
South Africa,55719.0,2023-08-01,16321.0,965.0,12786.0,722.0,-787.0,3535.0,243.0
South Africa,55719.0,2023-09-01,16908.0,954.0,13023.0,604.0,45.0,3885.0,350.0
South Africa,55719.0,2023-10-01,16483.0,473.0,12060.0,-65.0,115.0,4423.0,538.0
South Africa,55719.0,2023-11-01,15971.0,-252.0,11928.0,128.0,17.0,4043.0,-380.0
South Africa,55719.0,2023-12-01,16020.0,-177.0,12114.0,-40.0,23.0,3906.0,-137.0
South Africa,55719.0,2024-01-01,15991.0,-609.0,11782.0,-912.0,-423.0,4209.0,303.0
South Africa,55719.0,2024-02-01,18541.0,2347.0,12882.0,897.0,-79.0,5659.0,1450.0
South Africa,55719.0,2024-03-01,16522.0,-1964.0,12393.0,-434.0,92.0,4129.0,-1530.0
South Africa,55719.0,2024-04-01,15453.0,-428.0,10757.0,-995.0,-59.0,4696.0,567.0
South Africa,55719.0,2024-05-01,16010.0,612.0,10098.0,-604.0,-81.0,5912.0,1216.0
South Africa,55719.0,2024-06-01,16560.0,565.0,10656.0,573.0,90.0,5904.0,-8.0
South Africa,55719.0,2024-07-01,17604.0,974.0,10031.0,-695.0,70.0,7573.0,1669.0
South Africa,55719.0,2024-08-01,16660.0,-1022.0,10098.0,-11.0,167.0,6562.0,-1011.0
South Africa,55719.0,2024-09-01,16931.0,329.0,9835.0,-205.0,43.0,7096.0,534.0
South Africa,55719.0,2024-10-01,18112.0,1712.0,9657.0,353.0,-519.0,8455.0,1359.0
South Africa,55719.0,2024-11-01,16325.0,-1737.0,10694.0,1087.0,27.0,5631.0,-2824.0
South Africa,55719.0,2024-12-01,15952.0,-375.0,10966.0,270.0,-25.0,4986.0,-645.0
South Africa,55719.0,2025-01-01,17819.0,1884.0,11108.0,159.0,31.0,6711.0,1725.0
South Africa,55719.0,2025-02-01,17885.0,61.0,10661.0,-452.0,60.0,7224.0,513.0
South Africa,55719.0,2025-03-01,18020.0,150.0,11202.0,556.0,-16.0,6818.0,-406.0
South Africa,55719.0,2025-04-01,17864.0,-316.0,11466.0,104.0,256.0,6398.0,-420.0
South Africa,55719.0,2025-05-01,15137.0,-1897.0,9849.0,-787.0,-35.0,5288.0,-1110.0
South Africa,55719.0,2025-06-01,14984.0,32.0,9634.0,-30.0,-29.0,5350.0,62.0
South Africa,55719.0,2025-07-01,15724.0,668.0,10352.0,646.0,81.0,5372.0,22.0
South Africa,55719.0,2025-08-01,18512.0,2828.0,10867.0,555.0,-37.0,7645.0,2273.0
South Africa,55719.0,2025-09-01,13984.0,-4522.0,9964.0,-897.0,37.0,4020.0,-3625.0
South Africa,55719.0,2025-10-01,13063.0,1482.0,8146.0,585.0,17.0,4917.0,897.0
South Africa,55719.0,2025-11-01,9969.0,-922.0,5845.0,-129.0,27.0,4124.0,-793.0
South Africa,55719.0,2025-12-01,12260.0,234.0,7998.0,96.0,-37.0,4262.0,138.0
South Africa,55719.0,2026-01-01,11520.0,-715.0,8005.0,32.0,-8.0,3515.0,-747.0
South Africa,55719.0,2026-02-01,12488.0,940.0,7863.0,-170.0,52.0,4625.0,1110.0
South Africa,55719.0,2026-03-01,12057.0,-383.0,8248.0,433.0,-35.0,3809.0,-816.0
South Africa,55719.0,2026-04-01,13900.0,1902.0,8808.0,619.0,-42.0,5092.0,1283.0
South Africa,55719.0,2026-05-01,15322.0,1439.0,9724.0,933.0,-16.0,5598.0,506.0
Spain,12505.0,2020-01-01,43885.0,,41890.0,,,1995.0,-295.0
Spain,12505.0,2020-02-01,46160.0,,44091.0,,,2069.0,74.0
Spain,12505.0,2020-03-01,43783.0,,42077.0,,,1706.0,-363.0
Spain,12505.0,2020-04-01,44003.0,,41753.0,,,2250.0,543.0
Spain,12505.0,2020-05-01,47333.0,,44560.0,,,2773.0,524.0
Spain,12505.0,2020-06-01,43954.0,,40972.0,,,2982.0,209.0
Spain,12505.0,2020-07-01,41943.0,,39219.0,,,2725.0,-257.0
Spain,12505.0,2020-08-01,41284.0,,39012.0,,,2272.0,-453.0
Spain,12505.0,2020-09-01,41258.0,,39212.0,,,2045.0,-227.0
Spain,12505.0,2020-10-01,35234.0,,33076.0,,,2158.0,113.0
Spain,12505.0,2020-11-01,33725.0,,31761.0,,,1964.0,-194.0
Spain,12505.0,2020-12-01,35292.0,,33201.0,,,2091.0,127.0
Spain,12505.0,2021-01-01,30698.0,,28731.0,,,1966.0,-125.0
Spain,12505.0,2021-02-01,28676.0,,26779.0,,,1897.0,-69.0
Spain,12505.0,2021-03-01,28693.0,,26840.0,,,1853.0,-44.0
Spain,12505.0,2021-04-01,28208.0,,26540.0,,,1668.0,-185.0
Spain,12505.0,2021-05-01,28183.0,,26761.0,,,1423.0,-245.0
Spain,12505.0,2021-06-01,30370.0,,28830.0,,,1540.0,118.0
Spain,12505.0,2021-07-01,25751.0,,24416.0,,,1335.0,-205.0
Spain,12505.0,2021-08-01,27876.0,,26409.0,,,1466.0,131.0
Spain,12505.0,2021-09-01,24866.0,,23541.0,,,1325.0,-142.0
Spain,12505.0,2021-10-01,23257.0,,21919.0,,,1338.0,13.0
Spain,12505.0,2021-11-01,26248.0,,24963.0,,,1285.0,-53.0
Spain,12505.0,2021-12-01,24858.0,,23244.0,,,1614.0,329.0
Spain,12505.0,2022-01-01,27366.0,,25598.0,,,1767.0,153.0
Spain,12505.0,2022-02-01,28989.0,,27268.0,,,1721.0,-46.0
Spain,12505.0,2022-03-01,26967.0,,25571.0,,,1396.0,-325.0
Spain,12505.0,2022-04-01,26049.0,,24927.0,,,1122.0,-274.0
Spain,12505.0,2022-05-01,29459.0,,28340.0,,,1119.0,-4.0
Spain,12505.0,2022-06-01,27046.0,,26081.0,,,965.0,-153.0
Spain,12505.0,2022-07-01,28774.0,,27437.0,,,1337.0,372.0
Spain,12505.0,2022-08-01,29918.0,,28665.0,,,1253.0,-84.0
Spain,12505.0,2022-09-01,32982.0,,32010.0,,,972.0,-281.0
Spain,12505.0,2022-10-01,31893.0,,30939.0,,,954.0,-18.0
Spain,12505.0,2022-11-01,36010.0,,34961.0,,,1049.0,95.0
Spain,12505.0,2022-12-01,36906.0,,35800.0,,,1107.0,57.0
Spain,12505.0,2023-01-01,40150.0,,38668.0,,,1482.0,375.0
Spain,12505.0,2023-02-01,50352.0,5078.0,48550.0,4758.0,-595.0,1802.0,320.0
Spain,12505.0,2023-03-01,55392.0,5535.0,53614.0,5560.0,812.0,1778.0,-24.0
Spain,12505.0,2023-04-01,54688.0,-1109.0,53163.0,-856.0,142.0,1526.0,-252.0
Spain,12505.0,2023-05-01,54327.0,1154.0,52543.0,896.0,-461.0,1784.0,258.0
Spain,12505.0,2023-06-01,54269.0,2887.0,51941.0,2342.0,-499.0,2329.0,545.0
Spain,12505.0,2023-07-01,52451.0,-1957.0,49810.0,-2269.0,48.0,2641.0,312.0
Spain,12505.0,2023-08-01,54324.0,1184.0,51818.0,1319.0,94.0,2506.0,-135.0
Spain,12505.0,2023-09-01,53189.0,740.0,50351.0,408.0,-3708.0,2838.0,332.0
Spain,12505.0,2023-10-01,54164.0,1440.0,51128.0,1242.0,121.0,3036.0,198.0
Spain,12505.0,2023-11-01,58804.0,2835.0,54447.0,1514.0,753.0,4357.0,1322.0
Spain,12505.0,2023-12-01,53851.0,-7098.0,51316.0,-5275.0,940.0,2535.0,-1822.0
Spain,12505.0,2024-01-01,54443.0,1951.0,51946.0,1988.0,320.0,2497.0,-38.0
Spain,12505.0,2024-02-01,55225.0,3053.0,52005.0,2330.0,-377.0,3219.0,722.0
Spain,12505.0,2024-03-01,56669.0,-12.0,54436.0,974.0,-297.0,2233.0,-987.0
Spain,12505.0,2024-04-01,61822.0,6568.0,58638.0,5616.0,-1268.0,3185.0,952.0
Spain,12505.0,2024-05-01,63062.0,-1198.0,59878.0,-1198.0,1131.0,3184.0,-1.0
Spain,12505.0,2024-06-01,65211.0,1002.0,62208.0,1184.0,-819.0,3003.0,-181.0
Spain,12505.0,2024-07-01,63991.0,-560.0,61186.0,-362.0,1744.0,2805.0,-198.0
Spain,12505.0,2024-08-01,62910.0,-1758.0,59132.0,-2731.0,446.0,3778.0,973.0
Spain,12505.0,2024-09-01,65873.0,1557.0,62279.0,1741.0,145.0,3594.0,-184.0
Spain,12505.0,2024-10-01,65040.0,3015.0,60990.0,2560.0,-1867.0,4050.0,455.0
Spain,12505.0,2024-11-01,64608.0,-40.0,60937.0,338.0,444.0,3671.0,-378.0
Spain,12505.0,2024-12-01,59133.0,-2759.0,56449.0,-1772.0,-746.0,2684.0,-987.0
Spain,12505.0,2025-01-01,59061.0,-324.0,56444.0,-256.0,-89.0,2616.0,-68.0
Spain,12505.0,2025-02-01,60496.0,-174.0,57056.0,-998.0,891.0,3440.0,824.0
Spain,12505.0,2025-03-01,60719.0,-421.0,57861.0,161.0,1980.0,2858.0,-582.0
Spain,12505.0,2025-04-01,68943.0,8206.0,65864.0,7985.0,362.0,3079.0,221.0
Spain,12505.0,2025-05-01,69175.0,2076.0,66813.0,2793.0,77.0,2362.0,-717.0
Spain,12505.0,2025-06-01,63076.0,-7075.0,59496.0,-8294.0,447.0,3581.0,1219.0
Spain,12505.0,2025-07-01,78119.0,15279.0,72668.0,13410.0,648.0,5450.0,1869.0
Spain,12505.0,2025-08-01,77070.0,-2639.0,73513.0,-745.0,129.0,3556.0,-1894.0
Spain,12505.0,2025-09-01,70442.0,-6621.0,66714.0,-6793.0,1099.0,3728.0,172.0
Spain,12505.0,2025-10-01,80762.0,10381.0,77173.0,10520.0,344.0,3589.0,-139.0
Spain,12505.0,2025-11-01,82265.0,2285.0,74996.0,-1394.0,-96.0,7268.0,3680.0
Spain,12505.0,2025-12-01,73618.0,-10504.0,67539.0,-9315.0,500.0,6079.0,-1189.0
Spain,12505.0,2026-01-01,73638.0,800.0,69482.0,2723.0,429.0,4156.0,-1923.0
Spain,12505.0,2026-02-01,78865.0,4361.0,73607.0,3259.0,-297.0,5258.0,1102.0
Spain,12505.0,2026-03-01,69113.0,-11692.0,63893.0,-11654.0,570.0,5220.0,-37.0
Spain,12505.0,2026-04-01,82231.0,12488.0,76923.0,12399.0,-2343.0,5309.0,88.0
Spain,12505.0,2026-05-01,81681.0,-2200.0,75366.0,-3206.0,290.0,6314.0,1006.0
Sweden,12602.0,2020-01-01,45022.0,,44715.0,,,307.0,-133.0
Sweden,12602.0,2020-02-01,45410.0,,45067.0,,,343.0,36.0
Sweden,12602.0,2020-03-01,39480.0,,39007.0,,,473.0,130.0
Sweden,12602.0,2020-04-01,36547.0,,36109.0,,,438.0,-35.0
Sweden,12602.0,2020-05-01,37141.0,,36736.0,,,405.0,-33.0
Sweden,12602.0,2020-06-01,39075.0,,38530.0,,,545.0,140.0
Sweden,12602.0,2020-07-01,40006.0,,39271.0,,,735.0,190.0
Sweden,12602.0,2020-08-01,38328.0,,37725.0,,,603.0,-132.0
Sweden,12602.0,2020-09-01,38190.0,,37679.0,,,511.0,-92.0
Sweden,12602.0,2020-10-01,37749.0,,37349.0,,,400.0,-111.0
Sweden,12602.0,2020-11-01,37686.0,,37335.0,,,351.0,-49.0
Sweden,12602.0,2020-12-01,40272.0,,39851.0,,,421.0,70.0
Sweden,12602.0,2021-01-01,42186.0,,41904.0,,,282.0,-139.0
Sweden,12602.0,2021-02-01,40750.0,,40443.0,,,307.0,25.0
Sweden,12602.0,2021-03-01,40027.0,,39597.0,,,430.0,123.0
Sweden,12602.0,2021-04-01,41330.0,,41011.0,,,319.0,-111.0
Sweden,12602.0,2021-05-01,42974.0,,42662.0,,,312.0,-7.0
Sweden,12602.0,2021-06-01,43241.0,,42738.0,,,503.0,191.0
Sweden,12602.0,2021-07-01,43747.0,,43411.0,,,336.0,-167.0
Sweden,12602.0,2021-08-01,43190.0,,42835.0,,,355.0,19.0
Sweden,12602.0,2021-09-01,43328.0,,42749.0,,,579.0,224.0
Sweden,12602.0,2021-10-01,39978.0,,39462.0,,,516.0,-63.0
Sweden,12602.0,2021-11-01,40227.0,,39714.0,,,513.0,-3.0
Sweden,12602.0,2021-12-01,48276.0,,47461.0,,,815.0,302.0
Sweden,12602.0,2022-01-01,54514.0,,53513.0,,,1001.0,186.0
Sweden,12602.0,2022-02-01,55430.0,,54494.0,,,936.0,-65.0
Sweden,12602.0,2022-03-01,53476.0,,52780.0,,,696.0,-240.0
Sweden,12602.0,2022-04-01,53132.0,,52376.0,,,756.0,60.0
Sweden,12602.0,2022-05-01,48183.0,,47485.0,,,698.0,-58.0
Sweden,12602.0,2022-06-01,48209.0,,47631.0,,,578.0,-120.0
Sweden,12602.0,2022-07-01,50306.0,,49679.0,,,627.0,49.0
Sweden,12602.0,2022-08-01,48258.0,,47557.0,,,701.0,74.0
Sweden,12602.0,2022-09-01,47088.0,,46230.0,,,858.0,157.0
Sweden,12602.0,2022-10-01,46258.0,,45403.0,,,855.0,-3.0
Sweden,12602.0,2022-11-01,48451.0,,47569.0,,,882.0,27.0
Sweden,12602.0,2022-12-01,42264.0,,41399.0,,,865.0,-17.0
Sweden,12602.0,2023-01-01,39451.0,,38774.0,,,677.0,-188.0
Sweden,12602.0,2023-02-01,38865.0,25.0,38207.0,44.0,-191.0,658.0,-19.0
Sweden,12602.0,2023-03-01,38274.0,-16.0,37809.0,177.0,417.0,465.0,-193.0
Sweden,12602.0,2023-04-01,39550.0,1234.0,39288.0,1437.0,605.0,262.0,-203.0
Sweden,12602.0,2023-05-01,39477.0,481.0,39123.0,389.0,-508.0,354.0,92.0
Sweden,12602.0,2023-06-01,42805.0,3085.0,42198.0,2832.0,-527.0,607.0,253.0
Sweden,12602.0,2023-07-01,44051.0,550.0,43502.0,608.0,86.0,549.0,-58.0
Sweden,12602.0,2023-08-01,43830.0,409.0,43283.0,411.0,-494.0,547.0,-2.0
Sweden,12602.0,2023-09-01,44771.0,1336.0,44038.0,1150.0,-447.0,733.0,186.0
Sweden,12602.0,2023-10-01,44892.0,531.0,43999.0,371.0,-540.0,893.0,160.0
Sweden,12602.0,2023-11-01,46125.0,120.0,45349.0,237.0,790.0,776.0,-117.0
Sweden,12602.0,2023-12-01,46887.0,475.0,46193.0,557.0,1324.0,694.0,-82.0
Sweden,12602.0,2024-01-01,45469.0,-1090.0,44923.0,-942.0,118.0,546.0,-148.0
Sweden,12602.0,2024-02-01,44331.0,-601.0,43676.0,-710.0,-798.0,655.0,109.0
Sweden,12602.0,2024-03-01,45541.0,264.0,44845.0,223.0,187.0,696.0,41.0
Sweden,12602.0,2024-04-01,45384.0,902.0,44758.0,972.0,-1098.0,626.0,-70.0
Sweden,12602.0,2024-05-01,46673.0,1493.0,46063.0,1509.0,334.0,610.0,-16.0
Sweden,12602.0,2024-06-01,46544.0,-16.0,45931.0,-19.0,584.0,613.0,3.0
Sweden,12602.0,2024-07-01,47963.0,549.0,47475.0,674.0,443.0,488.0,-125.0
Sweden,12602.0,2024-08-01,49567.0,965.0,49074.0,960.0,799.0,493.0,5.0
Sweden,12602.0,2024-09-01,51327.0,1161.0,50798.0,1125.0,386.0,529.0,36.0
Sweden,12602.0,2024-10-01,50382.0,-393.0,49877.0,-369.0,-955.0,505.0,-24.0
Sweden,12602.0,2024-11-01,50990.0,1952.0,50538.0,2005.0,-1036.0,452.0,-53.0
Sweden,12602.0,2024-12-01,49152.0,-954.0,48707.0,-947.0,-928.0,445.0,-7.0
Sweden,12602.0,2025-01-01,48404.0,-762.0,48033.0,-688.0,-255.0,371.0,-74.0
Sweden,12602.0,2025-02-01,51601.0,1414.0,51138.0,1322.0,1181.0,463.0,92.0
Sweden,12602.0,2025-03-01,55947.0,3418.0,55525.0,3459.0,697.0,422.0,-41.0
Sweden,12602.0,2025-04-01,52481.0,-2581.0,52048.0,-2592.0,11.0,433.0,11.0
Sweden,12602.0,2025-05-01,48683.0,-3415.0,48259.0,-3406.0,-376.0,424.0,-9.0
Sweden,12602.0,2025-06-01,48428.0,-315.0,48008.0,-311.0,43.0,420.0,-4.0
Sweden,12602.0,2025-07-01,48489.0,721.0,48125.0,777.0,-613.0,364.0,-56.0
Sweden,12602.0,2025-08-01,48325.0,-560.0,48024.0,-497.0,437.0,301.0,-63.0
Sweden,12602.0,2025-09-01,48921.0,490.0,48695.0,565.0,271.0,226.0,-75.0
Sweden,12602.0,2025-10-01,48605.0,231.0,48390.0,242.0,-647.0,215.0,-11.0
Sweden,12602.0,2025-11-01,50355.0,1829.0,49954.0,1643.0,-120.0,401.0,186.0
Sweden,12602.0,2025-12-01,50069.0,-161.0,49548.0,-281.0,-568.0,521.0,120.0
Sweden,12602.0,2026-01-01,49711.0,-761.0,49470.0,-481.0,-60.0,241.0,-280.0
Sweden,12602.0,2026-02-01,49511.0,129.0,49065.0,-76.0,57.0,446.0,205.0
Sweden,12602.0,2026-03-01,46846.0,-1353.0,46529.0,-1224.0,-888.0,317.0,-129.0
Sweden,12602.0,2026-04-01,48001.0,1648.0,47465.0,1429.0,-541.0,536.0,219.0
Sweden,12602.0,2026-05-01,49121.0,1845.0,48682.0,1942.0,-633.0,439.0,-97.0
Switzerland,12688.0,2020-01-01,238065.0,,204776.0,,,33289.0,757.0
Switzerland,12688.0,2020-02-01,243698.0,,208663.0,,,35035.0,1746.0
Switzerland,12688.0,2020-03-01,244642.0,,210357.0,,,34285.0,-750.0
Switzerland,12688.0,2020-04-01,241300.0,,208159.0,,,33141.0,-1144.0
Switzerland,12688.0,2020-05-01,243080.0,,210097.0,,,32983.0,-158.0
Switzerland,12688.0,2020-06-01,247346.0,,214282.0,,,33064.0,81.0
Switzerland,12688.0,2020-07-01,250352.0,,218529.0,,,31823.0,-1241.0
Switzerland,12688.0,2020-08-01,253360.0,,221521.0,,,31839.0,16.0
Switzerland,12688.0,2020-09-01,255397.0,,226586.0,,,28811.0,-3028.0
Switzerland,12688.0,2020-10-01,255491.0,,227821.0,,,27670.0,-1141.0
Switzerland,12688.0,2020-11-01,253255.0,,226128.0,,,27127.0,-543.0
Switzerland,12688.0,2020-12-01,255547.0,,229103.0,,,26444.0,-683.0
Switzerland,12688.0,2021-01-01,254007.0,,229654.0,,,24353.0,-2091.0
Switzerland,12688.0,2021-02-01,257749.0,,233779.0,,,23970.0,-383.0
Switzerland,12688.0,2021-03-01,254746.0,,231311.0,,,23435.0,-535.0
Switzerland,12688.0,2021-04-01,260931.0,,235241.0,,,25690.0,2255.0
Switzerland,12688.0,2021-05-01,264817.0,,238261.0,,,26556.0,866.0
Switzerland,12688.0,2021-06-01,302013.0,,270829.0,,,31184.0,4628.0
Switzerland,12688.0,2021-07-01,296203.0,,264548.0,,,31655.0,471.0
Switzerland,12688.0,2021-08-01,292591.0,,259414.0,,,33177.0,1522.0
Switzerland,12688.0,2021-09-01,294388.0,,263838.0,,,30550.0,-2627.0
Switzerland,12688.0,2021-10-01,289939.0,,257611.0,,,32328.0,1778.0
Switzerland,12688.0,2021-11-01,288383.0,,257878.0,,,30505.0,-1823.0
Switzerland,12688.0,2021-12-01,284046.0,,253312.0,,,30734.0,229.0
Switzerland,12688.0,2022-01-01,295388.0,,262885.0,,,32503.0,1769.0
Switzerland,12688.0,2022-02-01,278043.0,,252221.0,,,25822.0,-6681.0
Switzerland,12688.0,2022-03-01,270726.0,,238922.0,,,31804.0,5982.0
Switzerland,12688.0,2022-04-01,268041.0,,237653.0,,,30388.0,-1416.0
Switzerland,12688.0,2022-05-01,287146.0,,254206.0,,,32940.0,2552.0
Switzerland,12688.0,2022-06-01,291465.0,,260747.0,,,30718.0,-2222.0
Switzerland,12688.0,2022-07-01,283128.0,,250364.0,,,32764.0,2046.0
Switzerland,12688.0,2022-08-01,290619.0,,255654.0,,,34965.0,2201.0
Switzerland,12688.0,2022-09-01,273252.0,,235536.0,,,37716.0,2751.0
Switzerland,12688.0,2022-10-01,258360.0,,211175.0,,,47185.0,9469.0
Switzerland,12688.0,2022-11-01,266577.0,,218489.0,,,48088.0,903.0
Switzerland,12688.0,2022-12-01,269525.0,,220111.0,,,49414.0,1326.0
Switzerland,12688.0,2023-01-01,290470.0,,236119.0,,,54351.0,4937.0
Switzerland,12688.0,2023-02-01,290146.0,2864.0,233619.0,688.0,-2765.0,56527.0,2176.0
Switzerland,12688.0,2023-03-01,305394.0,11419.0,239235.0,1787.0,4603.0,66159.0,9632.0
Switzerland,12688.0,2023-04-01,298306.0,-13454.0,234179.0,-11422.0,2657.0,64127.0,-2032.0
Switzerland,12688.0,2023-05-01,304450.0,19151.0,245043.0,23871.0,-2128.0,59407.0,-4720.0
Switzerland,12688.0,2023-06-01,306165.0,4500.0,243225.0,967.0,-1322.0,62940.0,3533.0
Switzerland,12688.0,2023-07-01,302180.0,-2480.0,237281.0,-4439.0,109.0,64899.0,1959.0
Switzerland,12688.0,2023-08-01,283475.0,-27513.0,226846.0,-19243.0,-529.0,56629.0,-8270.0
Switzerland,12688.0,2023-09-01,280066.0,-1631.0,225357.0,289.0,7545.0,54709.0,-1920.0
Switzerland,12688.0,2023-10-01,275739.0,-287.0,221835.0,518.0,-1289.0,53904.0,-805.0
Switzerland,12688.0,2023-11-01,276435.0,-589.0,221889.0,-1231.0,3992.0,54546.0,642.0
Switzerland,12688.0,2023-12-01,287375.0,5983.0,231810.0,4964.0,3792.0,55565.0,1019.0
Switzerland,12688.0,2024-01-01,284223.0,-1756.0,233063.0,2649.0,475.0,51160.0,-4405.0
Switzerland,12688.0,2024-02-01,281123.0,1236.0,227483.0,-1244.0,-1584.0,53640.0,2480.0
Switzerland,12688.0,2024-03-01,286680.0,4276.0,233793.0,5029.0,2584.0,52887.0,-753.0
Switzerland,12688.0,2024-04-01,290517.0,7036.0,237890.0,7296.0,-2259.0,52627.0,-260.0
Switzerland,12688.0,2024-05-01,290484.0,8015.0,233461.0,3619.0,-5330.0,57023.0,4396.0
Switzerland,12688.0,2024-06-01,287375.0,-4066.0,228157.0,-6261.0,1324.0,59218.0,2195.0
Switzerland,12688.0,2024-07-01,289365.0,557.0,233697.0,4107.0,335.0,55668.0,-3550.0
Switzerland,12688.0,2024-08-01,299339.0,8816.0,235745.0,890.0,952.0,63594.0,7926.0
Switzerland,12688.0,2024-09-01,305535.0,5675.0,236446.0,180.0,1686.0,69089.0,5495.0
Switzerland,12688.0,2024-10-01,297924.0,-1542.0,233406.0,3029.0,-5188.0,64518.0,-4571.0
Switzerland,12688.0,2024-11-01,298706.0,-616.0,234546.0,-258.0,1223.0,64160.0,-358.0
Switzerland,12688.0,2024-12-01,298748.0,4105.0,236954.0,6471.0,-3248.0,61794.0,-2366.0
Switzerland,12688.0,2025-01-01,301150.0,1174.0,239194.0,1012.0,1977.0,61956.0,162.0
Switzerland,12688.0,2025-02-01,290767.0,-9702.0,230804.0,-7709.0,3343.0,59963.0,-1993.0
Switzerland,12688.0,2025-03-01,311650.0,26660.0,244734.0,19707.0,471.0,66916.0,6953.0
Switzerland,12688.0,2025-04-01,310857.0,-1869.0,249753.0,3943.0,1247.0,61104.0,-5812.0
Switzerland,12688.0,2025-05-01,303719.0,-4712.0,243268.0,-4059.0,-1964.0,60451.0,-653.0
Switzerland,12688.0,2025-06-01,300609.0,-4950.0,239834.0,-5274.0,1806.0,60775.0,324.0
Switzerland,12688.0,2025-07-01,303194.0,4316.0,240998.0,2895.0,-1387.0,62196.0,1421.0
Switzerland,12688.0,2025-08-01,303017.0,-2896.0,241247.0,-2470.0,2119.0,61770.0,-426.0
Switzerland,12688.0,2025-09-01,301816.0,-358.0,242898.0,2494.0,973.0,58918.0,-2852.0
Switzerland,12688.0,2025-10-01,302022.0,1357.0,240866.0,-881.0,782.0,61156.0,2238.0
Switzerland,12688.0,2025-11-01,300361.0,-1594.0,242971.0,2172.0,1010.0,57390.0,-3766.0
Switzerland,12688.0,2025-12-01,294093.0,-4197.0,235145.0,-5755.0,-1135.0,58948.0,1558.0
Switzerland,12688.0,2026-01-01,289191.0,-6317.0,233042.0,-3518.0,1.0,56149.0,-2799.0
Switzerland,12688.0,2026-02-01,286651.0,-2575.0,229966.0,-3111.0,2846.0,56685.0,536.0
Switzerland,12688.0,2026-03-01,286368.0,2908.0,230444.0,3669.0,-3762.0,55924.0,-761.0
Switzerland,12688.0,2026-04-01,288631.0,2479.0,231190.0,962.0,-515.0,57441.0,1517.0
Switzerland,12688.0,2026-05-01,281111.0,-4548.0,225888.0,-2330.0,-608.0,55223.0,-2218.0
Syria,46205.0,2020-01-01,,,0.0,,,,
Syria,46205.0,2020-02-01,,,0.0,,,,
Syria,46205.0,2020-03-01,,,0.0,,,,
Syria,46205.0,2020-04-01,,,0.0,,,,
Syria,46205.0,2020-05-01,,,0.0,,,,
Syria,46205.0,2020-06-01,,,0.0,,,,
Syria,46205.0,2020-07-01,,,0.0,,,,
Syria,46205.0,2020-08-01,,,0.0,,,,
Syria,46205.0,2020-09-01,,,0.0,,,,
Syria,46205.0,2020-10-01,,,0.0,,,,
Syria,46205.0,2020-11-01,,,0.0,,,,
Syria,46205.0,2020-12-01,,,0.0,,,,
Syria,46205.0,2021-01-01,,,0.0,,,,
Syria,46205.0,2021-02-01,,,0.0,,,,
Syria,46205.0,2021-03-01,,,0.0,,,,
Syria,46205.0,2021-04-01,,,0.0,,,,
Syria,46205.0,2021-05-01,,,0.0,,,,
Syria,46205.0,2021-06-01,,,0.0,,,,
Syria,46205.0,2021-07-01,,,0.0,,,,
Syria,46205.0,2021-08-01,,,0.0,,,,
Syria,46205.0,2021-09-01,,,0.0,,,,
Syria,46205.0,2021-10-01,,,0.0,,,,
Syria,46205.0,2021-11-01,,,0.0,,,,
Syria,46205.0,2021-12-01,,,0.0,,,,
Syria,46205.0,2022-01-01,,,0.0,,,,
Syria,46205.0,2022-02-01,,,0.0,,,,
Syria,46205.0,2022-03-01,,,0.0,,,,
Syria,46205.0,2022-04-01,,,0.0,,,,
Syria,46205.0,2022-05-01,,,0.0,,,,
Syria,46205.0,2022-06-01,,,0.0,,,,
Syria,46205.0,2022-07-01,,,0.0,,,,
Syria,46205.0,2022-08-01,,,0.0,,,,
Syria,46205.0,2022-09-01,,,0.0,,,,
Syria,46205.0,2022-10-01,,,0.0,,,,
Syria,46205.0,2022-11-01,,,1.0,,,,
Syria,46205.0,2022-12-01,,,0.0,,,,
Syria,46205.0,2023-01-01,,,0.0,,,,
Syria,46205.0,2023-02-01,,,0.0,0.0,0.0,,
Syria,46205.0,2023-03-01,,,0.0,0.0,0.0,,
Syria,46205.0,2023-04-01,,,0.0,0.0,0.0,,
Syria,46205.0,2023-05-01,,,0.0,0.0,0.0,,
Syria,46205.0,2023-06-01,,,0.0,0.0,0.0,,
Syria,46205.0,2023-07-01,,,0.0,0.0,0.0,,
Syria,46205.0,2023-08-01,,,0.0,0.0,0.0,,
Syria,46205.0,2023-09-01,,,0.0,0.0,0.0,,
Syria,46205.0,2023-10-01,,,0.0,0.0,0.0,,
Syria,46205.0,2023-11-01,,,0.0,0.0,0.0,,
Syria,46205.0,2023-12-01,,,0.0,0.0,0.0,,
Syria,46205.0,2024-01-01,,,0.0,0.0,0.0,,
Syria,46205.0,2024-02-01,,,0.0,0.0,0.0,,
Syria,46205.0,2024-03-01,,,0.0,0.0,0.0,,
Syria,46205.0,2024-04-01,,,0.0,0.0,0.0,,
Syria,46205.0,2024-05-01,,,0.0,0.0,0.0,,
Syria,46205.0,2024-06-01,,,0.0,0.0,0.0,,
Syria,46205.0,2024-07-01,,,0.0,0.0,0.0,,
Syria,46205.0,2024-08-01,,,0.0,0.0,0.0,,
Syria,46205.0,2024-09-01,,,0.0,0.0,0.0,,
Syria,46205.0,2024-10-01,,,0.0,0.0,0.0,,
Syria,46205.0,2024-11-01,,,0.0,0.0,0.0,,
Syria,46205.0,2024-12-01,,,0.0,0.0,0.0,,
Syria,46205.0,2025-01-01,,,0.0,0.0,0.0,,
Syria,46205.0,2025-02-01,,,0.0,0.0,0.0,,
Syria,46205.0,2025-03-01,,,0.0,0.0,0.0,,
Syria,46205.0,2025-04-01,,,0.0,0.0,0.0,,
Syria,46205.0,2025-05-01,,,0.0,0.0,0.0,,
Syria,46205.0,2025-06-01,,,0.0,0.0,0.0,,
Syria,46205.0,2025-07-01,,,0.0,0.0,0.0,,
Syria,46205.0,2025-08-01,,,0.0,0.0,0.0,,
Syria,46205.0,2025-09-01,,,0.0,0.0,0.0,,
Syria,46205.0,2025-10-01,,,0.0,0.0,0.0,,
Syria,46205.0,2025-11-01,,,0.0,0.0,0.0,,
Syria,46205.0,2025-12-01,,,0.0,0.0,0.0,,
Syria,46205.0,2026-01-01,,,0.0,0.0,0.0,,
Syria,46205.0,2026-02-01,,,0.0,0.0,0.0,,
Syria,46205.0,2026-03-01,,,0.0,0.0,0.0,,
Syria,46205.0,2026-04-01,,,0.0,0.0,0.0,,
Syria,46205.0,2026-05-01,,,0.0,0.0,0.0,,
Taiwan,46302.0,2020-01-01,199229.0,,195494.0,,,3735.0,1676.0
Taiwan,46302.0,2020-02-01,201875.0,,198158.0,,,3717.0,-18.0
Taiwan,46302.0,2020-03-01,204987.0,,201177.0,,,3810.0,93.0
Taiwan,46302.0,2020-04-01,201667.0,,197900.0,,,3767.0,-43.0
Taiwan,46302.0,2020-05-01,199241.0,,195121.0,,,4120.0,353.0
Taiwan,46302.0,2020-06-01,204587.0,,199915.0,,,4672.0,552.0
Taiwan,46302.0,2020-07-01,209718.0,,205368.0,,,4350.0,-322.0
Taiwan,46302.0,2020-08-01,211979.0,,207402.0,,,4577.0,227.0
Taiwan,46302.0,2020-09-01,213503.0,,208935.0,,,4568.0,-9.0
Taiwan,46302.0,2020-10-01,218160.0,,213237.0,,,4923.0,355.0
Taiwan,46302.0,2020-11-01,222321.0,,216623.0,,,5698.0,775.0
Taiwan,46302.0,2020-12-01,235421.0,,229881.0,,,5540.0,-158.0
Taiwan,46302.0,2021-01-01,239645.0,,234074.0,,,5571.0,31.0
Taiwan,46302.0,2021-02-01,234470.0,,229010.0,,,5460.0,-111.0
Taiwan,46302.0,2021-03-01,231515.0,,225779.0,,,5736.0,276.0
Taiwan,46302.0,2021-04-01,233984.0,,228649.0,,,5335.0,-401.0
Taiwan,46302.0,2021-05-01,236292.0,,231408.0,,,4884.0,-451.0
Taiwan,46302.0,2021-06-01,239338.0,,234238.0,,,5100.0,216.0
Taiwan,46302.0,2021-07-01,242218.0,,237397.0,,,4821.0,-279.0
Taiwan,46302.0,2021-08-01,237194.0,,233082.0,,,4112.0,-709.0
Taiwan,46302.0,2021-09-01,239405.0,,234943.0,,,4462.0,350.0
Taiwan,46302.0,2021-10-01,242357.0,,237132.0,,,5225.0,763.0
Taiwan,46302.0,2021-11-01,247191.0,,241155.0,,,6036.0,811.0
Taiwan,46302.0,2021-12-01,249491.0,,242047.0,,,7444.0,1408.0
Taiwan,46302.0,2022-01-01,247147.0,,239067.0,,,8080.0,636.0
Taiwan,46302.0,2022-02-01,247037.0,,239439.0,,,7598.0,-482.0
Taiwan,46302.0,2022-03-01,236866.0,,229884.0,,,6982.0,-616.0
Taiwan,46302.0,2022-04-01,226891.0,,221131.0,,,5760.0,-1222.0
Taiwan,46302.0,2022-05-01,229058.0,,222668.0,,,6390.0,630.0
Taiwan,46302.0,2022-06-01,232338.0,,226713.0,,,5625.0,-765.0
Taiwan,46302.0,2022-07-01,238236.0,,232288.0,,,5948.0,323.0
Taiwan,46302.0,2022-08-01,231463.0,,225378.0,,,6085.0,137.0
Taiwan,46302.0,2022-09-01,215260.0,,209361.0,,,5899.0,-186.0
Taiwan,46302.0,2022-10-01,214625.0,,207596.0,,,7029.0,1130.0
Taiwan,46302.0,2022-11-01,224051.0,,217266.0,,,6785.0,-244.0
Taiwan,46302.0,2022-12-01,225412.0,,218151.0,,,7261.0,476.0
Taiwan,46302.0,2023-01-01,234644.0,,226908.0,,,7736.0,475.0
Taiwan,46302.0,2023-02-01,231613.0,2858.0,224024.0,3005.0,-5971.0,7589.0,-147.0
Taiwan,46302.0,2023-03-01,239461.0,1766.0,232023.0,1917.0,6444.0,7438.0,-151.0
Taiwan,46302.0,2023-04-01,244474.0,3344.0,238067.0,4375.0,1589.0,6407.0,-1031.0
Taiwan,46302.0,2023-05-01,239809.0,-1364.0,235617.0,851.0,-3288.0,4192.0,-2215.0
Taiwan,46302.0,2023-06-01,241260.0,3324.0,236221.0,2477.0,-2017.0,5039.0,847.0
Taiwan,46302.0,2023-07-01,242981.0,3242.0,236804.0,2104.0,-1291.0,6177.0,1138.0
Taiwan,46302.0,2023-08-01,240965.0,-71.0,235505.0,646.0,-1949.0,5460.0,-717.0
Taiwan,46302.0,2023-09-01,236333.0,1585.0,231311.0,2023.0,-5753.0,5022.0,-438.0
Taiwan,46302.0,2023-10-01,231380.0,-361.0,225250.0,-1469.0,-3435.0,6130.0,1108.0
Taiwan,46302.0,2023-11-01,238040.0,-1843.0,232751.0,-1002.0,8427.0,5289.0,-841.0
Taiwan,46302.0,2023-12-01,253961.0,6206.0,249081.0,6615.0,7386.0,4880.0,-409.0
Taiwan,46302.0,2024-01-01,257648.0,4095.0,253942.0,5269.0,-574.0,3706.0,-1174.0
Taiwan,46302.0,2024-02-01,257508.0,4262.0,254097.0,4557.0,-4710.0,3411.0,-295.0
Taiwan,46302.0,2024-03-01,260990.0,2861.0,258006.0,3288.0,520.0,2984.0,-427.0
Taiwan,46302.0,2024-04-01,259311.0,6036.0,255702.0,5411.0,-7819.0,3609.0,625.0
Taiwan,46302.0,2024-05-01,265377.0,1923.0,261896.0,2051.0,3884.0,3481.0,-128.0
Taiwan,46302.0,2024-06-01,267891.0,479.0,264683.0,752.0,2107.0,3208.0,-273.0
Taiwan,46302.0,2024-07-01,277334.0,3658.0,274120.0,3652.0,6082.0,3214.0,6.0
Taiwan,46302.0,2024-08-01,287091.0,5588.0,283709.0,5420.0,3456.0,3382.0,168.0
Taiwan,46302.0,2024-09-01,291087.0,1430.0,288256.0,1981.0,3018.0,2831.0,-551.0
Taiwan,46302.0,2024-10-01,287905.0,5752.0,283910.0,4588.0,-8426.0,3995.0,1164.0
Taiwan,46302.0,2024-11-01,285953.0,-2790.0,282658.0,-2090.0,1438.0,3295.0,-700.0
Taiwan,46302.0,2024-12-01,292303.0,4924.0,289199.0,5115.0,-6843.0,3104.0,-191.0
Taiwan,46302.0,2025-01-01,298638.0,6861.0,295592.0,6919.0,1916.0,3046.0,-58.0
Taiwan,46302.0,2025-02-01,306215.0,-4020.0,303430.0,-3759.0,11340.0,2785.0,-261.0
Taiwan,46302.0,2025-03-01,308183.0,3253.0,304491.0,2346.0,197.0,3692.0,907.0
Taiwan,46302.0,2025-04-01,311503.0,1058.0,307582.0,829.0,2348.0,3921.0,229.0
Taiwan,46302.0,2025-05-01,304839.0,-2469.0,300875.0,-2512.0,-4565.0,3964.0,43.0
Taiwan,46302.0,2025-06-01,307203.0,2149.0,303677.0,2587.0,97.0,3526.0,-438.0
Taiwan,46302.0,2025-07-01,308824.0,3489.0,305899.0,4090.0,105.0,2925.0,-601.0
Taiwan,46302.0,2025-08-01,313375.0,-1819.0,310113.0,-2156.0,3068.0,3262.0,337.0
Taiwan,46302.0,2025-09-01,312522.0,1028.0,309433.0,1201.0,-1811.0,3089.0,-173.0
Taiwan,46302.0,2025-10-01,309417.0,-395.0,306004.0,-719.0,-2365.0,3413.0,324.0
Taiwan,46302.0,2025-11-01,312911.0,-3393.0,308638.0,-4253.0,7528.0,4273.0,860.0
Taiwan,46302.0,2025-12-01,310553.0,1269.0,305884.0,873.0,-3750.0,4669.0,396.0
Taiwan,46302.0,2026-01-01,307795.0,1052.0,302985.0,911.0,-4092.0,4810.0,141.0
Taiwan,46302.0,2026-02-01,313537.0,-5508.0,307862.0,-6373.0,11227.0,5675.0,865.0
Taiwan,46302.0,2026-03-01,300794.0,2379.0,294733.0,1993.0,-14985.0,6061.0,386.0
Taiwan,46302.0,2026-04-01,300912.0,1561.0,294980.0,1690.0,-1635.0,5932.0,-129.0
Taiwan,46302.0,2026-05-01,306006.0,-2650.0,300247.0,-2477.0,7919.0,5759.0,-173.0
Thailand,46418.0,2020-01-01,95999.0,,75667.0,,,20332.0,4452.0
Thailand,46418.0,2020-02-01,91259.0,,74166.0,,,17093.0,-3239.0
Thailand,46418.0,2020-03-01,81775.0,,72206.0,,,9569.0,-7524.0
Thailand,46418.0,2020-04-01,80532.0,,69731.0,,,10801.0,1232.0
Thailand,46418.0,2020-05-01,85785.0,,73327.0,,,12458.0,1657.0
Thailand,46418.0,2020-06-01,85516.0,,74000.0,,,11516.0,-942.0
Thailand,46418.0,2020-07-01,87876.0,,75067.0,,,12809.0,1293.0
Thailand,46418.0,2020-08-01,85738.0,,78745.0,,,6993.0,-5816.0
Thailand,46418.0,2020-09-01,83228.0,,75588.0,,,7640.0,647.0
Thailand,46418.0,2020-10-01,81998.0,,75195.0,,,6803.0,-837.0
Thailand,46418.0,2020-11-01,82019.0,,74546.0,,,7473.0,670.0
Thailand,46418.0,2020-12-01,80032.0,,74477.0,,,5555.0,-1918.0
Thailand,46418.0,2021-01-01,82188.0,,75651.0,,,6537.0,982.0
Thailand,46418.0,2021-02-01,80571.0,,74912.0,,,5659.0,-878.0
Thailand,46418.0,2021-03-01,66850.0,,63164.0,,,3686.0,-1973.0
Thailand,46418.0,2021-04-01,59794.0,,54954.0,,,4840.0,1154.0
Thailand,46418.0,2021-05-01,56970.0,,52804.0,,,4166.0,-674.0
Thailand,46418.0,2021-06-01,56027.0,,51823.0,,,4204.0,38.0
Thailand,46418.0,2021-07-01,57338.0,,51347.0,,,5991.0,1787.0
Thailand,46418.0,2021-08-01,57259.0,,48682.0,,,8577.0,2586.0
Thailand,46418.0,2021-09-01,60953.0,,49164.0,,,11789.0,3212.0
Thailand,46418.0,2021-10-01,59230.0,,46180.0,,,13050.0,1261.0
Thailand,46418.0,2021-11-01,62373.0,,46167.0,,,16206.0,3156.0
Thailand,46418.0,2021-12-01,61709.0,,45445.0,,,16264.0,58.0
Thailand,46418.0,2022-01-01,62112.0,,45313.0,,,16799.0,535.0
Thailand,46418.0,2022-02-01,61586.0,,45362.0,,,16224.0,-575.0
Thailand,46418.0,2022-03-01,63726.0,,44400.0,,,19326.0,3102.0
Thailand,46418.0,2022-04-01,57199.0,,40306.0,,,16893.0,-2433.0
Thailand,46418.0,2022-05-01,49367.0,,29496.0,,,19871.0,2978.0
Thailand,46418.0,2022-06-01,48973.0,,28612.0,,,20361.0,490.0
Thailand,46418.0,2022-07-01,48026.0,,28276.0,,,19750.0,-611.0
Thailand,46418.0,2022-08-01,47465.0,,28143.0,,,19322.0,-428.0
Thailand,46418.0,2022-09-01,43341.0,,28200.0,,,15141.0,-4181.0
Thailand,46418.0,2022-10-01,43037.0,,28093.0,,,14944.0,-197.0
Thailand,46418.0,2022-11-01,41448.0,,28003.0,,,13445.0,-1499.0
Thailand,46418.0,2022-12-01,45969.0,,28571.0,,,17398.0,3953.0
Thailand,46418.0,2023-01-01,52766.0,,28899.0,,,23867.0,6469.0
Thailand,46418.0,2023-02-01,57149.0,4902.0,33857.0,5477.0,-522.0,23292.0,-575.0
Thailand,46418.0,2023-03-01,64442.0,6370.0,43657.0,8877.0,926.0,20785.0,-2507.0
Thailand,46418.0,2023-04-01,65117.0,765.0,45958.0,2391.0,-98.0,19159.0,-1626.0
Thailand,46418.0,2023-05-01,63982.0,-560.0,46024.0,641.0,-568.0,17958.0,-1201.0
Thailand,46418.0,2023-06-01,62813.0,-790.0,46388.0,743.0,-378.0,16425.0,-1533.0
Thailand,46418.0,2023-07-01,61473.0,-1202.0,45745.0,-505.0,-192.0,15728.0,-697.0
Thailand,46418.0,2023-08-01,59392.0,-1833.0,44286.0,-1211.0,-246.0,15106.0,-622.0
Thailand,46418.0,2023-09-01,59936.0,1181.0,42309.0,-1340.0,-606.0,17627.0,2521.0
Thailand,46418.0,2023-10-01,59626.0,103.0,41616.0,-280.0,-412.0,18010.0,383.0
Thailand,46418.0,2023-11-01,62232.0,1605.0,41700.0,-917.0,1100.0,20532.0,2522.0
Thailand,46418.0,2023-12-01,62307.0,-884.0,41787.0,-872.0,917.0,20520.0,-12.0
Thailand,46418.0,2024-01-01,61829.0,-369.0,40306.0,-1372.0,-72.0,21523.0,1003.0
Thailand,46418.0,2024-02-01,62814.0,1653.0,39884.0,246.0,-656.0,22930.0,1407.0
Thailand,46418.0,2024-03-01,64924.0,1218.0,43890.0,3114.0,846.0,21034.0,-1896.0
Thailand,46418.0,2024-04-01,66968.0,2683.0,42760.0,-491.0,-613.0,24208.0,3174.0
Thailand,46418.0,2024-05-01,71574.0,4336.0,43073.0,43.0,246.0,28501.0,4293.0
Thailand,46418.0,2024-06-01,75805.0,3981.0,45643.0,2320.0,250.0,30162.0,1661.0
Thailand,46418.0,2024-07-01,72685.0,-3837.0,46115.0,-245.0,738.0,26570.0,-3592.0
Thailand,46418.0,2024-08-01,75223.0,2161.0,46780.0,288.0,375.0,28443.0,1873.0
Thailand,46418.0,2024-09-01,76443.0,932.0,52054.0,4986.0,288.0,24389.0,-4054.0
Thailand,46418.0,2024-10-01,71239.0,-4132.0,53698.0,2716.0,-1060.0,17541.0,-6848.0
Thailand,46418.0,2024-11-01,71750.0,348.0,53840.0,-21.0,163.0,17910.0,369.0
Thailand,46418.0,2024-12-01,69992.0,-1286.0,52838.0,-530.0,-472.0,17154.0,-756.0
Thailand,46418.0,2025-01-01,76164.0,6030.0,53469.0,489.0,148.0,22695.0,5541.0
Thailand,46418.0,2025-02-01,79579.0,2793.0,54032.0,-59.0,634.0,25547.0,2852.0
Thailand,46418.0,2025-03-01,77854.0,-1835.0,58580.0,4438.0,110.0,19274.0,-6273.0
Thailand,46418.0,2025-04-01,78287.0,55.0,58545.0,-413.0,382.0,19742.0,468.0
Thailand,46418.0,2025-05-01,76380.0,-1359.0,57963.0,-34.0,-548.0,18417.0,-1325.0
Thailand,46418.0,2025-06-01,83353.0,6639.0,61403.0,3106.0,335.0,21950.0,3533.0
Thailand,46418.0,2025-07-01,87803.0,4755.0,61975.0,877.0,-308.0,25828.0,3878.0
Thailand,46418.0,2025-08-01,88177.0,-197.0,63017.0,471.0,574.0,25160.0,-668.0
Thailand,46418.0,2025-09-01,90385.0,2256.0,65523.0,2554.0,-52.0,24862.0,-298.0
Thailand,46418.0,2025-10-01,85651.0,-4792.0,66002.0,421.0,59.0,19649.0,-5213.0
Thailand,46418.0,2025-11-01,81883.0,-3964.0,66830.0,632.0,197.0,15053.0,-4596.0
Thailand,46418.0,2025-12-01,82759.0,1085.0,67180.0,559.0,-206.0,15579.0,526.0
Thailand,46418.0,2026-01-01,84989.0,2330.0,66993.0,-87.0,-102.0,17996.0,2417.0
Thailand,46418.0,2026-02-01,87946.0,2482.0,67698.0,230.0,495.0,20248.0,2252.0
Thailand,46418.0,2026-03-01,86489.0,-541.0,68152.0,1370.0,-922.0,18337.0,-1911.0
Thailand,46418.0,2026-04-01,88895.0,2480.0,67632.0,-446.0,-57.0,21263.0,2926.0
Thailand,46418.0,2026-05-01,85065.0,-3601.0,67643.0,240.0,-247.0,17422.0,-3841.0
Total Africa,59994.0,2020-01-01,64886.0,,38764.0,,,26122.0,3371.0
Total Africa,59994.0,2020-02-01,67967.0,,40736.0,,,27231.0,1109.0
Total Africa,59994.0,2020-03-01,68845.0,,41734.0,,,27111.0,-120.0
Total Africa,59994.0,2020-04-01,58009.0,,37276.0,,,20733.0,-6378.0
Total Africa,59994.0,2020-05-01,57805.0,,37712.0,,,20093.0,-640.0
Total Africa,59994.0,2020-06-01,59573.0,,38487.0,,,21086.0,993.0
Total Africa,59994.0,2020-07-01,61386.0,,38987.0,,,22399.0,1313.0
Total Africa,59994.0,2020-08-01,60628.0,,37834.0,,,22794.0,395.0
Total Africa,59994.0,2020-09-01,61866.0,,38061.0,,,23805.0,1011.0
Total Africa,59994.0,2020-10-01,61806.0,,37559.0,,,24247.0,442.0
Total Africa,59994.0,2020-11-01,61902.0,,36925.0,,,24977.0,730.0
Total Africa,59994.0,2020-12-01,64338.0,,38998.0,,,25340.0,363.0
Total Africa,59994.0,2021-01-01,64371.0,,35743.0,,,28628.0,3288.0
Total Africa,59994.0,2021-02-01,63151.0,,35653.0,,,27498.0,-1130.0
Total Africa,59994.0,2021-03-01,64296.0,,36011.0,,,28285.0,787.0
Total Africa,59994.0,2021-04-01,63592.0,,37740.0,,,25852.0,-2433.0
Total Africa,59994.0,2021-05-01,63083.0,,36787.0,,,26296.0,444.0
Total Africa,59994.0,2021-06-01,62932.0,,37875.0,,,25057.0,-1239.0
Total Africa,59994.0,2021-07-01,64485.0,,40932.0,,,23553.0,-1504.0
Total Africa,59994.0,2021-08-01,62818.0,,41523.0,,,21295.0,-2258.0
Total Africa,59994.0,2021-09-01,62077.0,,41136.0,,,20941.0,-354.0
Total Africa,59994.0,2021-10-01,60348.0,,41415.0,,,18933.0,-2008.0
Total Africa,59994.0,2021-11-01,58703.0,,40591.0,,,18112.0,-821.0
Total Africa,59994.0,2021-12-01,58443.0,,38274.0,,,20169.0,2057.0
Total Africa,59994.0,2022-01-01,54041.0,,32930.0,,,21111.0,942.0
Total Africa,59994.0,2022-02-01,56673.0,,39500.0,,,17173.0,-3938.0
Total Africa,59994.0,2022-03-01,49562.0,,38625.0,,,10937.0,-6236.0
Total Africa,59994.0,2022-04-01,49319.0,,38675.0,,,10644.0,-293.0
Total Africa,59994.0,2022-05-01,47429.0,,37444.0,,,9985.0,-659.0
Total Africa,59994.0,2022-06-01,48703.0,,38902.0,,,9801.0,-184.0
Total Africa,59994.0,2022-07-01,49855.0,,39734.0,,,10121.0,320.0
Total Africa,59994.0,2022-08-01,49541.0,,39765.0,,,9776.0,-345.0
Total Africa,59994.0,2022-09-01,50876.0,,39821.0,,,11055.0,1279.0
Total Africa,59994.0,2022-10-01,49552.0,,37574.0,,,11978.0,923.0
Total Africa,59994.0,2022-11-01,47674.0,,36323.0,,,11351.0,-627.0
Total Africa,59994.0,2022-12-01,46380.0,,37090.0,,,9290.0,-2061.0
Total Africa,59994.0,2023-01-01,47940.0,,37191.0,,,10749.0,1459.0
Total Africa,59994.0,2023-02-01,44550.0,-2542.0,35229.0,-1114.0,-73.0,9321.0,-1428.0
Total Africa,59994.0,2023-03-01,46319.0,1034.0,35943.0,-21.0,617.0,10376.0,1055.0
Total Africa,59994.0,2023-04-01,44609.0,-1060.0,35449.0,156.0,234.0,9160.0,-1216.0
Total Africa,59994.0,2023-05-01,44070.0,-190.0,36059.0,959.0,254.0,8011.0,-1149.0
Total Africa,59994.0,2023-06-01,46218.0,949.0,38269.0,1011.0,1007.0,7949.0,-62.0
Total Africa,59994.0,2023-07-01,47206.0,1362.0,37687.0,-208.0,358.0,9519.0,1570.0
Total Africa,59994.0,2023-08-01,45765.0,212.0,37094.0,1060.0,-980.0,8671.0,-848.0
Total Africa,59994.0,2023-09-01,46538.0,1181.0,37321.0,635.0,-21.0,9217.0,546.0
Total Africa,59994.0,2023-10-01,46644.0,1241.0,35886.0,-300.0,-203.0,10758.0,1541.0
Total Africa,59994.0,2023-11-01,45615.0,-123.0,34739.0,-241.0,-529.0,10876.0,118.0
Total Africa,59994.0,2023-12-01,45254.0,-1044.0,35521.0,99.0,216.0,9733.0,-1143.0
Total Africa,59994.0,2024-01-01,43316.0,-2406.0,35007.0,-982.0,-537.0,8309.0,-1424.0
Total Africa,59994.0,2024-02-01,46441.0,3300.0,36083.0,1251.0,-258.0,10358.0,2049.0
Total Africa,59994.0,2024-03-01,44379.0,-1565.0,36019.0,433.0,69.0,8360.0,-1998.0
Total Africa,59994.0,2024-04-01,43053.0,-466.0,34289.0,-870.0,-298.0,8764.0,404.0
Total Africa,59994.0,2024-05-01,43960.0,775.0,33925.0,-496.0,-52.0,10035.0,1271.0
Total Africa,59994.0,2024-06-01,44843.0,788.0,34685.0,665.0,118.0,10158.0,123.0
Total Africa,59994.0,2024-07-01,46831.0,1981.0,35011.0,319.0,222.0,11820.0,1662.0
Total Africa,59994.0,2024-08-01,46541.0,-784.0,36504.0,999.0,389.0,10037.0,-1783.0
Total Africa,59994.0,2024-09-01,47762.0,1262.0,36988.0,525.0,-769.0,10774.0,737.0
Total Africa,59994.0,2024-10-01,48561.0,1438.0,36713.0,364.0,-1686.0,11848.0,1074.0
Total Africa,59994.0,2024-11-01,47321.0,-821.0,38299.0,2005.0,-1632.0,9022.0,-2826.0
Total Africa,59994.0,2024-12-01,46189.0,-1117.0,38629.0,345.0,-1227.0,7560.0,-1462.0
Total Africa,59994.0,2025-01-01,48804.0,3359.0,38211.0,326.0,-1010.0,10593.0,3033.0
Total Africa,59994.0,2025-02-01,48352.0,365.0,37413.0,19.0,-631.0,10939.0,346.0
Total Africa,59994.0,2025-03-01,48597.0,60.0,38649.0,1051.0,205.0,9948.0,-991.0
Total Africa,59994.0,2025-04-01,49522.0,98.0,39976.0,500.0,333.0,9546.0,-402.0
Total Africa,59994.0,2025-05-01,47261.0,-1074.0,38815.0,26.0,-1103.0,8446.0,-1100.0
Total Africa,59994.0,2025-06-01,48648.0,1575.0,39007.0,380.0,-736.0,9641.0,1195.0
Total Africa,59994.0,2025-07-01,49975.0,1792.0,40233.0,1691.0,-221.0,9742.0,101.0
Total Africa,59994.0,2025-08-01,54371.0,4431.0,41523.0,1325.0,-692.0,12848.0,3106.0
Total Africa,59994.0,2025-09-01,47109.0,-6934.0,40003.0,-1192.0,-120.0,7106.0,-5742.0
Total Africa,59994.0,2025-10-01,49571.0,5131.0,38256.0,922.0,-790.0,11315.0,4209.0
Total Africa,59994.0,2025-11-01,47854.0,422.0,36797.0,680.0,-872.0,11057.0,-258.0
Total Africa,59994.0,2025-12-01,52001.0,2367.0,39509.0,932.0,-227.0,12492.0,1435.0
Total Africa,59994.0,2026-01-01,53789.0,2212.0,39019.0,-66.0,-1185.0,14770.0,2278.0
Total Africa,59994.0,2026-02-01,56772.0,2848.0,40065.0,911.0,49.0,16707.0,1937.0
Total Africa,59994.0,2026-03-01,54986.0,-1271.0,39600.0,50.0,-1336.0,15386.0,-1321.0
Total Africa,59994.0,2026-04-01,58065.0,3598.0,40430.0,1349.0,-1231.0,17635.0,2249.0
Total Africa,59994.0,2026-05-01,59851.0,2045.0,42207.0,2036.0,-942.0,17644.0,9.0
Total Asia,49999.0,2020-01-01,3786788.0,,3548912.0,,,237876.0,18501.0
Total Asia,49999.0,2020-02-01,3885455.0,,3640408.0,,,245047.0,7171.0
Total Asia,49999.0,2020-03-01,3771264.0,,3544973.0,,,226291.0,-18756.0
Total Asia,49999.0,2020-04-01,3738350.0,,3474974.0,,,263376.0,37085.0
Total Asia,49999.0,2020-05-01,3769204.0,,3477467.0,,,291737.0,28361.0
Total Asia,49999.0,2020-06-01,3784627.0,,3485349.0,,,299278.0,7541.0
Total Asia,49999.0,2020-07-01,3848435.0,,3536745.0,,,311690.0,12412.0
Total Asia,49999.0,2020-08-01,3829281.0,,3527701.0,,,301580.0,-10110.0
Total Asia,49999.0,2020-09-01,3831368.0,,3529092.0,,,302276.0,696.0
Total Asia,49999.0,2020-10-01,3814467.0,,3512245.0,,,302222.0,-54.0
Total Asia,49999.0,2020-11-01,3824318.0,,3524282.0,,,300036.0,-2186.0
Total Asia,49999.0,2020-12-01,3823177.0,,3529588.0,,,293589.0,-6447.0
Total Asia,49999.0,2021-01-01,3871871.0,,3565009.0,,,306862.0,13273.0
Total Asia,49999.0,2021-02-01,3869134.0,,3531978.0,,,337156.0,30294.0
Total Asia,49999.0,2021-03-01,3833138.0,,3530954.0,,,302184.0,-34972.0
Total Asia,49999.0,2021-04-01,3855420.0,,3593091.0,,,262329.0,-39855.0
Total Asia,49999.0,2021-05-01,3857328.0,,3613968.0,,,243360.0,-18969.0
Total Asia,49999.0,2021-06-01,3884116.0,,3652379.0,,,231737.0,-11623.0
Total Asia,49999.0,2021-07-01,3935835.0,,3697196.0,,,238639.0,6902.0
Total Asia,49999.0,2021-08-01,3906678.0,,3678432.0,,,228246.0,-10393.0
Total Asia,49999.0,2021-09-01,3902357.0,,3672640.0,,,229717.0,1471.0
Total Asia,49999.0,2021-10-01,3923154.0,,3689888.0,,,233266.0,3549.0
Total Asia,49999.0,2021-11-01,3920434.0,,3681348.0,,,239086.0,5820.0
Total Asia,49999.0,2021-12-01,3876771.0,,3632484.0,,,244287.0,5201.0
Total Asia,49999.0,2022-01-01,3863708.0,,3613268.0,,,250440.0,6153.0
Total Asia,49999.0,2022-02-01,3842386.0,,3590539.0,,,251847.0,1407.0
Total Asia,49999.0,2022-03-01,3728617.0,,3468313.0,,,260304.0,8457.0
Total Asia,49999.0,2022-04-01,3620016.0,,3360017.0,,,259999.0,-305.0
Total Asia,49999.0,2022-05-01,3581689.0,,3341231.0,,,240458.0,-19541.0
Total Asia,49999.0,2022-06-01,3595848.0,,3369226.0,,,226622.0,-13836.0
Total Asia,49999.0,2022-07-01,3628391.0,,3396556.0,,,231835.0,5213.0
Total Asia,49999.0,2022-08-01,3605727.0,,3373872.0,,,231855.0,20.0
Total Asia,49999.0,2022-09-01,3419325.0,,3198529.0,,,220796.0,-11059.0
Total Asia,49999.0,2022-10-01,3339422.0,,3130621.0,,,208801.0,-11995.0
Total Asia,49999.0,2022-11-01,3405868.0,,3183924.0,,,221944.0,13143.0
Total Asia,49999.0,2022-12-01,3413597.0,,3168194.0,,,245403.0,23459.0
Total Asia,49999.0,2023-01-01,3465999.0,,3223373.0,,,242626.0,-2777.0
Total Asia,49999.0,2023-02-01,3428623.0,29034.0,3186588.0,29625.0,-60571.0,242035.0,-591.0
Total Asia,49999.0,2023-03-01,3502236.0,-6221.0,3255059.0,-11363.0,71495.0,247177.0,5142.0
Total Asia,49999.0,2023-04-01,3549380.0,39910.0,3319825.0,57532.0,12531.0,229555.0,-17622.0
Total Asia,49999.0,2023-05-01,3488265.0,-18503.0,3277653.0,440.0,-38977.0,210612.0,-18943.0
Total Asia,49999.0,2023-06-01,3454621.0,-17241.0,3255157.0,-6093.0,-24484.0,199464.0,-11148.0
Total Asia,49999.0,2023-07-01,3451844.0,9101.0,3240961.0,-2318.0,-12083.0,210883.0,11419.0
Total Asia,49999.0,2023-08-01,3433439.0,-3778.0,3226488.0,154.0,-12920.0,206951.0,-3932.0
Total Asia,49999.0,2023-09-01,3363511.0,-72.0,3156616.0,-16.0,-66494.0,206895.0,-56.0
Total Asia,49999.0,2023-10-01,3349209.0,17457.0,3149583.0,24726.0,-33905.0,199626.0,-7269.0
Total Asia,49999.0,2023-11-01,3449349.0,16292.0,3232565.0,-866.0,96951.0,216784.0,17158.0
Total Asia,49999.0,2023-12-01,3528909.0,15024.0,3299079.0,1978.0,82490.0,229830.0,13046.0
Total Asia,49999.0,2024-01-01,3534030.0,4607.0,3300251.0,658.0,8865.0,233779.0,3949.0
Total Asia,49999.0,2024-02-01,3513383.0,49351.0,3263442.0,33189.0,-42143.0,249941.0,16162.0
Total Asia,49999.0,2024-03-01,3543377.0,9551.0,3288157.0,4272.0,17697.0,255220.0,5279.0
Total Asia,49999.0,2024-04-01,3526990.0,62755.0,3278275.0,69260.0,-72505.0,248715.0,-6505.0
Total Asia,49999.0,2024-05-01,3530867.0,-23321.0,3292520.0,-12953.0,32056.0,238347.0,-10368.0
Total Asia,49999.0,2024-06-01,3554370.0,-5998.0,3299668.0,-22353.0,37261.0,254702.0,16355.0
Total Asia,49999.0,2024-07-01,3594422.0,-6392.0,3329965.0,-16147.0,49530.0,264457.0,9755.0
Total Asia,49999.0,2024-08-01,3646162.0,17693.0,3342054.0,-21958.0,38024.0,304108.0,39651.0
Total Asia,49999.0,2024-09-01,3666741.0,-2203.0,3340894.0,-23942.0,20143.0,325847.0,21739.0
Total Asia,49999.0,2024-10-01,3669057.0,77770.0,3344828.0,79388.0,-59484.0,324229.0,-1618.0
Total Asia,49999.0,2024-11-01,3663778.0,-14625.0,3338523.0,-15651.0,27445.0,325255.0,1026.0
Total Asia,49999.0,2024-12-01,3595089.0,-12615.0,3256061.0,-26388.0,-56614.0,339028.0,13773.0
Total Asia,49999.0,2025-01-01,3634500.0,48872.0,3241074.0,-5526.0,935.0,393426.0,54398.0
Total Asia,49999.0,2025-02-01,3784994.0,93248.0,3326563.0,28243.0,65379.0,458431.0,65005.0
Total Asia,49999.0,2025-03-01,3765358.0,-16951.0,3306778.0,-17100.0,772.0,458580.0,149.0
Total Asia,49999.0,2025-04-01,3733168.0,-24732.0,3280403.0,-18917.0,14601.0,452765.0,-5815.0
Total Asia,49999.0,2025-05-01,3726517.0,33893.0,3278222.0,38363.0,-32063.0,448295.0,-4470.0
Total Asia,49999.0,2025-06-01,3732292.0,-19721.0,3283843.0,-19875.0,30383.0,448449.0,154.0
Total Asia,49999.0,2025-07-01,3719099.0,5372.0,3265137.0,-141.0,-12351.0,453962.0,5513.0
Total Asia,49999.0,2025-08-01,3778457.0,22793.0,3315955.0,14253.0,27983.0,462502.0,8540.0
Total Asia,49999.0,2025-09-01,3759434.0,-34690.0,3316942.0,-14680.0,20182.0,442492.0,-20010.0
Total Asia,49999.0,2025-10-01,3784705.0,17671.0,3332154.0,7612.0,14470.0,452551.0,10059.0
Total Asia,49999.0,2025-11-01,3797017.0,-3795.0,3355211.0,6950.0,17949.0,441806.0,-10745.0
Total Asia,49999.0,2025-12-01,3789829.0,19018.0,3332069.0,3064.0,-22746.0,457760.0,15954.0
Total Asia,49999.0,2026-01-01,3852225.0,50868.0,3394027.0,50430.0,-3826.0,458198.0,438.0
Total Asia,49999.0,2026-02-01,3918130.0,13673.0,3400516.0,-45743.0,49509.0,517614.0,59416.0
Total Asia,49999.0,2026-03-01,3779043.0,-69040.0,3284387.0,-46082.0,-58446.0,494656.0,-22958.0
Total Asia,49999.0,2026-04-01,3781136.0,25663.0,3298274.0,37457.0,-12139.0,482862.0,-11794.0
Total Asia,49999.0,2026-05-01,3738793.0,-44727.0,3317713.0,17055.0,4855.0,421080.0,-61782.0
Total Caribbean,34401.0,2020-01-01,349194.0,,220636.0,,,128558.0,-3841.0
Total Caribbean,34401.0,2020-02-01,354388.0,,222090.0,,,132298.0,3740.0
Total Caribbean,34401.0,2020-03-01,333023.0,,198312.0,,,134711.0,2413.0
Total Caribbean,34401.0,2020-04-01,335251.0,,188948.0,,,146303.0,11592.0
Total Caribbean,34401.0,2020-05-01,338907.0,,186118.0,,,152789.0,6486.0
Total Caribbean,34401.0,2020-06-01,357741.0,,196797.0,,,160944.0,8155.0
Total Caribbean,34401.0,2020-07-01,349519.0,,196666.0,,,152853.0,-8091.0
Total Caribbean,34401.0,2020-08-01,359432.0,,201246.0,,,158186.0,5333.0
Total Caribbean,34401.0,2020-09-01,361519.0,,194862.0,,,166657.0,8471.0
Total Caribbean,34401.0,2020-10-01,350668.0,,186569.0,,,164099.0,-2558.0
Total Caribbean,34401.0,2020-11-01,350398.0,,180900.0,,,169498.0,5399.0
Total Caribbean,34401.0,2020-12-01,349264.0,,180152.0,,,169112.0,-386.0
Total Caribbean,34401.0,2021-01-01,339558.0,,180320.0,,,159238.0,-9874.0
Total Caribbean,34401.0,2021-02-01,339305.0,,177438.0,,,161867.0,2629.0
Total Caribbean,34401.0,2021-03-01,336579.0,,182860.0,,,153719.0,-8148.0
Total Caribbean,34401.0,2021-04-01,347527.0,,190764.0,,,156763.0,3044.0
Total Caribbean,34401.0,2021-05-01,358019.0,,195382.0,,,162637.0,5874.0
Total Caribbean,34401.0,2021-06-01,390366.0,,219475.0,,,170891.0,8254.0
Total Caribbean,34401.0,2021-07-01,395086.0,,223802.0,,,171284.0,393.0
Total Caribbean,34401.0,2021-08-01,401740.0,,222015.0,,,179725.0,8441.0
Total Caribbean,34401.0,2021-09-01,403933.0,,223197.0,,,180736.0,1011.0
Total Caribbean,34401.0,2021-10-01,413776.0,,223733.0,,,190043.0,9307.0
Total Caribbean,34401.0,2021-11-01,410953.0,,222781.0,,,188172.0,-1871.0
Total Caribbean,34401.0,2021-12-01,419558.0,,226407.0,,,193151.0,4979.0
Total Caribbean,34401.0,2022-01-01,426842.0,,227996.0,,,198846.0,5695.0
Total Caribbean,34401.0,2022-02-01,427802.0,,222151.0,,,205651.0,6805.0
Total Caribbean,34401.0,2022-03-01,449890.0,,236697.0,,,213193.0,7542.0
Total Caribbean,34401.0,2022-04-01,457995.0,,238676.0,,,219319.0,6126.0
Total Caribbean,34401.0,2022-05-01,452746.0,,253734.0,,,199012.0,-20307.0
Total Caribbean,34401.0,2022-06-01,465914.0,,261770.0,,,204144.0,5132.0
Total Caribbean,34401.0,2022-07-01,466896.0,,256603.0,,,210293.0,6149.0
Total Caribbean,34401.0,2022-08-01,488353.0,,262365.0,,,225988.0,15695.0
Total Caribbean,34401.0,2022-09-01,486863.0,,251858.0,,,235005.0,9017.0
Total Caribbean,34401.0,2022-10-01,485323.0,,241702.0,,,243621.0,8616.0
Total Caribbean,34401.0,2022-11-01,485932.0,,252870.0,,,233062.0,-10559.0
Total Caribbean,34401.0,2022-12-01,485059.0,,254318.0,,,230741.0,-2321.0
Total Caribbean,34401.0,2023-01-01,469005.0,,254085.0,,,214920.0,-15821.0
Total Caribbean,34401.0,2023-02-01,473186.0,1836.0,248388.0,-8042.0,-3161.0,224798.0,9878.0
Total Caribbean,34401.0,2023-03-01,489152.0,8511.0,266288.0,10445.0,6686.0,222864.0,-1934.0
Total Caribbean,34401.0,2023-04-01,462628.0,-19934.0,264017.0,4319.0,-236.0,198611.0,-24253.0
Total Caribbean,34401.0,2023-05-01,439096.0,-18936.0,261936.0,2515.0,-5286.0,177160.0,-21451.0
Total Caribbean,34401.0,2023-06-01,463330.0,26679.0,259998.0,507.0,-2399.0,203332.0,26172.0
Total Caribbean,34401.0,2023-07-01,485792.0,13714.0,275700.0,6954.0,-3884.0,210092.0,6760.0
Total Caribbean,34401.0,2023-08-01,500721.0,22154.0,273239.0,4764.0,-2575.0,227482.0,17390.0
Total Caribbean,34401.0,2023-09-01,509739.0,7890.0,277188.0,2821.0,-3852.0,232551.0,5069.0
Total Caribbean,34401.0,2023-10-01,520540.0,7077.0,285366.0,4454.0,-2700.0,235174.0,2623.0
Total Caribbean,34401.0,2023-11-01,517419.0,337.0,293747.0,11839.0,10365.0,223672.0,-11502.0
Total Caribbean,34401.0,2023-12-01,504163.0,-17029.0,290380.0,-7140.0,6650.0,213783.0,-9889.0
Total Caribbean,34401.0,2024-01-01,512785.0,13602.0,303603.0,18203.0,112.0,209182.0,-4601.0
Total Caribbean,34401.0,2024-02-01,495807.0,-14647.0,285072.0,-16200.0,-4443.0,210735.0,1553.0
Total Caribbean,34401.0,2024-03-01,502066.0,-5740.0,291238.0,-5833.0,2755.0,210828.0,93.0
Total Caribbean,34401.0,2024-04-01,514625.0,24151.0,299331.0,19685.0,-6559.0,215294.0,4466.0
Total Caribbean,34401.0,2024-05-01,529163.0,8032.0,311415.0,5578.0,2372.0,217748.0,2454.0
Total Caribbean,34401.0,2024-06-01,596750.0,70514.0,300286.0,-8202.0,2631.0,296464.0,78716.0
Total Caribbean,34401.0,2024-07-01,647645.0,51262.0,355898.0,55979.0,3856.0,291747.0,-4717.0
Total Caribbean,34401.0,2024-08-01,702183.0,30956.0,400463.0,20983.0,2725.0,301720.0,9973.0
Total Caribbean,34401.0,2024-09-01,698526.0,11940.0,410154.0,25288.0,2478.0,288372.0,-13348.0
Total Caribbean,34401.0,2024-10-01,694498.0,8717.0,401011.0,3602.0,-5440.0,293487.0,5115.0
Total Caribbean,34401.0,2024-11-01,681353.0,-21874.0,389501.0,-20239.0,-173.0,291852.0,-1635.0
Total Caribbean,34401.0,2024-12-01,707704.0,20914.0,393745.0,-1193.0,-2952.0,313959.0,22107.0
Total Caribbean,34401.0,2025-01-01,694506.0,540.0,382721.0,2714.0,-1605.0,311785.0,-2174.0
Total Caribbean,34401.0,2025-02-01,711176.0,10237.0,405044.0,15890.0,8351.0,306132.0,-5653.0
Total Caribbean,34401.0,2025-03-01,674390.0,-45546.0,443025.0,29221.0,-90.0,231365.0,-74767.0
Total Caribbean,34401.0,2025-04-01,671858.0,8179.0,433478.0,1164.0,1030.0,238380.0,7015.0
Total Caribbean,34401.0,2025-05-01,662965.0,2121.0,416816.0,-5648.0,-10007.0,246149.0,7769.0
Total Caribbean,34401.0,2025-06-01,666661.0,3957.0,421150.0,4595.0,1339.0,245511.0,-638.0
Total Caribbean,34401.0,2025-07-01,661885.0,-6930.0,417315.0,-5989.0,-5531.0,244570.0,-941.0
Total Caribbean,34401.0,2025-08-01,637069.0,-29947.0,395242.0,-27204.0,3028.0,241827.0,-2743.0
Total Caribbean,34401.0,2025-09-01,662940.0,29268.0,416343.0,24498.0,290.0,246597.0,4770.0
Total Caribbean,34401.0,2025-10-01,658883.0,-10049.0,402872.0,-19463.0,-246.0,256011.0,9414.0
Total Caribbean,34401.0,2025-11-01,665345.0,-11047.0,421652.0,1271.0,267.0,243693.0,-12318.0
Total Caribbean,34401.0,2025-12-01,659835.0,17330.0,415299.0,16487.0,-4590.0,244536.0,843.0
Total Caribbean,34401.0,2026-01-01,667679.0,-16734.0,425766.0,-14111.0,-2970.0,241913.0,-2623.0
Total Caribbean,34401.0,2026-02-01,678495.0,-3424.0,437759.0,-2247.0,-1825.0,240736.0,-1177.0
Total Caribbean,34401.0,2026-03-01,703179.0,24943.0,465623.0,28123.0,-11425.0,237556.0,-3180.0
Total Caribbean,34401.0,2026-04-01,715431.0,15675.0,474472.0,12272.0,-3231.0,240959.0,3403.0
Total Caribbean,34401.0,2026-05-01,718545.0,4499.0,469059.0,-4028.0,-6518.0,249486.0,8527.0
Total Europe,19992.0,2020-01-01,2101817.0,,1853537.0,,,248280.0,-30807.0
Total Europe,19992.0,2020-02-01,2194937.0,,1931692.0,,,263245.0,14965.0
Total Europe,19992.0,2020-03-01,2115423.0,,1842697.0,,,272726.0,9481.0
Total Europe,19992.0,2020-04-01,2094463.0,,1735360.0,,,359103.0,86377.0
Total Europe,19992.0,2020-05-01,2135027.0,,1739342.0,,,395685.0,36582.0
Total Europe,19992.0,2020-06-01,2176688.0,,1729935.0,,,446753.0,51068.0
Total Europe,19992.0,2020-07-01,2142705.0,,1704014.0,,,438691.0,-8062.0
Total Europe,19992.0,2020-08-01,2148675.0,,1695163.0,,,453512.0,14821.0
Total Europe,19992.0,2020-09-01,2133964.0,,1716160.0,,,417804.0,-35708.0
Total Europe,19992.0,2020-10-01,2164876.0,,1750630.0,,,414246.0,-3558.0
Total Europe,19992.0,2020-11-01,2137431.0,,1717019.0,,,420412.0,6166.0
Total Europe,19992.0,2020-12-01,2179624.0,,1735240.0,,,444384.0,23972.0
Total Europe,19992.0,2021-01-01,2173774.0,,1752229.0,,,421545.0,-22839.0
Total Europe,19992.0,2021-02-01,2171458.0,,1750525.0,,,420933.0,-612.0
Total Europe,19992.0,2021-03-01,2145389.0,,1743346.0,,,402043.0,-18890.0
Total Europe,19992.0,2021-04-01,2152002.0,,1767796.0,,,384206.0,-17837.0
Total Europe,19992.0,2021-05-01,2196277.0,,1819455.0,,,376822.0,-7384.0
Total Europe,19992.0,2021-06-01,2465386.0,,2042170.0,,,423216.0,46394.0
Total Europe,19992.0,2021-07-01,2452697.0,,2037596.0,,,415101.0,-8115.0
Total Europe,19992.0,2021-08-01,2491913.0,,2069795.0,,,422118.0,7017.0
Total Europe,19992.0,2021-09-01,2489931.0,,2066542.0,,,423389.0,1271.0
Total Europe,19992.0,2021-10-01,2505069.0,,2064996.0,,,440073.0,16684.0
Total Europe,19992.0,2021-11-01,2555752.0,,2103447.0,,,452305.0,12232.0
Total Europe,19992.0,2021-12-01,2619834.0,,2165045.0,,,454789.0,2484.0
Total Europe,19992.0,2022-01-01,2552028.0,,2104372.0,,,447656.0,-7133.0
Total Europe,19992.0,2022-02-01,2605921.0,,2143992.0,,,461929.0,14273.0
Total Europe,19992.0,2022-03-01,2590104.0,,2150021.0,,,440083.0,-21846.0
Total Europe,19992.0,2022-04-01,2531705.0,,2117634.0,,,414071.0,-26012.0
Total Europe,19992.0,2022-05-01,2557388.0,,2168123.0,,,389265.0,-24806.0
Total Europe,19992.0,2022-06-01,2552992.0,,2174880.0,,,378112.0,-11153.0
Total Europe,19992.0,2022-07-01,2560983.0,,2202549.0,,,358434.0,-19678.0
Total Europe,19992.0,2022-08-01,2576857.0,,2190404.0,,,386453.0,28019.0
Total Europe,19992.0,2022-09-01,2556245.0,,2178685.0,,,377560.0,-8893.0
Total Europe,19992.0,2022-10-01,2500765.0,,2144612.0,,,356153.0,-21407.0
Total Europe,19992.0,2022-11-01,2462198.0,,2107172.0,,,355026.0,-1127.0
Total Europe,19992.0,2022-12-01,2478270.0,,2100707.0,,,377563.0,22537.0
Total Europe,19992.0,2023-01-01,2515472.0,,2130398.0,,,385074.0,7511.0
Total Europe,19992.0,2023-02-01,2518254.0,42312.0,2114852.0,23984.0,-34515.0,403402.0,18328.0
Total Europe,19992.0,2023-03-01,2611068.0,73929.0,2216884.0,83147.0,30795.0,394184.0,-9218.0
Total Europe,19992.0,2023-04-01,2619544.0,40798.0,2223347.0,38785.0,5093.0,396197.0,2013.0
Total Europe,19992.0,2023-05-01,2630069.0,33811.0,2214420.0,14359.0,-18994.0,415649.0,19452.0
Total Europe,19992.0,2023-06-01,2713201.0,102249.0,2261976.0,66673.0,-15334.0,451225.0,35576.0
Total Europe,19992.0,2023-07-01,2699883.0,-9820.0,2250752.0,-7726.0,-7249.0,449131.0,-2094.0
Total Europe,19992.0,2023-08-01,2733077.0,27378.0,2255143.0,-1425.0,-7072.0,477934.0,28803.0
Total Europe,19992.0,2023-09-01,2694670.0,30916.0,2199596.0,13776.0,-60195.0,495074.0,17140.0
Total Europe,19992.0,2023-10-01,2663110.0,-27767.0,2188552.0,-7251.0,-12532.0,474558.0,-20516.0
Total Europe,19992.0,2023-11-01,2755640.0,67690.0,2257258.0,43866.0,38625.0,498382.0,23824.0
Total Europe,19992.0,2023-12-01,2858790.0,19765.0,2345804.0,5161.0,34372.0,512986.0,14604.0
Total Europe,19992.0,2024-01-01,2866786.0,6518.0,2385167.0,37885.0,174.0,481619.0,-31367.0
Total Europe,19992.0,2024-02-01,2917552.0,51886.0,2416328.0,32281.0,-9645.0,501224.0,19605.0
Total Europe,19992.0,2024-03-01,2972493.0,31225.0,2476135.0,36091.0,12013.0,496358.0,-4866.0
Total Europe,19992.0,2024-04-01,2934442.0,-1760.0,2449001.0,9157.0,-24764.0,485441.0,-10917.0
Total Europe,19992.0,2024-05-01,2980534.0,36481.0,2497157.0,38545.0,13850.0,483377.0,-2064.0
Total Europe,19992.0,2024-06-01,3047697.0,10514.0,2575622.0,21816.0,35783.0,472075.0,-11302.0
Total Europe,19992.0,2024-07-01,3065536.0,6449.0,2588232.0,1220.0,33483.0,477304.0,5229.0
Total Europe,19992.0,2024-08-01,3149070.0,57272.0,2650358.0,35864.0,24727.0,498712.0,21408.0
Total Europe,19992.0,2024-09-01,3278980.0,62117.0,2770232.0,52081.0,27536.0,508748.0,10036.0
Total Europe,19992.0,2024-10-01,3207549.0,-3541.0,2693146.0,-9196.0,-38500.0,514403.0,5655.0
Total Europe,19992.0,2024-11-01,3251375.0,17426.0,2726610.0,7064.0,12323.0,524765.0,10362.0
Total Europe,19992.0,2024-12-01,3203439.0,-21826.0,2688374.0,-12126.0,-20883.0,515065.0,-9700.0
Total Europe,19992.0,2025-01-01,3230102.0,27112.0,2725395.0,37470.0,4671.0,504707.0,-10358.0
Total Europe,19992.0,2025-02-01,3277719.0,6096.0,2772803.0,5887.0,29062.0,504916.0,209.0
Total Europe,19992.0,2025-03-01,3389060.0,110493.0,2882898.0,109247.0,-7105.0,506162.0,1246.0
Total Europe,19992.0,2025-04-01,3416355.0,-4443.0,2928981.0,14345.0,4823.0,487374.0,-18788.0
Total Europe,19992.0,2025-05-01,3395191.0,31235.0,2907199.0,30617.0,-29860.0,487992.0,618.0
Total Europe,19992.0,2025-06-01,3438996.0,24581.0,2941720.0,15297.0,11848.0,497276.0,9284.0
Total Europe,19992.0,2025-07-01,3544625.0,107197.0,3039543.0,99391.0,-27190.0,505082.0,7806.0
Total Europe,19992.0,2025-08-01,3603580.0,39748.0,3079430.0,20680.0,8246.0,524150.0,19068.0
Total Europe,19992.0,2025-09-01,3561892.0,-9705.0,3048040.0,593.0,7637.0,513852.0,-10298.0
Total Europe,19992.0,2025-10-01,3587851.0,5033.0,3081409.0,12443.0,-5369.0,506442.0,-7410.0
Total Europe,19992.0,2025-11-01,3625482.0,29751.0,3098121.0,8832.0,-2314.0,527361.0,20919.0
Total Europe,19992.0,2025-12-01,3561688.0,-51211.0,3040956.0,-44582.0,-23266.0,520732.0,-6629.0
Total Europe,19992.0,2026-01-01,3597216.0,83557.0,3083345.0,90418.0,-9013.0,513871.0,-6861.0
Total Europe,19992.0,2026-02-01,3644674.0,16084.0,3119843.0,5124.0,22072.0,524831.0,10960.0
Total Europe,19992.0,2026-03-01,3624474.0,23667.0,3081274.0,5298.0,-51423.0,543200.0,18369.0
Total Europe,19992.0,2026-04-01,3637353.0,15920.0,3110254.0,32021.0,-20490.0,527099.0,-16101.0
Total Europe,19992.0,2026-05-01,3652501.0,10323.0,3117255.0,2176.0,-15484.0,535246.0,8147.0
Total IROs,79995.0,2020-01-01,68888.0,,60362.0,,,8526.0,186.0
Total IROs,79995.0,2020-02-01,72956.0,,63105.0,,,9851.0,1325.0
Total IROs,79995.0,2020-03-01,57112.0,,46267.0,,,10845.0,994.0
Total IROs,79995.0,2020-04-01,73227.0,,54901.0,,,18326.0,7481.0
Total IROs,79995.0,2020-05-01,72014.0,,50679.0,,,21335.0,3009.0
Total IROs,79995.0,2020-06-01,69597.0,,45178.0,,,24419.0,3084.0
Total IROs,79995.0,2020-07-01,79355.0,,49029.0,,,30326.0,5907.0
Total IROs,79995.0,2020-08-01,68446.0,,40211.0,,,28235.0,-2091.0
Total IROs,79995.0,2020-09-01,70126.0,,40858.0,,,29268.0,1033.0
Total IROs,79995.0,2020-10-01,64640.0,,35703.0,,,28937.0,-331.0
Total IROs,79995.0,2020-11-01,63962.0,,34679.0,,,29283.0,346.0
Total IROs,79995.0,2020-12-01,52676.0,,31022.0,,,21654.0,-7629.0
Total IROs,79995.0,2021-01-01,62518.0,,41425.0,,,21093.0,-561.0
Total IROs,79995.0,2021-02-01,60429.0,,41457.0,,,18972.0,-2121.0
Total IROs,79995.0,2021-03-01,61128.0,,45129.0,,,15999.0,-2973.0
Total IROs,79995.0,2021-04-01,52521.0,,37434.0,,,15087.0,-912.0
Total IROs,79995.0,2021-05-01,54883.0,,39180.0,,,15703.0,616.0
Total IROs,79995.0,2021-06-01,58091.0,,42645.0,,,15446.0,-257.0
Total IROs,79995.0,2021-07-01,57950.0,,42917.0,,,15033.0,-413.0
Total IROs,79995.0,2021-08-01,57643.0,,43203.0,,,14440.0,-593.0
Total IROs,79995.0,2021-09-01,58157.0,,45907.0,,,12250.0,-2190.0
Total IROs,79995.0,2021-10-01,63985.0,,49971.0,,,14014.0,1764.0
Total IROs,79995.0,2021-11-01,62555.0,,46673.0,,,15882.0,1868.0
Total IROs,79995.0,2021-12-01,61663.0,,48608.0,,,13055.0,-2827.0
Total IROs,79995.0,2022-01-01,60962.0,,47571.0,,,13391.0,336.0
Total IROs,79995.0,2022-02-01,57819.0,,43990.0,,,13829.0,438.0
Total IROs,79995.0,2022-03-01,62832.0,,47275.0,,,15557.0,1728.0
Total IROs,79995.0,2022-04-01,64825.0,,49785.0,,,15040.0,-517.0
Total IROs,79995.0,2022-05-01,62290.0,,48245.0,,,14045.0,-995.0
Total IROs,79995.0,2022-06-01,64271.0,,50143.0,,,14128.0,83.0
Total IROs,79995.0,2022-07-01,57900.0,,47993.0,,,9907.0,-4221.0
Total IROs,79995.0,2022-08-01,54034.0,,45834.0,,,8200.0,-1707.0
Total IROs,79995.0,2022-09-01,53988.0,,47063.0,,,6925.0,-1275.0
Total IROs,79995.0,2022-10-01,52651.0,,46369.0,,,6282.0,-643.0
Total IROs,79995.0,2022-11-01,53354.0,,45455.0,,,7899.0,1617.0
Total IROs,79995.0,2022-12-01,57557.0,,49102.0,,,8455.0,556.0
Total IROs,79995.0,2023-01-01,52963.0,,46453.0,,,6510.0,-1945.0
Total IROs,79995.0,2023-02-01,52193.0,-278.0,47003.0,1042.0,-635.0,5190.0,-1320.0
Total IROs,79995.0,2023-03-01,53699.0,1045.0,48155.0,691.0,939.0,5544.0,354.0
Total IROs,79995.0,2023-04-01,50842.0,-273.0,46743.0,1172.0,-1140.0,4099.0,-1445.0
Total IROs,79995.0,2023-05-01,60058.0,7652.0,54981.0,6674.0,-696.0,5077.0,978.0
Total IROs,79995.0,2023-06-01,74187.0,13911.0,62644.0,7445.0,-265.0,11543.0,6466.0
Total IROs,79995.0,2023-07-01,78233.0,6222.0,64457.0,3989.0,1322.0,13776.0,2233.0
Total IROs,79995.0,2023-08-01,74782.0,-4899.0,60464.0,-5441.0,-89.0,14318.0,542.0
Total IROs,79995.0,2023-09-01,77857.0,2019.0,62698.0,1178.0,-1248.0,15159.0,841.0
Total IROs,79995.0,2023-10-01,84810.0,8648.0,68801.0,7798.0,335.0,16009.0,850.0
Total IROs,79995.0,2023-11-01,83959.0,263.0,68574.0,887.0,621.0,15385.0,-624.0
Total IROs,79995.0,2023-12-01,93525.0,8363.0,76188.0,6411.0,1486.0,17337.0,1952.0
Total IROs,79995.0,2024-01-01,81399.0,-12872.0,62795.0,-14139.0,-212.0,18604.0,1267.0
Total IROs,79995.0,2024-02-01,89983.0,8768.0,67469.0,4858.0,-86.0,22514.0,3910.0
Total IROs,79995.0,2024-03-01,92500.0,2116.0,70985.0,3115.0,369.0,21515.0,-999.0
Total IROs,79995.0,2024-04-01,95534.0,2710.0,74266.0,2957.0,-709.0,21268.0,-247.0
Total IROs,79995.0,2024-05-01,103648.0,9244.0,82214.0,9078.0,66.0,21434.0,166.0
Total IROs,79995.0,2024-06-01,97230.0,-6482.0,75083.0,-7195.0,-73.0,22147.0,713.0
Total IROs,79995.0,2024-07-01,102271.0,6742.0,79093.0,5711.0,837.0,23178.0,1031.0
Total IROs,79995.0,2024-08-01,102385.0,-115.0,76045.0,-3277.0,992.0,26340.0,3162.0
Total IROs,79995.0,2024-09-01,99810.0,-1442.0,74137.0,-775.0,-147.0,25673.0,-667.0
Total IROs,79995.0,2024-10-01,110746.0,6571.0,83202.0,4700.0,-888.0,27544.0,1871.0
Total IROs,79995.0,2024-11-01,107793.0,-1288.0,80967.0,-570.0,-662.0,26826.0,-718.0
Total IROs,79995.0,2024-12-01,112883.0,19944.0,71754.0,5641.0,-3854.0,41129.0,14303.0
Total IROs,79995.0,2025-01-01,91123.0,-10388.0,59468.0,-914.0,-6876.0,31655.0,-9474.0
Total IROs,79995.0,2025-02-01,84255.0,-3934.0,57217.0,683.0,-1262.0,27038.0,-4617.0
Total IROs,79995.0,2025-03-01,85681.0,1261.0,59332.0,1950.0,136.0,26349.0,-689.0
Total IROs,79995.0,2025-04-01,89519.0,2959.0,60587.0,376.0,482.0,28932.0,2583.0
Total IROs,79995.0,2025-05-01,88063.0,1247.0,62527.0,4643.0,-738.0,25536.0,-3396.0
Total IROs,79995.0,2025-06-01,93419.0,7862.0,63109.0,3088.0,-1655.0,30310.0,4774.0
Total IROs,79995.0,2025-07-01,90110.0,-5658.0,65874.0,416.0,-257.0,24236.0,-6074.0
Total IROs,79995.0,2025-08-01,89559.0,1889.0,64693.0,1259.0,-2819.0,24866.0,630.0
Total IROs,79995.0,2025-09-01,94466.0,2234.0,68073.0,707.0,1336.0,26393.0,1527.0
Total IROs,79995.0,2025-10-01,92030.0,-1831.0,67559.0,91.0,-1341.0,24471.0,-1922.0
Total IROs,79995.0,2025-11-01,98125.0,2104.0,74195.0,2645.0,1613.0,23930.0,-541.0
Total IROs,79995.0,2025-12-01,93231.0,-1967.0,67066.0,-4202.0,-1981.0,26165.0,2235.0
Total IROs,79995.0,2026-01-01,89744.0,-527.0,66233.0,2127.0,412.0,23511.0,-2654.0
Total IROs,79995.0,2026-02-01,96155.0,5691.0,66876.0,-77.0,-1545.0,29279.0,5768.0
Total IROs,79995.0,2026-03-01,93748.0,-1753.0,66916.0,694.0,-441.0,26832.0,-2447.0
Total IROs,79995.0,2026-04-01,95389.0,4027.0,68043.0,3513.0,-607.0,27346.0,514.0
Total IROs,79995.0,2026-05-01,91984.0,-3898.0,66760.0,-1776.0,595.0,25224.0,-2122.0
Total Latin America,39942.0,2020-01-01,445023.0,,414727.0,,,30296.0,1121.0
Total Latin America,39942.0,2020-02-01,449988.0,,418143.0,,,31845.0,1549.0
Total Latin America,39942.0,2020-03-01,418091.0,,387333.0,,,30758.0,-1087.0
Total Latin America,39942.0,2020-04-01,414602.0,,374591.0,,,40011.0,9253.0
Total Latin America,39942.0,2020-05-01,423923.0,,380210.0,,,43713.0,3702.0
Total Latin America,39942.0,2020-06-01,424559.0,,375420.0,,,49139.0,5426.0
Total Latin America,39942.0,2020-07-01,429411.0,,381842.0,,,47569.0,-1570.0
Total Latin America,39942.0,2020-08-01,433598.0,,386170.0,,,47428.0,-141.0
Total Latin America,39942.0,2020-09-01,435752.0,,391098.0,,,44654.0,-2774.0
Total Latin America,39942.0,2020-10-01,435222.0,,389439.0,,,45783.0,1129.0
Total Latin America,39942.0,2020-11-01,436739.0,,393987.0,,,42752.0,-3031.0
Total Latin America,39942.0,2020-12-01,434078.0,,395757.0,,,38321.0,-4431.0
Total Latin America,39942.0,2021-01-01,439491.0,,399668.0,,,39823.0,1502.0
Total Latin America,39942.0,2021-02-01,443128.0,,406354.0,,,36774.0,-3049.0
Total Latin America,39942.0,2021-03-01,442235.0,,408475.0,,,33760.0,-3014.0
Total Latin America,39942.0,2021-04-01,440641.0,,408898.0,,,31743.0,-2017.0
Total Latin America,39942.0,2021-05-01,441432.0,,408911.0,,,32521.0,778.0
Total Latin America,39942.0,2021-06-01,437757.0,,404923.0,,,32834.0,313.0
Total Latin America,39942.0,2021-07-01,441147.0,,406730.0,,,34417.0,1583.0
Total Latin America,39942.0,2021-08-01,435158.0,,403213.0,,,31945.0,-2472.0
Total Latin America,39942.0,2021-09-01,433427.0,,400066.0,,,33361.0,1416.0
Total Latin America,39942.0,2021-10-01,434134.0,,400442.0,,,33692.0,331.0
Total Latin America,39942.0,2021-11-01,423618.0,,392020.0,,,31598.0,-2094.0
Total Latin America,39942.0,2021-12-01,422271.0,,389830.0,,,32441.0,843.0
Total Latin America,39942.0,2022-01-01,414983.0,,384072.0,,,30911.0,-1530.0
Total Latin America,39942.0,2022-02-01,422224.0,,390763.0,,,31461.0,550.0
Total Latin America,39942.0,2022-03-01,421228.0,,386981.0,,,34247.0,2786.0
Total Latin America,39942.0,2022-04-01,418298.0,,383228.0,,,35070.0,823.0
Total Latin America,39942.0,2022-05-01,420277.0,,383636.0,,,36641.0,1571.0
Total Latin America,39942.0,2022-06-01,422802.0,,384105.0,,,38697.0,2056.0
Total Latin America,39942.0,2022-07-01,431259.0,,394906.0,,,36353.0,-2344.0
Total Latin America,39942.0,2022-08-01,426943.0,,389152.0,,,37791.0,1438.0
Total Latin America,39942.0,2022-09-01,421773.0,,384559.0,,,37214.0,-577.0
Total Latin America,39942.0,2022-10-01,422974.0,,384584.0,,,38390.0,1176.0
Total Latin America,39942.0,2022-11-01,436523.0,,396606.0,,,39917.0,1527.0
Total Latin America,39942.0,2022-12-01,436432.0,,393068.0,,,43364.0,3447.0
Total Latin America,39942.0,2023-01-01,432767.0,,390925.0,,,41842.0,-1522.0
Total Latin America,39942.0,2023-02-01,439352.0,12042.0,396064.0,10596.0,-3725.0,43288.0,1446.0
Total Latin America,39942.0,2023-03-01,455759.0,10089.0,409135.0,6753.0,6099.0,46624.0,3336.0
Total Latin America,39942.0,2023-04-01,466453.0,10900.0,419910.0,10981.0,837.0,46543.0,-81.0
Total Latin America,39942.0,2023-05-01,470973.0,8700.0,422355.0,6625.0,-1937.0,48618.0,2075.0
Total Latin America,39942.0,2023-06-01,473129.0,5042.0,424064.0,4595.0,-2359.0,49065.0,447.0
Total Latin America,39942.0,2023-07-01,477608.0,5039.0,424226.0,722.0,400.0,53382.0,4317.0
Total Latin America,39942.0,2023-08-01,474635.0,-1023.0,424716.0,2440.0,-1576.0,49919.0,-3463.0
Total Latin America,39942.0,2023-09-01,472567.0,3508.0,422826.0,3686.0,-3537.0,49741.0,-178.0
Total Latin America,39942.0,2023-10-01,466862.0,-3300.0,417104.0,-3317.0,-58.0,49758.0,17.0
Total Latin America,39942.0,2023-11-01,478551.0,5483.0,426753.0,3443.0,6624.0,51798.0,2040.0
Total Latin America,39942.0,2023-12-01,492979.0,7535.0,437396.0,3750.0,8795.0,55583.0,3785.0
Total Latin America,39942.0,2024-01-01,487147.0,-3496.0,434830.0,-230.0,-3383.0,52317.0,-3266.0
Total Latin America,39942.0,2024-02-01,490858.0,7926.0,439510.0,8895.0,-2509.0,51348.0,-969.0
Total Latin America,39942.0,2024-03-01,505317.0,13572.0,450293.0,9896.0,3476.0,55024.0,3676.0
Total Latin America,39942.0,2024-04-01,500013.0,3154.0,444035.0,2200.0,-543.0,55978.0,954.0
Total Latin America,39942.0,2024-05-01,509001.0,5931.0,456918.0,9826.0,717.0,52083.0,-3895.0
Total Latin America,39942.0,2024-06-01,508810.0,-1791.0,455473.0,-3045.0,1545.0,53337.0,1254.0
Total Latin America,39942.0,2024-07-01,510141.0,-2432.0,454768.0,-4468.0,3855.0,55373.0,2036.0
Total Latin America,39942.0,2024-08-01,516228.0,3432.0,462964.0,5541.0,4406.0,53264.0,-2109.0
Total Latin America,39942.0,2024-09-01,521157.0,1946.0,468779.0,2832.0,2790.0,52378.0,-886.0
Total Latin America,39942.0,2024-10-01,515298.0,-114.0,469686.0,6652.0,-4837.0,45612.0,-6766.0
Total Latin America,39942.0,2024-11-01,519433.0,3020.0,473578.0,2777.0,3389.0,45855.0,243.0
Total Latin America,39942.0,2024-12-01,496477.0,-18507.0,447207.0,-21922.0,-329.0,49270.0,3415.0
Total Latin America,39942.0,2025-01-01,490072.0,-8081.0,444298.0,-4585.0,388.0,45774.0,-3496.0
Total Latin America,39942.0,2025-02-01,503677.0,9348.0,454333.0,5778.0,5662.0,49344.0,3570.0
Total Latin America,39942.0,2025-03-01,581457.0,76595.0,444480.0,-11038.0,1443.0,136977.0,87633.0
Total Latin America,39942.0,2025-04-01,585385.0,2653.0,446342.0,587.0,2144.0,139043.0,2066.0
Total Latin America,39942.0,2025-05-01,591730.0,9603.0,451782.0,8698.0,-2782.0,139948.0,905.0
Total Latin America,39942.0,2025-06-01,595263.0,2149.0,451864.0,-1302.0,2956.0,143399.0,3451.0
Total Latin America,39942.0,2025-07-01,573420.0,-19410.0,439449.0,-9982.0,-649.0,133971.0,-9428.0
Total Latin America,39942.0,2025-08-01,557095.0,-18605.0,426356.0,-15373.0,2276.0,130739.0,-3232.0
Total Latin America,39942.0,2025-09-01,546516.0,-9464.0,412066.0,-13175.0,708.0,134450.0,3711.0
Total Latin America,39942.0,2025-10-01,546651.0,-491.0,410210.0,-2482.0,2081.0,136441.0,1991.0
Total Latin America,39942.0,2025-11-01,550090.0,3300.0,413291.0,2942.0,875.0,136799.0,358.0
Total Latin America,39942.0,2025-12-01,553716.0,5153.0,413379.0,1615.0,-803.0,140337.0,3538.0
Total Latin America,39942.0,2026-01-01,545825.0,-6013.0,411775.0,274.0,-139.0,134050.0,-6287.0
Total Latin America,39942.0,2026-02-01,558009.0,10510.0,411875.0,-1574.0,3112.0,146134.0,12084.0
Total Latin America,39942.0,2026-03-01,562616.0,9767.0,418714.0,11999.0,-4558.0,143902.0,-2232.0
Total Latin America,39942.0,2026-04-01,565893.0,3346.0,423765.0,5120.0,-643.0,142128.0,-1774.0
Total Latin America,39942.0,2026-05-01,573712.0,8656.0,429399.0,6471.0,-1199.0,144313.0,2185.0
Total Other,69906.0,2020-01-01,52791.0,,46018.0,,,6773.0,-175.0
Total Other,69906.0,2020-02-01,52058.0,,45375.0,,,6683.0,-90.0
Total Other,69906.0,2020-03-01,54207.0,,46972.0,,,7235.0,552.0
Total Other,69906.0,2020-04-01,52925.0,,42961.0,,,9964.0,2729.0
Total Other,69906.0,2020-05-01,51267.0,,39704.0,,,11563.0,1599.0
Total Other,69906.0,2020-06-01,51728.0,,38547.0,,,13181.0,1618.0
Total Other,69906.0,2020-07-01,51517.0,,40282.0,,,11235.0,-1946.0
Total Other,69906.0,2020-08-01,50902.0,,40303.0,,,10599.0,-636.0
Total Other,69906.0,2020-09-01,46625.0,,37064.0,,,9561.0,-1038.0
Total Other,69906.0,2020-10-01,47413.0,,36927.0,,,10486.0,925.0
Total Other,69906.0,2020-11-01,48994.0,,36572.0,,,12422.0,1936.0
Total Other,69906.0,2020-12-01,47673.0,,37814.0,,,9859.0,-2563.0
Total Other,69906.0,2021-01-01,49801.0,,37436.0,,,12365.0,2506.0
Total Other,69906.0,2021-02-01,49518.0,,38993.0,,,10525.0,-1840.0
Total Other,69906.0,2021-03-01,49512.0,,39740.0,,,9772.0,-753.0
Total Other,69906.0,2021-04-01,50840.0,,41576.0,,,9264.0,-508.0
Total Other,69906.0,2021-05-01,52563.0,,42590.0,,,9973.0,709.0
Total Other,69906.0,2021-06-01,52442.0,,42630.0,,,9812.0,-161.0
Total Other,69906.0,2021-07-01,53077.0,,44192.0,,,8885.0,-927.0
Total Other,69906.0,2021-08-01,53668.0,,44525.0,,,9143.0,258.0
Total Other,69906.0,2021-09-01,53904.0,,44045.0,,,9859.0,716.0
Total Other,69906.0,2021-10-01,59923.0,,48698.0,,,11225.0,1366.0
Total Other,69906.0,2021-11-01,60773.0,,49865.0,,,10908.0,-317.0
Total Other,69906.0,2021-12-01,62153.0,,50830.0,,,11323.0,415.0
Total Other,69906.0,2022-01-01,65513.0,,52542.0,,,12971.0,1648.0
Total Other,69906.0,2022-02-01,66514.0,,54016.0,,,12498.0,-473.0
Total Other,69906.0,2022-03-01,65433.0,,53314.0,,,12119.0,-379.0
Total Other,69906.0,2022-04-01,66312.0,,54978.0,,,11334.0,-785.0
Total Other,69906.0,2022-05-01,63483.0,,54452.0,,,9031.0,-2303.0
Total Other,69906.0,2022-06-01,60227.0,,52640.0,,,7587.0,-1444.0
Total Other,69906.0,2022-07-01,62291.0,,54393.0,,,7898.0,311.0
Total Other,69906.0,2022-08-01,63016.0,,52745.0,,,10271.0,2373.0
Total Other,69906.0,2022-09-01,62516.0,,50417.0,,,12099.0,1828.0
Total Other,69906.0,2022-10-01,64277.0,,51715.0,,,12562.0,463.0
Total Other,69906.0,2022-11-01,64353.0,,51842.0,,,12511.0,-51.0
Total Other,69906.0,2022-12-01,62335.0,,49632.0,,,12703.0,192.0
Total Other,69906.0,2023-01-01,66842.0,,53879.0,,,12963.0,260.0
Total Other,69906.0,2023-02-01,63434.0,-1695.0,51162.0,-1004.0,-593.0,12272.0,-691.0
Total Other,69906.0,2023-03-01,65110.0,-182.0,51813.0,-1207.0,2029.0,13297.0,1025.0
Total Other,69906.0,2023-04-01,65447.0,-484.0,52980.0,346.0,343.0,12467.0,-830.0
Total Other,69906.0,2023-05-01,60134.0,-1275.0,48582.0,-360.0,-666.0,11552.0,-915.0
Total Other,69906.0,2023-06-01,62974.0,2358.0,49532.0,468.0,396.0,13442.0,1890.0
Total Other,69906.0,2023-07-01,60633.0,-3575.0,46737.0,-4029.0,148.0,13896.0,454.0
Total Other,69906.0,2023-08-01,63019.0,3002.0,47315.0,1194.0,-327.0,15704.0,1808.0
Total Other,69906.0,2023-09-01,63697.0,1548.0,50289.0,3844.0,-796.0,13408.0,-2296.0
Total Other,69906.0,2023-10-01,64037.0,-796.0,50910.0,-515.0,-444.0,13127.0,-281.0
Total Other,69906.0,2023-11-01,64635.0,-360.0,51993.0,125.0,1367.0,12642.0,-485.0
Total Other,69906.0,2023-12-01,67928.0,703.0,54051.0,-532.0,1626.0,13877.0,1235.0
Total Other,69906.0,2024-01-01,76987.0,9063.0,66790.0,12743.0,208.0,10197.0,-3680.0
Total Other,69906.0,2024-02-01,79906.0,2123.0,67742.0,156.0,-932.0,12164.0,1967.0
Total Other,69906.0,2024-03-01,78382.0,-945.0,67001.0,-162.0,429.0,11381.0,-783.0
Total Other,69906.0,2024-04-01,79985.0,3737.0,69219.0,4352.0,-2401.0,10766.0,-615.0
Total Other,69906.0,2024-05-01,77249.0,-3691.0,66747.0,-3427.0,764.0,10502.0,-264.0
Total Other,69906.0,2024-06-01,77026.0,958.0,65964.0,398.0,414.0,11062.0,560.0
Total Other,69906.0,2024-07-01,86054.0,6928.0,76383.0,8319.0,1505.0,9671.0,-1391.0
Total Other,69906.0,2024-08-01,85910.0,-2517.0,74397.0,-4359.0,330.0,11513.0,1842.0
Total Other,69906.0,2024-09-01,85366.0,634.0,75871.0,2652.0,526.0,9495.0,-2018.0
Total Other,69906.0,2024-10-01,84169.0,-202.0,74242.0,-634.0,-649.0,9927.0,432.0
Total Other,69906.0,2024-11-01,79833.0,-6199.0,70662.0,-5443.0,-67.0,9171.0,-756.0
Total Other,69906.0,2024-12-01,78765.0,1474.0,71093.0,2973.0,-1884.0,7672.0,-1499.0
Total Other,69906.0,2025-01-01,77838.0,-2928.0,68957.0,-4137.0,614.0,8881.0,1209.0
Total Other,69906.0,2025-02-01,82751.0,3485.0,73340.0,2955.0,986.0,9411.0,530.0
Total Other,69906.0,2025-03-01,81074.0,-1991.0,72291.0,-1363.0,-743.0,8783.0,-628.0
Total Other,69906.0,2025-04-01,84412.0,3652.0,73179.0,1202.0,252.0,11233.0,2450.0
Total Other,69906.0,2025-05-01,79855.0,-2196.0,66946.0,-3872.0,-1743.0,12909.0,1676.0
Total Other,69906.0,2025-06-01,79383.0,-1706.0,67481.0,-699.0,1169.0,11902.0,-1007.0
Total Other,69906.0,2025-07-01,88665.0,10064.0,76022.0,9323.0,-559.0,12643.0,741.0
Total Other,69906.0,2025-08-01,84088.0,-5133.0,72377.0,-4201.0,933.0,11711.0,-932.0
Total Other,69906.0,2025-09-01,89058.0,4812.0,75612.0,3077.0,60.0,13446.0,1735.0
Total Other,69906.0,2025-10-01,91762.0,4044.0,79554.0,5282.0,-1035.0,12208.0,-1238.0
Total Other,69906.0,2025-11-01,93273.0,1641.0,79702.0,278.0,-587.0,13571.0,1363.0
Total Other,69906.0,2025-12-01,90951.0,-2229.0,79932.0,323.0,-1102.0,11019.0,-2552.0
Total Other,69906.0,2026-01-01,89022.0,-2257.0,76002.0,-4258.0,-379.0,13020.0,2001.0
Total Other,69906.0,2026-02-01,90774.0,484.0,77217.0,-53.0,980.0,13557.0,537.0
Total Other,69906.0,2026-03-01,97371.0,9572.0,83794.0,9552.0,-2809.0,13577.0,20.0
Total Other,69906.0,2026-04-01,102304.0,6251.0,83557.0,1081.0,-2038.0,18747.0,5170.0
Total Other,69906.0,2026-05-01,99934.0,-4020.0,80818.0,-4389.0,-219.0,19116.0,369.0
Total Regional Orgs.,76929.0,2020-01-01,18182.0,,17322.0,,,860.0,42.0
Total Regional Orgs.,76929.0,2020-02-01,18738.0,,17122.0,,,1616.0,756.0
Total Regional Orgs.,76929.0,2020-03-01,17266.0,,15731.0,,,1535.0,-81.0
Total Regional Orgs.,76929.0,2020-04-01,19681.0,,16212.0,,,3469.0,1934.0
Total Regional Orgs.,76929.0,2020-05-01,19661.0,,16378.0,,,3283.0,-186.0
Total Regional Orgs.,76929.0,2020-06-01,19990.0,,15876.0,,,4114.0,831.0
Total Regional Orgs.,76929.0,2020-07-01,19973.0,,16115.0,,,3858.0,-256.0
Total Regional Orgs.,76929.0,2020-08-01,19113.0,,15315.0,,,3798.0,-60.0
Total Regional Orgs.,76929.0,2020-09-01,20370.0,,15705.0,,,4665.0,867.0
Total Regional Orgs.,76929.0,2020-10-01,19546.0,,15740.0,,,3806.0,-859.0
Total Regional Orgs.,76929.0,2020-11-01,18310.0,,15857.0,,,2453.0,-1353.0
Total Regional Orgs.,76929.0,2020-12-01,17567.0,,15378.0,,,2189.0,-264.0
Total Regional Orgs.,76929.0,2021-01-01,17617.0,,15263.0,,,2354.0,165.0
Total Regional Orgs.,76929.0,2021-02-01,17913.0,,15287.0,,,2626.0,272.0
Total Regional Orgs.,76929.0,2021-03-01,15769.0,,13289.0,,,2480.0,-146.0
Total Regional Orgs.,76929.0,2021-04-01,13572.0,,11641.0,,,1931.0,-549.0
Total Regional Orgs.,76929.0,2021-05-01,15680.0,,12771.0,,,2909.0,978.0
Total Regional Orgs.,76929.0,2021-06-01,16245.0,,12920.0,,,3325.0,416.0
Total Regional Orgs.,76929.0,2021-07-01,15453.0,,12491.0,,,2962.0,-363.0
Total Regional Orgs.,76929.0,2021-08-01,15472.0,,12547.0,,,2925.0,-37.0
Total Regional Orgs.,76929.0,2021-09-01,15947.0,,13541.0,,,2406.0,-519.0
Total Regional Orgs.,76929.0,2021-10-01,19284.0,,16060.0,,,3224.0,818.0
Total Regional Orgs.,76929.0,2021-11-01,17417.0,,13934.0,,,3483.0,259.0
Total Regional Orgs.,76929.0,2021-12-01,16745.0,,14563.0,,,2182.0,-1301.0
Total Regional Orgs.,76929.0,2022-01-01,15851.0,,13585.0,,,2266.0,84.0
Total Regional Orgs.,76929.0,2022-02-01,13397.0,,11255.0,,,2142.0,-124.0
Total Regional Orgs.,76929.0,2022-03-01,13959.0,,11815.0,,,2144.0,2.0
Total Regional Orgs.,76929.0,2022-04-01,14725.0,,12953.0,,,1772.0,-372.0
Total Regional Orgs.,76929.0,2022-05-01,14476.0,,12794.0,,,1682.0,-90.0
Total Regional Orgs.,76929.0,2022-06-01,15847.0,,13467.0,,,2380.0,698.0
Total Regional Orgs.,76929.0,2022-07-01,13395.0,,11869.0,,,1526.0,-854.0
Total Regional Orgs.,76929.0,2022-08-01,13180.0,,11556.0,,,1624.0,98.0
Total Regional Orgs.,76929.0,2022-09-01,13429.0,,11846.0,,,1583.0,-41.0
Total Regional Orgs.,76929.0,2022-10-01,13709.0,,12217.0,,,1492.0,-91.0
Total Regional Orgs.,76929.0,2022-11-01,13866.0,,12208.0,,,1658.0,166.0
Total Regional Orgs.,76929.0,2022-12-01,16279.0,,13743.0,,,2536.0,878.0
Total Regional Orgs.,76929.0,2023-01-01,15073.0,,13253.0,,,1820.0,-716.0
Total Regional Orgs.,76929.0,2023-02-01,16642.0,1668.0,14390.0,1236.0,-194.0,2252.0,432.0
Total Regional Orgs.,76929.0,2023-03-01,16541.0,-267.0,14411.0,-145.0,202.0,2130.0,-122.0
Total Regional Orgs.,76929.0,2023-04-01,15839.0,-654.0,13712.0,-651.0,-4.0,2127.0,-3.0
Total Regional Orgs.,76929.0,2023-05-01,14764.0,-1072.0,12431.0,-1278.0,-878.0,2333.0,206.0
Total Regional Orgs.,76929.0,2023-06-01,17277.0,2688.0,13443.0,1187.0,335.0,3834.0,1501.0
Total Regional Orgs.,76929.0,2023-07-01,16252.0,-991.0,13438.0,29.0,715.0,2814.0,-1020.0
Total Regional Orgs.,76929.0,2023-08-01,17321.0,1110.0,14852.0,1455.0,105.0,2469.0,-345.0
Total Regional Orgs.,76929.0,2023-09-01,17415.0,327.0,14951.0,332.0,-884.0,2464.0,-5.0
Total Regional Orgs.,76929.0,2023-10-01,17300.0,-234.0,14968.0,-102.0,276.0,2332.0,-132.0
Total Regional Orgs.,76929.0,2023-11-01,17298.0,-221.0,15185.0,-2.0,332.0,2113.0,-219.0
Total Regional Orgs.,76929.0,2023-12-01,18954.0,979.0,16154.0,292.0,360.0,2800.0,687.0
Total Regional Orgs.,76929.0,2024-01-01,18916.0,336.0,15939.0,159.0,-728.0,2977.0,177.0
Total Regional Orgs.,76929.0,2024-02-01,19012.0,328.0,16024.0,317.0,35.0,2988.0,11.0
Total Regional Orgs.,76929.0,2024-03-01,18442.0,-470.0,15297.0,-627.0,441.0,3145.0,157.0
Total Regional Orgs.,76929.0,2024-04-01,18575.0,311.0,15246.0,127.0,-19.0,3329.0,184.0
Total Regional Orgs.,76929.0,2024-05-01,18845.0,55.0,15344.0,-117.0,-282.0,3501.0,172.0
Total Regional Orgs.,76929.0,2024-06-01,19885.0,915.0,15891.0,422.0,549.0,3994.0,493.0
Total Regional Orgs.,76929.0,2024-07-01,21277.0,1214.0,18121.0,2052.0,188.0,3156.0,-838.0
Total Regional Orgs.,76929.0,2024-08-01,21808.0,494.0,18615.0,457.0,939.0,3193.0,37.0
Total Regional Orgs.,76929.0,2024-09-01,25048.0,3116.0,18846.0,107.0,133.0,6202.0,3009.0
Total Regional Orgs.,76929.0,2024-10-01,23223.0,-1673.0,16963.0,-1731.0,-442.0,6260.0,58.0
Total Regional Orgs.,76929.0,2024-11-01,24185.0,771.0,17653.0,499.0,-1011.0,6532.0,272.0
Total Regional Orgs.,76929.0,2024-12-01,28705.0,4623.0,17978.0,428.0,-629.0,10727.0,4195.0
Total Regional Orgs.,76929.0,2025-01-01,23824.0,-4736.0,18320.0,487.0,1527.0,5504.0,-5223.0
Total Regional Orgs.,76929.0,2025-02-01,24029.0,-47.0,19385.0,813.0,310.0,4644.0,-860.0
Total Regional Orgs.,76929.0,2025-03-01,24779.0,482.0,19724.0,71.0,124.0,5055.0,411.0
Total Regional Orgs.,76929.0,2025-04-01,24239.0,-1092.0,19450.0,-826.0,114.0,4789.0,-266.0
Total Regional Orgs.,76929.0,2025-05-01,25503.0,1848.0,20631.0,1765.0,-278.0,4872.0,83.0
Total Regional Orgs.,76929.0,2025-06-01,30571.0,4447.0,21461.0,209.0,217.0,9110.0,4238.0
Total Regional Orgs.,76929.0,2025-07-01,25499.0,-4932.0,20420.0,-901.0,-160.0,5079.0,-4031.0
Total Regional Orgs.,76929.0,2025-08-01,27421.0,1680.0,22215.0,1553.0,-12.0,5206.0,127.0
Total Regional Orgs.,76929.0,2025-09-01,30274.0,2487.0,22761.0,180.0,-9.0,7513.0,2307.0
Total Regional Orgs.,76929.0,2025-10-01,29566.0,-608.0,22396.0,-265.0,-66.0,7170.0,-343.0
Total Regional Orgs.,76929.0,2025-11-01,30216.0,594.0,22773.0,321.0,61.0,7443.0,273.0
Total Regional Orgs.,76929.0,2025-12-01,31628.0,1172.0,21465.0,-1548.0,-9.0,10163.0,2720.0
Total Regional Orgs.,76929.0,2026-01-01,30494.0,-885.0,22434.0,1218.0,-38.0,8060.0,-2103.0
Total Regional Orgs.,76929.0,2026-02-01,32720.0,828.0,23700.0,-132.0,244.0,9020.0,960.0
Total Regional Orgs.,76929.0,2026-03-01,29967.0,-950.0,20646.0,-1251.0,-285.0,9321.0,301.0
Total Regional Orgs.,76929.0,2026-04-01,30910.0,1015.0,22055.0,1481.0,22.0,8855.0,-466.0
Total Regional Orgs.,76929.0,2026-05-01,28263.0,-2224.0,19217.0,-2415.0,-80.0,9046.0,191.0
Trinidad and Tobago,32409.0,2020-01-01,3388.0,,2406.0,,,982.0,117.0
Trinidad and Tobago,32409.0,2020-02-01,3499.0,,2572.0,,,927.0,-55.0
Trinidad and Tobago,32409.0,2020-03-01,3236.0,,2710.0,,,526.0,-401.0
Trinidad and Tobago,32409.0,2020-04-01,3013.0,,2533.0,,,480.0,-46.0
Trinidad and Tobago,32409.0,2020-05-01,2592.0,,2093.0,,,499.0,19.0
Trinidad and Tobago,32409.0,2020-06-01,2677.0,,2012.0,,,665.0,166.0
Trinidad and Tobago,32409.0,2020-07-01,2549.0,,1965.0,,,584.0,-81.0
Trinidad and Tobago,32409.0,2020-08-01,2547.0,,1852.0,,,695.0,111.0
Trinidad and Tobago,32409.0,2020-09-01,2482.0,,1858.0,,,624.0,-71.0
Trinidad and Tobago,32409.0,2020-10-01,2761.0,,1869.0,,,892.0,268.0
Trinidad and Tobago,32409.0,2020-11-01,2807.0,,1706.0,,,1101.0,209.0
Trinidad and Tobago,32409.0,2020-12-01,2980.0,,1907.0,,,1073.0,-28.0
Trinidad and Tobago,32409.0,2021-01-01,2985.0,,2031.0,,,954.0,-119.0
Trinidad and Tobago,32409.0,2021-02-01,2647.0,,1960.0,,,687.0,-267.0
Trinidad and Tobago,32409.0,2021-03-01,2538.0,,1941.0,,,597.0,-90.0
Trinidad and Tobago,32409.0,2021-04-01,2626.0,,2086.0,,,540.0,-57.0
Trinidad and Tobago,32409.0,2021-05-01,2684.0,,2082.0,,,602.0,62.0
Trinidad and Tobago,32409.0,2021-06-01,2699.0,,2066.0,,,633.0,31.0
Trinidad and Tobago,32409.0,2021-07-01,2576.0,,2027.0,,,549.0,-84.0
Trinidad and Tobago,32409.0,2021-08-01,2532.0,,1943.0,,,589.0,40.0
Trinidad and Tobago,32409.0,2021-09-01,2566.0,,1900.0,,,666.0,77.0
Trinidad and Tobago,32409.0,2021-10-01,2608.0,,1899.0,,,709.0,43.0
Trinidad and Tobago,32409.0,2021-11-01,2448.0,,1866.0,,,582.0,-127.0
Trinidad and Tobago,32409.0,2021-12-01,2583.0,,1953.0,,,630.0,48.0
Trinidad and Tobago,32409.0,2022-01-01,2629.0,,1929.0,,,700.0,70.0
Trinidad and Tobago,32409.0,2022-02-01,2631.0,,1997.0,,,634.0,-66.0
Trinidad and Tobago,32409.0,2022-03-01,2653.0,,1935.0,,,718.0,84.0
Trinidad and Tobago,32409.0,2022-04-01,2604.0,,1866.0,,,738.0,20.0
Trinidad and Tobago,32409.0,2022-05-01,2642.0,,1887.0,,,755.0,17.0
Trinidad and Tobago,32409.0,2022-06-01,2634.0,,1865.0,,,769.0,14.0
Trinidad and Tobago,32409.0,2022-07-01,2716.0,,1829.0,,,887.0,118.0
Trinidad and Tobago,32409.0,2022-08-01,3045.0,,1974.0,,,1071.0,184.0
Trinidad and Tobago,32409.0,2022-09-01,3002.0,,1902.0,,,1100.0,29.0
Trinidad and Tobago,32409.0,2022-10-01,3165.0,,1924.0,,,1241.0,141.0
Trinidad and Tobago,32409.0,2022-11-01,3127.0,,2002.0,,,1125.0,-116.0
Trinidad and Tobago,32409.0,2022-12-01,3438.0,,2015.0,,,1423.0,298.0
Trinidad and Tobago,32409.0,2023-01-01,3293.0,,1996.0,,,1297.0,-126.0
Trinidad and Tobago,32409.0,2023-02-01,3430.0,167.0,1991.0,25.0,-21.0,1439.0,142.0
Trinidad and Tobago,32409.0,2023-03-01,3591.0,140.0,1970.0,-42.0,32.0,1621.0,182.0
Trinidad and Tobago,32409.0,2023-04-01,3491.0,-95.0,2137.0,172.0,3.0,1354.0,-267.0
Trinidad and Tobago,32409.0,2023-05-01,3862.0,381.0,2243.0,116.0,-12.0,1619.0,265.0
Trinidad and Tobago,32409.0,2023-06-01,3871.0,9.0,2290.0,47.0,-8.0,1581.0,-38.0
Trinidad and Tobago,32409.0,2023-07-01,3834.0,-40.0,2292.0,-1.0,2.0,1542.0,-39.0
Trinidad and Tobago,32409.0,2023-08-01,3671.0,-165.0,2285.0,-9.0,-2.0,1386.0,-156.0
Trinidad and Tobago,32409.0,2023-09-01,3863.0,194.0,2327.0,44.0,-13.0,1536.0,150.0
Trinidad and Tobago,32409.0,2023-10-01,3803.0,-61.0,2253.0,-75.0,-8.0,1550.0,14.0
Trinidad and Tobago,32409.0,2023-11-01,3739.0,-73.0,2275.0,13.0,32.0,1464.0,-86.0
Trinidad and Tobago,32409.0,2023-12-01,3957.0,177.0,2357.0,41.0,33.0,1600.0,136.0
Trinidad and Tobago,32409.0,2024-01-01,4008.0,67.0,2610.0,269.0,-1.0,1398.0,-202.0
Trinidad and Tobago,32409.0,2024-02-01,4192.0,224.0,2615.0,45.0,-17.0,1577.0,179.0
Trinidad and Tobago,32409.0,2024-03-01,4218.0,28.0,2488.0,-125.0,8.0,1730.0,153.0
Trinidad and Tobago,32409.0,2024-04-01,3817.0,-367.0,2281.0,-173.0,-20.0,1536.0,-194.0
Trinidad and Tobago,32409.0,2024-05-01,3924.0,134.0,2312.0,58.0,16.0,1612.0,76.0
Trinidad and Tobago,32409.0,2024-06-01,4127.0,184.0,2349.0,18.0,14.0,1778.0,166.0
Trinidad and Tobago,32409.0,2024-07-01,4235.0,32.0,2448.0,23.0,25.0,1787.0,9.0
Trinidad and Tobago,32409.0,2024-08-01,4451.0,93.0,2630.0,59.0,23.0,1821.0,34.0
Trinidad and Tobago,32409.0,2024-09-01,4496.0,-19.0,2665.0,-29.0,20.0,1831.0,10.0
Trinidad and Tobago,32409.0,2024-10-01,4309.0,-197.0,2790.0,115.0,-36.0,1519.0,-312.0
Trinidad and Tobago,32409.0,2024-11-01,4137.0,-194.0,2717.0,-95.0,7.0,1420.0,-99.0
Trinidad and Tobago,32409.0,2024-12-01,4344.0,231.0,2775.0,82.0,-20.0,1569.0,149.0
Trinidad and Tobago,32409.0,2025-01-01,4359.0,14.0,2779.0,3.0,6.0,1580.0,11.0
Trinidad and Tobago,32409.0,2025-02-01,4370.0,1.0,2778.0,-11.0,28.0,1592.0,12.0
Trinidad and Tobago,32409.0,2025-03-01,4344.0,-33.0,2736.0,-49.0,8.0,1608.0,16.0
Trinidad and Tobago,32409.0,2025-04-01,4343.0,-14.0,2833.0,84.0,18.0,1510.0,-98.0
Trinidad and Tobago,32409.0,2025-05-01,4352.0,28.0,2794.0,-20.0,-18.0,1558.0,48.0
Trinidad and Tobago,32409.0,2025-06-01,4284.0,-67.0,2705.0,-88.0,11.0,1579.0,21.0
Trinidad and Tobago,32409.0,2025-07-01,4243.0,-28.0,2483.0,-209.0,-8.0,1760.0,181.0
Trinidad and Tobago,32409.0,2025-08-01,4148.0,-108.0,2548.0,52.0,15.0,1600.0,-160.0
Trinidad and Tobago,32409.0,2025-09-01,4304.0,251.0,2582.0,129.0,1.0,1722.0,122.0
Trinidad and Tobago,32409.0,2025-10-01,4115.0,-190.0,2537.0,-46.0,3.0,1578.0,-144.0
Trinidad and Tobago,32409.0,2025-11-01,3892.0,-231.0,2325.0,-220.0,12.0,1567.0,-11.0
Trinidad and Tobago,32409.0,2025-12-01,3741.0,-213.0,2259.0,-128.0,-8.0,1482.0,-85.0
Trinidad and Tobago,32409.0,2026-01-01,3790.0,64.0,2252.0,8.0,-4.0,1538.0,56.0
Trinidad and Tobago,32409.0,2026-02-01,3889.0,93.0,2264.0,6.0,16.0,1625.0,87.0
Trinidad and Tobago,32409.0,2026-03-01,4020.0,163.0,2195.0,-37.0,-27.0,1825.0,200.0
Trinidad and Tobago,32409.0,2026-04-01,4078.0,63.0,2221.0,31.0,2.0,1857.0,32.0
Trinidad and Tobago,32409.0,2026-05-01,4114.0,42.0,2209.0,-6.0,-6.0,1905.0,48.0
Turkey,12807.0,2020-01-01,2794.0,,2253.0,,,541.0,194.0
Turkey,12807.0,2020-02-01,2335.0,,1883.0,,,452.0,-89.0
Turkey,12807.0,2020-03-01,2505.0,,1988.0,,,517.0,65.0
Turkey,12807.0,2020-04-01,2030.0,,1678.0,,,352.0,-165.0
Turkey,12807.0,2020-05-01,2105.0,,1675.0,,,430.0,78.0
Turkey,12807.0,2020-06-01,2569.0,,2067.0,,,502.0,72.0
Turkey,12807.0,2020-07-01,2266.0,,1952.0,,,314.0,-188.0
Turkey,12807.0,2020-08-01,1789.0,,1509.0,,,280.0,-34.0
Turkey,12807.0,2020-09-01,1908.0,,1497.0,,,411.0,131.0
Turkey,12807.0,2020-10-01,1868.0,,1499.0,,,369.0,-42.0
Turkey,12807.0,2020-11-01,2013.0,,1496.0,,,517.0,148.0
Turkey,12807.0,2020-12-01,1945.0,,1494.0,,,451.0,-66.0
Turkey,12807.0,2021-01-01,2280.0,,1516.0,,,764.0,313.0
Turkey,12807.0,2021-02-01,2464.0,,1549.0,,,915.0,151.0
Turkey,12807.0,2021-03-01,2331.0,,1547.0,,,784.0,-131.0
Turkey,12807.0,2021-04-01,2445.0,,1572.0,,,873.0,89.0
Turkey,12807.0,2021-05-01,2371.0,,1575.0,,,796.0,-77.0
Turkey,12807.0,2021-06-01,2128.0,,1280.0,,,848.0,52.0
Turkey,12807.0,2021-07-01,2025.0,,1314.0,,,711.0,-137.0
Turkey,12807.0,2021-08-01,1751.0,,1265.0,,,486.0,-225.0
Turkey,12807.0,2021-09-01,1757.0,,1254.0,,,503.0,17.0
Turkey,12807.0,2021-10-01,1761.0,,1258.0,,,503.0,0.0
Turkey,12807.0,2021-11-01,1893.0,,1391.0,,,502.0,-1.0
Turkey,12807.0,2021-12-01,1903.0,,1302.0,,,601.0,99.0
Turkey,12807.0,2022-01-01,1510.0,,1021.0,,,489.0,-112.0
Turkey,12807.0,2022-02-01,1574.0,,1084.0,,,490.0,1.0
Turkey,12807.0,2022-03-01,1595.0,,1108.0,,,487.0,-3.0
Turkey,12807.0,2022-04-01,1603.0,,1129.0,,,474.0,-13.0
Turkey,12807.0,2022-05-01,1666.0,,1162.0,,,504.0,30.0
Turkey,12807.0,2022-06-01,1674.0,,1218.0,,,456.0,-48.0
Turkey,12807.0,2022-07-01,1803.0,,1302.0,,,501.0,45.0
Turkey,12807.0,2022-08-01,1888.0,,1277.0,,,611.0,110.0
Turkey,12807.0,2022-09-01,1814.0,,1193.0,,,621.0,10.0
Turkey,12807.0,2022-10-01,1834.0,,1210.0,,,624.0,3.0
Turkey,12807.0,2022-11-01,1993.0,,1309.0,,,684.0,60.0
Turkey,12807.0,2022-12-01,2027.0,,1368.0,,,659.0,-25.0
Turkey,12807.0,2023-01-01,2154.0,,1400.0,,,754.0,95.0
Turkey,12807.0,2023-02-01,1988.0,-163.0,1260.0,-137.0,-5.0,728.0,-26.0
Turkey,12807.0,2023-03-01,2151.0,150.0,1424.0,151.0,16.0,727.0,-1.0
Turkey,12807.0,2023-04-01,2126.0,-26.0,1677.0,252.0,1.0,449.0,-278.0
Turkey,12807.0,2023-05-01,2075.0,-43.0,1621.0,-48.0,-3.0,454.0,5.0
Turkey,12807.0,2023-06-01,2255.0,185.0,1664.0,48.0,-2.0,591.0,137.0
Turkey,12807.0,2023-07-01,2352.0,100.0,1772.0,111.0,2.0,580.0,-11.0
Turkey,12807.0,2023-08-01,2064.0,-288.0,1839.0,67.0,6.0,225.0,-355.0
Turkey,12807.0,2023-09-01,2102.0,37.0,1872.0,32.0,2.0,230.0,5.0
Turkey,12807.0,2023-10-01,2346.0,246.0,1865.0,-5.0,2.0,481.0,251.0
Turkey,12807.0,2023-11-01,2359.0,6.0,1871.0,-1.0,11.0,488.0,7.0
Turkey,12807.0,2023-12-01,2166.0,-230.0,1941.0,33.0,11.0,225.0,-263.0
Turkey,12807.0,2024-01-01,3096.0,938.0,2884.0,951.0,-4.0,212.0,-13.0
Turkey,12807.0,2024-02-01,3086.0,1.0,2872.0,-1.0,-11.0,214.0,2.0
Turkey,12807.0,2024-03-01,3111.0,29.0,2894.0,26.0,2.0,217.0,3.0
Turkey,12807.0,2024-04-01,3115.0,17.0,2900.0,19.0,-11.0,215.0,-2.0
Turkey,12807.0,2024-05-01,3262.0,139.0,3041.0,133.0,9.0,221.0,6.0
Turkey,12807.0,2024-06-01,3438.0,169.0,3201.0,153.0,5.0,237.0,16.0
Turkey,12807.0,2024-07-01,6092.0,2628.0,4809.0,1582.0,23.0,1283.0,1046.0
Turkey,12807.0,2024-08-01,6149.0,34.0,4883.0,51.0,23.0,1266.0,-17.0
Turkey,12807.0,2024-09-01,6295.0,127.0,4994.0,92.0,19.0,1301.0,35.0
Turkey,12807.0,2024-10-01,11965.0,5746.0,9034.0,4116.0,-75.0,2931.0,1630.0
Turkey,12807.0,2024-11-01,12095.0,127.0,9250.0,213.0,10.0,2845.0,-86.0
Turkey,12807.0,2024-12-01,12852.0,818.0,9565.0,376.0,-14.0,3287.0,442.0
Turkey,12807.0,2025-01-01,18210.0,5376.0,11862.0,2315.0,-12.0,6348.0,3061.0
Turkey,12807.0,2025-02-01,20471.0,2214.0,12841.0,932.0,44.0,7630.0,1282.0
Turkey,12807.0,2025-03-01,15918.0,-4570.0,12224.0,-634.0,19.0,3694.0,-3936.0
Turkey,12807.0,2025-04-01,7137.0,-8873.0,5052.0,-7264.0,92.0,2085.0,-1609.0
Turkey,12807.0,2025-05-01,7043.0,-71.0,5460.0,431.0,-26.0,1583.0,-502.0
Turkey,12807.0,2025-06-01,7692.0,681.0,5525.0,97.0,16.0,2167.0,584.0
Turkey,12807.0,2025-07-01,9938.0,2269.0,5753.0,251.0,-21.0,4185.0,2018.0
Turkey,12807.0,2025-08-01,19424.0,9467.0,7340.0,1568.0,24.0,12084.0,7899.0
Turkey,12807.0,2025-09-01,13279.0,-6145.0,7645.0,305.0,-1.0,5634.0,-6450.0
Turkey,12807.0,2025-10-01,14608.0,1335.0,8083.0,444.0,-6.0,6525.0,891.0
Turkey,12807.0,2025-11-01,15723.0,1105.0,8264.0,171.0,11.0,7459.0,934.0
Turkey,12807.0,2025-12-01,14003.0,-1713.0,8654.0,397.0,-5.0,5349.0,-2110.0
Turkey,12807.0,2026-01-01,16903.0,2935.0,10766.0,2147.0,-35.0,6137.0,788.0
Turkey,12807.0,2026-02-01,15715.0,-1209.0,11051.0,264.0,25.0,4664.0,-1473.0
Turkey,12807.0,2026-03-01,1784.0,-13977.0,839.0,-10258.0,50.0,945.0,-3719.0
Turkey,12807.0,2026-04-01,2610.0,831.0,1005.0,171.0,-4.0,1605.0,660.0
Turkey,12807.0,2026-05-01,2304.0,-303.0,1005.0,3.0,0.0,1299.0,-306.0
Ukraine,16403.0,2020-01-01,,,6268.0,,,,
Ukraine,16403.0,2020-02-01,,,6629.0,,,,
Ukraine,16403.0,2020-03-01,,,5765.0,,,,
Ukraine,16403.0,2020-04-01,,,4551.0,,,,
Ukraine,16403.0,2020-05-01,,,4793.0,,,,
Ukraine,16403.0,2020-06-01,,,5664.0,,,,
Ukraine,16403.0,2020-07-01,,,6075.0,,,,
Ukraine,16403.0,2020-08-01,,,5504.0,,,,
Ukraine,16403.0,2020-09-01,,,5416.0,,,,
Ukraine,16403.0,2020-10-01,,,5352.0,,,,
Ukraine,16403.0,2020-11-01,,,5319.0,,,,
Ukraine,16403.0,2020-12-01,,,5302.0,,,,
Ukraine,16403.0,2021-01-01,,,5527.0,,,,
Ukraine,16403.0,2021-02-01,,,5636.0,,,,
Ukraine,16403.0,2021-03-01,,,5329.0,,,,
Ukraine,16403.0,2021-04-01,,,5205.0,,,,
Ukraine,16403.0,2021-05-01,,,5885.0,,,,
Ukraine,16403.0,2021-06-01,,,6028.0,,,,
Ukraine,16403.0,2021-07-01,,,6620.0,,,,
Ukraine,16403.0,2021-08-01,,,6640.0,,,,
Ukraine,16403.0,2021-09-01,,,7548.0,,,,
Ukraine,16403.0,2021-10-01,,,13955.0,,,,
Ukraine,16403.0,2021-11-01,,,14786.0,,,,
Ukraine,16403.0,2021-12-01,,,15750.0,,,,
Ukraine,16403.0,2022-01-01,,,15078.0,,,,
Ukraine,16403.0,2022-02-01,,,13702.0,,,,
Ukraine,16403.0,2022-03-01,,,12421.0,,,,
Ukraine,16403.0,2022-04-01,,,12168.0,,,,
Ukraine,16403.0,2022-05-01,,,10579.0,,,,
Ukraine,16403.0,2022-06-01,,,7887.0,,,,
Ukraine,16403.0,2022-07-01,,,7597.0,,,,
Ukraine,16403.0,2022-08-01,,,8922.0,,,,
Ukraine,16403.0,2022-09-01,,,11294.0,,,,
Ukraine,16403.0,2022-10-01,,,10654.0,,,,
Ukraine,16403.0,2022-11-01,,,14130.0,,,,
Ukraine,16403.0,2022-12-01,,,15955.0,,,,
Ukraine,16403.0,2023-01-01,,,14727.0,,,,
Ukraine,16403.0,2023-02-01,,,15664.0,876.0,173.0,,
Ukraine,16403.0,2023-03-01,,,14262.0,-1480.0,-50.0,,
Ukraine,16403.0,2023-04-01,,,17558.0,3266.0,73.0,,
Ukraine,16403.0,2023-05-01,,,17464.0,-101.0,34.0,,
Ukraine,16403.0,2023-06-01,,,18934.0,1429.0,509.0,,
Ukraine,16403.0,2023-07-01,,,18275.0,-730.0,1569.0,,
Ukraine,16403.0,2023-08-01,,,19502.0,1137.0,897.0,,
Ukraine,16403.0,2023-09-01,,,21587.0,2007.0,-1559.0,,
Ukraine,16403.0,2023-10-01,,,20807.0,-872.0,2138.0,,
Ukraine,16403.0,2023-11-01,,,15600.0,2083.0,615.0,,
Ukraine,16403.0,2023-12-01,,,14897.0,-322.0,-1281.0,,
Ukraine,16403.0,2024-01-01,,,13816.0,-1120.0,-352.0,,
Ukraine,16403.0,2024-02-01,,,13649.0,-182.0,-533.0,,
Ukraine,16403.0,2024-03-01,,,15894.0,2211.0,465.0,,
Ukraine,16403.0,2024-04-01,,,15074.0,334.0,-843.0,,
Ukraine,16403.0,2024-05-01,,,13754.0,399.0,51.0,,
Ukraine,16403.0,2024-06-01,,,15413.0,1617.0,147.0,,
Ukraine,16403.0,2024-07-01,,,14605.0,711.0,-289.0,,
Ukraine,16403.0,2024-08-01,,,17847.0,4581.0,556.0,,
Ukraine,16403.0,2024-09-01,,,16543.0,-74.0,74.0,,
Ukraine,16403.0,2024-10-01,,,16360.0,847.0,273.0,,
Ukraine,16403.0,2024-11-01,,,15991.0,-454.0,315.0,,
Ukraine,16403.0,2024-12-01,,,16978.0,1355.0,85.0,,
Ukraine,16403.0,2025-01-01,,,15661.0,-631.0,13.0,,
Ukraine,16403.0,2025-02-01,,,14597.0,1081.0,-844.0,,
Ukraine,16403.0,2025-03-01,,,14499.0,2564.0,19.0,,
Ukraine,16403.0,2025-04-01,,,11643.0,295.0,131.0,,
Ukraine,16403.0,2025-05-01,,,15455.0,3827.0,223.0,,
Ukraine,16403.0,2025-06-01,,,12952.0,440.0,-60.0,,
Ukraine,16403.0,2025-07-01,,,12715.0,-1.0,-285.0,,
Ukraine,16403.0,2025-08-01,,,13467.0,255.0,374.0,,
Ukraine,16403.0,2025-09-01,,,11261.0,-254.0,153.0,,
Ukraine,16403.0,2025-10-01,,,13612.0,2607.0,20.0,,
Ukraine,16403.0,2025-11-01,,,11500.0,-81.0,-588.0,,
Ukraine,16403.0,2025-12-01,,,12483.0,1970.0,12.0,,
Ukraine,16403.0,2026-01-01,,,12599.0,1469.0,-6.0,,
Ukraine,16403.0,2026-02-01,,,11496.0,91.0,2.0,,
Ukraine,16403.0,2026-03-01,,,11492.0,3049.0,-262.0,,
Ukraine,16403.0,2026-04-01,,,10338.0,1334.0,-251.0,,
Ukraine,16403.0,2026-05-01,,,12140.0,1815.0,-12.0,,
United Arab Emirates,46604.0,2020-01-01,39795.0,,23895.0,,,15900.0,1517.0
United Arab Emirates,46604.0,2020-02-01,37276.0,,24538.0,,,12738.0,-3162.0
United Arab Emirates,46604.0,2020-03-01,28028.0,,19293.0,,,8735.0,-4003.0
United Arab Emirates,46604.0,2020-04-01,26280.0,,16856.0,,,9424.0,689.0
United Arab Emirates,46604.0,2020-05-01,27942.0,,14747.0,,,13195.0,3771.0
United Arab Emirates,46604.0,2020-06-01,26112.0,,15292.0,,,10820.0,-2375.0
United Arab Emirates,46604.0,2020-07-01,29529.0,,16858.0,,,12671.0,1851.0
United Arab Emirates,46604.0,2020-08-01,36576.0,,25081.0,,,11495.0,-1176.0
United Arab Emirates,46604.0,2020-09-01,33139.0,,22907.0,,,10232.0,-1263.0
United Arab Emirates,46604.0,2020-10-01,29065.0,,18857.0,,,10208.0,-24.0
United Arab Emirates,46604.0,2020-11-01,36805.0,,25402.0,,,11403.0,1195.0
United Arab Emirates,46604.0,2020-12-01,32182.0,,21438.0,,,10744.0,-659.0
United Arab Emirates,46604.0,2021-01-01,33804.0,,20871.0,,,12933.0,2189.0
United Arab Emirates,46604.0,2021-02-01,50636.0,,26014.0,,,24622.0,11689.0
United Arab Emirates,46604.0,2021-03-01,45642.0,,24692.0,,,20950.0,-3672.0
United Arab Emirates,46604.0,2021-04-01,43698.0,,25006.0,,,18692.0,-2258.0
United Arab Emirates,46604.0,2021-05-01,57297.0,,31438.0,,,25859.0,7167.0
United Arab Emirates,46604.0,2021-06-01,60772.0,,34264.0,,,26508.0,649.0
United Arab Emirates,46604.0,2021-07-01,58018.0,,30862.0,,,27156.0,648.0
United Arab Emirates,46604.0,2021-08-01,58742.0,,31105.0,,,27637.0,481.0
United Arab Emirates,46604.0,2021-09-01,58117.0,,32382.0,,,25735.0,-1902.0
United Arab Emirates,46604.0,2021-10-01,53047.0,,27645.0,,,25402.0,-333.0
United Arab Emirates,46604.0,2021-11-01,48572.0,,26569.0,,,22003.0,-3399.0
United Arab Emirates,46604.0,2021-12-01,44925.0,,27460.0,,,17465.0,-4538.0
United Arab Emirates,46604.0,2022-01-01,44949.0,,27936.0,,,17013.0,-452.0
United Arab Emirates,46604.0,2022-02-01,46471.0,,30629.0,,,15842.0,-1171.0
United Arab Emirates,46604.0,2022-03-01,45813.0,,28011.0,,,17802.0,1960.0
United Arab Emirates,46604.0,2022-04-01,41906.0,,24894.0,,,17012.0,-790.0
United Arab Emirates,46604.0,2022-05-01,38424.0,,25421.0,,,13003.0,-4009.0
United Arab Emirates,46604.0,2022-06-01,40100.0,,26313.0,,,13787.0,784.0
United Arab Emirates,46604.0,2022-07-01,41609.0,,29833.0,,,11776.0,-2011.0
United Arab Emirates,46604.0,2022-08-01,48151.0,,32970.0,,,15181.0,3405.0
United Arab Emirates,46604.0,2022-09-01,47901.0,,36577.0,,,11324.0,-3857.0
United Arab Emirates,46604.0,2022-10-01,53936.0,,41602.0,,,12334.0,1010.0
United Arab Emirates,46604.0,2022-11-01,59511.0,,48076.0,,,11435.0,-899.0
United Arab Emirates,46604.0,2022-12-01,58507.0,,37940.0,,,20567.0,9132.0
United Arab Emirates,46604.0,2023-01-01,64881.0,,43320.0,,,21561.0,994.0
United Arab Emirates,46604.0,2023-02-01,65243.0,1115.0,42887.0,320.0,-770.0,22356.0,795.0
United Arab Emirates,46604.0,2023-03-01,61510.0,-2505.0,42120.0,461.0,-1153.0,19390.0,-2966.0
United Arab Emirates,46604.0,2023-04-01,70217.0,7133.0,52009.0,8315.0,1684.0,18208.0,-1182.0
United Arab Emirates,46604.0,2023-05-01,68983.0,1022.0,47100.0,-2653.0,-2209.0,21883.0,3675.0
United Arab Emirates,46604.0,2023-06-01,65621.0,-3262.0,45516.0,-1484.0,-151.0,20105.0,-1778.0
United Arab Emirates,46604.0,2023-07-01,64883.0,-251.0,44930.0,-99.0,-327.0,19953.0,-152.0
United Arab Emirates,46604.0,2023-08-01,68257.0,-29.0,57310.0,8977.0,3567.0,10947.0,-9006.0
United Arab Emirates,46604.0,2023-09-01,64419.0,512.0,53471.0,511.0,-4023.0,10948.0,1.0
United Arab Emirates,46604.0,2023-10-01,63976.0,487.0,53155.0,614.0,-652.0,10821.0,-127.0
United Arab Emirates,46604.0,2023-11-01,62848.0,286.0,52426.0,685.0,2143.0,10422.0,-399.0
United Arab Emirates,46604.0,2023-12-01,63998.0,-70.0,51696.0,-1950.0,1523.0,12302.0,1880.0
United Arab Emirates,46604.0,2024-01-01,60119.0,-6366.0,48793.0,-5390.0,2412.0,11326.0,-976.0
United Arab Emirates,46604.0,2024-02-01,68890.0,8288.0,55588.0,6312.0,357.0,13302.0,1976.0
United Arab Emirates,46604.0,2024-03-01,70939.0,1018.0,55960.0,-659.0,1110.0,14979.0,1677.0
United Arab Emirates,46604.0,2024-04-01,69866.0,-745.0,55492.0,-140.0,-202.0,14374.0,-605.0
United Arab Emirates,46604.0,2024-05-01,70816.0,231.0,58764.0,2553.0,512.0,12052.0,-2322.0
United Arab Emirates,46604.0,2024-06-01,70098.0,-1672.0,57134.0,-2584.0,2524.0,12964.0,912.0
United Arab Emirates,46604.0,2024-07-01,68946.0,94.0,56672.0,784.0,1314.0,12274.0,-690.0
United Arab Emirates,46604.0,2024-08-01,79154.0,10045.0,66357.0,9522.0,835.0,12797.0,523.0
United Arab Emirates,46604.0,2024-09-01,71909.0,-7163.0,61000.0,-5275.0,415.0,10909.0,-1888.0
United Arab Emirates,46604.0,2024-10-01,68266.0,-2350.0,57206.0,-2501.0,-1151.0,11060.0,151.0
United Arab Emirates,46604.0,2024-11-01,73138.0,4723.0,63304.0,5949.0,-28.0,9834.0,-1226.0
United Arab Emirates,46604.0,2024-12-01,77096.0,6770.0,58020.0,-2472.0,-1327.0,19076.0,9242.0
United Arab Emirates,46604.0,2025-01-01,92628.0,23613.0,44929.0,-5010.0,-7737.0,47699.0,28623.0
United Arab Emirates,46604.0,2025-02-01,119927.0,27057.0,49234.0,4063.0,599.0,70693.0,22994.0
United Arab Emirates,46604.0,2025-03-01,104347.0,-16168.0,44573.0,-5249.0,58.0,59774.0,-10919.0
United Arab Emirates,46604.0,2025-04-01,112933.0,9238.0,42556.0,-1365.0,84.0,70377.0,10603.0
United Arab Emirates,46604.0,2025-05-01,103620.0,-2370.0,37410.0,1797.0,-305.0,66210.0,-4167.0
United Arab Emirates,46604.0,2025-06-01,96388.0,-7693.0,37698.0,-173.0,461.0,58690.0,-7520.0
United Arab Emirates,46604.0,2025-07-01,107696.0,11969.0,36184.0,-853.0,-212.0,71512.0,12822.0
United Arab Emirates,46604.0,2025-08-01,108661.0,443.0,46542.0,9836.0,558.0,62119.0,-9393.0
United Arab Emirates,46604.0,2025-09-01,103280.0,-6707.0,42638.0,-5230.0,530.0,60642.0,-1477.0
United Arab Emirates,46604.0,2025-10-01,110653.0,6889.0,45808.0,2686.0,509.0,64845.0,4203.0
United Arab Emirates,46604.0,2025-11-01,103517.0,-6470.0,47599.0,2457.0,-339.0,55918.0,-8927.0
United Arab Emirates,46604.0,2025-12-01,95656.0,-7606.0,43133.0,-4211.0,-474.0,52523.0,-3395.0
United Arab Emirates,46604.0,2026-01-01,112446.0,17291.0,45097.0,2465.0,-109.0,67349.0,14826.0
United Arab Emirates,46604.0,2026-02-01,119960.0,7790.0,46627.0,1806.0,573.0,73333.0,5984.0
United Arab Emirates,46604.0,2026-03-01,114147.0,-5200.0,48573.0,2559.0,-967.0,65574.0,-7759.0
United Arab Emirates,46604.0,2026-04-01,112546.0,-1800.0,48483.0,-289.0,-140.0,64063.0,-1511.0
United Arab Emirates,46604.0,2026-05-01,118600.0,4080.0,52464.0,2007.0,3063.0,66136.0,2073.0
United Kingdom,13005.0,2020-01-01,450310.0,,401302.0,,,49008.0,-8590.0
United Kingdom,13005.0,2020-02-01,477149.0,,425541.0,,,51608.0,2600.0
United Kingdom,13005.0,2020-03-01,469682.0,,403473.0,,,66209.0,14601.0
United Kingdom,13005.0,2020-04-01,429169.0,,365360.0,,,63809.0,-2400.0
United Kingdom,13005.0,2020-05-01,445779.0,,379094.0,,,66685.0,2876.0
United Kingdom,13005.0,2020-06-01,445650.0,,369113.0,,,76537.0,9852.0
United Kingdom,13005.0,2020-07-01,424617.0,,354330.0,,,70287.0,-6250.0
United Kingdom,13005.0,2020-08-01,419350.0,,346152.0,,,73198.0,2911.0
United Kingdom,13005.0,2020-09-01,428453.0,,357663.0,,,70790.0,-2408.0
United Kingdom,13005.0,2020-10-01,442807.0,,375250.0,,,67557.0,-3233.0
United Kingdom,13005.0,2020-11-01,420452.0,,358474.0,,,61978.0,-5579.0
United Kingdom,13005.0,2020-12-01,440621.0,,372138.0,,,68483.0,6505.0
United Kingdom,13005.0,2021-01-01,438666.0,,371762.0,,,66904.0,-1579.0
United Kingdom,13005.0,2021-02-01,459427.0,,392534.0,,,66893.0,-11.0
United Kingdom,13005.0,2021-03-01,443146.0,,377353.0,,,65793.0,-1100.0
United Kingdom,13005.0,2021-04-01,431742.0,,373673.0,,,58069.0,-7724.0
United Kingdom,13005.0,2021-05-01,467623.0,,408381.0,,,59242.0,1173.0
United Kingdom,13005.0,2021-06-01,533592.0,,466746.0,,,66846.0,7604.0
United Kingdom,13005.0,2021-07-01,541608.0,,477275.0,,,64333.0,-2513.0
United Kingdom,13005.0,2021-08-01,568922.0,,496813.0,,,72109.0,7776.0
United Kingdom,13005.0,2021-09-01,566399.0,,487567.0,,,78832.0,6723.0
United Kingdom,13005.0,2021-10-01,580163.0,,502211.0,,,77952.0,-880.0
United Kingdom,13005.0,2021-11-01,621783.0,,534207.0,,,87576.0,9624.0
United Kingdom,13005.0,2021-12-01,649344.0,,556052.0,,,93292.0,5716.0
United Kingdom,13005.0,2022-01-01,610719.0,,521876.0,,,88843.0,-4449.0
United Kingdom,13005.0,2022-02-01,627037.0,,524095.0,,,102942.0,14099.0
United Kingdom,13005.0,2022-03-01,636546.0,,532888.0,,,103658.0,716.0
United Kingdom,13005.0,2022-04-01,614338.0,,520282.0,,,94056.0,-9602.0
United Kingdom,13005.0,2022-05-01,636470.0,,545675.0,,,90795.0,-3261.0
United Kingdom,13005.0,2022-06-01,617282.0,,529736.0,,,87546.0,-3249.0
United Kingdom,13005.0,2022-07-01,636594.0,,554660.0,,,81934.0,-5612.0
United Kingdom,13005.0,2022-08-01,646537.0,,551538.0,,,94999.0,13065.0
United Kingdom,13005.0,2022-09-01,664811.0,,573078.0,,,91733.0,-3266.0
United Kingdom,13005.0,2022-10-01,641270.0,,556304.0,,,84966.0,-6767.0
United Kingdom,13005.0,2022-11-01,575127.0,,494266.0,,,80861.0,-4105.0
United Kingdom,13005.0,2022-12-01,573691.0,,475168.0,,,98523.0,17662.0
United Kingdom,13005.0,2023-01-01,597992.0,,494818.0,,,103174.0,4651.0
United Kingdom,13005.0,2023-02-01,576452.0,-2399.0,470450.0,-5227.0,-8124.0,106002.0,2828.0
United Kingdom,13005.0,2023-03-01,633126.0,59015.0,542469.0,74360.0,3174.0,90657.0,-15345.0
United Kingdom,13005.0,2023-04-01,625131.0,10710.0,535418.0,11654.0,788.0,89713.0,-944.0
United Kingdom,13005.0,2023-05-01,606608.0,-6218.0,524766.0,1653.0,-4248.0,81842.0,-7871.0
United Kingdom,13005.0,2023-06-01,624391.0,4375.0,533861.0,-4313.0,-3714.0,90530.0,8688.0
United Kingdom,13005.0,2023-07-01,609324.0,-6253.0,517276.0,-7771.0,-2192.0,92048.0,1518.0
United Kingdom,13005.0,2023-08-01,627538.0,13826.0,526349.0,4685.0,-1704.0,101189.0,9141.0
United Kingdom,13005.0,2023-09-01,604664.0,8784.0,496525.0,1834.0,-34509.0,108139.0,6950.0
United Kingdom,13005.0,2023-10-01,630017.0,3177.0,529570.0,10869.0,-3977.0,100447.0,-7692.0
United Kingdom,13005.0,2023-11-01,650764.0,-2295.0,550961.0,-1651.0,6933.0,99803.0,-644.0
United Kingdom,13005.0,2023-12-01,688551.0,10320.0,583001.0,4573.0,4475.0,105550.0,5747.0
United Kingdom,13005.0,2024-01-01,701828.0,7034.0,601488.0,12244.0,-1341.0,100340.0,-5210.0
United Kingdom,13005.0,2024-02-01,711535.0,16350.0,608958.0,14113.0,-4106.0,102577.0,2237.0
United Kingdom,13005.0,2024-03-01,736441.0,26943.0,627444.0,20523.0,1202.0,108997.0,6420.0
United Kingdom,13005.0,2024-04-01,714565.0,-10791.0,608534.0,-7825.0,-9778.0,106031.0,-2966.0
United Kingdom,13005.0,2024-05-01,728565.0,9525.0,629000.0,15991.0,3566.0,99565.0,-6466.0
United Kingdom,13005.0,2024-06-01,746539.0,-10772.0,648733.0,-9013.0,5605.0,97806.0,-1759.0
United Kingdom,13005.0,2024-07-01,733503.0,-2610.0,646161.0,7854.0,3791.0,87342.0,-10464.0
United Kingdom,13005.0,2024-08-01,749219.0,14246.0,657497.0,9866.0,4547.0,91722.0,4380.0
United Kingdom,13005.0,2024-09-01,769251.0,-10668.0,685639.0,-2558.0,3291.0,83612.0,-8110.0
United Kingdom,13005.0,2024-10-01,746472.0,7371.0,666155.0,10666.0,-7895.0,80317.0,-3295.0
United Kingdom,13005.0,2024-11-01,766885.0,38.0,683822.0,-2708.0,1706.0,83063.0,2746.0
United Kingdom,13005.0,2024-12-01,722780.0,-39769.0,645298.0,-34188.0,-5791.0,77482.0,-5581.0
United Kingdom,13005.0,2025-01-01,740229.0,40922.0,658602.0,36777.0,-5463.0,81627.0,4145.0
United Kingdom,13005.0,2025-02-01,750313.0,14186.0,668672.0,14172.0,-1880.0,81641.0,14.0
United Kingdom,13005.0,2025-03-01,779183.0,28967.0,689538.0,20963.0,-5216.0,89645.0,8004.0
United Kingdom,13005.0,2025-04-01,807590.0,31014.0,729734.0,42803.0,-3410.0,77856.0,-11789.0
United Kingdom,13005.0,2025-05-01,809390.0,33292.0,728039.0,29797.0,-14923.0,81351.0,3495.0
United Kingdom,13005.0,2025-06-01,855602.0,17467.0,770560.0,13776.0,5353.0,85042.0,3691.0
United Kingdom,13005.0,2025-07-01,895928.0,35090.0,812110.0,36314.0,-13807.0,83818.0,-1224.0
United Kingdom,13005.0,2025-08-01,901272.0,3238.0,818485.0,4269.0,-2967.0,82787.0,-1031.0
United Kingdom,13005.0,2025-09-01,862461.0,-20993.0,780790.0,-19877.0,-7391.0,81671.0,-1116.0
United Kingdom,13005.0,2025-10-01,875409.0,20783.0,794910.0,21955.0,-8151.0,80499.0,-1172.0
United Kingdom,13005.0,2025-11-01,879817.0,5516.0,790768.0,-3034.0,-7001.0,89049.0,8550.0
United Kingdom,13005.0,2025-12-01,863123.0,-20401.0,784004.0,-10471.0,-11807.0,79119.0,-9930.0
United Kingdom,13005.0,2026-01-01,879755.0,52018.0,796791.0,48173.0,-6196.0,82964.0,3845.0
United Kingdom,13005.0,2026-02-01,897338.0,26248.0,809830.0,21704.0,-74.0,87508.0,4544.0
United Kingdom,13005.0,2026-03-01,927134.0,37831.0,824635.0,22840.0,-24655.0,102499.0,14991.0
United Kingdom,13005.0,2026-04-01,937523.0,16886.0,844129.0,25991.0,-11829.0,93394.0,-9105.0
United Kingdom,13005.0,2026-05-01,948593.0,14989.0,847086.0,6876.0,-13650.0,101507.0,8113.0
Uruguay,32603.0,2020-01-01,9384.0,,5926.0,,,3458.0,-218.0
Uruguay,32603.0,2020-02-01,9409.0,,6046.0,,,3363.0,-95.0
Uruguay,32603.0,2020-03-01,10086.0,,5205.0,,,4881.0,1518.0
Uruguay,32603.0,2020-04-01,10991.0,,4725.0,,,6266.0,1385.0
Uruguay,32603.0,2020-05-01,10750.0,,4291.0,,,6459.0,193.0
Uruguay,32603.0,2020-06-01,9532.0,,3892.0,,,5640.0,-819.0
Uruguay,32603.0,2020-07-01,10476.0,,3828.0,,,6648.0,1008.0
Uruguay,32603.0,2020-08-01,10543.0,,3619.0,,,6924.0,276.0
Uruguay,32603.0,2020-09-01,11365.0,,3808.0,,,7557.0,633.0
Uruguay,32603.0,2020-10-01,11011.0,,3388.0,,,7623.0,66.0
Uruguay,32603.0,2020-11-01,11268.0,,3380.0,,,7888.0,265.0
Uruguay,32603.0,2020-12-01,12971.0,,3432.0,,,9539.0,1651.0
Uruguay,32603.0,2021-01-01,11618.0,,3154.0,,,8464.0,-1075.0
Uruguay,32603.0,2021-02-01,11018.0,,2693.0,,,8325.0,-139.0
Uruguay,32603.0,2021-03-01,10509.0,,2554.0,,,7955.0,-370.0
Uruguay,32603.0,2021-04-01,10397.0,,2606.0,,,7791.0,-164.0
Uruguay,32603.0,2021-05-01,10785.0,,2623.0,,,8162.0,371.0
Uruguay,32603.0,2021-06-01,10915.0,,2600.0,,,8315.0,153.0
Uruguay,32603.0,2021-07-01,10474.0,,2625.0,,,7849.0,-466.0
Uruguay,32603.0,2021-08-01,10412.0,,2690.0,,,7722.0,-127.0
Uruguay,32603.0,2021-09-01,9945.0,,2373.0,,,7572.0,-150.0
Uruguay,32603.0,2021-10-01,10718.0,,2452.0,,,8266.0,694.0
Uruguay,32603.0,2021-11-01,9773.0,,2382.0,,,7391.0,-875.0
Uruguay,32603.0,2021-12-01,12328.0,,2388.0,,,9940.0,2549.0
Uruguay,32603.0,2022-01-01,10352.0,,2391.0,,,7961.0,-1979.0
Uruguay,32603.0,2022-02-01,10212.0,,2481.0,,,7731.0,-230.0
Uruguay,32603.0,2022-03-01,10749.0,,2539.0,,,8210.0,479.0
Uruguay,32603.0,2022-04-01,11467.0,,2633.0,,,8834.0,624.0
Uruguay,32603.0,2022-05-01,11897.0,,3028.0,,,8869.0,35.0
Uruguay,32603.0,2022-06-01,12269.0,,3118.0,,,9151.0,282.0
Uruguay,32603.0,2022-07-01,12108.0,,3224.0,,,8884.0,-267.0
Uruguay,32603.0,2022-08-01,11665.0,,3384.0,,,8281.0,-603.0
Uruguay,32603.0,2022-09-01,12244.0,,3544.0,,,8700.0,419.0
Uruguay,32603.0,2022-10-01,13218.0,,3729.0,,,9489.0,789.0
Uruguay,32603.0,2022-11-01,15922.0,,3996.0,,,11926.0,2437.0
Uruguay,32603.0,2022-12-01,17866.0,,4534.0,,,13332.0,1406.0
Uruguay,32603.0,2023-01-01,15836.0,,5099.0,,,10737.0,-2595.0
Uruguay,32603.0,2023-02-01,16241.0,438.0,5506.0,440.0,34.0,10735.0,-2.0
Uruguay,32603.0,2023-03-01,16441.0,239.0,6112.0,645.0,83.0,10329.0,-406.0
Uruguay,32603.0,2023-04-01,16512.0,-18.0,6790.0,589.0,40.0,9722.0,-607.0
Uruguay,32603.0,2023-05-01,16276.0,-199.0,7500.0,747.0,257.0,8776.0,-946.0
Uruguay,32603.0,2023-06-01,16254.0,-31.0,8427.0,918.0,552.0,7827.0,-949.0
Uruguay,32603.0,2023-07-01,17337.0,1081.0,9032.0,603.0,200.0,8305.0,478.0
Uruguay,32603.0,2023-08-01,17305.0,-50.0,9540.0,490.0,-151.0,7765.0,-540.0
Uruguay,32603.0,2023-09-01,17281.0,-71.0,10105.0,518.0,191.0,7176.0,-589.0
Uruguay,32603.0,2023-10-01,17892.0,515.0,10560.0,359.0,567.0,7332.0,156.0
Uruguay,32603.0,2023-11-01,19352.0,1396.0,11087.0,463.0,270.0,8265.0,933.0
Uruguay,32603.0,2023-12-01,20842.0,1425.0,12379.0,1227.0,396.0,8463.0,198.0
Uruguay,32603.0,2024-01-01,19092.0,-1703.0,12558.0,226.0,-859.0,6534.0,-1929.0
Uruguay,32603.0,2024-02-01,18501.0,-524.0,12829.0,338.0,-314.0,5672.0,-862.0
Uruguay,32603.0,2024-03-01,19137.0,577.0,13042.0,154.0,84.0,6095.0,423.0
Uruguay,32603.0,2024-04-01,19546.0,528.0,13189.0,266.0,1195.0,6357.0,262.0
Uruguay,32603.0,2024-05-01,19710.0,375.0,12732.0,-246.0,-715.0,6978.0,621.0
Uruguay,32603.0,2024-06-01,18563.0,-1058.0,12304.0,-339.0,-161.0,6259.0,-719.0
Uruguay,32603.0,2024-07-01,19585.0,750.0,11717.0,-859.0,99.0,7868.0,1609.0
Uruguay,32603.0,2024-08-01,18527.0,-1072.0,12035.0,304.0,-22.0,6492.0,-1376.0
Uruguay,32603.0,2024-09-01,18643.0,252.0,12245.0,346.0,-208.0,6398.0,-94.0
Uruguay,32603.0,2024-10-01,17381.0,-1055.0,12040.0,2.0,46.0,5341.0,-1057.0
Uruguay,32603.0,2024-11-01,18302.0,994.0,12201.0,234.0,-50.0,6101.0,760.0
Uruguay,32603.0,2024-12-01,19001.0,831.0,12561.0,492.0,392.0,6440.0,339.0
Uruguay,32603.0,2025-01-01,19484.0,511.0,12855.0,322.0,-21.0,6629.0,189.0
Uruguay,32603.0,2025-02-01,20166.0,699.0,12825.0,-13.0,911.0,7341.0,712.0
Uruguay,32603.0,2025-03-01,19793.0,-346.0,11890.0,-908.0,540.0,7903.0,562.0
Uruguay,32603.0,2025-04-01,20102.0,313.0,12316.0,430.0,325.0,7786.0,-117.0
Uruguay,32603.0,2025-05-01,20490.0,394.0,13137.0,827.0,71.0,7353.0,-433.0
Uruguay,32603.0,2025-06-01,20572.0,143.0,12678.0,-398.0,-253.0,7894.0,541.0
Uruguay,32603.0,2025-07-01,19462.0,-1014.0,12255.0,-327.0,729.0,7207.0,-687.0
Uruguay,32603.0,2025-08-01,19420.0,-96.0,12293.0,-16.0,-13.0,7127.0,-80.0
Uruguay,32603.0,2025-09-01,18336.0,-881.0,11723.0,-367.0,-545.0,6613.0,-514.0
Uruguay,32603.0,2025-10-01,19147.0,923.0,12096.0,485.0,559.0,7051.0,438.0
Uruguay,32603.0,2025-11-01,19683.0,555.0,12593.0,516.0,31.0,7090.0,39.0
Uruguay,32603.0,2025-12-01,18993.0,-525.0,12583.0,155.0,-26.0,6410.0,-680.0
Uruguay,32603.0,2026-01-01,18423.0,-585.0,13018.0,420.0,12.0,5405.0,-1005.0
Uruguay,32603.0,2026-02-01,19333.0,936.0,13319.0,327.0,46.0,6014.0,609.0
Uruguay,32603.0,2026-03-01,18988.0,-146.0,13029.0,-91.0,-85.0,5959.0,-55.0
Uruguay,32603.0,2026-04-01,18310.0,-610.0,12355.0,-606.0,-16.0,5955.0,-4.0
Uruguay,32603.0,2026-05-01,18278.0,-50.0,12485.0,112.0,14.0,5793.0,-162.0
Venezuela,32719.0,2020-01-01,294.0,,119.0,,,175.0,11.0
Venezuela,32719.0,2020-02-01,287.0,,105.0,,,182.0,7.0
Venezuela,32719.0,2020-03-01,251.0,,103.0,,,148.0,-34.0
Venezuela,32719.0,2020-04-01,221.0,,96.0,,,125.0,-23.0
Venezuela,32719.0,2020-05-01,217.0,,87.0,,,130.0,5.0
Venezuela,32719.0,2020-06-01,166.0,,79.0,,,87.0,-43.0
Venezuela,32719.0,2020-07-01,151.0,,83.0,,,68.0,-19.0
Venezuela,32719.0,2020-08-01,143.0,,81.0,,,62.0,-6.0
Venezuela,32719.0,2020-09-01,159.0,,80.0,,,79.0,17.0
Venezuela,32719.0,2020-10-01,153.0,,84.0,,,69.0,-10.0
Venezuela,32719.0,2020-11-01,134.0,,73.0,,,61.0,-8.0
Venezuela,32719.0,2020-12-01,129.0,,67.0,,,62.0,1.0
Venezuela,32719.0,2021-01-01,129.0,,65.0,,,64.0,2.0
Venezuela,32719.0,2021-02-01,105.0,,58.0,,,47.0,-17.0
Venezuela,32719.0,2021-03-01,115.0,,58.0,,,57.0,10.0
Venezuela,32719.0,2021-04-01,107.0,,56.0,,,51.0,-6.0
Venezuela,32719.0,2021-05-01,95.0,,57.0,,,38.0,-13.0
Venezuela,32719.0,2021-06-01,93.0,,52.0,,,41.0,3.0
Venezuela,32719.0,2021-07-01,92.0,,52.0,,,40.0,-1.0
Venezuela,32719.0,2021-08-01,126.0,,51.0,,,75.0,35.0
Venezuela,32719.0,2021-09-01,86.0,,46.0,,,40.0,-35.0
Venezuela,32719.0,2021-10-01,98.0,,48.0,,,50.0,10.0
Venezuela,32719.0,2021-11-01,79.0,,41.0,,,38.0,-12.0
Venezuela,32719.0,2021-12-01,78.0,,41.0,,,37.0,-1.0
Venezuela,32719.0,2022-01-01,69.0,,40.0,,,29.0,-8.0
Venezuela,32719.0,2022-02-01,81.0,,39.0,,,42.0,13.0
Venezuela,32719.0,2022-03-01,111.0,,44.0,,,67.0,25.0
Venezuela,32719.0,2022-04-01,119.0,,47.0,,,72.0,5.0
Venezuela,32719.0,2022-05-01,132.0,,56.0,,,76.0,4.0
Venezuela,32719.0,2022-06-01,165.0,,73.0,,,92.0,16.0
Venezuela,32719.0,2022-07-01,170.0,,84.0,,,86.0,-6.0
Venezuela,32719.0,2022-08-01,258.0,,135.0,,,123.0,37.0
Venezuela,32719.0,2022-09-01,301.0,,153.0,,,148.0,25.0
Venezuela,32719.0,2022-10-01,362.0,,171.0,,,191.0,43.0
Venezuela,32719.0,2022-11-01,432.0,,220.0,,,212.0,21.0
Venezuela,32719.0,2022-12-01,531.0,,249.0,,,282.0,70.0
Venezuela,32719.0,2023-01-01,561.0,,257.0,,,304.0,22.0
Venezuela,32719.0,2023-02-01,592.0,19.0,303.0,34.0,8.0,289.0,-15.0
Venezuela,32719.0,2023-03-01,659.0,58.0,332.0,20.0,6.0,327.0,38.0
Venezuela,32719.0,2023-04-01,652.0,15.0,328.0,18.0,-9.0,324.0,-3.0
Venezuela,32719.0,2023-05-01,672.0,36.0,326.0,14.0,-8.0,346.0,22.0
Venezuela,32719.0,2023-06-01,771.0,105.0,342.0,22.0,0.0,429.0,83.0
Venezuela,32719.0,2023-07-01,767.0,9.0,369.0,40.0,-3.0,398.0,-31.0
Venezuela,32719.0,2023-08-01,740.0,15.0,354.0,27.0,-6.0,386.0,-12.0
Venezuela,32719.0,2023-09-01,784.0,30.0,394.0,26.0,9.0,390.0,4.0
Venezuela,32719.0,2023-10-01,738.0,1.0,367.0,20.0,-12.0,371.0,-19.0
Venezuela,32719.0,2023-11-01,725.0,-8.0,393.0,31.0,195.0,332.0,-39.0
Venezuela,32719.0,2023-12-01,785.0,64.0,411.0,22.0,104.0,374.0,42.0
Venezuela,32719.0,2024-01-01,732.0,-4.0,387.0,25.0,-766.0,345.0,-29.0
Venezuela,32719.0,2024-02-01,734.0,28.0,396.0,35.0,235.0,338.0,-7.0
Venezuela,32719.0,2024-03-01,795.0,55.0,428.0,26.0,435.0,367.0,29.0
Venezuela,32719.0,2024-04-01,809.0,59.0,419.0,36.0,175.0,390.0,23.0
Venezuela,32719.0,2024-05-01,814.0,16.0,423.0,15.0,-438.0,391.0,1.0
Venezuela,32719.0,2024-06-01,829.0,34.0,435.0,31.0,405.0,394.0,3.0
Venezuela,32719.0,2024-07-01,805.0,35.0,404.0,28.0,90.0,401.0,7.0
Venezuela,32719.0,2024-08-01,836.0,33.0,421.0,19.0,812.0,415.0,14.0
Venezuela,32719.0,2024-09-01,801.0,24.0,375.0,13.0,-2.0,426.0,11.0
Venezuela,32719.0,2024-10-01,761.0,-46.0,388.0,7.0,-3.0,373.0,-53.0
Venezuela,32719.0,2024-11-01,761.0,12.0,399.0,23.0,2.0,362.0,-11.0
Venezuela,32719.0,2024-12-01,717.0,-19.0,373.0,-1.0,-22.0,344.0,-18.0
Venezuela,32719.0,2025-01-01,698.0,-20.0,383.0,9.0,-2.0,315.0,-29.0
Venezuela,32719.0,2025-02-01,701.0,39.0,384.0,37.0,3.0,317.0,2.0
Venezuela,32719.0,2025-03-01,724.0,30.0,391.0,14.0,2.0,333.0,16.0
Venezuela,32719.0,2025-04-01,687.0,66.0,343.0,55.0,1.0,344.0,11.0
Venezuela,32719.0,2025-05-01,693.0,19.0,351.0,21.0,-2.0,342.0,-2.0
Venezuela,32719.0,2025-06-01,755.0,91.0,343.0,21.0,0.0,412.0,70.0
Venezuela,32719.0,2025-07-01,686.0,-37.0,337.0,26.0,0.0,349.0,-63.0
Venezuela,32719.0,2025-08-01,714.0,40.0,359.0,34.0,4.0,355.0,6.0
Venezuela,32719.0,2025-09-01,673.0,-9.0,347.0,20.0,0.0,326.0,-29.0
Venezuela,32719.0,2025-10-01,730.0,74.0,396.0,66.0,1.0,334.0,8.0
Venezuela,32719.0,2025-11-01,679.0,-34.0,399.0,20.0,-6.0,280.0,-54.0
Venezuela,32719.0,2025-12-01,690.0,57.0,366.0,13.0,-11.0,324.0,44.0
Venezuela,32719.0,2026-01-01,701.0,13.0,391.0,27.0,-1.0,310.0,-14.0
Venezuela,32719.0,2026-02-01,674.0,9.0,371.0,16.0,0.0,303.0,-7.0
Venezuela,32719.0,2026-03-01,658.0,-4.0,373.0,14.0,-19.0,285.0,-18.0
Venezuela,32719.0,2026-04-01,658.0,18.0,383.0,28.0,-3.0,275.0,-10.0
Venezuela,32719.0,2026-05-01,672.0,27.0,386.0,16.0,1.0,286.0,11.0
